path_in_zip,kind,bytes,sha256,parsed
results/cogact_base_simplerenv_bridge/action_repeat2/episodes.jsonl,episodes.jsonl,107624,0e7e78ec2c296847a02cf514b1be704efe468f84e811092038161beac02dc873,records=200
results/cogact_base_simplerenv_bridge/action_repeat2/summary.json,summary.json,3358,8ababbf79aaa6e12ce3067dde49e98bb8ae82e1dfdc7f9cf69dad2c32644f9b5,"status=completed,episodes=200"
results/cogact_base_simplerenv_bridge/action_repeat4/episodes.jsonl,episodes.jsonl,107637,7ed5a831cda41bdc3f6fe72bafdde022d1fb860cb3bc11771682afb4ac96c51f,records=200
results/cogact_base_simplerenv_bridge/action_repeat4/summary.json,summary.json,3358,4e6ee478ff4f59720f4597a4c49fefe16007103a079b573ab536567b78d4e59d,"status=completed,episodes=200"
results/cogact_base_simplerenv_bridge/depth_pruning1/episodes.jsonl,episodes.jsonl,107542,fc79a2cd2fc8889488716d1030184358383362fe6d39333b838968c3e593148e,records=200
results/cogact_base_simplerenv_bridge/depth_pruning1/summary.json,summary.json,4270,b8aed66d75aa5c35e9c7ba1bfb3482593cea36496fc08601b75663686297913f,"status=completed,episodes=200"
results/cogact_base_simplerenv_bridge/depth_pruning2/episodes.jsonl,episodes.jsonl,107561,b6e50c8e721373b2e99f5e6fdb4c2f3c44135c7143f8aabce92ef1c07c9c360e,records=200
results/cogact_base_simplerenv_bridge/depth_pruning2/summary.json,summary.json,4278,480dd686a471f0cf87591540ce29fbe6c8a24e016774854b0930d936da9cbe07,"status=completed,episodes=200"
results/cogact_base_simplerenv_bridge/depth_pruning4/episodes.jsonl,episodes.jsonl,107553,8a4c11ebf3544d9e2b0b50c8c91e572d61bc2479f461ffaff79c066fbee8ba14,records=200
results/cogact_base_simplerenv_bridge/depth_pruning4/summary.json,summary.json,4297,5bae5d4dae8c21ec6a75d684b09243f415a28dc0fef38b0267b19377407792d9,"status=completed,episodes=200"
results/cogact_base_simplerenv_bridge/fixed_foveation_keep20/episodes.jsonl,episodes.jsonl,109535,e05c3114c03abfb04d31cd160e33a482a620189233f0b1f59a0199ded7cb560f,records=200
results/cogact_base_simplerenv_bridge/fixed_foveation_keep20/summary.json,summary.json,3386,bb965d325ed01dca837c24ccc6444ad693cc6f2709bde4338146b8883c942a02,"status=completed,episodes=200"
results/cogact_base_simplerenv_bridge/fixed_foveation_keep50/episodes.jsonl,episodes.jsonl,109698,73ad6fdd74e1c84bf2f935d07522667aaf44f4c4e1b586b510c398a43d3a3b54,records=200
results/cogact_base_simplerenv_bridge/fixed_foveation_keep50/summary.json,summary.json,3393,a96fae415011ded91d525c727a9cee2a13eef22615c5b425d43846bb23f1f6d7,"status=completed,episodes=200"
results/cogact_base_simplerenv_bridge/guarded_reuse_aggressive/episodes.jsonl,episodes.jsonl,111011,61534650ff6f6d1da164998d01cd5dd92a080f9d7cb3b2ec537f68f7eed349cc,records=200
results/cogact_base_simplerenv_bridge/guarded_reuse_aggressive/summary.json,summary.json,3409,3a57121ebbb9942b3552343133c90bfc26711cdc32e3ab023dc12180ae52284e,"status=completed,episodes=200"
results/cogact_base_simplerenv_bridge/guarded_reuse_moderate/episodes.jsonl,episodes.jsonl,110595,200e232df136e063d43ace8eb89cac3a7d3e387ec118644efcf33bda0ddfa0ba,records=200
results/cogact_base_simplerenv_bridge/guarded_reuse_moderate/summary.json,summary.json,3400,d0abc66d122a86c6fc9267af93b157f698e2f08541cce180dc9cc022d1caea33,"status=completed,episodes=200"
results/cogact_base_simplerenv_bridge/guarded_reuse_strict/episodes.jsonl,episodes.jsonl,110221,2fe94acce5d66f077a7b75d9b2b96c8386267c5cb7d975ffa8d18a50c4aee906,records=200
results/cogact_base_simplerenv_bridge/guarded_reuse_strict/summary.json,summary.json,3395,2b73ca7c408bc5d01e422f125228052a91dc136cda43a3b95f4fe77f8a604186,"status=completed,episodes=200"
results/cogact_base_simplerenv_bridge/original/episodes.jsonl,episodes.jsonl,105384,2019c3268802b2cc3b5d1a28f214af72955a185d2329404070bec9face632342,records=200
results/cogact_base_simplerenv_bridge/original/summary.json,summary.json,3333,5c344ef067a196d1eb6e4db4bcf0e1b973f8ba4300552bc72bd6d06689c12d7f,"status=completed,episodes=200"
results/cogact_base_simplerenv_bridge/temporal_fusion_conservative_adaptive/episodes.jsonl,episodes.jsonl,112555,27611a080e60499f476304658afb9cacd1b2fc9c8f44cb3f3a205b9aba4b2c3f,records=200
results/cogact_base_simplerenv_bridge/temporal_fusion_conservative_adaptive/summary.json,summary.json,3438,ab53d548d6f8325e446d4efc079a17bbc6cfca62470d6725d37c5f396243c73e,"status=completed,episodes=200"
results/cogact_base_simplerenv_bridge/temporal_fusion_motion_entropy/episodes.jsonl,episodes.jsonl,111135,9d49137f95b4b3354b1db883dc2c66c269dcfe5495ac8f06ace5b70d0578101b,records=200
results/cogact_base_simplerenv_bridge/temporal_fusion_motion_entropy/summary.json,summary.json,3423,83eaaf95b54aa51619de63175671fc5ed52e0ebbf0fb41ca9644c946f877d219,"status=completed,episodes=200"
results/cogact_base_simplerenv_bridge/temporal_fusion_task_aware/episodes.jsonl,episodes.jsonl,110366,3b48e3b779901950d8a1d6c3e93d3932e4e262e338844a5e82a72678e8a64830,records=200
results/cogact_base_simplerenv_bridge/temporal_fusion_task_aware/summary.json,summary.json,3411,1f018f6fdb950394dfcaf10516c525831bc551c9352cd66955dfd18ec5ffa8b5,"status=completed,episodes=200"
results/cogact_base_simplerenv_fractal/action_repeat2/google_robot_close_drawer/episodes.jsonl,episodes.jsonl,27146,e931e89ff4300e42153db7e5c643be8f4cdf2391486d28334347a32c74204b44,records=50
results/cogact_base_simplerenv_fractal/action_repeat2/google_robot_close_drawer/summary.json,summary.json,2568,e27010916ee257ed0a0607156c10d6a30b85b96c39ceb76b187e490ab74369f5,"status=completed,episodes=50"
results/cogact_base_simplerenv_fractal/action_repeat2/google_robot_move_near/episodes.jsonl,episodes.jsonl,27015,a1d9d4cefd5ba7653ff616c5fa577b18da91b98c973b13bfd8b97beacbdee7ab,records=50
results/cogact_base_simplerenv_fractal/action_repeat2/google_robot_move_near/summary.json,summary.json,2557,d4dcabf30f0a5c5270c8fcaac62ddd32354fae82d50476fb5d5c9228a849ccb9,"status=completed,episodes=50"
results/cogact_base_simplerenv_fractal/action_repeat2/google_robot_open_drawer/episodes.jsonl,episodes.jsonl,27062,223f3108655aabff8e046d8ba6571aa423a7c16ce53bbb7162c4d5aecb563296,records=50
results/cogact_base_simplerenv_fractal/action_repeat2/google_robot_open_drawer/summary.json,summary.json,2563,ca570d285311f3d59612975b2f9cd44e415e7ab47bb6cbc213364c61e179b43a,"status=completed,episodes=50"
results/cogact_base_simplerenv_fractal/action_repeat2/google_robot_pick_coke_can/episodes.jsonl,episodes.jsonl,27245,0e19a8b82846e069399c69654be893562b57f788c76763e0e65e0ae75d36456d,records=50
results/cogact_base_simplerenv_fractal/action_repeat2/google_robot_pick_coke_can/summary.json,summary.json,2576,03e3d664dc7d1e316eb976224470d605b514e66b47e92c7f6590c617e155f757,"status=completed,episodes=50"
results/cogact_base_simplerenv_fractal/action_repeat2/google_robot_place_apple_in_closed_top_drawer/episodes.jsonl,episodes.jsonl,28199,28eabcd7838491600e0c1a0ec618babf3aeeef50fde78a1ee3ee58d9e59c8e7a,records=50
results/cogact_base_simplerenv_fractal/action_repeat2/google_robot_place_apple_in_closed_top_drawer/summary.json,summary.json,2643,5afcffa70c13259258a8ed839eea805fe0146d0b596e7e3ddd4077d93bcc7470,"status=completed,episodes=50"
results/cogact_base_simplerenv_fractal/action_repeat4/google_robot_close_drawer/episodes.jsonl,episodes.jsonl,27163,6b4fda17b26bf538edb31e67210c386733e8b1f6d574b0c283148562c15fef43,records=50
results/cogact_base_simplerenv_fractal/action_repeat4/google_robot_close_drawer/summary.json,summary.json,2568,d0c4193069e72d202387cd3936b92c9239c8165ca6131de9f1edb02fdbb1475a,"status=completed,episodes=50"
results/cogact_base_simplerenv_fractal/action_repeat4/google_robot_move_near/episodes.jsonl,episodes.jsonl,26982,febd01c90339d5ec675200747d14caeaaee0ed09ead1b50cc197132de5032eb9,records=50
results/cogact_base_simplerenv_fractal/action_repeat4/google_robot_move_near/summary.json,summary.json,2555,b50901a8fc014e286a377b36240347398ddb8fee8abbe0e8ffd2f32e3c5d791b,"status=completed,episodes=50"
results/cogact_base_simplerenv_fractal/action_repeat4/google_robot_open_drawer/episodes.jsonl,episodes.jsonl,27128,fa7803ab679ed7ef15cf303be8af79a598c0ab16e95256466befd32686df00fc,records=50
results/cogact_base_simplerenv_fractal/action_repeat4/google_robot_open_drawer/summary.json,summary.json,2563,bf2e4ce9ac0f2b2e007f6a402a2b1a0845561429a40c2682d1e2fcb4bd80b81d,"status=completed,episodes=50"
results/cogact_base_simplerenv_fractal/action_repeat4/google_robot_pick_coke_can/episodes.jsonl,episodes.jsonl,27224,3935cc806dd8b9ee928b0febf747032db8aa76e64bcfab162506b9fa3589f9a9,records=50
results/cogact_base_simplerenv_fractal/action_repeat4/google_robot_pick_coke_can/summary.json,summary.json,2572,29adde72372a12e0d7ac8e2f4080b9bfb8336dc6559099baf53ecd9a0448840d,"status=completed,episodes=50"
results/cogact_base_simplerenv_fractal/action_repeat4/google_robot_place_apple_in_closed_top_drawer/episodes.jsonl,episodes.jsonl,28234,d18f026bebd80ff4f692b8e021ec657bd3cf5cda21f21f254024477fa6458337,records=50
results/cogact_base_simplerenv_fractal/action_repeat4/google_robot_place_apple_in_closed_top_drawer/summary.json,summary.json,2639,1d5bf6d20e9ab80e4a67ecf03fcbd7d1c62d883e7141328f4d484d8be8522641,"status=completed,episodes=50"
results/cogact_base_simplerenv_fractal/depth_pruning1/google_robot_close_drawer/episodes.jsonl,episodes.jsonl,27155,dc1436c35d9b5a5f2782a5b99f2181c80f945e82c6f55881289937f0238fc120,records=50
results/cogact_base_simplerenv_fractal/depth_pruning1/google_robot_close_drawer/summary.json,summary.json,3467,22a18cb77c77bbd651332acbbf052773ee9acf3efee1e1edccc95dfd3e038a07,"status=completed,episodes=50"
results/cogact_base_simplerenv_fractal/depth_pruning1/google_robot_move_near/episodes.jsonl,episodes.jsonl,27025,e6b9c095d5505d954fffb35ef7f59a384a2690ed45e84e37b344838c1fa6f9df,records=50
results/cogact_base_simplerenv_fractal/depth_pruning1/google_robot_move_near/summary.json,summary.json,3455,41936989f8f3cf434b5bddbaea18a88342fdd247fa4c9496d627fc39d3ebffe7,"status=completed,episodes=50"
results/cogact_base_simplerenv_fractal/depth_pruning1/google_robot_open_drawer/episodes.jsonl,episodes.jsonl,27122,a342e09ff30d3ddb14e29cfa9ea0f7137ee366b7bf068a632a9d4712ad70404a,records=50
results/cogact_base_simplerenv_fractal/depth_pruning1/google_robot_open_drawer/summary.json,summary.json,3464,3ed229ca0ef680c07ab068be6300ebebb86689ca4501e82b190c4625383664a0,"status=completed,episodes=50"
results/cogact_base_simplerenv_fractal/depth_pruning1/google_robot_pick_coke_can/episodes.jsonl,episodes.jsonl,27224,a25c19504a891b5ac9a579bdfc70af4daeb07f55d9502bc0fc16ae19c137cdfa,records=50
results/cogact_base_simplerenv_fractal/depth_pruning1/google_robot_pick_coke_can/summary.json,summary.json,3471,2c7f2a25318ae255a7daaab80c19337f59e973298a1eb57e055944c2ba91201f,"status=completed,episodes=50"
results/cogact_base_simplerenv_fractal/depth_pruning1/google_robot_place_apple_in_closed_top_drawer/episodes.jsonl,episodes.jsonl,28216,a8245c03457dd270b880e15ff73f078731acadf131a8058cb0dcc08f920d4b6d,records=50
results/cogact_base_simplerenv_fractal/depth_pruning1/google_robot_place_apple_in_closed_top_drawer/summary.json,summary.json,3540,2a6efc29776167c52ca7119c2c404367a873294023f7f81e4a92b9968a2fe9fe,"status=completed,episodes=50"
results/cogact_base_simplerenv_fractal/depth_pruning2/google_robot_close_drawer/episodes.jsonl,episodes.jsonl,27181,aa9ddd106de52f0a41b79ae364587e9e8cc2adac8ea54b632f0fdbd12f0df453,records=50
results/cogact_base_simplerenv_fractal/depth_pruning2/google_robot_close_drawer/summary.json,summary.json,3473,ea17174b77391984d36337fa7d7a137d73f77554df39956b9c969e276b0fbabc,"status=completed,episodes=50"
results/cogact_base_simplerenv_fractal/depth_pruning2/google_robot_move_near/episodes.jsonl,episodes.jsonl,26986,da97176c76cb4efb813540ff2ffd47ba3c405e1e2fc1e5c5e25d4080193b7f18,records=50
results/cogact_base_simplerenv_fractal/depth_pruning2/google_robot_move_near/summary.json,summary.json,3465,1e175c5c3d6f73059e77589124b5751c1d96ee97e4c2dba8dbd7bfecddfc54b3,"status=completed,episodes=50"
results/cogact_base_simplerenv_fractal/depth_pruning2/google_robot_open_drawer/episodes.jsonl,episodes.jsonl,27079,8202b52474c40f4a54a4bded10473f8abc5fda4efa0089d066cea6fd0086cec0,records=50
results/cogact_base_simplerenv_fractal/depth_pruning2/google_robot_open_drawer/summary.json,summary.json,3468,05a3b81bff503ae256c7a623888fe0f0ec44677d4ec9aae268c5f93299557f05,"status=completed,episodes=50"
results/cogact_base_simplerenv_fractal/depth_pruning2/google_robot_pick_coke_can/episodes.jsonl,episodes.jsonl,27213,beb2c1c99f622ceb23d46f766bd346c074ac4c0a4edc1eba89a3c5c853db8743,records=50
results/cogact_base_simplerenv_fractal/depth_pruning2/google_robot_pick_coke_can/summary.json,summary.json,3477,a96104861093c626b53412ec49683271b128b38039dd5245b5debfb6582e0982,"status=completed,episodes=50"
results/cogact_base_simplerenv_fractal/depth_pruning2/google_robot_place_apple_in_closed_top_drawer/episodes.jsonl,episodes.jsonl,28166,631567bb08a2321acc9d7342eb28f52fde05bdec3a8abfb8a9c506b3bb96c585,records=50
results/cogact_base_simplerenv_fractal/depth_pruning2/google_robot_place_apple_in_closed_top_drawer/summary.json,summary.json,3548,ff25a8cedd7529a0f6dc530a13bcaca6bb1e5f0a228f4dbeb303bf2bd47d4736,"status=completed,episodes=50"
results/cogact_base_simplerenv_fractal/depth_pruning4/google_robot_close_drawer/episodes.jsonl,episodes.jsonl,27116,125541e457f4e8524f0b5671f3dbe239127dfc94209385b0c612c87dff325e0e,records=50
results/cogact_base_simplerenv_fractal/depth_pruning4/google_robot_close_drawer/summary.json,summary.json,3492,f103db7b1b98ed7d6188594cd32bd9f759899f41de1ef0447097fd2421326a93,"status=completed,episodes=50"
results/cogact_base_simplerenv_fractal/depth_pruning4/google_robot_move_near/episodes.jsonl,episodes.jsonl,26947,dbb77f3109931572713708d9712a993303dc74391dccd365d934c7c0569ad61f,records=50
results/cogact_base_simplerenv_fractal/depth_pruning4/google_robot_move_near/summary.json,summary.json,3484,d28a0b3992d97f79c31d6cf329ae15515c4791cfadd57e65f4ac233b19554b89,"status=completed,episodes=50"
results/cogact_base_simplerenv_fractal/depth_pruning4/google_robot_open_drawer/episodes.jsonl,episodes.jsonl,27053,17e917a1cfb3f27e0a3495a2af041d0f2e82205f9bfab612ea105e2087a73a30,records=50
results/cogact_base_simplerenv_fractal/depth_pruning4/google_robot_open_drawer/summary.json,summary.json,3492,9ba9722e0b4d5c7a3be4642b5923b03154e559e465ae726eb71caa5ffb8bd55b,"status=completed,episodes=50"
results/cogact_base_simplerenv_fractal/depth_pruning4/google_robot_pick_coke_can/episodes.jsonl,episodes.jsonl,27151,bdf2859bfd31acb109920751a27895f91cb40c83bc843ce0b90784fdbf61dc74,records=50
results/cogact_base_simplerenv_fractal/depth_pruning4/google_robot_pick_coke_can/summary.json,summary.json,3499,300bad782453c3991eb126a7c50c896ffaa70ad0d072a09dc5838f4e2db06f46,"status=completed,episodes=50"
results/cogact_base_simplerenv_fractal/depth_pruning4/google_robot_place_apple_in_closed_top_drawer/episodes.jsonl,episodes.jsonl,28159,784689fe163cbe8b8dd041894a110078d9ab7a086ef09f961898fadd8c0f8860,records=50
results/cogact_base_simplerenv_fractal/depth_pruning4/google_robot_place_apple_in_closed_top_drawer/summary.json,summary.json,3567,bbf970db694963498f723d81f13e009f88c251beb6cdc45d439972c207c30f0e,"status=completed,episodes=50"
results/cogact_base_simplerenv_fractal/fixed_foveation_keep20/google_robot_close_drawer/episodes.jsonl,episodes.jsonl,27655,a47f852bfcf57727cd2a1bc636553c6c37c249ef6400440a5d170c036c37840d,records=50
results/cogact_base_simplerenv_fractal/fixed_foveation_keep20/google_robot_close_drawer/summary.json,summary.json,2593,5710733efcb255aca6c37102b7bcf6c561b50d42010026682c99a649cd3c925d,"status=completed,episodes=50"
results/cogact_base_simplerenv_fractal/fixed_foveation_keep20/google_robot_move_near/episodes.jsonl,episodes.jsonl,27447,d1f676097e99cdd56ba3c2b76190aa08280c05aee32768432a9e305a1bacb2e3,records=50
results/cogact_base_simplerenv_fractal/fixed_foveation_keep20/google_robot_move_near/summary.json,summary.json,2578,4d1ea84bba5bd46268445201bf604424cbb2f345dd6bd1275103a82398bd4728,"status=completed,episodes=50"
results/cogact_base_simplerenv_fractal/fixed_foveation_keep20/google_robot_open_drawer/episodes.jsonl,episodes.jsonl,27568,26e5b7c9d8aa45ee1b3e09c655dc3c24cbbdbc990025ea06d616fa732d970158,records=50
results/cogact_base_simplerenv_fractal/fixed_foveation_keep20/google_robot_open_drawer/summary.json,summary.json,2589,69e91ab34e0b0c4d01d4aa17c04255c431b2a51877026a30311aaebcd7028e9c,"status=completed,episodes=50"
results/cogact_base_simplerenv_fractal/fixed_foveation_keep20/google_robot_pick_coke_can/episodes.jsonl,episodes.jsonl,27741,39347cc27029a6e4a2e99ac8e222acd0eea0ef684ae11426531f7556a28c2a71,records=50
results/cogact_base_simplerenv_fractal/fixed_foveation_keep20/google_robot_pick_coke_can/summary.json,summary.json,2596,1731668b6f651e13edf29fe6c68fb6973beac99a05c374310c4a9fbc69da720c,"status=completed,episodes=50"
results/cogact_base_simplerenv_fractal/fixed_foveation_keep20/google_robot_place_apple_in_closed_top_drawer/episodes.jsonl,episodes.jsonl,28703,b84141ff3dbfd150c8c0d4a91b98c0e1b4758b5c30d90e5f349ec2c5732a917f,records=50
results/cogact_base_simplerenv_fractal/fixed_foveation_keep20/google_robot_place_apple_in_closed_top_drawer/summary.json,summary.json,2671,5c452736164929eecb0aeb7106f4c6626929b74f4f681e5d01478ef350a97196,"status=completed,episodes=50"
results/cogact_base_simplerenv_fractal/fixed_foveation_keep50/google_robot_close_drawer/episodes.jsonl,episodes.jsonl,27685,06664735432772706bfd47fc46f22155754c3a30ac6211a6cb37f8a532b01591,records=50
results/cogact_base_simplerenv_fractal/fixed_foveation_keep50/google_robot_close_drawer/summary.json,summary.json,2597,8c8b81ac245f693576a4bf18d4ce3060964835e9fb4d2540da7ea07a2a18edd2,"status=completed,episodes=50"
results/cogact_base_simplerenv_fractal/fixed_foveation_keep50/google_robot_move_near/episodes.jsonl,episodes.jsonl,27537,8f59947e58527b9453b471cf9a03f640575e130f419fd223474387e98480ea7c,records=50
results/cogact_base_simplerenv_fractal/fixed_foveation_keep50/google_robot_move_near/summary.json,summary.json,2587,13c33e30b1b4d08f47dd6051907cf49faa9e7126be376e1483d70340eee1c597,"status=completed,episodes=50"
results/cogact_base_simplerenv_fractal/fixed_foveation_keep50/google_robot_open_drawer/episodes.jsonl,episodes.jsonl,27615,b48c4e4dbdf1f4978ed799481d16ef01e79b03a721ddc9d7fe732cff747a2327,records=50
results/cogact_base_simplerenv_fractal/fixed_foveation_keep50/google_robot_open_drawer/summary.json,summary.json,2593,991adb7d224291d53d150ad8b92d763b1141a0478e158e29f1d0271c05f96a9b,"status=completed,episodes=50"
results/cogact_base_simplerenv_fractal/fixed_foveation_keep50/google_robot_pick_coke_can/episodes.jsonl,episodes.jsonl,27772,2192c28e1de3beb26df5559184b4f34ad646d0bb28c81a6d4162d949f889911f,records=50
results/cogact_base_simplerenv_fractal/fixed_foveation_keep50/google_robot_pick_coke_can/summary.json,summary.json,2600,d5959e32259557eb5afa6b028f9f43c7d8239687ab7a5453d47203109c3f0c9f,"status=completed,episodes=50"
results/cogact_base_simplerenv_fractal/fixed_foveation_keep50/google_robot_place_apple_in_closed_top_drawer/episodes.jsonl,episodes.jsonl,28743,17b238fa0cebb8c58025fd431e5ecee7c4e9320b81606284592580ea4103bc3f,records=50
results/cogact_base_simplerenv_fractal/fixed_foveation_keep50/google_robot_place_apple_in_closed_top_drawer/summary.json,summary.json,2670,fe90b7ff91361dd749f38cde63e132b1fac947a995870492a8ff1648e2137d3d,"status=completed,episodes=50"
results/cogact_base_simplerenv_fractal/guarded_reuse_aggressive/google_robot_close_drawer/episodes.jsonl,episodes.jsonl,28091,7556c0df7f8653f80320e36b09c7a4c528563743529eaf8819f1e19efdade34f,records=50
results/cogact_base_simplerenv_fractal/guarded_reuse_aggressive/google_robot_close_drawer/summary.json,summary.json,2615,e03ecd4b9e4a2ee4de991d4c8f436e36370edc10dd98759af78921c2cdeace26,"status=completed,episodes=50"
results/cogact_base_simplerenv_fractal/guarded_reuse_aggressive/google_robot_move_near/episodes.jsonl,episodes.jsonl,27886,7c81ef8d3bf595eb8c0aa8c1b5fc89df4d7dca254eba0772911be54c5983d9b5,records=50
results/cogact_base_simplerenv_fractal/guarded_reuse_aggressive/google_robot_move_near/summary.json,summary.json,2601,c5812fe031ae10be9525b2b2ca0871ae446a1551d4ddf9a7fdcad8c9508a59ec,"status=completed,episodes=50"
results/cogact_base_simplerenv_fractal/guarded_reuse_aggressive/google_robot_open_drawer/episodes.jsonl,episodes.jsonl,27994,59081f99ea133f03bc79ab46ef2079d70176dcac3ece19ae7bd6346a1372068f,records=50
results/cogact_base_simplerenv_fractal/guarded_reuse_aggressive/google_robot_open_drawer/summary.json,summary.json,2606,d9db4649d46c130619c5094dc044bd54c0f803e7faeb5ecdac9ac2593e5820df,"status=completed,episodes=50"
results/cogact_base_simplerenv_fractal/guarded_reuse_aggressive/google_robot_pick_coke_can/episodes.jsonl,episodes.jsonl,28108,61ff17e6302e24bd66aeb607ab36c827210cbcd097f887d6d41c6458fc616365,records=50
results/cogact_base_simplerenv_fractal/guarded_reuse_aggressive/google_robot_pick_coke_can/summary.json,summary.json,2617,d332b2d626715f1354b004e9e694bbd28e71e6dfaff55d07ff3e3207f39dd9e1,"status=completed,episodes=50"
results/cogact_base_simplerenv_fractal/guarded_reuse_aggressive/google_robot_place_apple_in_closed_top_drawer/episodes.jsonl,episodes.jsonl,29138,a5056b443359e6ae1967cdf563ce2d505fc609eba117db8f45ed3b714fa5c121,records=50
results/cogact_base_simplerenv_fractal/guarded_reuse_aggressive/google_robot_place_apple_in_closed_top_drawer/summary.json,summary.json,2689,dad10d3e51e0d4b57a5a5c000f2d9704dee5928e34d99ee8f885a0cc7874e8b9,"status=completed,episodes=50"
results/cogact_base_simplerenv_fractal/guarded_reuse_moderate/google_robot_close_drawer/episodes.jsonl,episodes.jsonl,27900,44c855c5f6bcaa906f7542d2342822a726e18ad988eb9ecc2bedf1bd014b103d,records=50
results/cogact_base_simplerenv_fractal/guarded_reuse_moderate/google_robot_close_drawer/summary.json,summary.json,2609,b2892cf82d00401635ede0952b17f1f749e4633c184c7b065375a83bba6e6e27,"status=completed,episodes=50"
results/cogact_base_simplerenv_fractal/guarded_reuse_moderate/google_robot_move_near/episodes.jsonl,episodes.jsonl,27701,cd8cc4cccb15cfb8ba08ccfac5db6f9b16c2d863e20324461ba06d012e3bbdab,records=50
results/cogact_base_simplerenv_fractal/guarded_reuse_moderate/google_robot_move_near/summary.json,summary.json,2592,3bf8c5039330699508738f787c861dd26cfc3eb44a2cb3836b7226c4e99ca4d8,"status=completed,episodes=50"
results/cogact_base_simplerenv_fractal/guarded_reuse_moderate/google_robot_open_drawer/episodes.jsonl,episodes.jsonl,27814,8761c523732e645a1aca2ef9ddbcab178476b80a8c4eccf628efd9520d8eedfd,records=50
results/cogact_base_simplerenv_fractal/guarded_reuse_moderate/google_robot_open_drawer/summary.json,summary.json,2603,d6c47abe7454412db602eb2fb4f3a37309ea8ad0f40c704bcade61ffbeb08dc3,"status=completed,episodes=50"
results/cogact_base_simplerenv_fractal/guarded_reuse_moderate/google_robot_pick_coke_can/episodes.jsonl,episodes.jsonl,27922,7ac59d4b10e5a1ce8390b3a2ad42f47e7c39bc2e1b40a63e18e538d8970c140c,records=50
results/cogact_base_simplerenv_fractal/guarded_reuse_moderate/google_robot_pick_coke_can/summary.json,summary.json,2612,18697c51f959e1b64738af7a67db4f5fd0b4f16b368d3b5aa46a098cdb9edfb0,"status=completed,episodes=50"
results/cogact_base_simplerenv_fractal/guarded_reuse_moderate/google_robot_place_apple_in_closed_top_drawer/episodes.jsonl,episodes.jsonl,29004,c6722ebfda9cef69218744be74df48b0284b3a2b67cef2890630f355e16fa9cd,records=50
results/cogact_base_simplerenv_fractal/guarded_reuse_moderate/google_robot_place_apple_in_closed_top_drawer/summary.json,summary.json,2680,4b45a2764dd4895a92ab46a1928c4a87cd08ec62b49e7273d92c952490977c2f,"status=completed,episodes=50"
results/cogact_base_simplerenv_fractal/guarded_reuse_strict/google_robot_close_drawer/episodes.jsonl,episodes.jsonl,27759,40213a4e0d22431c28a1a34407b614f33292be99fbe5afb1e897c93b327b16d3,records=50
results/cogact_base_simplerenv_fractal/guarded_reuse_strict/google_robot_close_drawer/summary.json,summary.json,2599,210ecf5575bd6818a1e2ea3849e157b4d0138d1e1a72c833c0eea04f904cf9e5,"status=completed,episodes=50"
results/cogact_base_simplerenv_fractal/guarded_reuse_strict/google_robot_move_near/episodes.jsonl,episodes.jsonl,27717,468b999dd1f31424bc5ebb53e91fef8d0b80715eac233c50f4b740c184f46a66,records=50
results/cogact_base_simplerenv_fractal/guarded_reuse_strict/google_robot_move_near/summary.json,summary.json,2589,32753d733e4ed1413e14dfccd434243b38ad02d8ba13df8ea18446d78ed6d0a4,"status=completed,episodes=50"
results/cogact_base_simplerenv_fractal/guarded_reuse_strict/google_robot_open_drawer/episodes.jsonl,episodes.jsonl,27714,5c2de74f43651515b068744cccfadefc4031b7408ebf87c823a82c59c169ed0d,records=50
results/cogact_base_simplerenv_fractal/guarded_reuse_strict/google_robot_open_drawer/summary.json,summary.json,2591,dfb0986183d3131168883f81b8933a3e3f277db24b21bcdba8c0208f257d1cd6,"status=completed,episodes=50"
results/cogact_base_simplerenv_fractal/guarded_reuse_strict/google_robot_pick_coke_can/episodes.jsonl,episodes.jsonl,27808,1426d357176f2ac04110aab4d0ed9f41b5534df78e35461b82318ee5afe1fae4,records=50
results/cogact_base_simplerenv_fractal/guarded_reuse_strict/google_robot_pick_coke_can/summary.json,summary.json,2605,73399a09e3e51a0062dcefb93d2e026c37477948840dac6cda69f12ad64af1e1,"status=completed,episodes=50"
results/cogact_base_simplerenv_fractal/guarded_reuse_strict/google_robot_place_apple_in_closed_top_drawer/episodes.jsonl,episodes.jsonl,28855,242095b22ef2079e2739a106735b388222614b936f173060006fe47f3b970994,records=50
results/cogact_base_simplerenv_fractal/guarded_reuse_strict/google_robot_place_apple_in_closed_top_drawer/summary.json,summary.json,2672,afe381c7bf9f8ed6e798e2a4eddba076512bcdedd40442e84036824c4236b706,"status=completed,episodes=50"
results/cogact_base_simplerenv_fractal/original/google_robot_close_drawer/episodes.jsonl,episodes.jsonl,26618,4405a027ff815a34d8e9c64486a700fcd3d62625028e482423152165fea90fab,records=50
results/cogact_base_simplerenv_fractal/original/google_robot_close_drawer/summary.json,summary.json,2542,18957d50ecc98916517f4ecc907ae2009f5bec9c5e0a43dc02074cec89490f61,"status=completed,episodes=50"
results/cogact_base_simplerenv_fractal/original/google_robot_move_near/episodes.jsonl,episodes.jsonl,26417,7d41709acd8a84e194eda8d15ade7e963b55096d6c12478e93cbabba9e225378,records=50
results/cogact_base_simplerenv_fractal/original/google_robot_move_near/summary.json,summary.json,2525,0bdb419216a187672b5981f9427ba74c9b2904cc28a1efbcb1c12737198cbc4d,"status=completed,episodes=50"
results/cogact_base_simplerenv_fractal/original/google_robot_open_drawer/episodes.jsonl,episodes.jsonl,26512,f2b47705c5fcea4a754d63d43e236b3e689552404325f3267827bc44e34fe274,records=50
results/cogact_base_simplerenv_fractal/original/google_robot_open_drawer/summary.json,summary.json,2534,a63e319198fe6e35c4b4b0dee5e240602c2e41d223d6a045e675280ea86ead8c,"status=completed,episodes=50"
results/cogact_base_simplerenv_fractal/original/google_robot_pick_coke_can/episodes.jsonl,episodes.jsonl,26613,0fe47ed69788af594e4f2922e7aa61cfd71d781cfd2dc985672286f75e2f26fa,records=50
results/cogact_base_simplerenv_fractal/original/google_robot_pick_coke_can/summary.json,summary.json,2543,33043d299dabb5fbb5c26a81bdbd536a260c333498ee918dd850f8cb9ec21d71,"status=completed,episodes=50"
results/cogact_base_simplerenv_fractal/original/google_robot_place_apple_in_closed_top_drawer/episodes.jsonl,episodes.jsonl,27638,51117343fc0a0af963ed41212ad0c21aa639b2e0fa7eb7228c340e501850a37b,records=50
results/cogact_base_simplerenv_fractal/original/google_robot_place_apple_in_closed_top_drawer/summary.json,summary.json,2614,ad8d78b5130f412493ca1eae93ae205f9bab17d588ce7c08ece72d4a84a42a5e,"status=completed,episodes=50"
results/cogact_base_simplerenv_fractal/temporal_fusion_conservative_adaptive/google_robot_close_drawer/episodes.jsonl,episodes.jsonl,28396,5b32124595c07696faa2c5ae24c3b7726fe53a4240c7b5d7b5d3b88373a2c8bb,records=50
results/cogact_base_simplerenv_fractal/temporal_fusion_conservative_adaptive/google_robot_close_drawer/summary.json,summary.json,2645,60c0699a0448351fa265944263d84b3724671f6d078dfaaf7f83bf220a1eb489,"status=completed,episodes=50"
results/cogact_base_simplerenv_fractal/temporal_fusion_conservative_adaptive/google_robot_move_near/episodes.jsonl,episodes.jsonl,28218,5593a9305a43caf5e748be75a6308f3fc3755b347c7ac21dc29b0b6c9a8edc01,records=50
results/cogact_base_simplerenv_fractal/temporal_fusion_conservative_adaptive/google_robot_move_near/summary.json,summary.json,2633,1092abb62bc5dc78501791dfd6d544a7ee2cf725d55e740441de4bdc59737993,"status=completed,episodes=50"
results/cogact_base_simplerenv_fractal/temporal_fusion_conservative_adaptive/google_robot_open_drawer/episodes.jsonl,episodes.jsonl,28349,c0ba85654f439278f4917f95ed2875912cbdad2ef0530aabe87e1cb7c4783d44,records=50
results/cogact_base_simplerenv_fractal/temporal_fusion_conservative_adaptive/google_robot_open_drawer/summary.json,summary.json,2643,1cff1b8f957c8990a48cd8beb1ed4161ab654347104ab9fc5f0012ee81d3e8a1,"status=completed,episodes=50"
results/cogact_base_simplerenv_fractal/temporal_fusion_conservative_adaptive/google_robot_pick_coke_can/episodes.jsonl,episodes.jsonl,28417,9c5d9df01fbc1e2f55a837d0215fb2c6b93d8085dc2883df0c657ca42eedfb71,records=50
results/cogact_base_simplerenv_fractal/temporal_fusion_conservative_adaptive/google_robot_pick_coke_can/summary.json,summary.json,2651,89b0bf91ed99d88bc25d6903c3e591caf5da2016abec5b4eae12e758005cb1cf,"status=completed,episodes=50"
results/cogact_base_simplerenv_fractal/temporal_fusion_conservative_adaptive/google_robot_place_apple_in_closed_top_drawer/episodes.jsonl,episodes.jsonl,29446,adc7ada770ac46a1d7a51c618afb0008b1feb63987f59a75d89520324d0dfe5d,records=50
results/cogact_base_simplerenv_fractal/temporal_fusion_conservative_adaptive/google_robot_place_apple_in_closed_top_drawer/summary.json,summary.json,2718,2a4eb28035fbf8817509e8890c13316e480f965fb7675dcb81d26daaf0467e4e,"status=completed,episodes=50"
results/cogact_base_simplerenv_fractal/temporal_fusion_motion_entropy/google_robot_close_drawer/episodes.jsonl,episodes.jsonl,28066,b98c79f1131f408dac7bde02ed10812c1bbab453ac74de087493b623de1ac1c4,records=50
results/cogact_base_simplerenv_fractal/temporal_fusion_motion_entropy/google_robot_close_drawer/summary.json,summary.json,2625,c664a75b94cfdb1ff6f9da64688e6027d13bcb4741937af63fe7c0e2848f6b11,"status=completed,episodes=50"
results/cogact_base_simplerenv_fractal/temporal_fusion_motion_entropy/google_robot_move_near/episodes.jsonl,episodes.jsonl,27994,c517d6cc3406c607f72ffceef6970a1a62fc13f8b892b59326accd6885c7f440,records=50
results/cogact_base_simplerenv_fractal/temporal_fusion_motion_entropy/google_robot_move_near/summary.json,summary.json,2616,585508fc8a55bc9b0d515b17b462b28ca289c8623c8f573c1e1fbaed2b94269c,"status=completed,episodes=50"
results/cogact_base_simplerenv_fractal/temporal_fusion_motion_entropy/google_robot_open_drawer/episodes.jsonl,episodes.jsonl,28064,a42867ca1d38b1a62615719078b34a7482f8e99258b68797a9d2942f46c4ca76,records=50
results/cogact_base_simplerenv_fractal/temporal_fusion_motion_entropy/google_robot_open_drawer/summary.json,summary.json,2622,8bf0d9e2633304bc82e959dccb8a18a6154ffe9122525b57394981dcc300c510,"status=completed,episodes=50"
results/cogact_base_simplerenv_fractal/temporal_fusion_motion_entropy/google_robot_pick_coke_can/episodes.jsonl,episodes.jsonl,28180,ea4660c142fc0229c8f4085a9b17b42aa28ba2f30a0fcdd354e854e6631733f3,records=50
results/cogact_base_simplerenv_fractal/temporal_fusion_motion_entropy/google_robot_pick_coke_can/summary.json,summary.json,2630,d70d8b3d63c78bae0010b4e5b3cf8baccb384bf6aa220b38a91f35c55ee6c53c,"status=completed,episodes=50"
results/cogact_base_simplerenv_fractal/temporal_fusion_motion_entropy/google_robot_place_apple_in_closed_top_drawer/episodes.jsonl,episodes.jsonl,29118,12f64642431ea0b6ad92d5b7ff1fd81466745f90b4084a187a909ae3658bbc04,records=50
results/cogact_base_simplerenv_fractal/temporal_fusion_motion_entropy/google_robot_place_apple_in_closed_top_drawer/summary.json,summary.json,2699,f1879dc78300fce00c215c85517096e88aee623ad6d00726d53204fcfc3f7191,"status=completed,episodes=50"
results/cogact_base_simplerenv_fractal/temporal_fusion_task_aware/google_robot_close_drawer/episodes.jsonl,episodes.jsonl,27868,bce5b4e04279a8e8b1c5ff49a6be7a4e73dbac38c677714f7a50d761f25f7d8d,records=50
results/cogact_base_simplerenv_fractal/temporal_fusion_task_aware/google_robot_close_drawer/summary.json,summary.json,2612,b14244c802613550512528a30f006a83594451e30773b5edec867b26030282c7,"status=completed,episodes=50"
results/cogact_base_simplerenv_fractal/temporal_fusion_task_aware/google_robot_move_near/episodes.jsonl,episodes.jsonl,27683,ff565322070a36cbe1828cb75d43848753c702b23e7b645bb431247d2e3600b1,records=50
results/cogact_base_simplerenv_fractal/temporal_fusion_task_aware/google_robot_move_near/summary.json,summary.json,2601,3ec6ee9ab42f0e6dd12d8c105401fedfe5f25d935fc1d962746999ac50d5c713,"status=completed,episodes=50"
results/cogact_base_simplerenv_fractal/temporal_fusion_task_aware/google_robot_open_drawer/episodes.jsonl,episodes.jsonl,27789,b0697e90c83274ff8b9464c7b4d781372eebf7281494fd92f770f8045a460ce0,records=50
results/cogact_base_simplerenv_fractal/temporal_fusion_task_aware/google_robot_open_drawer/summary.json,summary.json,2610,e9477541d95c4d22595b3a1998737e2c2ecca5e8002ef6fca18659c12eaf5d55,"status=completed,episodes=50"
results/cogact_base_simplerenv_fractal/temporal_fusion_task_aware/google_robot_pick_coke_can/episodes.jsonl,episodes.jsonl,27850,2b0bb0955c86bcfbcf2376fabbf01de3f9f925dc647ba3a402c28cf25aef2b64,records=50
results/cogact_base_simplerenv_fractal/temporal_fusion_task_aware/google_robot_pick_coke_can/summary.json,summary.json,2616,3d4b6a3c81ce96f463d6922076fde6572015248666dcf77b6b0452b954833ec0,"status=completed,episodes=50"
results/cogact_base_simplerenv_fractal/temporal_fusion_task_aware/google_robot_place_apple_in_closed_top_drawer/episodes.jsonl,episodes.jsonl,28895,479aee4a2497e76c3804576761dd06e4e1691db2d23a3f93513bf07e756dede1,records=50
results/cogact_base_simplerenv_fractal/temporal_fusion_task_aware/google_robot_place_apple_in_closed_top_drawer/summary.json,summary.json,2685,1bb664078ed2a9af2b649190aeda4d5001ecc96fa1ac4698e8b2c50147386886,"status=completed,episodes=50"
results/cronusvla_simplerenv_bridge/action_repeat2/widowx_carrot_on_plate/episodes.jsonl,episodes.jsonl,10737,08e6597e79125a19f4a41a032eb510384be5af00dd8950de9788ebe85c726b95,records=50
results/cronusvla_simplerenv_bridge/action_repeat2/widowx_carrot_on_plate/summary.json,summary.json,842,8e58b31ac356418265810fefdee0f35d1b693a0307f4605a018e9227a149e0cb,"status=completed,episodes=50"
results/cronusvla_simplerenv_bridge/action_repeat2/widowx_put_eggplant_in_basket/episodes.jsonl,episodes.jsonl,11164,6b0a4ad5a6b97d6fafaa9cb8e1da81273c4b9e1bacb77ff5667ff4490a671947,records=50
results/cronusvla_simplerenv_bridge/action_repeat2/widowx_put_eggplant_in_basket/summary.json,summary.json,856,e5f45c58a52623db14b87c7084b8bc9d05197e0b349b415a57cc849e7c594274,"status=completed,episodes=50"
results/cronusvla_simplerenv_bridge/action_repeat2/widowx_spoon_on_towel/episodes.jsonl,episodes.jsonl,10689,666c841cccfa43816eab403329b97cb7aefe90a0986753882dcf4c7cda3d354f,records=50
results/cronusvla_simplerenv_bridge/action_repeat2/widowx_spoon_on_towel/summary.json,summary.json,840,01b17b6a4e68b343b0d9614b1c16e68e9b6afa6be94482e19749ead9d4c65c51,"status=completed,episodes=50"
results/cronusvla_simplerenv_bridge/action_repeat2/widowx_stack_cube/episodes.jsonl,episodes.jsonl,10487,a5d3ac9038c5d9f2b17137213e3e130a15bc5b8196b8523cc7946163e85c8de2,records=50
results/cronusvla_simplerenv_bridge/action_repeat2/widowx_stack_cube/summary.json,summary.json,832,515073cccf16566a9d56ef48a0bb56ffe4a5dcc6ed957f876c85dfad53af38fc,"status=completed,episodes=50"
results/cronusvla_simplerenv_bridge/action_repeat4/widowx_carrot_on_plate/episodes.jsonl,episodes.jsonl,10760,5712014813ec62047f09c6013c2e174666b214ea8d200be2ff7bb9291515adec,records=50
results/cronusvla_simplerenv_bridge/action_repeat4/widowx_carrot_on_plate/summary.json,summary.json,842,4e77ec4a8a7f954e7b59b970e16ebf3f213548bfdd26000402b441ec9434b00e,"status=completed,episodes=50"
results/cronusvla_simplerenv_bridge/action_repeat4/widowx_put_eggplant_in_basket/episodes.jsonl,episodes.jsonl,11131,021a8e10f35e526627e6d2ec783b90f1adf799611410972897ab72653fbc2583,records=50
results/cronusvla_simplerenv_bridge/action_repeat4/widowx_put_eggplant_in_basket/summary.json,summary.json,856,b89e57377fbf8c264543e23df899710df46b35ed4008512e0f64c94ca3d462ca,"status=completed,episodes=50"
results/cronusvla_simplerenv_bridge/action_repeat4/widowx_spoon_on_towel/episodes.jsonl,episodes.jsonl,10715,b8721b6e06643b5e9cf805f71cfa1b1ab6b048e1ffaea94486f446354249dcc7,records=50
results/cronusvla_simplerenv_bridge/action_repeat4/widowx_spoon_on_towel/summary.json,summary.json,840,b722232464555b1669298912e35a2e7a8b37932fad7acd818d23c6e127bb226a,"status=completed,episodes=50"
results/cronusvla_simplerenv_bridge/action_repeat4/widowx_stack_cube/episodes.jsonl,episodes.jsonl,10512,056b73cf7b59105cc92815f2b8690cb16b8a76541189550d0869928def517376,records=50
results/cronusvla_simplerenv_bridge/action_repeat4/widowx_stack_cube/summary.json,summary.json,832,e72346b8f73355acc89cfdf314b15de30840226009805efef7840765e27bae3c,"status=completed,episodes=50"
results/cronusvla_simplerenv_bridge/depth_pruning1/widowx_carrot_on_plate/episodes.jsonl,episodes.jsonl,10681,c6292eb565c7cf497610a07fcdbcbfae28769a104934d6daff05218d8abd9095,records=50
results/cronusvla_simplerenv_bridge/depth_pruning1/widowx_carrot_on_plate/summary.json,summary.json,1772,6cee360a7f84966845a773d650b8a6e417ceb21f83f34a51db11cac9fe9be6f1,"status=completed,episodes=50"
results/cronusvla_simplerenv_bridge/depth_pruning1/widowx_put_eggplant_in_basket/episodes.jsonl,episodes.jsonl,11022,758ab29a42c452264d99781f436f4e228362da75e35da2319308edf51e666332,records=50
results/cronusvla_simplerenv_bridge/depth_pruning1/widowx_put_eggplant_in_basket/summary.json,summary.json,1787,4efff2f7deb9406dc7749cf1aba4e92bddf2d6f01fcd35fe3eb92c4523d47a42,"status=completed,episodes=50"
results/cronusvla_simplerenv_bridge/depth_pruning1/widowx_spoon_on_towel/episodes.jsonl,episodes.jsonl,10631,7389bd348c00b10846778de7ab8e05b3096293b1a227f936c046a54958e8c4d0,records=50
results/cronusvla_simplerenv_bridge/depth_pruning1/widowx_spoon_on_towel/summary.json,summary.json,1771,55fe017fa9951949602de9e5d3e991779663f40bcab979875b5b63ddd1c26d29,"status=completed,episodes=50"
results/cronusvla_simplerenv_bridge/depth_pruning1/widowx_stack_cube/episodes.jsonl,episodes.jsonl,10436,d071b7a00980ffc6d16ea4f0b2271d363f9eae5f137cec67b0c1a97407d39b95,records=50
results/cronusvla_simplerenv_bridge/depth_pruning1/widowx_stack_cube/summary.json,summary.json,1762,8a47dd8c15075cb19b26f9ed3ef8a19900c64a228a57857d508b377627bcb37e,"status=completed,episodes=50"
results/cronusvla_simplerenv_bridge/depth_pruning2/widowx_carrot_on_plate/episodes.jsonl,episodes.jsonl,10679,c46ba0239837a09126a8ac7dc3f35c2458aa41d055ae1511e36d501e2f050116,records=50
results/cronusvla_simplerenv_bridge/depth_pruning2/widowx_carrot_on_plate/summary.json,summary.json,1781,7cfd705444cfc9f4097006b4049e9cd598feda5224952288cbb0b7f33e25f097,"status=completed,episodes=50"
results/cronusvla_simplerenv_bridge/depth_pruning2/widowx_put_eggplant_in_basket/episodes.jsonl,episodes.jsonl,11022,547fa464cf10cf71af9aa38a320cff1a71b3d4cd8a82bda70970daee7f7f4d72,records=50
results/cronusvla_simplerenv_bridge/depth_pruning2/widowx_put_eggplant_in_basket/summary.json,summary.json,1796,8bac7cfabd40c2b63084885700ffc847d1ff9ba4f73d90407464bd3f12095876,"status=completed,episodes=50"
results/cronusvla_simplerenv_bridge/depth_pruning2/widowx_spoon_on_towel/episodes.jsonl,episodes.jsonl,10633,3cdcf03a62584e959098f511661063be368e89c3f3d91461a15a24e5f48dd839,records=50
results/cronusvla_simplerenv_bridge/depth_pruning2/widowx_spoon_on_towel/summary.json,summary.json,1780,0142a828e75b29589c260874979e05b16ac67c7be7a3eb09928f112042da3672,"status=completed,episodes=50"
results/cronusvla_simplerenv_bridge/depth_pruning2/widowx_stack_cube/episodes.jsonl,episodes.jsonl,10443,1f4d83be158e4b9092b8498ff63f7ee21d111aab0b226c229fd4a6754d3c80d8,records=50
results/cronusvla_simplerenv_bridge/depth_pruning2/widowx_stack_cube/summary.json,summary.json,1771,7739fff6f1ae7eb40f101c0e7f1f40d75513351aafd4ab3bfeb3daeaa90f84bb,"status=completed,episodes=50"
results/cronusvla_simplerenv_bridge/depth_pruning4/widowx_carrot_on_plate/episodes.jsonl,episodes.jsonl,10686,55040eb882b71c1d01e695e2138cc147d2fd72a695c4e6e59426a53181b9ac8e,records=50
results/cronusvla_simplerenv_bridge/depth_pruning4/widowx_carrot_on_plate/summary.json,summary.json,1799,fe4f3e0360a19c33656affdebc742beccd31ff6368e12bc65164b0fbe9db91b5,"status=completed,episodes=50"
results/cronusvla_simplerenv_bridge/depth_pruning4/widowx_put_eggplant_in_basket/episodes.jsonl,episodes.jsonl,11023,4cd6a771846b43a2f0e3dc33397a6f55ae1f19c0888da3db1311c08c8e1f2a9d,records=50
results/cronusvla_simplerenv_bridge/depth_pruning4/widowx_put_eggplant_in_basket/summary.json,summary.json,1814,2abdc38a2e22f5b9b783fbef295bd4002d5fd17109eb03d628a584bb25a04425,"status=completed,episodes=50"
results/cronusvla_simplerenv_bridge/depth_pruning4/widowx_spoon_on_towel/episodes.jsonl,episodes.jsonl,10648,9237fe8d5ecafbee73d23d27497db62510a399093f51fe2394793c15601a0c5a,records=50
results/cronusvla_simplerenv_bridge/depth_pruning4/widowx_spoon_on_towel/summary.json,summary.json,1797,23f1e4008800759c06ce70fb3a3c83e84be6a30d98a1b313044d8d17db0dc342,"status=completed,episodes=50"
results/cronusvla_simplerenv_bridge/depth_pruning4/widowx_stack_cube/episodes.jsonl,episodes.jsonl,10437,616bfd65a54f3c18ae368ccb437e946b4afa16ee43d8ef89d4900847738cd0cd,records=50
results/cronusvla_simplerenv_bridge/depth_pruning4/widowx_stack_cube/summary.json,summary.json,1789,6e91f97d308e2d1313654f8643830407d4a0554f1ff8820864accfae936fb06b,"status=completed,episodes=50"
results/cronusvla_simplerenv_bridge/fixed_foveation_keep20/widowx_carrot_on_plate/episodes.jsonl,episodes.jsonl,10674,cd6aebb66e560f78dbfdd5a889cbd71dd91500a55bd500c3e0cee22f5456697d,records=50
results/cronusvla_simplerenv_bridge/fixed_foveation_keep20/widowx_carrot_on_plate/summary.json,summary.json,870,09be6605bd55a2d8e31c1176c7bec223a9c886c71655e9fdb63a8335bd646afb,"status=completed,episodes=50"
results/cronusvla_simplerenv_bridge/fixed_foveation_keep20/widowx_put_eggplant_in_basket/episodes.jsonl,episodes.jsonl,10993,1697836013bb5f09b561d8c8d57f8d66404d2e42443a54a5048c178b78aee97e,records=50
results/cronusvla_simplerenv_bridge/fixed_foveation_keep20/widowx_put_eggplant_in_basket/summary.json,summary.json,885,8badc86d138e278558cbde2908bb95e112e659c584bf7d61185515ff684d52c8,"status=completed,episodes=50"
results/cronusvla_simplerenv_bridge/fixed_foveation_keep20/widowx_spoon_on_towel/episodes.jsonl,episodes.jsonl,10616,3d061741ff32e03191f893633b1d331669070acc6080458c277443883b7f7ce8,records=50
results/cronusvla_simplerenv_bridge/fixed_foveation_keep20/widowx_spoon_on_towel/summary.json,summary.json,869,752672a1b7cfd068240c3ec69d89ee13ef2c1a6dc0d8d822c742a63d68f725a0,"status=completed,episodes=50"
results/cronusvla_simplerenv_bridge/fixed_foveation_keep20/widowx_stack_cube/episodes.jsonl,episodes.jsonl,10432,bf1293f725d4e568de7ac5a97b86cc3a789b75e8e87ebb950cea082a7993f211,records=50
results/cronusvla_simplerenv_bridge/fixed_foveation_keep20/widowx_stack_cube/summary.json,summary.json,860,da2318cf478d8d9d87b9faa872dae5cac9c1acb817cfc2aa32c643043a4710e6,"status=completed,episodes=50"
results/cronusvla_simplerenv_bridge/fixed_foveation_keep50/widowx_carrot_on_plate/episodes.jsonl,episodes.jsonl,10677,fa38b831d0e6e21955cc30102b0df9cd7b280b9775ed5c020f2336854656e0f5,records=50
results/cronusvla_simplerenv_bridge/fixed_foveation_keep50/widowx_carrot_on_plate/summary.json,summary.json,870,b07920cc1ae7211153885b66ff66677eab72b6176b27eb40bad1d2efbcc86a0d,"status=completed,episodes=50"
results/cronusvla_simplerenv_bridge/fixed_foveation_keep50/widowx_put_eggplant_in_basket/episodes.jsonl,episodes.jsonl,10996,0a30a5b94d3dd99a3b69d6e6fe5539136e8d89355f402cefcfa0e4d2afa31c24,records=50
results/cronusvla_simplerenv_bridge/fixed_foveation_keep50/widowx_put_eggplant_in_basket/summary.json,summary.json,885,680fd295adfd9673b8e8ffec039088346bdc624d33c1096428052cdc66dcb02b,"status=completed,episodes=50"
results/cronusvla_simplerenv_bridge/fixed_foveation_keep50/widowx_spoon_on_towel/episodes.jsonl,episodes.jsonl,10617,8659f64730f8249c972bb48157f0acdd227a81ccb5674ff7a9e3d2ee6cd1e45a,records=50
results/cronusvla_simplerenv_bridge/fixed_foveation_keep50/widowx_spoon_on_towel/summary.json,summary.json,869,9d42116fd7655da9e261df346333d1f7eeaf9f721d64c25c742e54cbcce9aba5,"status=completed,episodes=50"
results/cronusvla_simplerenv_bridge/fixed_foveation_keep50/widowx_stack_cube/episodes.jsonl,episodes.jsonl,10427,a037272a387910f0a3918d5cd5f426674735e5ca3aba2ade9ebe9aea69a444e4,records=50
results/cronusvla_simplerenv_bridge/fixed_foveation_keep50/widowx_stack_cube/summary.json,summary.json,860,3099da692d7486b067dadd1b3b428aedfc150f6f51440292b995bbef3cb07232,"status=completed,episodes=50"
results/cronusvla_simplerenv_bridge/guarded_reuse_aggressive/widowx_carrot_on_plate/episodes.jsonl,episodes.jsonl,10680,ada2955be808ce8efc53abfcd8ea5ba947674c2d5805bf53f5caa24e3f3e5039,records=50
results/cronusvla_simplerenv_bridge/guarded_reuse_aggressive/widowx_carrot_on_plate/summary.json,summary.json,886,9543f65643ecc3354519fa2fb6006265755edd2f68476a4ccc689842c0efaa5a,"status=completed,episodes=50"
results/cronusvla_simplerenv_bridge/guarded_reuse_aggressive/widowx_put_eggplant_in_basket/episodes.jsonl,episodes.jsonl,11015,be33a25b849506e48ff9384d90351f4507faa7fcf25d3cc017b2242e99f0a543,records=50
results/cronusvla_simplerenv_bridge/guarded_reuse_aggressive/widowx_put_eggplant_in_basket/summary.json,summary.json,901,f4c6ee0d852eb91e59fa8eb943308f33012d736edc65161e5c1a76365078241a,"status=completed,episodes=50"
results/cronusvla_simplerenv_bridge/guarded_reuse_aggressive/widowx_spoon_on_towel/episodes.jsonl,episodes.jsonl,10628,36e672c874f4019e0bedb87b1319b8e3a55b94b7003454b23fc82e567d2f4fd8,records=50
results/cronusvla_simplerenv_bridge/guarded_reuse_aggressive/widowx_spoon_on_towel/summary.json,summary.json,885,8c84b437443a69ff261c2fbe895cb975bf65a1e66c4bf02d254b644b6aff2cab,"status=completed,episodes=50"
results/cronusvla_simplerenv_bridge/guarded_reuse_aggressive/widowx_stack_cube/episodes.jsonl,episodes.jsonl,10439,4a784d6332c89c88ea74bf2ad9a5f8bf5f3986a39f69eab6b170d57214468193,records=50
results/cronusvla_simplerenv_bridge/guarded_reuse_aggressive/widowx_stack_cube/summary.json,summary.json,876,0aedd774ff1dce2995164002f0e3f88ccb4edac90c615e69fd59401d228ddfa9,"status=completed,episodes=50"
results/cronusvla_simplerenv_bridge/guarded_reuse_moderate/widowx_carrot_on_plate/episodes.jsonl,episodes.jsonl,10684,e03e9653b564403b38c937297d11e151b6a7d0c3339101856972f9e0b363e2bf,records=50
results/cronusvla_simplerenv_bridge/guarded_reuse_moderate/widowx_carrot_on_plate/summary.json,summary.json,880,e0b99b6adf2abba86b34dc8d83a4577c4ab9475ddf9636a3142f924a1b9bdf61,"status=completed,episodes=50"
results/cronusvla_simplerenv_bridge/guarded_reuse_moderate/widowx_put_eggplant_in_basket/episodes.jsonl,episodes.jsonl,11020,313fe7116cd7a551d804162d7ab57c81aec11685fdd8a16c0cb0c3e0e105f008,records=50
results/cronusvla_simplerenv_bridge/guarded_reuse_moderate/widowx_put_eggplant_in_basket/summary.json,summary.json,895,f0723ec4a5ae2f24a06ea823180bbbad28ae82fc403c482f69f56ca160d6c833,"status=completed,episodes=50"
results/cronusvla_simplerenv_bridge/guarded_reuse_moderate/widowx_spoon_on_towel/episodes.jsonl,episodes.jsonl,10630,a03f2e8b0bb5c59784d258630e28e2e6ecb64998d17ed7621880a36477d8d0e5,records=50
results/cronusvla_simplerenv_bridge/guarded_reuse_moderate/widowx_spoon_on_towel/summary.json,summary.json,879,76a121ee980d097eacfa2b6e433a57dc190a344ab84418379201cf42507985a3,"status=completed,episodes=50"
results/cronusvla_simplerenv_bridge/guarded_reuse_moderate/widowx_stack_cube/episodes.jsonl,episodes.jsonl,10438,c4ab39ff732edd64f9e7b611f20517e0fe9abdc2d911c8f41938ea335673341a,records=50
results/cronusvla_simplerenv_bridge/guarded_reuse_moderate/widowx_stack_cube/summary.json,summary.json,870,48c8e1d06ace4af4983037fece4d17f68a97500e3d9c7d33a35e8111006eaebe,"status=completed,episodes=50"
results/cronusvla_simplerenv_bridge/guarded_reuse_strict/widowx_carrot_on_plate/episodes.jsonl,episodes.jsonl,10682,627684bad5676c5628fb7730f33da7ec16b0a5b488c4c7e62dc6ef59f238a213,records=50
results/cronusvla_simplerenv_bridge/guarded_reuse_strict/widowx_carrot_on_plate/summary.json,summary.json,874,0ebb51d291382009c7ebb0a2d65b970f080a179b5b9ab1d3746cf491009182d5,"status=completed,episodes=50"
results/cronusvla_simplerenv_bridge/guarded_reuse_strict/widowx_put_eggplant_in_basket/episodes.jsonl,episodes.jsonl,11006,d11efdf7accd5fce21d67eb83d4b4c8c388d741e4a335bb2c2b4b66bad027b77,records=50
results/cronusvla_simplerenv_bridge/guarded_reuse_strict/widowx_put_eggplant_in_basket/summary.json,summary.json,889,a7c9b8031ae926b2ecc373125359c75bb72cdaf88aca632280c9420c6010698a,"status=completed,episodes=50"
results/cronusvla_simplerenv_bridge/guarded_reuse_strict/widowx_spoon_on_towel/episodes.jsonl,episodes.jsonl,10633,d504dee317c6180c2f992600349923b56e6faef4e7bad1d0fe62e9de3ea1e8be,records=50
results/cronusvla_simplerenv_bridge/guarded_reuse_strict/widowx_spoon_on_towel/summary.json,summary.json,873,0e7f64297a3cbdbe2366411aa5f61e0c66cdf0350631b9a8c76fb316ffe3b498,"status=completed,episodes=50"
results/cronusvla_simplerenv_bridge/guarded_reuse_strict/widowx_stack_cube/episodes.jsonl,episodes.jsonl,10443,d324e96081b73cec9703b05ee9cb689e7b3e75de93537e9b5ee4af666e5d47fd,records=50
results/cronusvla_simplerenv_bridge/guarded_reuse_strict/widowx_stack_cube/summary.json,summary.json,864,7027ea50790976e66fbd969bb8cd47e8d52eb2b3c5bb52b8fe9bd8627aa8b10c,"status=completed,episodes=50"
results/cronusvla_simplerenv_bridge/original/widowx_carrot_on_plate/episodes.jsonl,episodes.jsonl,10686,a5e5e612a88fd67559ea49bb0c1b968f49723d9cf5b804b2e344f028c896651d,records=50
results/cronusvla_simplerenv_bridge/original/widowx_carrot_on_plate/summary.json,summary.json,814,4f59752f4cbd4f2dcea60427f3c28448d3b707ec13a0eccb0a253a899d515087,"status=completed,episodes=50"
results/cronusvla_simplerenv_bridge/original/widowx_put_eggplant_in_basket/episodes.jsonl,episodes.jsonl,11021,6608ffa0250d9341c59b4b44f129e65e932dd18b47e99ebaf39d847a1cecb1bd,records=50
results/cronusvla_simplerenv_bridge/original/widowx_put_eggplant_in_basket/summary.json,summary.json,829,303d0a6644bcc4ff17d2e5e4aac5059a5f94cf44155aa6dfe17f9597d059c3be,"status=completed,episodes=50"
results/cronusvla_simplerenv_bridge/original/widowx_spoon_on_towel/episodes.jsonl,episodes.jsonl,10636,f21aa39fa023ea7054617d70e3788be6d343aaf292bd283664ea8a4a80af067a,records=50
results/cronusvla_simplerenv_bridge/original/widowx_spoon_on_towel/summary.json,summary.json,813,44df8b060500a1c6fd879979918b0a434ae8a1e13773a9c0f35241603106c2f0,"status=completed,episodes=50"
results/cronusvla_simplerenv_bridge/original/widowx_stack_cube/episodes.jsonl,episodes.jsonl,10439,ee04aa7e94c9979e5bdf30d4c33a302621db385cc4dc88aa5670ad3befd92194,records=50
results/cronusvla_simplerenv_bridge/original/widowx_stack_cube/summary.json,summary.json,804,898749d0d248bd062f90af4c806b263c8524c3ad5b570c88454f68a1c3d52850,"status=completed,episodes=50"
results/cronusvla_simplerenv_bridge/temporal_fusion_conservative_adaptive/widowx_carrot_on_plate/episodes.jsonl,episodes.jsonl,10833,79f06ce7f94cebdcbddb032438313726c8ebed5dee5b245ddbd81b83520d8abb,records=50
results/cronusvla_simplerenv_bridge/temporal_fusion_conservative_adaptive/widowx_carrot_on_plate/summary.json,summary.json,915,a40c3fb53286154a649f5175bcf70ce18a698acc8a0d4a4ae344d9b4dfed8afc,"status=completed,episodes=50"
results/cronusvla_simplerenv_bridge/temporal_fusion_conservative_adaptive/widowx_put_eggplant_in_basket/episodes.jsonl,episodes.jsonl,11168,e65a620a6dc553542bf84d1b4c4d3accc0246955d18e5a5a5e5b7e21a5d90905,records=50
results/cronusvla_simplerenv_bridge/temporal_fusion_conservative_adaptive/widowx_put_eggplant_in_basket/summary.json,summary.json,930,39e695d101c052860e87ed281e5658ffbe9adb37f9ac385edd69e817c3679776,"status=completed,episodes=50"
results/cronusvla_simplerenv_bridge/temporal_fusion_conservative_adaptive/widowx_spoon_on_towel/episodes.jsonl,episodes.jsonl,10773,d58390b96e69c693d068f2d2a25757dacb470c3e16c69e3ca105a9a2ac5de6c4,records=50
results/cronusvla_simplerenv_bridge/temporal_fusion_conservative_adaptive/widowx_spoon_on_towel/summary.json,summary.json,914,759049a297f9b3ef28c957d3780316cc50d9bf43c68734e6ab47ea930d73c294,"status=completed,episodes=50"
results/cronusvla_simplerenv_bridge/temporal_fusion_conservative_adaptive/widowx_stack_cube/episodes.jsonl,episodes.jsonl,10589,dfdad41e2cbc37774aa6170249d7845958769307bd1345a88a310af96ecbad09,records=50
results/cronusvla_simplerenv_bridge/temporal_fusion_conservative_adaptive/widowx_stack_cube/summary.json,summary.json,905,1ce2e3b98cf0824ed1bff1dec36be622733e41bf9d24686baed2411fba8af401,"status=completed,episodes=50"
results/cronusvla_simplerenv_bridge/temporal_fusion_motion_entropy/widowx_carrot_on_plate/episodes.jsonl,episodes.jsonl,10837,1f64deb19cdff2832212caf7de134b988c6fb4bd5e428dc50aa6fcd4109144d7,records=50
results/cronusvla_simplerenv_bridge/temporal_fusion_motion_entropy/widowx_carrot_on_plate/summary.json,summary.json,894,d52348b40ace72c40cbf7fbc776637ebe90660cd4cb79ae5df6a5dfacbd5ac3f,"status=completed,episodes=50"
results/cronusvla_simplerenv_bridge/temporal_fusion_motion_entropy/widowx_put_eggplant_in_basket/episodes.jsonl,episodes.jsonl,11180,48fbbe9ab698d2428b762fe91617d3474a37164421e79693ae3d4424072df3f1,records=50
results/cronusvla_simplerenv_bridge/temporal_fusion_motion_entropy/widowx_put_eggplant_in_basket/summary.json,summary.json,909,e2a761c8941938e18762f4ba92f8b7aad70748136c560bc150245ae13792a8c8,"status=completed,episodes=50"
results/cronusvla_simplerenv_bridge/temporal_fusion_motion_entropy/widowx_spoon_on_towel/episodes.jsonl,episodes.jsonl,10779,7f798cdd52641072ac1ddf7d0e9fdb9379c14a050788c5f3689907de0748bdf3,records=50
results/cronusvla_simplerenv_bridge/temporal_fusion_motion_entropy/widowx_spoon_on_towel/summary.json,summary.json,893,47d26ae47cb3f5a7564f9fa56b29336700c743d471c9300008629e84e54dc808,"status=completed,episodes=50"
results/cronusvla_simplerenv_bridge/temporal_fusion_motion_entropy/widowx_stack_cube/episodes.jsonl,episodes.jsonl,10587,86df9e60b381d6a8d0c57e516da3b58fcea331e06632a2df58ba7910722acbad,records=50
results/cronusvla_simplerenv_bridge/temporal_fusion_motion_entropy/widowx_stack_cube/summary.json,summary.json,884,5a585079151c8b739eb3df1b0b258367d1960edbe4b31eef081bdc8e94b81953,"status=completed,episodes=50"
results/cronusvla_simplerenv_bridge/temporal_fusion_task_aware/widowx_carrot_on_plate/episodes.jsonl,episodes.jsonl,10832,60fa5c516a6705870bea4aa37d6f653c52b566f5a1f1da396cbb7f6e7bf0903e,records=50
results/cronusvla_simplerenv_bridge/temporal_fusion_task_aware/widowx_carrot_on_plate/summary.json,summary.json,882,7a508103d891bad4c58421f01689bd962282d06d4442479ca695a1dfef9ccbe1,"status=completed,episodes=50"
results/cronusvla_simplerenv_bridge/temporal_fusion_task_aware/widowx_put_eggplant_in_basket/episodes.jsonl,episodes.jsonl,11174,11ba7e7049cddd76eba5aa46fce937f2e2bfefc28c7ed1667acd25b4145d0604,records=50
results/cronusvla_simplerenv_bridge/temporal_fusion_task_aware/widowx_put_eggplant_in_basket/summary.json,summary.json,897,97435cf2d0b8672ebdbefc3bd506dc61c1a515adbaf3f990931e26dff8ad1233,"status=completed,episodes=50"
results/cronusvla_simplerenv_bridge/temporal_fusion_task_aware/widowx_spoon_on_towel/episodes.jsonl,episodes.jsonl,10775,23113df9e89648508ce9271fd7f8e9b72b46f1ad46e1e79bda06f9f05ce5a601,records=50
results/cronusvla_simplerenv_bridge/temporal_fusion_task_aware/widowx_spoon_on_towel/summary.json,summary.json,881,a48202331dc11083a225a386676df406f09865345d297fd291d75acd1ca1c726,"status=completed,episodes=50"
results/cronusvla_simplerenv_bridge/temporal_fusion_task_aware/widowx_stack_cube/episodes.jsonl,episodes.jsonl,10592,520abe815b9c2d1633095f8153a6de7ec1b5cf7823f2b524f438cb6dfab5c95b,records=50
results/cronusvla_simplerenv_bridge/temporal_fusion_task_aware/widowx_stack_cube/summary.json,summary.json,872,61e6072393eb396eff881984f499488563b67891e1e924168701e67117211e1c,"status=completed,episodes=50"
results/cronusvla_simplerenv_fractal/action_repeat2/google_robot_close_drawer/episodes.jsonl,episodes.jsonl,10873,7da11c0268c58121978b7674038cf6e51e2c32e04d84487c0406dc0ef1cd456a,records=50
results/cronusvla_simplerenv_fractal/action_repeat2/google_robot_close_drawer/summary.json,summary.json,1031,f8b93dc1d174a210a87bc8f93a1f1e2707cc4bbc58f0dc4a86a0e10b3ac62c7f,"status=completed,episodes=50"
results/cronusvla_simplerenv_fractal/action_repeat2/google_robot_move_near/episodes.jsonl,episodes.jsonl,10708,f610f1c136f4b05895223dda194eaf4a625b786c9b2b170f9aa964d350c63bbe,records=50
results/cronusvla_simplerenv_fractal/action_repeat2/google_robot_move_near/summary.json,summary.json,1025,5751f7f091938fc9c430021823a17795911180803a7652ff7e3aef2ec4a250b6,"status=completed,episodes=50"
results/cronusvla_simplerenv_fractal/action_repeat2/google_robot_open_drawer/episodes.jsonl,episodes.jsonl,10812,819cbd52bec683712153f29a4aae3219d836d830c171af0048e5da1fdc99bf6c,records=50
results/cronusvla_simplerenv_fractal/action_repeat2/google_robot_open_drawer/summary.json,summary.json,1029,0cd359e983e87a45216170f6ccdb7547610f50b5816426d3fbfab999a861775e,"status=completed,episodes=50"
results/cronusvla_simplerenv_fractal/action_repeat2/google_robot_pick_coke_can/episodes.jsonl,episodes.jsonl,10906,0a261b6b00b0495f6fa059986f80b54709168539dfb124ef9db6e8e64fcf761d,records=50
results/cronusvla_simplerenv_fractal/action_repeat2/google_robot_pick_coke_can/summary.json,summary.json,1033,8bb9466f1c8e1eaaffaaff2b02a756554a288d4e6c5769ac425de272e61a4c67,"status=completed,episodes=50"
results/cronusvla_simplerenv_fractal/action_repeat2/google_robot_place_apple_in_closed_top_drawer/episodes.jsonl,episodes.jsonl,11879,885ec6936e899ff5c70990806bb6680a1a43ad7bc3af25028ffe35a7db77c378,records=50
results/cronusvla_simplerenv_fractal/action_repeat2/google_robot_place_apple_in_closed_top_drawer/summary.json,summary.json,1070,496d63dba3cc7a4f952749fedb9b88fe784fa103d1d68cfb0cf3e88873e8d960,"status=completed,episodes=50"
results/cronusvla_simplerenv_fractal/action_repeat4/google_robot_close_drawer/episodes.jsonl,episodes.jsonl,10875,455ff991ec260b737df166147af76c859c0e18cd2a8cd3e2c93f79686c58bcdd,records=50
results/cronusvla_simplerenv_fractal/action_repeat4/google_robot_close_drawer/summary.json,summary.json,1031,1d5fa9e737be34ae6604b9804dd45cac94270d41e9a700302031534984a8a7a5,"status=completed,episodes=50"
results/cronusvla_simplerenv_fractal/action_repeat4/google_robot_move_near/episodes.jsonl,episodes.jsonl,10689,98d65e807404af69dc58201dd05f6c437d2adb788382877408734e8ac05383a7,records=50
results/cronusvla_simplerenv_fractal/action_repeat4/google_robot_move_near/summary.json,summary.json,1025,5a31213b5ca312b26873ba7332af1e8663b4e285ad21e9b943685a7e571708a0,"status=completed,episodes=50"
results/cronusvla_simplerenv_fractal/action_repeat4/google_robot_open_drawer/episodes.jsonl,episodes.jsonl,10836,ed9467e588fbad6a80924f61a12cb6419aab763472e17573d98761f1452c1dc9,records=50
results/cronusvla_simplerenv_fractal/action_repeat4/google_robot_open_drawer/summary.json,summary.json,1028,1e3c2926be09c8292e7c8c9d0c7f57215114df816739a5dc14cd263a7bd133dc,"status=completed,episodes=50"
results/cronusvla_simplerenv_fractal/action_repeat4/google_robot_pick_coke_can/episodes.jsonl,episodes.jsonl,10890,70c588b5c414ec3f3f1695a92ba13f131e7c03ebc364a98153b21d84c4b60d60,records=50
results/cronusvla_simplerenv_fractal/action_repeat4/google_robot_pick_coke_can/summary.json,summary.json,1033,fc5950c287e4ff1c0279b2d5c83c866cc607bb2b8ed61a9a3a24032b110042b7,"status=completed,episodes=50"
results/cronusvla_simplerenv_fractal/action_repeat4/google_robot_place_apple_in_closed_top_drawer/episodes.jsonl,episodes.jsonl,11894,417d1641676133c52e2fa94d231f32636edad963f59391cb7d6f37c127046b2c,records=50
results/cronusvla_simplerenv_fractal/action_repeat4/google_robot_place_apple_in_closed_top_drawer/summary.json,summary.json,1070,4bbd3eb2d22e009c0cb270884bff18e60e9d5418d7c5e411a19abd61ff51d681,"status=completed,episodes=50"
results/cronusvla_simplerenv_fractal/depth_pruning1/google_robot_close_drawer/episodes.jsonl,episodes.jsonl,10842,63e45e9e28708417a1e864264c88802bebccc0dad900aba8b31d87fb63ab82da,records=50
results/cronusvla_simplerenv_fractal/depth_pruning1/google_robot_close_drawer/summary.json,summary.json,2133,cde779a13f994ad3d5c8b6e2bf09d98c789df66d783252bc21cd35348b665193,"status=completed,episodes=50"
results/cronusvla_simplerenv_fractal/depth_pruning1/google_robot_move_near/episodes.jsonl,episodes.jsonl,10664,03981800fdb68eaad540edf635f9f6966ecb0efc3970a043c36f032db5bec40a,records=50
results/cronusvla_simplerenv_fractal/depth_pruning1/google_robot_move_near/summary.json,summary.json,2127,91d9bccded50f8980f0b1f5266064320d019a83398313368cc4a161c0705084d,"status=completed,episodes=50"
results/cronusvla_simplerenv_fractal/depth_pruning1/google_robot_open_drawer/episodes.jsonl,episodes.jsonl,10799,71e4a2ccef0f66bd71dc5307a88cf4bdf47cbb6f5b1a1cf7eb22741e1e9ff64b,records=50
results/cronusvla_simplerenv_fractal/depth_pruning1/google_robot_open_drawer/summary.json,summary.json,2131,8280d24380c2a61a7ea8ef26bb70d0c6bf61a36f66e515c52c7484754ea45fb2,"status=completed,episodes=50"
results/cronusvla_simplerenv_fractal/depth_pruning1/google_robot_pick_coke_can/episodes.jsonl,episodes.jsonl,10867,32f7f50ee9561f7fdd337e4470311aae8e31390ae27387817a6937a406113eda,records=50
results/cronusvla_simplerenv_fractal/depth_pruning1/google_robot_pick_coke_can/summary.json,summary.json,2135,e635d8a6cd7a6e709444d98148eb196d843c33c50f85c79690c0d0f5fa9fe8a3,"status=completed,episodes=50"
results/cronusvla_simplerenv_fractal/depth_pruning1/google_robot_place_apple_in_closed_top_drawer/episodes.jsonl,episodes.jsonl,11879,a17eab5d94422a416dff0f40783b9bf2b0a983ea6db8335e1d26279892d82995,records=50
results/cronusvla_simplerenv_fractal/depth_pruning1/google_robot_place_apple_in_closed_top_drawer/summary.json,summary.json,2172,35aa09c4ac49e41ca42e0a983944adb83be03cd54c996abd8bfa913010d773b9,"status=completed,episodes=50"
results/cronusvla_simplerenv_fractal/depth_pruning2/google_robot_close_drawer/episodes.jsonl,episodes.jsonl,10858,db4dc0a081a11f614da02ca9353e317519410bb2b6764835b644702e47192589,records=50
results/cronusvla_simplerenv_fractal/depth_pruning2/google_robot_close_drawer/summary.json,summary.json,2142,d958e2727a9bf35a3638de4f5f1943f133168cf8c5fa365d1c9e3d26beb36690,"status=completed,episodes=50"
results/cronusvla_simplerenv_fractal/depth_pruning2/google_robot_move_near/episodes.jsonl,episodes.jsonl,10658,49f74f2e83a1414a5ed7119ecd1fb174756cf1bc7f1cef8e6607bd5bea404c65,records=50
results/cronusvla_simplerenv_fractal/depth_pruning2/google_robot_move_near/summary.json,summary.json,2136,aca1d72f155094635fd06df64983a4fdab61fecb2eaa707ea5d912192d19c407,"status=completed,episodes=50"
results/cronusvla_simplerenv_fractal/depth_pruning2/google_robot_open_drawer/episodes.jsonl,episodes.jsonl,10806,74245d24fa683c82cb1c843d23d2a29af29474ce2c2f269731a8d6133bd4ed60,records=50
results/cronusvla_simplerenv_fractal/depth_pruning2/google_robot_open_drawer/summary.json,summary.json,2140,6f9877c9415c95a3e588b9f2b10c8b94f7fe10fffc6716f0c4562622381ade66,"status=completed,episodes=50"
results/cronusvla_simplerenv_fractal/depth_pruning2/google_robot_pick_coke_can/episodes.jsonl,episodes.jsonl,10865,62cf0e61c442ecbc59a106a56f4cd1858885aae2224a14a5b217b0431bc2529f,records=50
results/cronusvla_simplerenv_fractal/depth_pruning2/google_robot_pick_coke_can/summary.json,summary.json,2144,8937cb1cb3ca98daccd836b0bef27b5e1e035b335fdcfeb8cc4e9b49db0b72fc,"status=completed,episodes=50"
results/cronusvla_simplerenv_fractal/depth_pruning2/google_robot_place_apple_in_closed_top_drawer/episodes.jsonl,episodes.jsonl,11878,a702791663dc4647c062ec51f712ee9f4d5ec072ff3228a937fc87d9add3f109,records=50
results/cronusvla_simplerenv_fractal/depth_pruning2/google_robot_place_apple_in_closed_top_drawer/summary.json,summary.json,2181,8327fd1bca48b5d09ef8798447fe6800513569e90c50d78354d3343cef733940,"status=completed,episodes=50"
results/cronusvla_simplerenv_fractal/depth_pruning4/google_robot_close_drawer/episodes.jsonl,episodes.jsonl,10849,ff79b14fdb10bed95ae08c402cba18fb2bd712cf78e185884ac46834974447df,records=50
results/cronusvla_simplerenv_fractal/depth_pruning4/google_robot_close_drawer/summary.json,summary.json,2160,85ee98947e1d246cd3aea6c22b051bfcd950176e2f3505c0c7a586bf72e9d3c5,"status=completed,episodes=50"
results/cronusvla_simplerenv_fractal/depth_pruning4/google_robot_move_near/episodes.jsonl,episodes.jsonl,10669,5bd4fac7aab6c9a087b94fe7245b8dace9055538d24a373d39c34bbb49090602,records=50
results/cronusvla_simplerenv_fractal/depth_pruning4/google_robot_move_near/summary.json,summary.json,2154,d957dfff4692eb6d7c89ef7e9d8af92bf8cb7b1d114a1d4d40dadec6f8d72174,"status=completed,episodes=50"
results/cronusvla_simplerenv_fractal/depth_pruning4/google_robot_open_drawer/episodes.jsonl,episodes.jsonl,10809,ef18824c052c7a7fcee261567c305814945e9fb578710f7c4c59a9a9e04eb977,records=50
results/cronusvla_simplerenv_fractal/depth_pruning4/google_robot_open_drawer/summary.json,summary.json,2158,b810fac4a9ca265f407b9d0958fea8e435d641b984d1de88e2e509c9b92f42e0,"status=completed,episodes=50"
results/cronusvla_simplerenv_fractal/depth_pruning4/google_robot_pick_coke_can/episodes.jsonl,episodes.jsonl,10860,a0ce604d70a2c9622b349e3f7605d78593355cb47824d847720ec0b3daf5afdd,records=50
results/cronusvla_simplerenv_fractal/depth_pruning4/google_robot_pick_coke_can/summary.json,summary.json,2162,93cbb47b844269d132702111ac6723ae050cee4bfff6bd91d3d4abedc0c7bdc0,"status=completed,episodes=50"
results/cronusvla_simplerenv_fractal/depth_pruning4/google_robot_place_apple_in_closed_top_drawer/episodes.jsonl,episodes.jsonl,11878,2fa004c76c266f3dcedd7d0965a766c78de27835fd19d53cefb4553aecffed82,records=50
results/cronusvla_simplerenv_fractal/depth_pruning4/google_robot_place_apple_in_closed_top_drawer/summary.json,summary.json,2199,a2e2a40f1966b636e9c2a95439f3e058fe7642eda51f2d7b3c5e34bb0fe4160f,"status=completed,episodes=50"
results/cronusvla_simplerenv_fractal/fixed_foveation_keep20/google_robot_close_drawer/episodes.jsonl,episodes.jsonl,10831,2ebea5fd89c83c647c341d30444e8eababafe419bc3575169fe58f9f57fa7f0e,records=50
results/cronusvla_simplerenv_fractal/fixed_foveation_keep20/google_robot_close_drawer/summary.json,summary.json,1059,087758dc2693ab8f3cc2177160fa216636c82984fecbfec1a53d9002344ce4ab,"status=completed,episodes=50"
results/cronusvla_simplerenv_fractal/fixed_foveation_keep20/google_robot_move_near/episodes.jsonl,episodes.jsonl,10661,dc26e19fd89522f8e03a93a17efd8bfad5ab2997342f1e20518e3cf9faaa68c3,records=50
results/cronusvla_simplerenv_fractal/fixed_foveation_keep20/google_robot_move_near/summary.json,summary.json,1053,f50deb917132ce55fd305ac98d9c091bdc59fd2ed60409707d0f68c614e60369,"status=completed,episodes=50"
results/cronusvla_simplerenv_fractal/fixed_foveation_keep20/google_robot_open_drawer/episodes.jsonl,episodes.jsonl,10813,51c8c612794914f49cad7758d5bf334777650ed368e41433006719e95c02abe2,records=50
results/cronusvla_simplerenv_fractal/fixed_foveation_keep20/google_robot_open_drawer/summary.json,summary.json,1057,1ac76a06a718d745a8b4d2021d587a8ef0bd32e14e5f162de79a94b7da2de2f6,"status=completed,episodes=50"
results/cronusvla_simplerenv_fractal/fixed_foveation_keep20/google_robot_pick_coke_can/episodes.jsonl,episodes.jsonl,10867,6a9e3ae0041bb21d0a3b88745346831dfaf679a2c3d0d8fc07b958a3a31a706a,records=50
results/cronusvla_simplerenv_fractal/fixed_foveation_keep20/google_robot_pick_coke_can/summary.json,summary.json,1061,234513140b04b7e0b3a50d81d1df7db93ea1473f99f1d4acc4fcd398837bb21c,"status=completed,episodes=50"
results/cronusvla_simplerenv_fractal/fixed_foveation_keep20/google_robot_place_apple_in_closed_top_drawer/episodes.jsonl,episodes.jsonl,11876,6f0569abca3471308487f66e015c6b4965bc5a8c45ce733edc3e537e9aa3a77e,records=50
results/cronusvla_simplerenv_fractal/fixed_foveation_keep20/google_robot_place_apple_in_closed_top_drawer/summary.json,summary.json,1098,082f625053cb166312609640023c60174abdeec460cca1908ac976ec6646b9c1,"status=completed,episodes=50"
results/cronusvla_simplerenv_fractal/fixed_foveation_keep50/google_robot_close_drawer/episodes.jsonl,episodes.jsonl,10827,8b490ba3ff9f30f9392f97e7aeee85c310bbad06c31517ff88c1281f1df494f9,records=50
results/cronusvla_simplerenv_fractal/fixed_foveation_keep50/google_robot_close_drawer/summary.json,summary.json,1059,71d028fb104af27b5696c5161b98b29b32d064e5d0b36ac0de7a50287bee59d8,"status=completed,episodes=50"
results/cronusvla_simplerenv_fractal/fixed_foveation_keep50/google_robot_move_near/episodes.jsonl,episodes.jsonl,10654,9f96dbb535d8d3d5f4c774bebafbd55049e7808c1439d93a5b31b2653f6790ac,records=50
results/cronusvla_simplerenv_fractal/fixed_foveation_keep50/google_robot_move_near/summary.json,summary.json,1053,f2e23464ce692a7ad6ae5fa698f1632d27048837b20f0b8dc961a647c22f1219,"status=completed,episodes=50"
results/cronusvla_simplerenv_fractal/fixed_foveation_keep50/google_robot_open_drawer/episodes.jsonl,episodes.jsonl,10812,c456aba57b83b915a8664d638f9ae01ac88b045b194ce49b23cbd77de5c92e9a,records=50
results/cronusvla_simplerenv_fractal/fixed_foveation_keep50/google_robot_open_drawer/summary.json,summary.json,1057,db30dc4a4a35e7c4fd5ceaf75efc9c2261c2d5e01b2cef73b8f696e0cc35df59,"status=completed,episodes=50"
results/cronusvla_simplerenv_fractal/fixed_foveation_keep50/google_robot_pick_coke_can/episodes.jsonl,episodes.jsonl,10861,db134ae246ed19cd79cbf65b5dffb9e70723a513c7890dca29643223a513df40,records=50
results/cronusvla_simplerenv_fractal/fixed_foveation_keep50/google_robot_pick_coke_can/summary.json,summary.json,1061,0644ceddc1c102d6ad43675c723cd1a9d7eeb7b4bde44d82543896a8e84bdb41,"status=completed,episodes=50"
results/cronusvla_simplerenv_fractal/fixed_foveation_keep50/google_robot_place_apple_in_closed_top_drawer/episodes.jsonl,episodes.jsonl,11880,8df9589bdca9cfc1b94cf5fe831bcc0cf348a439f8f827da0c8bf569ea0705e2,records=50
results/cronusvla_simplerenv_fractal/fixed_foveation_keep50/google_robot_place_apple_in_closed_top_drawer/summary.json,summary.json,1098,0da92452065027a04da02dd94cc9348994b241b3bd8060221fd3f3067aa8ecdc,"status=completed,episodes=50"
results/cronusvla_simplerenv_fractal/guarded_reuse_aggressive/google_robot_close_drawer/episodes.jsonl,episodes.jsonl,10861,572e89755dd415fcd0bab95835938aff992f6f43b700e0d199d7a04568b4807d,records=50
results/cronusvla_simplerenv_fractal/guarded_reuse_aggressive/google_robot_close_drawer/summary.json,summary.json,1074,af2b2126ca7b15af681c7cf6e362547bf9f1704aca0f43b0d6c601ff25a53a92,"status=completed,episodes=50"
results/cronusvla_simplerenv_fractal/guarded_reuse_aggressive/google_robot_move_near/episodes.jsonl,episodes.jsonl,10658,4d83ef4e726d712d4714b3f78b265a074c00e97c559283b85ea9fc2a6082b2c8,records=50
results/cronusvla_simplerenv_fractal/guarded_reuse_aggressive/google_robot_move_near/summary.json,summary.json,1068,c190956b3d5e698970cc059e8f1b3ee15f70fae47befb2108633c92215c33bf7,"status=completed,episodes=50"
results/cronusvla_simplerenv_fractal/guarded_reuse_aggressive/google_robot_open_drawer/episodes.jsonl,episodes.jsonl,10799,d5dbe6565b80bc4192f21a245505c0caf9288d794cd661d5b62989bd5586b93a,records=50
results/cronusvla_simplerenv_fractal/guarded_reuse_aggressive/google_robot_open_drawer/summary.json,summary.json,1072,9aafb6ce293a788f12ef5e584443ed4b4f209df180a39e9e1785278d63958bff,"status=completed,episodes=50"
results/cronusvla_simplerenv_fractal/guarded_reuse_aggressive/google_robot_pick_coke_can/episodes.jsonl,episodes.jsonl,10861,c59123832aae9acb52d14328c6994c9f2c6d2cd123b08958d5f123fa3b1ac969,records=50
results/cronusvla_simplerenv_fractal/guarded_reuse_aggressive/google_robot_pick_coke_can/summary.json,summary.json,1076,dd16e4ce07f5633eba7b2697bdcbc033a6b7e8502769c00c16e3cbf8d798de85,"status=completed,episodes=50"
results/cronusvla_simplerenv_fractal/guarded_reuse_aggressive/google_robot_place_apple_in_closed_top_drawer/episodes.jsonl,episodes.jsonl,11877,91d758bc2c8cd4b1eeb3446261362b848f534b96e498efacde97a97c4229c6a8,records=50
results/cronusvla_simplerenv_fractal/guarded_reuse_aggressive/google_robot_place_apple_in_closed_top_drawer/summary.json,summary.json,1113,21231f04c0024bd213af5d089150420898966dc8dc8afa1a97edd3453672b2ce,"status=completed,episodes=50"
results/cronusvla_simplerenv_fractal/guarded_reuse_moderate/google_robot_close_drawer/episodes.jsonl,episodes.jsonl,10863,05a75149b16e990ec7594be86a95c6a73da02b78f8586343f8b47bfaae59b353,records=50
results/cronusvla_simplerenv_fractal/guarded_reuse_moderate/google_robot_close_drawer/summary.json,summary.json,1069,58d09d80519841cccc0d1ae5a57262f57401d0762fd1a72c01f9d441958dc371,"status=completed,episodes=50"
results/cronusvla_simplerenv_fractal/guarded_reuse_moderate/google_robot_move_near/episodes.jsonl,episodes.jsonl,10664,a756e3db46238b83281963a675ebfd182ad8ea5d12e7584ad87ac8b4174f5413,records=50
results/cronusvla_simplerenv_fractal/guarded_reuse_moderate/google_robot_move_near/summary.json,summary.json,1063,03a41c7bca743575349442248ac3ae2a319a2ae83d4d9fe60bddef391f15b70c,"status=completed,episodes=50"
results/cronusvla_simplerenv_fractal/guarded_reuse_moderate/google_robot_open_drawer/episodes.jsonl,episodes.jsonl,10805,24569df91030050c526676b364ee67932c23b822ccccc349eb78a923a134e2ad,records=50
results/cronusvla_simplerenv_fractal/guarded_reuse_moderate/google_robot_open_drawer/summary.json,summary.json,1067,5f7c3be4dee8b0fb7fb3cc6eb9bba006505019d8ceb03ad79b5d41ed4fc3b7df,"status=completed,episodes=50"
results/cronusvla_simplerenv_fractal/guarded_reuse_moderate/google_robot_pick_coke_can/episodes.jsonl,episodes.jsonl,10866,1f88b437702e7f162f9d0c8972c9fc265916ca1993829486496028eadd0e6735,records=50
results/cronusvla_simplerenv_fractal/guarded_reuse_moderate/google_robot_pick_coke_can/summary.json,summary.json,1071,a31f3d627bb9d96b6fbab08da8f69bdcb1a7e642dcc5febdd9fbad89b0fa0948,"status=completed,episodes=50"
results/cronusvla_simplerenv_fractal/guarded_reuse_moderate/google_robot_place_apple_in_closed_top_drawer/episodes.jsonl,episodes.jsonl,11880,bc3295ffb4a3e56e77c6034c01e6d0d1232e86d27def3cf4880b196bae25f776,records=50
results/cronusvla_simplerenv_fractal/guarded_reuse_moderate/google_robot_place_apple_in_closed_top_drawer/summary.json,summary.json,1108,469882e43c93b1d467a5adbc560c11f9b012429e1036d255c65cc46dadfa8c19,"status=completed,episodes=50"
results/cronusvla_simplerenv_fractal/guarded_reuse_strict/google_robot_close_drawer/episodes.jsonl,episodes.jsonl,10846,739baff0a911ff2d9f51b7bd3d8f7c4cbfe65716abc2d5eaf93b121c68303318,records=50
results/cronusvla_simplerenv_fractal/guarded_reuse_strict/google_robot_close_drawer/summary.json,summary.json,1063,286a3f0b8b128f710506c210d94f3e5203b037bb9cca19c2a6536cbfa3b48956,"status=completed,episodes=50"
results/cronusvla_simplerenv_fractal/guarded_reuse_strict/google_robot_move_near/episodes.jsonl,episodes.jsonl,10659,be9f1346a7a20d1f2c651209a0397506ec0aa4621a44f2c441608e64c41f6df7,records=50
results/cronusvla_simplerenv_fractal/guarded_reuse_strict/google_robot_move_near/summary.json,summary.json,1057,27e9ba31294614bc41a30cd34f1a9edb3b8ed469e5ab6e67393dea0d1355ed38,"status=completed,episodes=50"
results/cronusvla_simplerenv_fractal/guarded_reuse_strict/google_robot_open_drawer/episodes.jsonl,episodes.jsonl,10809,6a41815b5c3194292fde2544f0ca0606a4bc29f9fd68c0b11b96979cf9f4e5f5,records=50
results/cronusvla_simplerenv_fractal/guarded_reuse_strict/google_robot_open_drawer/summary.json,summary.json,1061,49122aafa29b5a7869019a8828e29180147c0ff1c74c524b344897f950ad84e7,"status=completed,episodes=50"
results/cronusvla_simplerenv_fractal/guarded_reuse_strict/google_robot_pick_coke_can/episodes.jsonl,episodes.jsonl,10863,903732bb8f2289f575eb9b1b2a52a5d2dc03a6ba7657b9e333c6c46addd92706,records=50
results/cronusvla_simplerenv_fractal/guarded_reuse_strict/google_robot_pick_coke_can/summary.json,summary.json,1065,e48ca50d6a9e620a67c2ec4412220dd9b955bc3a5ae5768a0323990aa675ab86,"status=completed,episodes=50"
results/cronusvla_simplerenv_fractal/guarded_reuse_strict/google_robot_place_apple_in_closed_top_drawer/episodes.jsonl,episodes.jsonl,11881,f13f8eaa05ede3fb2cc334d98a581084a7410a007f700869bf62fd38b869c0da,records=50
results/cronusvla_simplerenv_fractal/guarded_reuse_strict/google_robot_place_apple_in_closed_top_drawer/summary.json,summary.json,1102,ffd3d6881fa9565225aaabc7708bf63b31d3b897dffb62b442a4d24131a876e2,"status=completed,episodes=50"
results/cronusvla_simplerenv_fractal/original/google_robot_close_drawer/episodes.jsonl,episodes.jsonl,10851,38f56f8a476c9c8cb07709476a5801133ad52de07bb07215144d151cc1298077,records=50
results/cronusvla_simplerenv_fractal/original/google_robot_close_drawer/summary.json,summary.json,1003,b34a56034c76781edee540c0bcc38f8c1033ef53aec1727529a3d4e4d192c29b,"status=completed,episodes=50"
results/cronusvla_simplerenv_fractal/original/google_robot_move_near/episodes.jsonl,episodes.jsonl,10657,354875ef60e11fa21f8dc7ccb59c2f5f43063d44f241bbb0fec3eead7d07204f,records=50
results/cronusvla_simplerenv_fractal/original/google_robot_move_near/summary.json,summary.json,997,3bbb109bc0e0be57a3d3a8a0032ab520a131efdaf6d960fbe448181920bf2b95,"status=completed,episodes=50"
results/cronusvla_simplerenv_fractal/original/google_robot_open_drawer/episodes.jsonl,episodes.jsonl,10800,aec4a1cc8a90d07c7e6256fb18d4b144b12e8bce71488dc2fe62382e699c12cb,records=50
results/cronusvla_simplerenv_fractal/original/google_robot_open_drawer/summary.json,summary.json,1001,171621b61bf57c7b68488f8baff47bca0dc336ac17813658a44624cce4ae0f52,"status=completed,episodes=50"
results/cronusvla_simplerenv_fractal/original/google_robot_pick_coke_can/episodes.jsonl,episodes.jsonl,10866,a1fc0b52d8466d48d777a54066d9f9c0a11f9d5e9a7728b1f3a498ff985f5861,records=50
results/cronusvla_simplerenv_fractal/original/google_robot_pick_coke_can/summary.json,summary.json,1005,cc7928d06bddd64d9c5d0a6da820a143dfcc0e479681c1c48b6c895ffceb3f66,"status=completed,episodes=50"
results/cronusvla_simplerenv_fractal/original/google_robot_place_apple_in_closed_top_drawer/episodes.jsonl,episodes.jsonl,11882,02fca507209378063d735929e0bccc9f33dbd703404578bde842624a5513d07d,records=50
results/cronusvla_simplerenv_fractal/original/google_robot_place_apple_in_closed_top_drawer/summary.json,summary.json,1042,4d5cb17ad03b6c336da92276baa2846b39bd7cf58d518b00a4652bbe3b298d29,"status=completed,episodes=50"
results/cronusvla_simplerenv_fractal/temporal_fusion_conservative_adaptive/google_robot_close_drawer/episodes.jsonl,episodes.jsonl,10994,effc2f32850679cd0a13fcddf821a29a833be098988eebcc50a8b42bc99997a1,records=50
results/cronusvla_simplerenv_fractal/temporal_fusion_conservative_adaptive/google_robot_close_drawer/summary.json,summary.json,1104,77f3b2ac317d1d438aa34e0b01c9511fd6e173e111145d2e871ef4c3d779e1b5,"status=completed,episodes=50"
results/cronusvla_simplerenv_fractal/temporal_fusion_conservative_adaptive/google_robot_move_near/episodes.jsonl,episodes.jsonl,10811,5f27c1979520a85b23c1e8c0b468b55c47eddb209fbf054510eccf5cd7504df7,records=50
results/cronusvla_simplerenv_fractal/temporal_fusion_conservative_adaptive/google_robot_move_near/summary.json,summary.json,1098,8311f0148a720dc622866b6e60328a5014b8db2415befcd109caabc60054c22b,"status=completed,episodes=50"
results/cronusvla_simplerenv_fractal/temporal_fusion_conservative_adaptive/google_robot_open_drawer/episodes.jsonl,episodes.jsonl,10951,cd25537a15aa33ab5b2bb3b22abb98209cb143f9b1b2eb4efc56da6dff333198,records=50
results/cronusvla_simplerenv_fractal/temporal_fusion_conservative_adaptive/google_robot_open_drawer/summary.json,summary.json,1102,bee1b37129c4ea8bd7a22e53e58457eccd7b759f5c4577cfe2e4059444aaaa4c,"status=completed,episodes=50"
results/cronusvla_simplerenv_fractal/temporal_fusion_conservative_adaptive/google_robot_pick_coke_can/episodes.jsonl,episodes.jsonl,11019,eb053eba6feafeb8d0b22ad71488a5c7c8bfad28ca7b51070ea44afcdf1e2cde,records=50
results/cronusvla_simplerenv_fractal/temporal_fusion_conservative_adaptive/google_robot_pick_coke_can/summary.json,summary.json,1106,8c9107932fae16057099942f46be6272c4b86f7f2ee3cf6ebcab773e754a44dc,"status=completed,episodes=50"
results/cronusvla_simplerenv_fractal/temporal_fusion_conservative_adaptive/google_robot_place_apple_in_closed_top_drawer/episodes.jsonl,episodes.jsonl,12026,9fe1fcd5c0d63393efc6afb813c6c5b47c55e3967d340205acf71dddfd347285,records=50
results/cronusvla_simplerenv_fractal/temporal_fusion_conservative_adaptive/google_robot_place_apple_in_closed_top_drawer/summary.json,summary.json,1143,f409ba81caa2cbdf9149a5313c9468af40d57d9a8e513dfb74aca0dbb7840c55,"status=completed,episodes=50"
results/cronusvla_simplerenv_fractal/temporal_fusion_motion_entropy/google_robot_close_drawer/episodes.jsonl,episodes.jsonl,10998,c18c2e3a24e25227c5ad3aadf8c1d3e0cb096799cec399b43d0582fda28e12b9,records=50
results/cronusvla_simplerenv_fractal/temporal_fusion_motion_entropy/google_robot_close_drawer/summary.json,summary.json,1083,21a729e988d44add0f72b079df8ce377a4e101513052993758fe14897d502f7f,"status=completed,episodes=50"
results/cronusvla_simplerenv_fractal/temporal_fusion_motion_entropy/google_robot_move_near/episodes.jsonl,episodes.jsonl,10818,9d3e65dfc08be2f3592c114fc6df2599c62bb11435cf6b9e659f0dd37a15ccaa,records=50
results/cronusvla_simplerenv_fractal/temporal_fusion_motion_entropy/google_robot_move_near/summary.json,summary.json,1077,c8f0b0984b80855f5f4231ed423dd14b0d5b9c01450dba546120901d56df4152,"status=completed,episodes=50"
results/cronusvla_simplerenv_fractal/temporal_fusion_motion_entropy/google_robot_open_drawer/episodes.jsonl,episodes.jsonl,10951,c54cb5023cef547d5aef0c61ab44be639abb0211db56c1f7f451b1b7fcba1d45,records=50
results/cronusvla_simplerenv_fractal/temporal_fusion_motion_entropy/google_robot_open_drawer/summary.json,summary.json,1081,3fbc8aaf1109d660055a22a4497707c25c133b5bacb9bf34f93b9ac2903b32da,"status=completed,episodes=50"
results/cronusvla_simplerenv_fractal/temporal_fusion_motion_entropy/google_robot_pick_coke_can/episodes.jsonl,episodes.jsonl,11007,046eab27fd5b510dc9890d465cc75cd4854502e8192e4ede515495975a007682,records=50
results/cronusvla_simplerenv_fractal/temporal_fusion_motion_entropy/google_robot_pick_coke_can/summary.json,summary.json,1085,32227b0d3896c046a77250fd7769d06f703a66c72f7aec1eb1b9d313c9b728ad,"status=completed,episodes=50"
results/cronusvla_simplerenv_fractal/temporal_fusion_motion_entropy/google_robot_place_apple_in_closed_top_drawer/episodes.jsonl,episodes.jsonl,12027,ad1cfb35a99d36aca2195afd16bb22f606d93d594c226160dc986fd61d4a1564,records=50
results/cronusvla_simplerenv_fractal/temporal_fusion_motion_entropy/google_robot_place_apple_in_closed_top_drawer/summary.json,summary.json,1122,35a363fed6f803e285b5407b70799478353ea78cd4ed9cfeab053f93538dbe47,"status=completed,episodes=50"
results/cronusvla_simplerenv_fractal/temporal_fusion_task_aware/google_robot_close_drawer/episodes.jsonl,episodes.jsonl,10993,ea54c5c481d3694ee2484d2344686a364d3d036e3e09bad9151ea90837eeea81,records=50
results/cronusvla_simplerenv_fractal/temporal_fusion_task_aware/google_robot_close_drawer/summary.json,summary.json,1071,f0313c38e1a02de3686d332e8e03094fdbbc36c5f84cf5c2db74e774050f1ff3,"status=completed,episodes=50"
results/cronusvla_simplerenv_fractal/temporal_fusion_task_aware/google_robot_move_near/episodes.jsonl,episodes.jsonl,10806,1b814a52fdabfb4df040e5b148d8d6912af9b1cefd916ec0481904183fa2c4be,records=50
results/cronusvla_simplerenv_fractal/temporal_fusion_task_aware/google_robot_move_near/summary.json,summary.json,1065,d55f3a21434a22d68d8180d305d1c832f1d777a2df3336f6d7d7b4a3205ae85e,"status=completed,episodes=50"
results/cronusvla_simplerenv_fractal/temporal_fusion_task_aware/google_robot_open_drawer/episodes.jsonl,episodes.jsonl,10948,ac6dbc715356c74762e2b403d94c623587c96ff42567e23918e0b4f602abc0c4,records=50
results/cronusvla_simplerenv_fractal/temporal_fusion_task_aware/google_robot_open_drawer/summary.json,summary.json,1069,07d6a25b35ae2c49deee6df650a9d8bba548f74689c004672f99ee4aa9c71ff4,"status=completed,episodes=50"
results/cronusvla_simplerenv_fractal/temporal_fusion_task_aware/google_robot_pick_coke_can/episodes.jsonl,episodes.jsonl,11013,88e94ab7b855518d32a179768871ebde6be14148bc01db4578ef1910fb7de658,records=50
results/cronusvla_simplerenv_fractal/temporal_fusion_task_aware/google_robot_pick_coke_can/summary.json,summary.json,1073,318146382408c6de781c3173b2eadbee695a0a25a980801747eb150bcfe90a7f,"status=completed,episodes=50"
results/cronusvla_simplerenv_fractal/temporal_fusion_task_aware/google_robot_place_apple_in_closed_top_drawer/episodes.jsonl,episodes.jsonl,12030,cf4b24f4259f62bd066f93d0c9113467714babc6517c1d2cf0e075238823fab3,records=50
results/cronusvla_simplerenv_fractal/temporal_fusion_task_aware/google_robot_place_apple_in_closed_top_drawer/summary.json,summary.json,1110,6e9eab6770020f34101c97f34ac72b5fa56de2738b229498dbbd77c54e255ebc,"status=completed,episodes=50"
results/minivla_simplerenv/action_repeat2/episodes.jsonl,episodes.jsonl,108977,2e45eeec06216ffbe3a650743a2b245590a5eccbd1711e7afc1422b59d48113d,records=200
results/minivla_simplerenv/action_repeat2/summary.json,summary.json,3239,613489c6242f7f16eb9e1001515bc046a7fb86d809c60273263bdd75c119a4b9,"status=completed,episodes=200"
results/minivla_simplerenv/action_repeat4/episodes.jsonl,episodes.jsonl,108789,d2d0aaaa59b665f85619019f84edc4d6c190d056eaf1b291d1ee64c383be1592,records=200
results/minivla_simplerenv/action_repeat4/summary.json,summary.json,3245,c577adabe78a3d56c27ea85f764a605977f40bd0bac91bc671f10ad936982f86,"status=completed,episodes=200"
results/minivla_simplerenv/depth_pruning1/episodes.jsonl,episodes.jsonl,108884,c7eff43db278eef6f10d4feb8b62344838030973dea8eb2be8138d41e4e9e23d,records=200
results/minivla_simplerenv/depth_pruning1/summary.json,summary.json,3901,1559823d7c009b796e4cf09f2d207e2f2854e5b6b6a0da8eab19929e1f180a32,"status=completed,episodes=200"
results/minivla_simplerenv/depth_pruning2/episodes.jsonl,episodes.jsonl,108505,2b70597de5523286dc20a650349c69f77887737e7328c041cc96e49f034c48e7,records=200
results/minivla_simplerenv/depth_pruning2/summary.json,summary.json,3903,20ad7db70dcd462f457cd788fbf288ba078299d0c92815339eba57f5d6b569a3,"status=completed,episodes=200"
results/minivla_simplerenv/depth_pruning4/episodes.jsonl,episodes.jsonl,108368,476057d0d0a0e89cd37011f88538489db6318785ccde141f492e1d3ddb29b8a9,records=200
results/minivla_simplerenv/depth_pruning4/summary.json,summary.json,3921,83fce00f08e1d3a4eb537c898aac79b53df37d1a470e5cc81d1369ceda218f14,"status=completed,episodes=200"
results/minivla_simplerenv/fixed_foveation_keep20/episodes.jsonl,episodes.jsonl,111243,619abf6c59a45768e0d0d880307308c0ef7303fde06ca46bb0ff99f3e185107e,records=200
results/minivla_simplerenv/fixed_foveation_keep20/summary.json,summary.json,3254,226c2cfd13eb4a33a618c73ba3eff95358515d9b59c795b2bb3d49981fb42d43,"status=completed,episodes=200"
results/minivla_simplerenv/fixed_foveation_keep50/episodes.jsonl,episodes.jsonl,110993,71660c74847426ee3bcae421267d8e3138c9909b3a971e1ef835fa1ffafc1b49,records=200
results/minivla_simplerenv/fixed_foveation_keep50/summary.json,summary.json,3259,b69e538c0877505e7699ffa06c3ae751476c797acc6f6a1c84988c01b15b4a66,"status=completed,episodes=200"
results/minivla_simplerenv/guarded_reuse_aggressive/episodes.jsonl,episodes.jsonl,112319,ba8a5dca773b34b7d7f19809cd6e89a907fc88b0fa4a6a30b2753d5863cb4057,records=200
results/minivla_simplerenv/guarded_reuse_aggressive/summary.json,summary.json,3465,ae530d4e6d71b657efa05b3ba355df0b0c7e03c28a53e03cad0b4b59e6085fdb,"status=completed,episodes=200"
results/minivla_simplerenv/guarded_reuse_moderate/episodes.jsonl,episodes.jsonl,112087,71c39ce7517a03310eca2cda151f9d188306487c32516917fa2a139cebe58b44,records=200
results/minivla_simplerenv/guarded_reuse_moderate/summary.json,summary.json,3462,abad193509b939a5982eba95729fadc0b1793fc195e4154f84001f5c4d7a69bc,"status=completed,episodes=200"
results/minivla_simplerenv/guarded_reuse_strict/episodes.jsonl,episodes.jsonl,111511,13299463e93657ecda43092a8af697f96d677a44865df33ba5f97dcbce1e29cf,records=200
results/minivla_simplerenv/guarded_reuse_strict/summary.json,summary.json,3267,aec8b85be03b5d3697de504f5f657abd4300e2334bc40d21962e693171db5063,"status=completed,episodes=200"
results/minivla_simplerenv/original/episodes.jsonl,episodes.jsonl,106830,cd71bb02bed2d08fbd568b324725314f9b520068d063bac4021056b60df6d0ba,records=200
results/minivla_simplerenv/original/summary.json,summary.json,3219,872c0edfb88741a21a88dd6c654025a041f9533de58dd79766ee11317320633b,"status=completed,episodes=200"
results/minivla_simplerenv/temporal_fusion_conservative_adaptive/episodes.jsonl,episodes.jsonl,113915,e918cc2e7240ef6d8f6d322361380f56a806014ca0fa74c90e72aa3cbee21c82,records=200
results/minivla_simplerenv/temporal_fusion_conservative_adaptive/summary.json,summary.json,3738,56bd3b7f2e30b189c95d892c779585004b215a93c2d9e64840efee0086c5cbf3,"status=completed,episodes=200"
results/minivla_simplerenv/temporal_fusion_motion_entropy/episodes.jsonl,episodes.jsonl,112583,c521514a716de8632b18394f12943b1e402bf3d3a82612e534a4ab9d168ec3cf,records=200
results/minivla_simplerenv/temporal_fusion_motion_entropy/summary.json,summary.json,3267,5bc590e7efcdcafb45458d6e56ba0c5b80b18908a2e0f52f46bf3e42c9aa0ddd,"status=completed,episodes=200"
results/minivla_simplerenv/temporal_fusion_task_aware/episodes.jsonl,episodes.jsonl,112295,65110721c8bcd5d8f55f555030556a3076b3623ab4ae4604f62c1d66294dbeab,records=200
results/minivla_simplerenv/temporal_fusion_task_aware/summary.json,summary.json,3726,938f2ecf421577525718e1d1d301efc471fabffef0e8e23b213894476347abbd,"status=completed,episodes=200"
results/openvla_libero/action_repeat2/libero_10/episodes.jsonl,episodes.jsonl,58254,b121afb965e2c7f4f9a20e29f308a01022ba811f99081f37b15a4ce24c5dc4f3,records=100
results/openvla_libero/action_repeat2/libero_10/summary.json,summary.json,5449,27d3e37b6699287f197fd2bb70f771d96e1fe70031e989ab0264794d8cd83133,"status=completed,episodes=100"
results/openvla_libero/action_repeat2/libero_goal/episodes.jsonl,episodes.jsonl,58284,d852db7cbcd913fa1d48bc2dfc43e6eaa233c5e13be551bd05fe3da464c7f6b1,records=100
results/openvla_libero/action_repeat2/libero_goal/summary.json,summary.json,5521,62aa556169ed7ff76c9c89f15a3a086bcf25581c8df3e07cde7d241aa3627863,"status=completed,episodes=100"
results/openvla_libero/action_repeat2/libero_object/episodes.jsonl,episodes.jsonl,58515,6692f2d730e4a4479870f62fcb0f6f52f12321250c1738224fcdbcd9ee86d9ca,records=100
results/openvla_libero/action_repeat2/libero_object/summary.json,summary.json,5592,9920dc2c2c2fef02ff4960bff3ca0cb3580195a4adfe013ff57e6222a08318f0,"status=completed,episodes=100"
results/openvla_libero/action_repeat2/libero_spatial/episodes.jsonl,episodes.jsonl,58583,b875501dc09e96b53268f28486efe5bab93b87c9f9dc019b26a204e4ed15ee43,records=100
results/openvla_libero/action_repeat2/libero_spatial/summary.json,summary.json,5629,761d167f115a3b83898b00cacadb4b017d149f2bb85ea1036627da1b5bb2e80a,"status=completed,episodes=100"
results/openvla_libero/action_repeat4/libero_10/episodes.jsonl,episodes.jsonl,58351,3577f72068809be247048a67c713a776b6778be1620509b533085ddcf7da03a6,records=100
results/openvla_libero/action_repeat4/libero_10/summary.json,summary.json,5455,54dcb0da9a67651d32e7272a64209db81e8f34b065b3cb3494cc5a016fd84f78,"status=completed,episodes=100"
results/openvla_libero/action_repeat4/libero_goal/episodes.jsonl,episodes.jsonl,58326,4cba6ceb66b930dca819e4fa0e285920fa461b49f3b77acfbdb5e5e38e25eaf7,records=100
results/openvla_libero/action_repeat4/libero_goal/summary.json,summary.json,5511,6aa1db8dfe4566585cd0e322edd013685a13be2965c0f7dfd595e9396d65c67c,"status=completed,episodes=100"
results/openvla_libero/action_repeat4/libero_object/episodes.jsonl,episodes.jsonl,58627,05e215ab3dc31085f915f312229ad8a66962befc3d9913cb507b5014c190b4e0,records=100
results/openvla_libero/action_repeat4/libero_object/summary.json,summary.json,5589,a133180e4b262574aeae62278b6b414b4f4f58cb0b51de4a5f3e5ccfe67c5aff,"status=completed,episodes=100"
results/openvla_libero/action_repeat4/libero_spatial/episodes.jsonl,episodes.jsonl,58702,480657c98f21e4aeca04d1ce9f8ae2d463c34e3c756dd8fee5ad718a5facd374,records=100
results/openvla_libero/action_repeat4/libero_spatial/summary.json,summary.json,5627,19f7172ba32e0284c968f91a3244bf1ea66c0700a8a1f2f2ff6e46330d9a1052,"status=completed,episodes=100"
results/openvla_libero/depth_pruning1/libero_10/episodes.jsonl,episodes.jsonl,58181,7edce6401534906b9357fe74ff45f1567f24be9f295a83d2735ca29f2ff61792,records=100
results/openvla_libero/depth_pruning1/libero_10/summary.json,summary.json,6332,ed5e6e91cbdd019f6ecba76e6a6d131a0d20bf00a83b35b44c3c851b966741bb,"status=completed,episodes=100"
results/openvla_libero/depth_pruning1/libero_goal/episodes.jsonl,episodes.jsonl,58299,76c22d147ee95eddae23149d3944d78a99a1d269d29e011c45c34410c2cd7b3c,records=100
results/openvla_libero/depth_pruning1/libero_goal/summary.json,summary.json,6412,ea6572bce2f5c7f1aa442176161612c7fae2ff8a4a98623a57747cb5171bef2d,"status=completed,episodes=100"
results/openvla_libero/depth_pruning1/libero_object/episodes.jsonl,episodes.jsonl,58559,df8243dd0a33cf6b93f56e675a1b623d3687ac6078d0da8d44ef1de7a688e076,records=100
results/openvla_libero/depth_pruning1/libero_object/summary.json,summary.json,6495,9804b738833ec2a8190b0b72d5ff92d8f8e168822fd501ce690981602c13a42b,"status=completed,episodes=100"
results/openvla_libero/depth_pruning1/libero_spatial/episodes.jsonl,episodes.jsonl,58642,b1902e786c27d71b1075f909491aa3f3eeea601e687b009a00e1b3cf87984416,records=100
results/openvla_libero/depth_pruning1/libero_spatial/summary.json,summary.json,6527,5a2a87d3f38f5e8a48d11c2103f1b321c172157c9477dcab01ab78ec3465e8c1,"status=completed,episodes=100"
results/openvla_libero/depth_pruning2/libero_10/episodes.jsonl,episodes.jsonl,58191,5925b56541176ac7ffa39f249c39ae0901c4ede35f5e91aad9c3d2ac9f30420a,records=100
results/openvla_libero/depth_pruning2/libero_10/summary.json,summary.json,6338,962f5d47150c9f9f21c6ea8527063cfc5ba3c29fd681555675c01a344b16e1f7,"status=completed,episodes=100"
results/openvla_libero/depth_pruning2/libero_goal/episodes.jsonl,episodes.jsonl,58320,9981c13aec62b1caaa22f3bed3063a17711c74fec3c8e3acbdaa3b308fa14449,records=100
results/openvla_libero/depth_pruning2/libero_goal/summary.json,summary.json,6424,8026ea43b836407953732ba012ca56929e0a09f8ca0419f64b7e8d9aeb430417,"status=completed,episodes=100"
results/openvla_libero/depth_pruning2/libero_object/episodes.jsonl,episodes.jsonl,58569,d658c2a3ebe1d96359d82c6a8fdbcc3aab6eb7799173381957c7dc458ce8032c,records=100
results/openvla_libero/depth_pruning2/libero_object/summary.json,summary.json,6507,b8d2a4fd1350f901647186803509ebf68ec950be9aad64e980e7b94610307e87,"status=completed,episodes=100"
results/openvla_libero/depth_pruning2/libero_spatial/episodes.jsonl,episodes.jsonl,58667,8baef9bec3dc3ae35b8c02646d172b671f9bbec272a8f1c86dc10794ce390c54,records=100
results/openvla_libero/depth_pruning2/libero_spatial/summary.json,summary.json,6534,c33f86aab5f8965f10768d200826b19547b294ec8ab22d47cf5bf725e8cb037b,"status=completed,episodes=100"
results/openvla_libero/depth_pruning4/libero_10/episodes.jsonl,episodes.jsonl,58168,7613bbabe28d003363c6a151f7bec459074f0d39c1219fe121d47a1ac2b7665b,records=100
results/openvla_libero/depth_pruning4/libero_10/summary.json,summary.json,6360,462449777747ef057c5ea4c189cf342c95649aa2c4e0d46282d1fda734673b99,"status=completed,episodes=100"
results/openvla_libero/depth_pruning4/libero_goal/episodes.jsonl,episodes.jsonl,58339,d6fa8bd8cf847baa4e7a57999c4c77621079d58d90a1059f994d93c8df14220d,records=100
results/openvla_libero/depth_pruning4/libero_goal/summary.json,summary.json,6443,fc43e195f60e8487560d787c9ff474a9e49798ad5b7df784094fec42f8228c6f,"status=completed,episodes=100"
results/openvla_libero/depth_pruning4/libero_object/episodes.jsonl,episodes.jsonl,58614,68fc19c27872816af3b4d433c5a855d9990fa3d067c7db1326d01ec64727fc4d,records=100
results/openvla_libero/depth_pruning4/libero_object/summary.json,summary.json,6523,a722d3c07b91234992cc95c6c1b2f42921aeab8eb4ddb3cd9e65843276bbfadd,"status=completed,episodes=100"
results/openvla_libero/depth_pruning4/libero_spatial/episodes.jsonl,episodes.jsonl,58655,d878c84342b1c8bee5c875d85e3f41a4cc8d7e7e9e648ae2917a409e44e01214,records=100
results/openvla_libero/depth_pruning4/libero_spatial/summary.json,summary.json,6554,ded1af8162da69aaf7ec241cc958ef317f79a14734104327733aa9488f81321e,"status=completed,episodes=100"
results/openvla_libero/fixed_foveation_keep20/libero_10/episodes.jsonl,episodes.jsonl,59166,a5f72c3103a27819665b49352a55324f054384ec08dbba2309b534b52885da84,records=100
results/openvla_libero/fixed_foveation_keep20/libero_10/summary.json,summary.json,5469,c48a008f66c606d57dc5f401188edf90583cc0a436625ef580571982ab75670b,"status=completed,episodes=100"
results/openvla_libero/fixed_foveation_keep20/libero_goal/episodes.jsonl,episodes.jsonl,59349,042730b136ee98fc5cdcdfcf5ad14b78779f92635c9cb7d242b721c98e3f773b,records=100
results/openvla_libero/fixed_foveation_keep20/libero_goal/summary.json,summary.json,5552,b0cf8b302cc72bfa13ace2adf2f9c8e86b98dab3c5bbfee93ea4b9d61201c90f,"status=completed,episodes=100"
results/openvla_libero/fixed_foveation_keep20/libero_object/episodes.jsonl,episodes.jsonl,59603,e4e7c8cb0fc30ea706ad9fbe94d3f3053319eaaa06d635d71907a1f3cff04914,records=100
results/openvla_libero/fixed_foveation_keep20/libero_object/summary.json,summary.json,5623,e16a0aa40f0636bc9554cf7cc76db0a3ae9c746970f8f29f919e8018a6fd500a,"status=completed,episodes=100"
results/openvla_libero/fixed_foveation_keep20/libero_spatial/episodes.jsonl,episodes.jsonl,59666,0d6fe35a9b9497fed4a096a1642da1289bec3e24bb1e2d186b4c7a06738b7ad0,records=100
results/openvla_libero/fixed_foveation_keep20/libero_spatial/summary.json,summary.json,5662,b253e261479eede5fbfbf154ac941372273c80cd4710adb1b94589a8e85d341b,"status=completed,episodes=100"
results/openvla_libero/fixed_foveation_keep50/libero_10/episodes.jsonl,episodes.jsonl,59177,5eb24ca7dc831f48a79f68a9b3e1d1f95b18850a19108588ee7f4faff8df86d4,records=100
results/openvla_libero/fixed_foveation_keep50/libero_10/summary.json,summary.json,5472,eca38c9ae4e907a8fa637f114392b781bae569c81e9201029bd1959e074672c3,"status=completed,episodes=100"
results/openvla_libero/fixed_foveation_keep50/libero_goal/episodes.jsonl,episodes.jsonl,59316,10f30102dda32bfb47564d909b127420444661ad1b6d8cb3c25759f4bd609811,records=100
results/openvla_libero/fixed_foveation_keep50/libero_goal/summary.json,summary.json,5551,ee6c0426ffd45feac7ed6a52f1aa3c3fdb370e9555abc53947bce761d477b09c,"status=completed,episodes=100"
results/openvla_libero/fixed_foveation_keep50/libero_object/episodes.jsonl,episodes.jsonl,59593,0e7547a1bc5eec66935835c2934c26c80e7b585efaa04ef7987de9c377618ad4,records=100
results/openvla_libero/fixed_foveation_keep50/libero_object/summary.json,summary.json,5628,ae4da9014906cdc16b6b0e6ab5e1ae31c6977635fb19f74faa2ffae9fde87e0b,"status=completed,episodes=100"
results/openvla_libero/fixed_foveation_keep50/libero_spatial/episodes.jsonl,episodes.jsonl,59641,aa49b66d12e7f0acd21e6ac7a6fccca652cddd59b90bac1e09211696d21bf1d2,records=100
results/openvla_libero/fixed_foveation_keep50/libero_spatial/summary.json,summary.json,5663,19c37ce668396f2ca31ebd2a5945cf83001f23079c45edda8b025203a61be342,"status=completed,episodes=100"
results/openvla_libero/guarded_reuse_aggressive/libero_10/episodes.jsonl,episodes.jsonl,59974,dd91c30b9844167b4e055a6857377cbf692609e2be6e092877710e26e006863b,records=100
results/openvla_libero/guarded_reuse_aggressive/libero_10/summary.json,summary.json,5486,0ee92a38f4dc5e2e6ef75a8d75ffa6efa08edfd9812ee4c6763d34322ab1147a,"status=completed,episodes=100"
results/openvla_libero/guarded_reuse_aggressive/libero_goal/episodes.jsonl,episodes.jsonl,60037,47aaff9b4e5993d5216a65047a6f2d7298bf2a53f5df2e4c7365965d784f0574,records=100
results/openvla_libero/guarded_reuse_aggressive/libero_goal/summary.json,summary.json,5565,256bc22209aa5bd8c0811a77d14eb1ef476edc57249e102fa6a6d52800343dc8,"status=completed,episodes=100"
results/openvla_libero/guarded_reuse_aggressive/libero_object/episodes.jsonl,episodes.jsonl,60292,8157d8bbf4d0d13582722abf6f5b6583ea342e104bcfe5a98e4f7f317fcb6708,records=100
results/openvla_libero/guarded_reuse_aggressive/libero_object/summary.json,summary.json,5645,ea71ab4350f907c31a0cc5237271d2d2416c64f1878fd722c455f2a6cc46720b,"status=completed,episodes=100"
results/openvla_libero/guarded_reuse_aggressive/libero_spatial/episodes.jsonl,episodes.jsonl,60394,87fb3c8c089a4718ad195dd8f6908ab927a12404f40975fa5d994d0f2d2ddb63,records=100
results/openvla_libero/guarded_reuse_aggressive/libero_spatial/summary.json,summary.json,5679,465d57051892345e1cc5bf00008f61daf564a8d37a98a4787144130cfa15b5ab,"status=completed,episodes=100"
results/openvla_libero/guarded_reuse_moderate/libero_10/episodes.jsonl,episodes.jsonl,59738,bb66efbf93fa13d20d8b6764a4ff446f21039b931cd00db2c0f5201fe1d8475b,records=100
results/openvla_libero/guarded_reuse_moderate/libero_10/summary.json,summary.json,5488,986712cc3bcef5892ecd85200bb7a2d24ef0f2752bf08ef607b48f797b7833c1,"status=completed,episodes=100"
results/openvla_libero/guarded_reuse_moderate/libero_goal/episodes.jsonl,episodes.jsonl,59823,0846533fdd0c9b6416209903564d58a65240623732b925cedad71674e81deee1,records=100
results/openvla_libero/guarded_reuse_moderate/libero_goal/summary.json,summary.json,5561,56c1d776fc57aac7dd234e74b8486c31adee887baa06a5fad9e3b772b626ea15,"status=completed,episodes=100"
results/openvla_libero/guarded_reuse_moderate/libero_object/episodes.jsonl,episodes.jsonl,60069,6ec1169c0ba60f26be7c8c48089879bd7aaa17c1c4f0a411e4f7e1c29046a933,records=100
results/openvla_libero/guarded_reuse_moderate/libero_object/summary.json,summary.json,5636,9b42e06916039b24c7c400d34e2bc8aa249bcb7d03a9815f2d4b8f02a6fc5cd9,"status=completed,episodes=100"
results/openvla_libero/guarded_reuse_moderate/libero_spatial/episodes.jsonl,episodes.jsonl,60157,8f97606574809e9522fc8af651028e57518c085ba649011b0d67dfa212cbc2ff,records=100
results/openvla_libero/guarded_reuse_moderate/libero_spatial/summary.json,summary.json,5671,69083a3a9131209412c7d65dae17c3447a6ad2006d34b381e4943c6912a7803e,"status=completed,episodes=100"
results/openvla_libero/guarded_reuse_strict/libero_10/episodes.jsonl,episodes.jsonl,59484,2869b87188079d234ec61e550e0c774e1245f7aacfd129320c266420e87e3ab7,records=100
results/openvla_libero/guarded_reuse_strict/libero_10/summary.json,summary.json,5471,9300dbd6d93f1fff1538fda41c529ec492dfe57020fa154f29b7951922b54514,"status=completed,episodes=100"
results/openvla_libero/guarded_reuse_strict/libero_goal/episodes.jsonl,episodes.jsonl,59615,efa6086c9b8400d92d1aa6c24c34f09fa566a76f09824cf0b28267451413fbb2,records=100
results/openvla_libero/guarded_reuse_strict/libero_goal/summary.json,summary.json,5554,cf00d18a10b36926dd20c34cc8824c221843e44164a8dbba9950d54a89f77644,"status=completed,episodes=100"
results/openvla_libero/guarded_reuse_strict/libero_object/episodes.jsonl,episodes.jsonl,59868,fc9cbf3085d2e365e4c217fed3a2793bef20f6db2a6e1e5ea73eef95b160047c,records=100
results/openvla_libero/guarded_reuse_strict/libero_object/summary.json,summary.json,5636,b4148131633006cc5bea0d52b7feb57d531fff52423130d52b40b35436180e65,"status=completed,episodes=100"
results/openvla_libero/guarded_reuse_strict/libero_spatial/episodes.jsonl,episodes.jsonl,59917,11ab5a8140e7f168fc8543492b90b8201892cb46cd9a249f078c986bb59c6cb9,records=100
results/openvla_libero/guarded_reuse_strict/libero_spatial/summary.json,summary.json,5667,aca259d22d00eba4830d62669ae32c66b61da55091f3508d201dacb611b02813,"status=completed,episodes=100"
results/openvla_libero/original/libero_10/episodes.jsonl,episodes.jsonl,57043,cb11c7005be7a0ac2310ee5fad20448d3e0350720ecf821ea5d9562e3b66d452,records=100
results/openvla_libero/original/libero_10/summary.json,summary.json,5414,dfaff682e1cff9b90f77e00a44919cbe6ba6ea3a52ab85a21058eca5b0aca09b,"status=completed,episodes=100"
results/openvla_libero/original/libero_goal/episodes.jsonl,episodes.jsonl,57203,1552220331a38d19db7c192cde7ccaec7e06a0ea560b2709011a3c54bacce890,records=100
results/openvla_libero/original/libero_goal/summary.json,summary.json,5494,c557cfb643f5035dab1125dbdd5446f1fd8e5364032e606cbc4289451f605700,"status=completed,episodes=100"
results/openvla_libero/original/libero_object/episodes.jsonl,episodes.jsonl,57488,e03be7a839be18bacf7770b9d022f2567369a8a85783a6d85d67e3705514e5e5,records=100
results/openvla_libero/original/libero_object/summary.json,summary.json,5575,225734dc70dc473b7285684a9ccc4ec642887dc0e3bc55239a254f709d364d7f,"status=completed,episodes=100"
results/openvla_libero/original/libero_spatial/episodes.jsonl,episodes.jsonl,57532,77a1bdfa68c79f981be0af4f92f343fa93bf8b6a206dcaaf71676e3e81c4dca3,records=100
results/openvla_libero/original/libero_spatial/summary.json,summary.json,5610,ea5478ab3c4244e83bc9009c6c5ed7659f4e4fbce71574b6c268a76a00fa2be7,"status=completed,episodes=100"
results/openvla_libero/temporal_fusion_conservative_adaptive/libero_goal/episodes.jsonl,episodes.jsonl,60800,26b542f851caf7c708f697933feb06b5fcbe99ba990eb58a7c4edd17ba8839e8,records=100
results/openvla_libero/temporal_fusion_conservative_adaptive/libero_goal/summary.json,summary.json,5599,3359ab8e86390cceb2b7c0b4d7f262a0a9606c902a862f2ab0fcb45e37833072,"status=completed,episodes=100"
results/openvla_libero/temporal_fusion_conservative_adaptive/libero_object/episodes.jsonl,episodes.jsonl,61049,3910c0ce8cf883d55c27c2f532d4f9901f77483dfe1f1523cb155afd94ecabad,records=100
results/openvla_libero/temporal_fusion_conservative_adaptive/libero_object/summary.json,summary.json,5681,328c9c0daf8359c81b08aacc57b3c0bd3db40ee2d769e52ae57c8acd0e3db3f9,"status=completed,episodes=100"
results/openvla_libero/temporal_fusion_conservative_adaptive/libero_spatial/episodes.jsonl,episodes.jsonl,61149,850a7de25b568c3cad5c7e595114b3ee37b27f3b72e6753f3030a77969eb15f8,records=100
results/openvla_libero/temporal_fusion_conservative_adaptive/libero_spatial/summary.json,summary.json,5716,6e074143a5303cb08ba2d4e99ad5da5638aa229e2031c08182d182cfd4aca960,"status=completed,episodes=100"
results/openvla_libero/temporal_fusion_motion_entropy/libero_10/episodes.jsonl,episodes.jsonl,59958,da66621c339631fedb030c0d09562ad6af9c14f5aa6445d98041cdcdb6abbf86,records=100
results/openvla_libero/temporal_fusion_motion_entropy/libero_10/summary.json,summary.json,5503,387ced4bf31a7df3fa414b7696418c0e61cfcbd362b0b424f8a056199eecbd16,"status=completed,episodes=100"
results/openvla_libero/temporal_fusion_motion_entropy/libero_goal/episodes.jsonl,episodes.jsonl,60099,ff30a2c19196a0978d92aa0ab4c8736fc3666aae08f516dd44f47b8ed650e86b,records=100
results/openvla_libero/temporal_fusion_motion_entropy/libero_goal/summary.json,summary.json,5575,dd654096f3c90cb59f257bbdc3c52a83e15bcf3cdbe2dcfd67cfb123faaa14a1,"status=completed,episodes=100"
results/openvla_libero/temporal_fusion_motion_entropy/libero_object/episodes.jsonl,episodes.jsonl,60365,2b9aced917c3a707ceb499723566740308f294175566daddcd42d8f80a355387,records=100
results/openvla_libero/temporal_fusion_motion_entropy/libero_object/summary.json,summary.json,5653,9d33576a26ead2e333322aad3caa724d6426b4f605317655834dd8bf1f58c1ae,"status=completed,episodes=100"
results/openvla_libero/temporal_fusion_motion_entropy/libero_spatial/episodes.jsonl,episodes.jsonl,60434,60ca383c7bd6741b4a571d920675e1d3411855427d175e819754efbd2e9b026b,records=100
results/openvla_libero/temporal_fusion_motion_entropy/libero_spatial/summary.json,summary.json,5691,6ea05e5ab2477420a35879be1c13c16d2f4e43266b24928d68862588d822d06c,"status=completed,episodes=100"
results/openvla_libero/temporal_fusion_task_aware/libero_10/episodes.jsonl,episodes.jsonl,59555,89270d57ef5dcfa5fa063aae69f11aff0046af8204412595642835a082a95e89,records=100
results/openvla_libero/temporal_fusion_task_aware/libero_10/summary.json,summary.json,5483,b734e383954cc3d4a8da9fb53d7a9520a9212c15efb6f1764af6024cb6ae624d,"status=completed,episodes=100"
results/openvla_libero/temporal_fusion_task_aware/libero_goal/episodes.jsonl,episodes.jsonl,59695,239b22bc336bf6d6d9c39e9470f66951250275f20df60b30ba72f7466662b861,records=100
results/openvla_libero/temporal_fusion_task_aware/libero_goal/summary.json,summary.json,5561,e5b6c65ff61d6d8f88d52d6c2d5e9b870078e1980d8a2bb00b68cb7e7978edc4,"status=completed,episodes=100"
results/openvla_libero/temporal_fusion_task_aware/libero_object/episodes.jsonl,episodes.jsonl,59962,c4dfca9e6827265a005baa75f273ff3c3fc5c711617f555f592d6adc618a28fd,records=100
results/openvla_libero/temporal_fusion_task_aware/libero_object/summary.json,summary.json,5643,3cfc40f45b0a9eb1c1f8d7dc2f4105b3f4711bb9f37740ba97fbf49c3c5a506c,"status=completed,episodes=100"
results/openvla_libero/temporal_fusion_task_aware/libero_spatial/episodes.jsonl,episodes.jsonl,60037,9ef2c658fa11173af4ea0262621329559e87bbfc9f95415976f79060c79cff81,records=100
results/openvla_libero/temporal_fusion_task_aware/libero_spatial/summary.json,summary.json,5678,4ac91fe1a4d0926614623b1fad5dcdb5e3dc548b78bef2c959bc46b21fd7dd87,"status=completed,episodes=100"
results/openvla_simplerenv/action_repeat2/widowx_carrot_on_plate/episodes.jsonl,episodes.jsonl,29402,9fa98701c4e535eb0c61c0b13651aca0adca244c4084076b6c4cc44187c4fdb0,records=50
results/openvla_simplerenv/action_repeat2/widowx_carrot_on_plate/summary.json,summary.json,2892,885fd1a8cd72ab10447fd3f41ad8e70740617e7cba94eaf4b87058af0fc80e1e,"status=completed,episodes=50"
results/openvla_simplerenv/action_repeat2/widowx_put_eggplant_in_basket/episodes.jsonl,episodes.jsonl,29820,66c8e368205c529ace903a1663d57f55e1f541d968dbbbfa7adefa28b4fe17d3,records=50
results/openvla_simplerenv/action_repeat2/widowx_put_eggplant_in_basket/summary.json,summary.json,2933,491c2e2afeb43e8197c0d58d51518d1dfe05fe42b0aa41bb3a81c12192b5b666,"status=completed,episodes=50"
results/openvla_simplerenv/action_repeat2/widowx_spoon_on_towel/episodes.jsonl,episodes.jsonl,29348,6782bdcbc0e6031106004adc4fc32229c709c037b062b094fa7cb2b5db24625a,records=50
results/openvla_simplerenv/action_repeat2/widowx_spoon_on_towel/summary.json,summary.json,2898,6ebdd28c9784f19f3b7df6f501f87970a390ff6f862c42d217042773fe40d0c1,"status=completed,episodes=50"
results/openvla_simplerenv/action_repeat2/widowx_stack_cube/episodes.jsonl,episodes.jsonl,29180,f726fd177557b21a4c309e453fd22816c075f27293f65feef76b988aa08c1644,records=50
results/openvla_simplerenv/action_repeat2/widowx_stack_cube/summary.json,summary.json,2879,e406a0a3fe0676ec177eb06eada0d27a1e5353d6e0d7993e6cf6598a167bbc8c,"status=completed,episodes=50"
results/openvla_simplerenv/action_repeat4/widowx_carrot_on_plate/episodes.jsonl,episodes.jsonl,29419,7f2bc13078186edbc780779900414da1effa8536014d6489ae5c3ba8c43395ba,records=50
results/openvla_simplerenv/action_repeat4/widowx_carrot_on_plate/summary.json,summary.json,2902,f5df4e351bdd5137692cc67fcec44d268d2a91cac2dc47693833769b279e6b2a,"status=completed,episodes=50"
results/openvla_simplerenv/action_repeat4/widowx_put_eggplant_in_basket/episodes.jsonl,episodes.jsonl,29861,ef5ace5cb46fe9dad4db856cfe56d29938b6b6637457de11503f558d3a2ad718,records=50
results/openvla_simplerenv/action_repeat4/widowx_put_eggplant_in_basket/summary.json,summary.json,2925,2822c016854edc3f41d5c268022d93cacea3610ff4ade94a119d0468252e4a17,"status=completed,episodes=50"
results/openvla_simplerenv/action_repeat4/widowx_spoon_on_towel/episodes.jsonl,episodes.jsonl,29389,b4e1c6022412432826a514d4ed9850bcfe978fa14d083aff90aae662cd12d582,records=50
results/openvla_simplerenv/action_repeat4/widowx_spoon_on_towel/summary.json,summary.json,2896,727af3a3cc03a195657e435d1cbd9dc917a785513a29aca93b698b2514e5ed41,"status=completed,episodes=50"
results/openvla_simplerenv/action_repeat4/widowx_stack_cube/episodes.jsonl,episodes.jsonl,29179,20f363c465ec9e2a45a68d48c5f7252a28add39887fd46d1b47c3054def08495,records=50
results/openvla_simplerenv/action_repeat4/widowx_stack_cube/summary.json,summary.json,2881,0bd1434db2f96ea46ebeda3d661a7b11adb94edacafdaedb73f840278ed2501e,"status=completed,episodes=50"
results/openvla_simplerenv/depth_pruning1/widowx_carrot_on_plate/episodes.jsonl,episodes.jsonl,29470,e98fab042023533ccf2d9502dde86da0d8609ddb7b9b1aabb35dabec367092c2,records=50
results/openvla_simplerenv/depth_pruning1/widowx_carrot_on_plate/summary.json,summary.json,3801,43cd54104409f9b4d5c94f2b190cb1cded83bd1b726d477cd52ff4c6b32e7213,"status=completed,episodes=50"
results/openvla_simplerenv/depth_pruning1/widowx_put_eggplant_in_basket/episodes.jsonl,episodes.jsonl,29841,4dde3ae2ddccfa600f3535f439b06c715697c1722bc6b226d1c4d299b379a60d,records=50
results/openvla_simplerenv/depth_pruning1/widowx_put_eggplant_in_basket/summary.json,summary.json,3832,ddbd0f4976290ccf7cf2d8cc07710f13a47500cb56185db58b280a37abc7c578,"status=completed,episodes=50"
results/openvla_simplerenv/depth_pruning1/widowx_spoon_on_towel/episodes.jsonl,episodes.jsonl,29386,b9bf1ecdd558d4136dfdd2986a3795775a266b3bb0a2220c6ed25aa04d25afe7,records=50
results/openvla_simplerenv/depth_pruning1/widowx_spoon_on_towel/summary.json,summary.json,3796,7261b92c6b4e4dbad5bed5c10a910ceb2586c85153fa45a50f36e3d1267943f6,"status=completed,episodes=50"
results/openvla_simplerenv/depth_pruning1/widowx_stack_cube/episodes.jsonl,episodes.jsonl,29224,36232c691606632ba57217026819b71e293e18eceffbe92bed91857e204e458e,records=50
results/openvla_simplerenv/depth_pruning1/widowx_stack_cube/summary.json,summary.json,3779,86b63bf9fec6a45e5aed951775dd87c97376faef840354f2d90ffb51e6d10538,"status=completed,episodes=50"
results/openvla_simplerenv/depth_pruning2/widowx_carrot_on_plate/episodes.jsonl,episodes.jsonl,29468,fd2514548cf1b0c5d107bbd1f7a8a3778c2568a1bf93441ab1dddc46defad832,records=50
results/openvla_simplerenv/depth_pruning2/widowx_carrot_on_plate/summary.json,summary.json,3810,29e7a8f4a9a8e642c6564a04c7092dc63c810e0566bca25f2ddce181304adac2,"status=completed,episodes=50"
results/openvla_simplerenv/depth_pruning2/widowx_put_eggplant_in_basket/episodes.jsonl,episodes.jsonl,29841,172b6dc2e8080245b3c3cc14ea5d100e28649d596b51c3f91d99b0d04691f29b,records=50
results/openvla_simplerenv/depth_pruning2/widowx_put_eggplant_in_basket/summary.json,summary.json,3839,0c5cda6d07c2fc2f432cb3a7ddf2deebd2f3d771a3afb4de0fcf1cf6563d3a3e,"status=completed,episodes=50"
results/openvla_simplerenv/depth_pruning2/widowx_spoon_on_towel/episodes.jsonl,episodes.jsonl,29413,aaca3ad92f157820fbf5ad5957f2f2c709096b9e96f41f5c84938c5febb34246,records=50
results/openvla_simplerenv/depth_pruning2/widowx_spoon_on_towel/summary.json,summary.json,3808,7c328a11641e36fefddcd1e406b44596b13006dc2743a9b4619df6579b6b3f71,"status=completed,episodes=50"
results/openvla_simplerenv/depth_pruning2/widowx_stack_cube/episodes.jsonl,episodes.jsonl,29226,aa85331c7f75a5b253ded504fabe522febae0325adca9b19ad890d9414e13900,records=50
results/openvla_simplerenv/depth_pruning2/widowx_stack_cube/summary.json,summary.json,3786,30389b257366c9817f16adf7534ec36871d875bcc1cfd8fabe7aad6edc79eb30,"status=completed,episodes=50"
results/openvla_simplerenv/depth_pruning4/widowx_carrot_on_plate/episodes.jsonl,episodes.jsonl,29486,bdc663dc737bd87770bb459e9dcb0d718d2fd98196098df231571e45dff09ff8,records=50
results/openvla_simplerenv/depth_pruning4/widowx_carrot_on_plate/summary.json,summary.json,3834,0365785b3295482e4ebc5a29ab14078721ea735a6c117d99580f5950bedb2eed,"status=completed,episodes=50"
results/openvla_simplerenv/depth_pruning4/widowx_put_eggplant_in_basket/episodes.jsonl,episodes.jsonl,29825,0ce3e969acdc5fcc16fa9f6e076c6f4011ebfc2430ad0a08357480915d7d0df7,records=50
results/openvla_simplerenv/depth_pruning4/widowx_put_eggplant_in_basket/summary.json,summary.json,3858,161a87d26ebe9e0c54f2ca2b71f52fe0e9bac2a55dbfa554c5226fc67543c930,"status=completed,episodes=50"
results/openvla_simplerenv/depth_pruning4/widowx_spoon_on_towel/episodes.jsonl,episodes.jsonl,29446,4f6995935153b56513eb75d4bf50ac93e0057deb625adf264358425e8842869b,records=50
results/openvla_simplerenv/depth_pruning4/widowx_spoon_on_towel/summary.json,summary.json,3824,dbb91a0308c9510be6cb7fdccdfdfd1efff759008c1f6587386868ff49865055,"status=completed,episodes=50"
results/openvla_simplerenv/depth_pruning4/widowx_stack_cube/episodes.jsonl,episodes.jsonl,29227,9fa68576b45f0467d52f7e75d3ab897f08c0939fb9d3a59900d02be9e08f6be1,records=50
results/openvla_simplerenv/depth_pruning4/widowx_stack_cube/summary.json,summary.json,3811,60f0a32bc0db7a7a2e8877d3114f88d5c0f59a404218f54a944c3b421d9efc29,"status=completed,episodes=50"
results/openvla_simplerenv/fixed_foveation_keep20/widowx_carrot_on_plate/episodes.jsonl,episodes.jsonl,29976,bb688af825fb224a763b4659500cf10a7004524a8c85c69b4595803ea68a3e1f,records=50
results/openvla_simplerenv/fixed_foveation_keep20/widowx_carrot_on_plate/summary.json,summary.json,2934,c77d0dc889ba070ea1baf93f8521d18249a14b34a87e3e93aa925e5325385678,"status=completed,episodes=50"
results/openvla_simplerenv/fixed_foveation_keep20/widowx_put_eggplant_in_basket/episodes.jsonl,episodes.jsonl,30390,32ed44dc0984dfb7ebd54021f6a7c31f119a54f757233f09a1489f450ae2ae9f,records=50
results/openvla_simplerenv/fixed_foveation_keep20/widowx_put_eggplant_in_basket/summary.json,summary.json,2963,06a90d1edd1376c6b4022e4028e376d30cd5c372b15e5b55d684d6e732380045,"status=completed,episodes=50"
results/openvla_simplerenv/fixed_foveation_keep20/widowx_spoon_on_towel/episodes.jsonl,episodes.jsonl,29913,54fda82fb7156ac666ef4886c79b6137adbf9d0ccd885b0fea7c91a074df4efe,records=50
results/openvla_simplerenv/fixed_foveation_keep20/widowx_spoon_on_towel/summary.json,summary.json,2925,430e9a3f82d4afa1ef94437e7314dab3372a9c49638142df07ccef743e28d766,"status=completed,episodes=50"
results/openvla_simplerenv/fixed_foveation_keep20/widowx_stack_cube/episodes.jsonl,episodes.jsonl,29745,a1f4b8a209beef2c075c45a4c16a48a503cddad0fb52848a7da3b7b5503771e2,records=50
results/openvla_simplerenv/fixed_foveation_keep20/widowx_stack_cube/summary.json,summary.json,2905,2503925d2c056db346386b6e66ed9ccb7f153b5edf59b940ba24d21bcf522738,"status=completed,episodes=50"
results/openvla_simplerenv/fixed_foveation_keep50/widowx_carrot_on_plate/episodes.jsonl,episodes.jsonl,29964,9b73cb86e4b5f425200a3cc727d603e444537450fc74959ae4fde450ef43cda9,records=50
results/openvla_simplerenv/fixed_foveation_keep50/widowx_carrot_on_plate/summary.json,summary.json,2932,10072e20edebbc7b52c84333c6a2374fcf53dde41dd071e4cdc1c7f30ad9fe05,"status=completed,episodes=50"
results/openvla_simplerenv/fixed_foveation_keep50/widowx_put_eggplant_in_basket/episodes.jsonl,episodes.jsonl,30387,05421e892f77da56f4f5c7482cbe673f2f431564fceeb98cef7dc59c944d1f05,records=50
results/openvla_simplerenv/fixed_foveation_keep50/widowx_put_eggplant_in_basket/summary.json,summary.json,2962,07d1a5e9acd4a9ef1601808269b61e64b83668eb84ca37968b0c1381d5ac2ab0,"status=completed,episodes=50"
results/openvla_simplerenv/fixed_foveation_keep50/widowx_spoon_on_towel/episodes.jsonl,episodes.jsonl,29901,55d839fcc3a66d583d3eecf03a1542534392836bfe50dc2aa89961b08aabee08,records=50
results/openvla_simplerenv/fixed_foveation_keep50/widowx_spoon_on_towel/summary.json,summary.json,2921,73f975f7c46acbfa3ce6110d30a83a7545d4a03cd53bef308a6ae227f635893e,"status=completed,episodes=50"
results/openvla_simplerenv/fixed_foveation_keep50/widowx_stack_cube/episodes.jsonl,episodes.jsonl,29739,6421c83462493c165df1df262314b922a49459b72c04fe30649b96aca0de1782,records=50
results/openvla_simplerenv/fixed_foveation_keep50/widowx_stack_cube/summary.json,summary.json,2906,5f0a53a6673300d3df9d9e61117ce6a8a619c834d164958eb41cc2fcd18fb9b0,"status=completed,episodes=50"
results/openvla_simplerenv/guarded_reuse_aggressive/widowx_carrot_on_plate/episodes.jsonl,episodes.jsonl,30341,8e1cc5236e7cb7f00fb5ecefd64169ef3a59df926c17c481f54a38f201578352,records=50
results/openvla_simplerenv/guarded_reuse_aggressive/widowx_carrot_on_plate/summary.json,summary.json,2946,0fc3eedfea72f1636108492b541fda83f50a389a5b89b95651a5dc10f9aef895,"status=completed,episodes=50"
results/openvla_simplerenv/guarded_reuse_aggressive/widowx_put_eggplant_in_basket/episodes.jsonl,episodes.jsonl,30708,eab1afc23662fcb32a8b9b85866c96768246d9137cb2983ceba3120c4ba5fcc6,records=50
results/openvla_simplerenv/guarded_reuse_aggressive/widowx_put_eggplant_in_basket/summary.json,summary.json,2973,ec736f390324ccbe82cd8fed878030b6ba2f0955613bd345fc4c9efa23d5dfa2,"status=completed,episodes=50"
results/openvla_simplerenv/guarded_reuse_aggressive/widowx_spoon_on_towel/episodes.jsonl,episodes.jsonl,30243,01a6615370e9f01778b88f7b49f8881b1aec10c443568919e2e17b7e26ac823e,records=50
results/openvla_simplerenv/guarded_reuse_aggressive/widowx_spoon_on_towel/summary.json,summary.json,2943,3be8dcad0ebacafd187ae0178bc52d31600c0a8785989cf206822c1a69b4a5da,"status=completed,episodes=50"
results/openvla_simplerenv/guarded_reuse_aggressive/widowx_stack_cube/episodes.jsonl,episodes.jsonl,30093,79fdafe978a1da230c2b6fa3f6c5191714880e214e72c97119347ce6554f55b1,records=50
results/openvla_simplerenv/guarded_reuse_aggressive/widowx_stack_cube/summary.json,summary.json,2924,efbba38c71529af348b32cb80a3a50a3a15676e9c6f07f57d71631c7bec57916,"status=completed,episodes=50"
results/openvla_simplerenv/guarded_reuse_moderate/widowx_carrot_on_plate/episodes.jsonl,episodes.jsonl,30224,25400ec96f0643a277c00c049a606f20bf8fd1f99eaceab400bb9465f1d124b4,records=50
results/openvla_simplerenv/guarded_reuse_moderate/widowx_carrot_on_plate/summary.json,summary.json,2938,d72773c8844d322e31f819c793a24723ce5a4d1cf959b25539cce6f638dfec27,"status=completed,episodes=50"
results/openvla_simplerenv/guarded_reuse_moderate/widowx_put_eggplant_in_basket/episodes.jsonl,episodes.jsonl,30575,1cc720b92abc7d2ed663b5e156aec44da5b445fb28652ad6b4efcb27702744aa,records=50
results/openvla_simplerenv/guarded_reuse_moderate/widowx_put_eggplant_in_basket/summary.json,summary.json,2967,6e4f02a03b8a5910e04437146f8fef31aa04cfb513458eef45b69dbca677f277,"status=completed,episodes=50"
results/openvla_simplerenv/guarded_reuse_moderate/widowx_spoon_on_towel/episodes.jsonl,episodes.jsonl,30156,c48bb933df05d17da20e0abef4b6a47fb78dfa42026c62de969a32a1c3adffe8,records=50
results/openvla_simplerenv/guarded_reuse_moderate/widowx_spoon_on_towel/summary.json,summary.json,2935,c8aff3ad0c50c8e7f8d41c27f0cbddedd9ec60f65b0f9c9ab5958c2cec8b314d,"status=completed,episodes=50"
results/openvla_simplerenv/guarded_reuse_moderate/widowx_stack_cube/episodes.jsonl,episodes.jsonl,29969,491255cdb7942cb6a18af36251dc2353746ca22d6edcccf6caeb4f4a9cd13ad7,records=50
results/openvla_simplerenv/guarded_reuse_moderate/widowx_stack_cube/summary.json,summary.json,2921,11f3b3697fec105d725b1b10dcb7f0f5ed2e7d3afc6f660815739264491ae6cd,"status=completed,episodes=50"
results/openvla_simplerenv/guarded_reuse_strict/widowx_carrot_on_plate/episodes.jsonl,episodes.jsonl,30145,ba46eccbf6c6a18096cfe10c4cb66d6be4477ba7bbdad3a8952766ab691a188f,records=50
results/openvla_simplerenv/guarded_reuse_strict/widowx_carrot_on_plate/summary.json,summary.json,2933,5459b8d9981ec12839327f8fb0e96c1e522d89c293e34a04d5be9fca8f2350c5,"status=completed,episodes=50"
results/openvla_simplerenv/guarded_reuse_strict/widowx_put_eggplant_in_basket/episodes.jsonl,episodes.jsonl,30481,4c71bb725416ff93bd396eb1db773516ae131e507a69c914d6d4417b2a65bfb5,records=50
results/openvla_simplerenv/guarded_reuse_strict/widowx_put_eggplant_in_basket/summary.json,summary.json,2966,96780ca8ffca9a4fa2ca794883145429cc31e607973b591ce639d2c54cffdfef,"status=completed,episodes=50"
results/openvla_simplerenv/guarded_reuse_strict/widowx_spoon_on_towel/episodes.jsonl,episodes.jsonl,30082,627f491af65e772c83c27bc3bf37220830d21b2997ba63e0b8e330f5f7f467f6,records=50
results/openvla_simplerenv/guarded_reuse_strict/widowx_spoon_on_towel/summary.json,summary.json,2931,c39673436125e1c924467be2e4729e1418530545c4c0303949f55cbe102a59e4,"status=completed,episodes=50"
results/openvla_simplerenv/guarded_reuse_strict/widowx_stack_cube/episodes.jsonl,episodes.jsonl,29870,9e74441e69082fab865bbb6f4beb2ef604d0cb53ded83df410c2dc6111d68c2f,records=50
results/openvla_simplerenv/guarded_reuse_strict/widowx_stack_cube/summary.json,summary.json,2914,7c76dfc7eb6727d004ae888101172f90b147f6f3cb1743e8ea2ab14af1cd6999,"status=completed,episodes=50"
results/openvla_simplerenv/original/widowx_carrot_on_plate/episodes.jsonl,episodes.jsonl,28918,dbb8b7df7f5923333422a961db1c422a1dddaba0999e2fde9dcc0dd352ad674d,records=50
results/openvla_simplerenv/original/widowx_carrot_on_plate/summary.json,summary.json,2875,a529f3c1cac45f5341a06dd3e4c13430c9972f682e524fd5a29b22304c8ba7f9,"status=completed,episodes=50"
results/openvla_simplerenv/original/widowx_put_eggplant_in_basket/episodes.jsonl,episodes.jsonl,29281,c958ab323d872dd4b0bdf8381b9b1e0b132e3d2b86aa346866c632dd3e5ca01f,records=50
results/openvla_simplerenv/original/widowx_put_eggplant_in_basket/summary.json,summary.json,2895,1391024c57f38b7abb590921c32969494c88acd490d09db9fb725c64d53c8cdf,"status=completed,episodes=50"
results/openvla_simplerenv/original/widowx_spoon_on_towel/episodes.jsonl,episodes.jsonl,28850,b5bf4daf98dad710f00a3c84c223976b4ae6e2e9d2eba60d63189e43578baf3f,records=50
results/openvla_simplerenv/original/widowx_spoon_on_towel/summary.json,summary.json,2870,abfaf42f6339745799a591e9a5bf5702af36e0da9d10683cad17df3960b2af38,"status=completed,episodes=50"
results/openvla_simplerenv/original/widowx_stack_cube/episodes.jsonl,episodes.jsonl,28668,c77af3a82ca843039ab43e16683b5e3969b7e6f0c9d2f49f95fd15b0c3119cf3,records=50
results/openvla_simplerenv/original/widowx_stack_cube/summary.json,summary.json,2851,072fede50f5aaae9c4984dc99ac8579efb9c9d9e65b725c9ae9d483b72e22d03,"status=completed,episodes=50"
results/openvla_simplerenv/temporal_fusion_conservative_adaptive/widowx_carrot_on_plate/episodes.jsonl,episodes.jsonl,30735,45e84d2541ad7d797ceb75888793af7575e962a410e62ab5578a4ee08ad5ea15,records=50
results/openvla_simplerenv/temporal_fusion_conservative_adaptive/widowx_carrot_on_plate/summary.json,summary.json,2983,542bac8a352a127175a33e438a6bf87b2ad4c529d1dd1ef5af7ea0d499cbadc6,"status=completed,episodes=50"
results/openvla_simplerenv/temporal_fusion_conservative_adaptive/widowx_put_eggplant_in_basket/episodes.jsonl,episodes.jsonl,31067,a5a17a4d9e900f239e4e3e320c7fce7f45d5d49130bbc6e98b9913ee4bb0dfc2,records=50
results/openvla_simplerenv/temporal_fusion_conservative_adaptive/widowx_put_eggplant_in_basket/summary.json,summary.json,3005,a379eb7c8111c3920fd753d9a6dbed80a50c15e3c56ef4cfeb56b7193ac28f1d,"status=completed,episodes=50"
results/openvla_simplerenv/temporal_fusion_conservative_adaptive/widowx_spoon_on_towel/episodes.jsonl,episodes.jsonl,30666,5f64b8a541d6f894f142b377379727fd3e94a107b46608541d0c677259ae4130,records=50
results/openvla_simplerenv/temporal_fusion_conservative_adaptive/widowx_spoon_on_towel/summary.json,summary.json,2972,5e1ac90fd6ede7f92adbf36ce955ac68f38a36c79b2c7ed12fbad348840dd3c3,"status=completed,episodes=50"
results/openvla_simplerenv/temporal_fusion_conservative_adaptive/widowx_stack_cube/episodes.jsonl,episodes.jsonl,30475,4bfcdde28dd1be4fef47c6acb16b632db3df23cb6d6a5dedf2b5237e178e0222,records=50
results/openvla_simplerenv/temporal_fusion_conservative_adaptive/widowx_stack_cube/summary.json,summary.json,2962,28c1a3a00718664573949b4e966ed38fec09427eedfa947f69f9afd282dd6fbe,"status=completed,episodes=50"
results/openvla_simplerenv/temporal_fusion_motion_entropy/widowx_carrot_on_plate/episodes.jsonl,episodes.jsonl,30376,bad72e5f81db16126b1fd348755361b704fff999050787d0c67413a98b2e83db,records=50
results/openvla_simplerenv/temporal_fusion_motion_entropy/widowx_carrot_on_plate/summary.json,summary.json,2960,28e1708db629f732ecd64129b1b2dfb2426836fe10bf9d60a2ebc1039fbe79ac,"status=completed,episodes=50"
results/openvla_simplerenv/temporal_fusion_motion_entropy/widowx_put_eggplant_in_basket/episodes.jsonl,episodes.jsonl,30720,71765badfc512397adeb95ca91f2de8668b4befd1e6a3ae27287e9695b1257b1,records=50
results/openvla_simplerenv/temporal_fusion_motion_entropy/widowx_put_eggplant_in_basket/summary.json,summary.json,2983,1ef32fddbfa038287a03db66c423ec898e2cad95eb8114e28eff5e1444f02dfc,"status=completed,episodes=50"
results/openvla_simplerenv/temporal_fusion_motion_entropy/widowx_spoon_on_towel/episodes.jsonl,episodes.jsonl,30321,235e9ae4415c9006ad48e8de158d14433ca2e57e1275183ab850b448a27e73f8,records=50
results/openvla_simplerenv/temporal_fusion_motion_entropy/widowx_spoon_on_towel/summary.json,summary.json,2947,39457d0d63dc0c50a109448d3b81dd0696fa881bf6d263fe7dabeb7abef1bf98,"status=completed,episodes=50"
results/openvla_simplerenv/temporal_fusion_motion_entropy/widowx_stack_cube/episodes.jsonl,episodes.jsonl,30144,950de7fcf6fa827c18e8b7927c4d3e300a144b496069fc175c508519b8631603,records=50
results/openvla_simplerenv/temporal_fusion_motion_entropy/widowx_stack_cube/summary.json,summary.json,2938,4c934057794c0bf3ca71a712fd51e03785b2d273359bdcf69f985fee96559a8b,"status=completed,episodes=50"
results/openvla_simplerenv/temporal_fusion_task_aware/widowx_carrot_on_plate/episodes.jsonl,episodes.jsonl,30163,5e82b6b17f9f925d089cd7b3b3277fe8397fc33b4f1de8d8ff00e9cadd54ed20,records=50
results/openvla_simplerenv/temporal_fusion_task_aware/widowx_carrot_on_plate/summary.json,summary.json,2941,7e3f44dc56a3d216b64f41148e24d171628d6926f57e83f7e39f9437e6dede2b,"status=completed,episodes=50"
results/openvla_simplerenv/temporal_fusion_task_aware/widowx_put_eggplant_in_basket/episodes.jsonl,episodes.jsonl,30517,8dea6408b7a17f2c70d8892f888fdcba8d6dc7df415d0321536643b35b4e1fa3,records=50
results/openvla_simplerenv/temporal_fusion_task_aware/widowx_put_eggplant_in_basket/summary.json,summary.json,2974,c01dfa88e367221757b34b5eb5cfb8977ce888c373e2d403d0b6004e97f96e6a,"status=completed,episodes=50"
results/openvla_simplerenv/temporal_fusion_task_aware/widowx_spoon_on_towel/episodes.jsonl,episodes.jsonl,30119,82543972addee087e83bdee320b8ced1d2a24478393c287ccc9ed05f8246488e,records=50
results/openvla_simplerenv/temporal_fusion_task_aware/widowx_spoon_on_towel/summary.json,summary.json,2941,584593a988e14ffebcc86908296801cd1b8885f5c4e71c98c70ed186c376ec75,"status=completed,episodes=50"
results/openvla_simplerenv/temporal_fusion_task_aware/widowx_stack_cube/episodes.jsonl,episodes.jsonl,29926,e6eb66897fe9f3c10b8894dd19040439796c0fec5b23590905ae9e62d18685fd,records=50
results/openvla_simplerenv/temporal_fusion_task_aware/widowx_stack_cube/summary.json,summary.json,2924,da8ea3fe0f1f5a1be000abcad2d76fda380a80b5b0dc134d6c691d84fae1a41a,"status=completed,episodes=50"
results/openvla_simplerenv_fractal/action_repeat2/google_robot_close_drawer/episodes.jsonl,episodes.jsonl,30039,aadb744fe738688303deb98821de35fbd610cf199acc704be74ee72409f59d83,records=50
results/openvla_simplerenv_fractal/action_repeat2/google_robot_close_drawer/summary.json,summary.json,2844,cb1f763d3d5c34ddc8b580831bbf6702bd71e9be52c68f9caf9f397d3823fc33,"status=completed,episodes=50"
results/openvla_simplerenv_fractal/action_repeat2/google_robot_move_near/episodes.jsonl,episodes.jsonl,29828,ca8bd0a1e75f77a513735f79e86ad582e2f6761192fc3790e596be58edbd23da,records=50
results/openvla_simplerenv_fractal/action_repeat2/google_robot_move_near/summary.json,summary.json,2829,a36946469b512b005606b611d0e6d7c07bb38549fded945104e40a75b079a102,"status=completed,episodes=50"
results/openvla_simplerenv_fractal/action_repeat2/google_robot_open_drawer/episodes.jsonl,episodes.jsonl,29962,b902543343cba64e9e540f4c7054081b1bdfc37097def29fc029fcc63eb99719,records=50
results/openvla_simplerenv_fractal/action_repeat2/google_robot_open_drawer/summary.json,summary.json,2839,25753d3447a72e4f23f2263b9cb91e729d1abbd5020cca794dd9ecbb0a6f9a92,"status=completed,episodes=50"
results/openvla_simplerenv_fractal/action_repeat2/google_robot_pick_coke_can/episodes.jsonl,episodes.jsonl,30027,5378db0574a2856069ef1ac6f6b63db7ce3e16067bfe192f7ce1888b091d7a4c,records=50
results/openvla_simplerenv_fractal/action_repeat2/google_robot_pick_coke_can/summary.json,summary.json,2845,7afc7ca26bf2e9133ca29c9918204fa7e0708d596e54e9f3a5d5aadfced47a15,"status=completed,episodes=50"
results/openvla_simplerenv_fractal/action_repeat2/google_robot_place_apple_in_closed_top_drawer/episodes.jsonl,episodes.jsonl,31054,fea4ced8fe1d9e3158a49016232c25ea553de514d5c0e9074276e28d1a09ef9f,records=50
results/openvla_simplerenv_fractal/action_repeat2/google_robot_place_apple_in_closed_top_drawer/summary.json,summary.json,2915,d350518178b5f1d1b6b7cdd84d47d7540d31eb0561e8a8b84c5ea784c3e03e29,"status=completed,episodes=50"
results/openvla_simplerenv_fractal/action_repeat4/google_robot_close_drawer/episodes.jsonl,episodes.jsonl,30015,b5ef25908d6e9d2e6c63fd64a372de19e905d598f4617a0d5adbfc95e950fbfe,records=50
results/openvla_simplerenv_fractal/action_repeat4/google_robot_close_drawer/summary.json,summary.json,2838,f52af72fe32961aeaadfbc67bcd4d243c921775e43dcd34237bd05c2676aa0e8,"status=completed,episodes=50"
results/openvla_simplerenv_fractal/action_repeat4/google_robot_move_near/episodes.jsonl,episodes.jsonl,29836,1dac92aeaa3dd381b62f8e5e27e4da492cfaf58eb2f8a929a37edc6ef7991764,records=50
results/openvla_simplerenv_fractal/action_repeat4/google_robot_move_near/summary.json,summary.json,2831,aa6b1903e011fad49daf9c7c87d8d6b2b63ef404433c631813c6dedcb975efa3,"status=completed,episodes=50"
results/openvla_simplerenv_fractal/action_repeat4/google_robot_open_drawer/episodes.jsonl,episodes.jsonl,29987,c718df2d4272f2d4347521d6a3481348319a08cfc7e91bb86b9385173c4aed2f,records=50
results/openvla_simplerenv_fractal/action_repeat4/google_robot_open_drawer/summary.json,summary.json,2834,b46b442cf08724c2cfad0b9ed26a7bfcf72ae83c5a830658604aa9bdaba995f6,"status=completed,episodes=50"
results/openvla_simplerenv_fractal/action_repeat4/google_robot_pick_coke_can/episodes.jsonl,episodes.jsonl,30035,d5a947ff89b6203f6271166924fe66cc1c557569bfbbcdf9b6ee65e29ed558ab,records=50
results/openvla_simplerenv_fractal/action_repeat4/google_robot_pick_coke_can/summary.json,summary.json,2844,1508c5bfa57253fe1704e634fa2783b26ac0183aa013f1f5aa97473e26804c80,"status=completed,episodes=50"
results/openvla_simplerenv_fractal/action_repeat4/google_robot_place_apple_in_closed_top_drawer/episodes.jsonl,episodes.jsonl,31005,e3ccdbd9f6e127bb82917d35d9a55a501996d16d72049fac92369340c0d9deef,records=50
results/openvla_simplerenv_fractal/action_repeat4/google_robot_place_apple_in_closed_top_drawer/summary.json,summary.json,2915,3a89bbef7b24771257dfa502e631c0d5f7ae93c130708073ff9859ef20d247ff,"status=completed,episodes=50"
results/openvla_simplerenv_fractal/depth_pruning1/google_robot_close_drawer/episodes.jsonl,episodes.jsonl,30053,2a25a8465a85364e5f2d1d126cfca77e9e933b3419ec5b6c11ba8da3c755158c,records=50
results/openvla_simplerenv_fractal/depth_pruning1/google_robot_close_drawer/summary.json,summary.json,3735,1ad96a5e7bcfdb6ff00033e5c33a08d07842b1be0f0bd5dcbdb898b4983a1905,"status=completed,episodes=50"
results/openvla_simplerenv_fractal/depth_pruning1/google_robot_move_near/episodes.jsonl,episodes.jsonl,29851,1788eddfcb5805f16662825e8dfd0034596e249bcd6a00fba26762f6e5cc94a7,records=50
results/openvla_simplerenv_fractal/depth_pruning1/google_robot_move_near/summary.json,summary.json,3721,0d78fedf4d9e0432f2f6710a9b1f6a59727523feecf57fdbd1fe664a67da2e35,"status=completed,episodes=50"
results/openvla_simplerenv_fractal/depth_pruning1/google_robot_open_drawer/episodes.jsonl,episodes.jsonl,30022,681236dd893e6b0bcac50549766c7dbaffab7028798416b0b902eed9960c0ba5,records=50
results/openvla_simplerenv_fractal/depth_pruning1/google_robot_open_drawer/summary.json,summary.json,3734,b291098984fb07362386036a576039bc41f5290c75d8ed3fb128698925c54fb7,"status=completed,episodes=50"
results/openvla_simplerenv_fractal/depth_pruning1/google_robot_pick_coke_can/episodes.jsonl,episodes.jsonl,30060,860fe12beb8778eb490ed77cc38c0fafa7317c6c6c8399c1c5aa7c16824a48df,records=50
results/openvla_simplerenv_fractal/depth_pruning1/google_robot_pick_coke_can/summary.json,summary.json,3741,1e1ffac2ffec71cce7eb37dcf03b49822765eac1a34595594c1de6078a220c17,"status=completed,episodes=50"
results/openvla_simplerenv_fractal/depth_pruning1/google_robot_place_apple_in_closed_top_drawer/episodes.jsonl,episodes.jsonl,31083,232d46af023dcde11b72f5db8392aeaee6ca1ca19fe65453972058e585ec4670,records=50
results/openvla_simplerenv_fractal/depth_pruning1/google_robot_place_apple_in_closed_top_drawer/summary.json,summary.json,3806,79f3ed8ac561211c425970409fc6deb1bedf7b2e48dbdb892ba763f40f6ebdb1,"status=completed,episodes=50"
results/openvla_simplerenv_fractal/depth_pruning2/google_robot_close_drawer/episodes.jsonl,episodes.jsonl,30053,f4b18cabf22ddc97d57473bdb3243f6e75ff02c5437d0ab6547fdecb57d0b070,records=50
results/openvla_simplerenv_fractal/depth_pruning2/google_robot_close_drawer/summary.json,summary.json,3747,22f9f0b7f7e52544f473c9cc1bd4f62e798ad88e5f6e16bb37c8e1a97d1a2ef7,"status=completed,episodes=50"
results/openvla_simplerenv_fractal/depth_pruning2/google_robot_move_near/episodes.jsonl,episodes.jsonl,29855,13dae665f40f46ab3181473f691f66c4a06aa8d2f485fd7afdbbc84f2b762b67,records=50
results/openvla_simplerenv_fractal/depth_pruning2/google_robot_move_near/summary.json,summary.json,3731,cc791741a4ee2bb00144b6a63777198bd276eaa51dd25355dfff95cc84758163,"status=completed,episodes=50"
results/openvla_simplerenv_fractal/depth_pruning2/google_robot_open_drawer/episodes.jsonl,episodes.jsonl,30018,4e51ab34753ef7bd882b0489bf4e862445b910e5e9525298fde74299b965e2be,records=50
results/openvla_simplerenv_fractal/depth_pruning2/google_robot_open_drawer/summary.json,summary.json,3741,1cd10c0d7a8c07fd124f854a5398dc4efa1741a6f02362ae21c2e8e4ccbd401c,"status=completed,episodes=50"
results/openvla_simplerenv_fractal/depth_pruning2/google_robot_pick_coke_can/episodes.jsonl,episodes.jsonl,30076,e3f9e6d06e0f6bf02f8a16d3f0a12b1c316b21fd392c228d8f2d3fc6d9440725,records=50
results/openvla_simplerenv_fractal/depth_pruning2/google_robot_pick_coke_can/summary.json,summary.json,3744,35d84f350a4917f1e9e98b36f9012cbba03cffa66180ca28a371e44d845aa8f9,"status=completed,episodes=50"
results/openvla_simplerenv_fractal/depth_pruning2/google_robot_place_apple_in_closed_top_drawer/episodes.jsonl,episodes.jsonl,31068,a0fa456506055d8a030d2bf00577489fc67076e81d172258a899540e9848d218,records=50
results/openvla_simplerenv_fractal/depth_pruning2/google_robot_place_apple_in_closed_top_drawer/summary.json,summary.json,3814,a8b2ffe583236ebaa8084bb9dfe684f5ee6ea0c3b4d00c0e290d51d2999c297c,"status=completed,episodes=50"
results/openvla_simplerenv_fractal/depth_pruning4/google_robot_close_drawer/episodes.jsonl,episodes.jsonl,30070,a0c6b8b9ce8c55869d4f2ea1f48dd67ccdc456b1edfe94876f3907629100fe64,records=50
results/openvla_simplerenv_fractal/depth_pruning4/google_robot_close_drawer/summary.json,summary.json,3764,a9eb865a290a31731de6bd2c9570cbeeb51a437d794181d18a908b6829320deb,"status=completed,episodes=50"
results/openvla_simplerenv_fractal/depth_pruning4/google_robot_move_near/episodes.jsonl,episodes.jsonl,29850,72d11483c76ca2c191aba942efda06e5f1da1c7751c963429407f1d3795a42e5,records=50
results/openvla_simplerenv_fractal/depth_pruning4/google_robot_move_near/summary.json,summary.json,3753,3d8238cf266729917e445f90c5522593911353eeb904ddf415a55ecef506f44e,"status=completed,episodes=50"
results/openvla_simplerenv_fractal/depth_pruning4/google_robot_open_drawer/episodes.jsonl,episodes.jsonl,30015,39184c3c50f75b581a75a002f50435f67d3f135703b735d3a9d9a7f5154b0691,records=50
results/openvla_simplerenv_fractal/depth_pruning4/google_robot_open_drawer/summary.json,summary.json,3755,0e6d6aacdbb12e527ee258bf10465ae402bdd82fc1009a7f370710187c02709e,"status=completed,episodes=50"
results/openvla_simplerenv_fractal/depth_pruning4/google_robot_pick_coke_can/episodes.jsonl,episodes.jsonl,30061,3ee8391500ba42e0776d6646d40514b62fe5e1b6ff0812b109d3421d70972a11,records=50
results/openvla_simplerenv_fractal/depth_pruning4/google_robot_pick_coke_can/summary.json,summary.json,3766,55c04c78f792246a8e88d3aed5fd87fc50362b8a2ab5360080e1c32670e930b4,"status=completed,episodes=50"
results/openvla_simplerenv_fractal/depth_pruning4/google_robot_place_apple_in_closed_top_drawer/episodes.jsonl,episodes.jsonl,31072,495aad992411bee483168e4dcfbb66da7cdb61a67bd17057abc5a74f97541ab1,records=50
results/openvla_simplerenv_fractal/depth_pruning4/google_robot_place_apple_in_closed_top_drawer/summary.json,summary.json,3834,1c3021f0d5a66ddd70056fb4f01bde875248f5796828f6eb58c0b94ea47917d1,"status=completed,episodes=50"
results/openvla_simplerenv_fractal/fixed_foveation_keep20/google_robot_close_drawer/episodes.jsonl,episodes.jsonl,30556,a96c9767660d40c58690a18eb220b5f2b5e6c2ef5682183931c74cdc17788cf2,records=50
results/openvla_simplerenv_fractal/fixed_foveation_keep20/google_robot_close_drawer/summary.json,summary.json,2869,2713b1d2c4c48a3e5b4ade053b5a62762a76112f64b2acbe9a868995a84757e7,"status=completed,episodes=50"
results/openvla_simplerenv_fractal/fixed_foveation_keep20/google_robot_move_near/episodes.jsonl,episodes.jsonl,30389,17d1f39f3e3ac5469de0ee4eac00d2f35c25da0d186ca9ae67b99f05db5d2f70,records=50
results/openvla_simplerenv_fractal/fixed_foveation_keep20/google_robot_move_near/summary.json,summary.json,2857,c012ba540b9968e114fffc96e831771b2a181fded31b87676b6ce51c85d594a0,"status=completed,episodes=50"
results/openvla_simplerenv_fractal/fixed_foveation_keep20/google_robot_open_drawer/episodes.jsonl,episodes.jsonl,30540,7324981d00ec2a1f6c97da859ae07f38b6b1540d7e9f03506fba8967f3120bd4,records=50
results/openvla_simplerenv_fractal/fixed_foveation_keep20/google_robot_open_drawer/summary.json,summary.json,2859,577230483f5a7b236940f61655791b090599c3cce1b4b5effd94f5f150bb1d5c,"status=completed,episodes=50"
results/openvla_simplerenv_fractal/fixed_foveation_keep20/google_robot_pick_coke_can/episodes.jsonl,episodes.jsonl,30580,4557a90995faf7725b954db818187317b8fd9c184f92537130ed5b4fed33fec7,records=50
results/openvla_simplerenv_fractal/fixed_foveation_keep20/google_robot_pick_coke_can/summary.json,summary.json,2872,dd9e1384b495247339dbb8ba83825344b0263864b2aeeabf23644987f8a0792f,"status=completed,episodes=50"
results/openvla_simplerenv_fractal/fixed_foveation_keep20/google_robot_place_apple_in_closed_top_drawer/episodes.jsonl,episodes.jsonl,31577,73650ac18bd3a1b3075458da5563fa40ce6dd2040c70dd3392889bf0f26df0bb,records=50
results/openvla_simplerenv_fractal/fixed_foveation_keep20/google_robot_place_apple_in_closed_top_drawer/summary.json,summary.json,2941,30d1608ac1b641ccfa6859c6c9581594e7de453c02ec10851c745cda629b23c1,"status=completed,episodes=50"
results/openvla_simplerenv_fractal/fixed_foveation_keep50/google_robot_close_drawer/episodes.jsonl,episodes.jsonl,30556,7299d440c352b67366b56b11c2738db63cc8a7bdc8251e9c745361ae9e98bf6e,records=50
results/openvla_simplerenv_fractal/fixed_foveation_keep50/google_robot_close_drawer/summary.json,summary.json,2874,a6bf4b48112d9b3fc8e7938ed177868e0f91f8601ffd58709ad8c7af20291918,"status=completed,episodes=50"
results/openvla_simplerenv_fractal/fixed_foveation_keep50/google_robot_move_near/episodes.jsonl,episodes.jsonl,30382,599c39d09dc8de1204469a27fd77ba63540b2d3c59dd6f6804f0f2d22885169f,records=50
results/openvla_simplerenv_fractal/fixed_foveation_keep50/google_robot_move_near/summary.json,summary.json,2855,81c54dfea5a20c91584d155e812b21565d42d9d715e77912f34eefdea777a71a,"status=completed,episodes=50"
results/openvla_simplerenv_fractal/fixed_foveation_keep50/google_robot_open_drawer/episodes.jsonl,episodes.jsonl,30526,d9bfcb90feb26935584b0b4bdac37552ba9b20513404d0645d22b3374bac06bc,records=50
results/openvla_simplerenv_fractal/fixed_foveation_keep50/google_robot_open_drawer/summary.json,summary.json,2864,a31c2ec92ae402e2616d5f1e70863c654ecdf16c73c5071296bfc71c105509e3,"status=completed,episodes=50"
results/openvla_simplerenv_fractal/fixed_foveation_keep50/google_robot_pick_coke_can/episodes.jsonl,episodes.jsonl,30564,14b76b6f5ed07bb936137dfe0de486958e818c4e64e4114d3893abbf17152ee6,records=50
results/openvla_simplerenv_fractal/fixed_foveation_keep50/google_robot_pick_coke_can/summary.json,summary.json,2877,002dbf4195b03d1d1fc9a11b9c32f28500eb4ab835f4d7fbf2182ce4b92a949b,"status=completed,episodes=50"
results/openvla_simplerenv_fractal/fixed_foveation_keep50/google_robot_place_apple_in_closed_top_drawer/episodes.jsonl,episodes.jsonl,31580,a01d24437280f72ee07f69c6d93cd6a18a99de06d01a107c4ec631ce9146072f,records=50
results/openvla_simplerenv_fractal/fixed_foveation_keep50/google_robot_place_apple_in_closed_top_drawer/summary.json,summary.json,2943,122cd87f195923bf8d6b4ad1fbd5b96587bdd49b3dceb4a2267dc4a4ccaee917,"status=completed,episodes=50"
results/openvla_simplerenv_fractal/guarded_reuse_aggressive/google_robot_close_drawer/episodes.jsonl,episodes.jsonl,30926,be9b88bc0b81ae6566d154806c8a2ce9a1dd0f47d9e39185db5b941bde2059b5,records=50
results/openvla_simplerenv_fractal/guarded_reuse_aggressive/google_robot_close_drawer/summary.json,summary.json,2886,f157ed4be9f2c4b15de3eca35a113f5121a070c2d58a2df4e460193641c1103f,"status=completed,episodes=50"
results/openvla_simplerenv_fractal/guarded_reuse_aggressive/google_robot_move_near/episodes.jsonl,episodes.jsonl,30731,f52bf661e974dcdcbea89a6ea9efc3eba839282c796d00e2e2bcb721454b6dea,records=50
results/openvla_simplerenv_fractal/guarded_reuse_aggressive/google_robot_move_near/summary.json,summary.json,2873,fa7bd82230503fcbcb79bc593a2d1c8c11c8f78eafac674cd5f4d41727a15918,"status=completed,episodes=50"
results/openvla_simplerenv_fractal/guarded_reuse_aggressive/google_robot_open_drawer/episodes.jsonl,episodes.jsonl,30889,772cb0bfba8d10cbdea9b2028c3e0eea6f240724d97b7e63ffbaf87737244468,records=50
results/openvla_simplerenv_fractal/guarded_reuse_aggressive/google_robot_open_drawer/summary.json,summary.json,2883,b96921cf161e8899b87aa2e50ecd8096061a9e703ca4fe75fbf2860ef9e1b983,"status=completed,episodes=50"
results/openvla_simplerenv_fractal/guarded_reuse_aggressive/google_robot_pick_coke_can/episodes.jsonl,episodes.jsonl,30909,995a5cea60ef4e8e33c8e3d9f857639a775a726c679fea9f2d5d889d2dfcdd8e,records=50
results/openvla_simplerenv_fractal/guarded_reuse_aggressive/google_robot_pick_coke_can/summary.json,summary.json,2892,1c7a611278a7ccc0edbaae9248af58694d59a754edd706e40483acf89b0ff1d1,"status=completed,episodes=50"
results/openvla_simplerenv_fractal/guarded_reuse_aggressive/google_robot_place_apple_in_closed_top_drawer/episodes.jsonl,episodes.jsonl,31930,356c75be52ebc7f0b3acffac7e0a50c7baf13ff3d02a28cccc707ee620334a6e,records=50
results/openvla_simplerenv_fractal/guarded_reuse_aggressive/google_robot_place_apple_in_closed_top_drawer/summary.json,summary.json,2958,c5408e8909e880b8a3e062c095cbe53e13672a00d7c3c665c519bab90757a3a3,"status=completed,episodes=50"
results/openvla_simplerenv_fractal/guarded_reuse_moderate/google_robot_close_drawer/episodes.jsonl,episodes.jsonl,30809,694b53c3cfcf6e6d3b6b949a815c12ec17c0a3128aee42984df201fff34b351e,records=50
results/openvla_simplerenv_fractal/guarded_reuse_moderate/google_robot_close_drawer/summary.json,summary.json,2883,f5e53eccc4f3f15756caa292b392e2e81d05d9d5cf15d93ae82eb82fa1e51a81,"status=completed,episodes=50"
results/openvla_simplerenv_fractal/guarded_reuse_moderate/google_robot_move_near/episodes.jsonl,episodes.jsonl,30601,0acedcb424518eac9d40de942724805bb832a99f3d5ef1a168ab22eeb4ca1841,records=50
results/openvla_simplerenv_fractal/guarded_reuse_moderate/google_robot_move_near/summary.json,summary.json,2873,f5d9f0dc48f421ac89c6e29e2f95c8951988765c0bc5ab8271559f0c56ae1b5e,"status=completed,episodes=50"
results/openvla_simplerenv_fractal/guarded_reuse_moderate/google_robot_open_drawer/episodes.jsonl,episodes.jsonl,30788,24a196d6f8c8671db3a16f2fa2f826633fac8284371508d437df3751f995ca13,records=50
results/openvla_simplerenv_fractal/guarded_reuse_moderate/google_robot_open_drawer/summary.json,summary.json,2877,6ba29e76528716290af20b6a1a5b8a14751fe8929e98027ee698bbe123a38ba7,"status=completed,episodes=50"
results/openvla_simplerenv_fractal/guarded_reuse_moderate/google_robot_pick_coke_can/episodes.jsonl,episodes.jsonl,30813,c66d942b62452806c685c4529234861c1f192051c549cfa3811e82ea6a2ca4ec,records=50
results/openvla_simplerenv_fractal/guarded_reuse_moderate/google_robot_pick_coke_can/summary.json,summary.json,2885,79f45f7e538e5c24aaaf7440274fc4a890a174a567d9ee77c616b6be832cea99,"status=completed,episodes=50"
results/openvla_simplerenv_fractal/guarded_reuse_moderate/google_robot_place_apple_in_closed_top_drawer/episodes.jsonl,episodes.jsonl,31831,bbf56a17b624fca97e69836e9a1bbafb9d253eeac35ad0c7763818211bcebd57,records=50
results/openvla_simplerenv_fractal/guarded_reuse_moderate/google_robot_place_apple_in_closed_top_drawer/summary.json,summary.json,2956,20d9527ef093471ba29478aee7b019f9ff1ebefaf68f90f1e19714d4841160cf,"status=completed,episodes=50"
results/openvla_simplerenv_fractal/guarded_reuse_strict/google_robot_close_drawer/episodes.jsonl,episodes.jsonl,30717,6e918cef74610c93ea3f76eb3d1d2ad697860722e5467743d080ba0f468144a6,records=50
results/openvla_simplerenv_fractal/guarded_reuse_strict/google_robot_close_drawer/summary.json,summary.json,2875,946f331ac441b9870978ae7b843c826d8ad88da9a285b10adc871095454391bf,"status=completed,episodes=50"
results/openvla_simplerenv_fractal/guarded_reuse_strict/google_robot_move_near/episodes.jsonl,episodes.jsonl,30513,36fdd6b6231f60da0090e57e959eedeca7f4f1d245e1982e12275cf61360c958,records=50
results/openvla_simplerenv_fractal/guarded_reuse_strict/google_robot_move_near/summary.json,summary.json,2866,18ee216359ec09d9891a2bab2dfa85ff5c63c8152c225184047382af69c422db,"status=completed,episodes=50"
results/openvla_simplerenv_fractal/guarded_reuse_strict/google_robot_open_drawer/episodes.jsonl,episodes.jsonl,30692,4187969372c19b5335d6d068b038dcefac322f40cbe92d6406d8519e2c1d5b78,records=50
results/openvla_simplerenv_fractal/guarded_reuse_strict/google_robot_open_drawer/summary.json,summary.json,2869,f11217a4ad73a49fb34e57d1a49ac7ab36288f80279bb5600a07d948eafe313b,"status=completed,episodes=50"
results/openvla_simplerenv_fractal/guarded_reuse_strict/google_robot_pick_coke_can/episodes.jsonl,episodes.jsonl,30723,ebe4e8120132a2b00b53ad1be955cf626dc0dd10545c0067a2ca8743333fcba3,records=50
results/openvla_simplerenv_fractal/guarded_reuse_strict/google_robot_pick_coke_can/summary.json,summary.json,2878,6ab9473c9d94b631efe56a255f35f9e6802d2638b5469b2f3ba6ec881c1e2680,"status=completed,episodes=50"
results/openvla_simplerenv_fractal/guarded_reuse_strict/google_robot_place_apple_in_closed_top_drawer/episodes.jsonl,episodes.jsonl,31733,f1a180b181d12ec0382019c77f43809142d40cb15114bbe78834db2509481528,records=50
results/openvla_simplerenv_fractal/guarded_reuse_strict/google_robot_place_apple_in_closed_top_drawer/summary.json,summary.json,2953,ec7bc503889e5f78c749847bad7c6c462aa64c6f8ea53738cedf6aadb2165919,"status=completed,episodes=50"
results/openvla_simplerenv_fractal/original/google_robot_close_drawer/episodes.jsonl,episodes.jsonl,29499,196fcdfcb639259234bece347fb1c30f3fd44240ddf86d58d07ecd9495be4054,records=50
results/openvla_simplerenv_fractal/original/google_robot_close_drawer/summary.json,summary.json,2813,52f7609061df43c19776a9c0915e5f9a0c64b7c740fac2eb56d3d359eb8e3925,"status=completed,episodes=50"
results/openvla_simplerenv_fractal/original/google_robot_move_near/episodes.jsonl,episodes.jsonl,29298,3bb8deeaa06585be9530722c8438ac39f671bdf49dcd72359622c4eaa8fd3e21,records=50
results/openvla_simplerenv_fractal/original/google_robot_move_near/summary.json,summary.json,2802,c35c955ffbd67ffc1250391f6a2d5685c4fc35bf5030fb82f765e1df65e5b7f5,"status=completed,episodes=50"
results/openvla_simplerenv_fractal/original/google_robot_open_drawer/episodes.jsonl,episodes.jsonl,29463,eb618013731e5e5e1d49313082d003956944e2f4ad73b1eee246d48baecd138f,records=50
results/openvla_simplerenv_fractal/original/google_robot_open_drawer/summary.json,summary.json,2812,996fcca8774de78040d8293fc8c655e0dac740146a50a9b3b585e008452d04a0,"status=completed,episodes=50"
results/openvla_simplerenv_fractal/original/google_robot_pick_coke_can/episodes.jsonl,episodes.jsonl,29520,c8240214f95fd41ce3d7b81107640b124c519168e9d54a9d27e4277f6fa599c8,records=50
results/openvla_simplerenv_fractal/original/google_robot_pick_coke_can/summary.json,summary.json,2818,d491ab962d43a371ca46b0ca83569cf2cff44c72ae9eb4eac7c036df66800865,"status=completed,episodes=50"
results/openvla_simplerenv_fractal/original/google_robot_place_apple_in_closed_top_drawer/episodes.jsonl,episodes.jsonl,30527,38eaecd1220c4ded54705b0d6283d43fbbec697fcf9c67c0974aa14639903de0,records=50
results/openvla_simplerenv_fractal/original/google_robot_place_apple_in_closed_top_drawer/summary.json,summary.json,2890,5ad4889f7022459f9c6627fe2d27d6861ec135f8b49f1551136e70ae36683dbd,"status=completed,episodes=50"
results/openvla_simplerenv_fractal/temporal_fusion_conservative_adaptive/google_robot_close_drawer/episodes.jsonl,episodes.jsonl,31284,51195b05bd88423a09b53d9872781d6b1efe96828502e2d1f1eb7263b3d5289c,records=50
results/openvla_simplerenv_fractal/temporal_fusion_conservative_adaptive/google_robot_close_drawer/summary.json,summary.json,2919,b64392b2080587efd288282d8abbc5933e017d1a26a9b325359c1ccf43ff5f11,"status=completed,episodes=50"
results/openvla_simplerenv_fractal/temporal_fusion_conservative_adaptive/google_robot_move_near/episodes.jsonl,episodes.jsonl,31119,fd1e41b8a7ea70f7b6e267e88a98bdd47a8a76209fa6b299156f02797a760f06,records=50
results/openvla_simplerenv_fractal/temporal_fusion_conservative_adaptive/google_robot_move_near/summary.json,summary.json,2912,624c33a9f1b4f53515b79db429b84d568a5e4f443d4ceab3f5fb1a75c604d91d,"status=completed,episodes=50"
results/openvla_simplerenv_fractal/temporal_fusion_conservative_adaptive/google_robot_open_drawer/episodes.jsonl,episodes.jsonl,31265,fbfab6eb6d40d2a19272aa48a46d12e66e805adf9ed9aaebad4808b8b329f4d6,records=50
results/openvla_simplerenv_fractal/temporal_fusion_conservative_adaptive/google_robot_open_drawer/summary.json,summary.json,2916,d8564a0de8f33212987b5e4ee304131b093ac1ba32e61502f36b4e7d9613a1a3,"status=completed,episodes=50"
results/openvla_simplerenv_fractal/temporal_fusion_conservative_adaptive/google_robot_pick_coke_can/episodes.jsonl,episodes.jsonl,31323,0708a23624ebd59ebcc8f4d47b5c35a199d4ab9783038120c9b5cea26cdb215d,records=50
results/openvla_simplerenv_fractal/temporal_fusion_conservative_adaptive/google_robot_pick_coke_can/summary.json,summary.json,2927,b4710db50e2bd6618957de66e72606f03234b0623c52b40b983f9cbe5a5cab7f,"status=completed,episodes=50"
results/openvla_simplerenv_fractal/temporal_fusion_conservative_adaptive/google_robot_place_apple_in_closed_top_drawer/episodes.jsonl,episodes.jsonl,32314,03e74031173e1c625f05a1ea12a180880d03b0c4872b35165c2896d8b8e1400d,records=50
results/openvla_simplerenv_fractal/temporal_fusion_conservative_adaptive/google_robot_place_apple_in_closed_top_drawer/summary.json,summary.json,2992,91ef02c8ca408eb82925094753137858747e9a97c22b0b264e9423bdb9421b56,"status=completed,episodes=50"
results/openvla_simplerenv_fractal/temporal_fusion_motion_entropy/google_robot_close_drawer/episodes.jsonl,episodes.jsonl,30963,6acf5875c705b31b9384565cc5edd7a1585b9018caeb78f8d15af6dcc2a846b7,records=50
results/openvla_simplerenv_fractal/temporal_fusion_motion_entropy/google_robot_close_drawer/summary.json,summary.json,2900,313fb1bab8cb3a0cab46325261f81fe95dfead33b38d63244014e0c254c57156,"status=completed,episodes=50"
results/openvla_simplerenv_fractal/temporal_fusion_motion_entropy/google_robot_move_near/episodes.jsonl,episodes.jsonl,30750,68a4efb38be18395d57e533a1b97c5b5e6b1c4a2ec5532a0a6eee247e6bb7913,records=50
results/openvla_simplerenv_fractal/temporal_fusion_motion_entropy/google_robot_move_near/summary.json,summary.json,2886,6214e95f04c5777aecebd086f69044a4aa39fe3a6afe33939c71db86b9fac02a,"status=completed,episodes=50"
results/openvla_simplerenv_fractal/temporal_fusion_motion_entropy/google_robot_open_drawer/episodes.jsonl,episodes.jsonl,30902,1b770a7cd8e449f9f99265f2b5a18f2c2a7191c0787c3a26939145543c361b1b,records=50
results/openvla_simplerenv_fractal/temporal_fusion_motion_entropy/google_robot_open_drawer/summary.json,summary.json,2892,6b6deb6c90773c7ebc2fa9738a08ae0fa8b35fc61c753c6eb2327d6b05dc4fab,"status=completed,episodes=50"
results/openvla_simplerenv_fractal/temporal_fusion_motion_entropy/google_robot_pick_coke_can/episodes.jsonl,episodes.jsonl,30964,2b0572c9284abfbecd6af7c50545109dbe80666c8985eea25c2787a15b7e30a4,records=50
results/openvla_simplerenv_fractal/temporal_fusion_motion_entropy/google_robot_pick_coke_can/summary.json,summary.json,2901,bcd4a143e7d6cae114cb0671d5b6ec36013e2273bb2430092452016ac744dc49,"status=completed,episodes=50"
results/openvla_simplerenv_fractal/temporal_fusion_motion_entropy/google_robot_place_apple_in_closed_top_drawer/episodes.jsonl,episodes.jsonl,31972,237d1145095368f776733337ae8ef82755f37befdd3016301095ed16e127dbcb,records=50
results/openvla_simplerenv_fractal/temporal_fusion_motion_entropy/google_robot_place_apple_in_closed_top_drawer/summary.json,summary.json,2975,556f772736cd2bc1e0a3f0079fce0d6afd8b940b8c30abff742748280883ed8d,"status=completed,episodes=50"
results/openvla_simplerenv_fractal/temporal_fusion_task_aware/google_robot_close_drawer/episodes.jsonl,episodes.jsonl,30742,cf40d863c0c9f6fc83e26a4ff98dacac04302c7bc7a90a4ac89b195071604f8d,records=50
results/openvla_simplerenv_fractal/temporal_fusion_task_aware/google_robot_close_drawer/summary.json,summary.json,2878,b11fe42a5d26c131b7ad4367f15d887867937ad970cf1f18258b1d3e0c99f72e,"status=completed,episodes=50"
results/openvla_simplerenv_fractal/temporal_fusion_task_aware/google_robot_move_near/episodes.jsonl,episodes.jsonl,30549,a3a301fee0f9dfc09ac78c0d7335a5bb0526761a3a028e75ec13840195e863f0,records=50
results/openvla_simplerenv_fractal/temporal_fusion_task_aware/google_robot_move_near/summary.json,summary.json,2874,2b1a7240dde5a0cc5af452b08505d8eaf2629d9555cf66b40ee3408bd2e7daa6,"status=completed,episodes=50"
results/openvla_simplerenv_fractal/temporal_fusion_task_aware/google_robot_open_drawer/episodes.jsonl,episodes.jsonl,30712,45f236fe23381d833455a8190be07b007314de165250aeb2794f5bc0c4811199,records=50
results/openvla_simplerenv_fractal/temporal_fusion_task_aware/google_robot_open_drawer/summary.json,summary.json,2882,a4519ddbaee40590396ea8b8c479081ad75b2f0603790844ce31d0dad785a91a,"status=completed,episodes=50"
results/openvla_simplerenv_fractal/temporal_fusion_task_aware/google_robot_pick_coke_can/episodes.jsonl,episodes.jsonl,30757,19722865fdd1bb4eebc6d95901f168dc09cd8b11fb5235bc3ec2e245ef995888,records=50
results/openvla_simplerenv_fractal/temporal_fusion_task_aware/google_robot_pick_coke_can/summary.json,summary.json,2886,28d533b955ae9fda9450a79a789ad6836927a3909adfe675e32929124fcbb3e5,"status=completed,episodes=50"
results/openvla_simplerenv_fractal/temporal_fusion_task_aware/google_robot_place_apple_in_closed_top_drawer/episodes.jsonl,episodes.jsonl,31774,8095cd69a2bf86a0dafc925805bcb4cd0586b3922077192e13766390e0383f59,records=50
results/openvla_simplerenv_fractal/temporal_fusion_task_aware/google_robot_place_apple_in_closed_top_drawer/summary.json,summary.json,2956,0b35620616dbca1882fdaa4ce478faf519f4aebd370ba430bdabd90a52c05124,"status=completed,episodes=50"
results/smolvla_libero/action_repeat2/libero_10/episodes.jsonl,episodes.jsonl,54519,814be9fc1d9067f567dcdee5389f4bb84b9ec97222606da0c7c82ebc11b39976,records=100
results/smolvla_libero/action_repeat2/libero_10/summary.json,summary.json,4641,dd5b504abb43773ae9f00973645b1b517e3e4c234eba2df09904d1f9689e9289,"status=completed,episodes=100"
results/smolvla_libero/action_repeat2/libero_goal/episodes.jsonl,episodes.jsonl,54572,e3377d4f8232d05e64bfd6ce92fdf2731c326b1c95abbd29aba0534b13bdc9eb,records=100
results/smolvla_libero/action_repeat2/libero_goal/summary.json,summary.json,4680,7852d1abd28fcb3202bf303da5b8877e211c09bc5c08a493148a15a113bac264,"status=completed,episodes=100"
results/smolvla_libero/action_repeat2/libero_object/episodes.jsonl,episodes.jsonl,54758,5d54741f2445fbb9396cb76dafdd5b580547be74f00931066e453f2a191b7fbc,records=100
results/smolvla_libero/action_repeat2/libero_object/summary.json,summary.json,4729,b440f676e437b77e79d737d5dbad2831d0ab8c40d438eb76827318770127cdd3,"status=completed,episodes=100"
results/smolvla_libero/action_repeat2/libero_spatial/episodes.jsonl,episodes.jsonl,54911,ff3deb265f040a4c234436d1528c78db9c66bdaae0ec41625b943a7baaeced0a,records=100
results/smolvla_libero/action_repeat2/libero_spatial/summary.json,summary.json,4747,f24cb3833678e094d92920cfd9db8275d04e4bc6431b3c691151d5d81806c1c4,"status=completed,episodes=100"
results/smolvla_libero/action_repeat4/libero_10/episodes.jsonl,episodes.jsonl,54488,be23ed108643c2751ee853efad6c948e098d0efe6759e75a4e73ae6c1c31f596,records=100
results/smolvla_libero/action_repeat4/libero_10/summary.json,summary.json,4640,fb478f1550871d362a6125fdbcf9cc5a48d5af39ad4da50fed1420dab2f9da4c,"status=completed,episodes=100"
results/smolvla_libero/action_repeat4/libero_goal/episodes.jsonl,episodes.jsonl,54535,83ad22b0c8e1a1fcd19abb60ba4888d3af9f0d8199c1f77d326be399d21ef8c0,records=100
results/smolvla_libero/action_repeat4/libero_goal/summary.json,summary.json,4681,6ae8fd7980ea4c74c48b6e614ad6914a04f0f82283acbfed1bee0eaad908b5e6,"status=completed,episodes=100"
results/smolvla_libero/action_repeat4/libero_object/episodes.jsonl,episodes.jsonl,54798,8d91bbabee637aaf93aaaba7857bb94f6457eea034cbbcf5d39ac424932aef3c,records=100
results/smolvla_libero/action_repeat4/libero_object/summary.json,summary.json,4732,648dc685afbf06a8b03391c68335ee50e48d8323003db270d1cf0fa40b37c018,"status=completed,episodes=100"
results/smolvla_libero/action_repeat4/libero_spatial/episodes.jsonl,episodes.jsonl,54900,d219dd6a19dce5a62b2a77477a6fd9284181aa07a21ad1b655b23e956c4f97c4,records=100
results/smolvla_libero/action_repeat4/libero_spatial/summary.json,summary.json,4747,a1d51079945f06b483e6715409fc667d1de8776c1f324e5610c89ab5be898aca,"status=completed,episodes=100"
results/smolvla_libero/depth_pruning1/libero_10/episodes.jsonl,episodes.jsonl,54372,4f9b8c0f13341519cfbc5a5b53725829f8f212f4019faba0cc3c9c6dc27af294,records=100
results/smolvla_libero/depth_pruning1/libero_10/summary.json,summary.json,4658,7f24b4ae491d3b42612c079fa4512187ca030b3c6e29723b19cb4a19131b8b39,"status=completed,episodes=100"
results/smolvla_libero/depth_pruning1/libero_goal/episodes.jsonl,episodes.jsonl,54432,8ff4737f21bb55936d643b096d36099fe8011ec21786facb420297be27d1a7d5,records=100
results/smolvla_libero/depth_pruning1/libero_goal/summary.json,summary.json,4697,30d5417bc08aec0a8e2a30208e46a526b83ae97128c391d5dcf8b2e08b81bb29,"status=completed,episodes=100"
results/smolvla_libero/depth_pruning1/libero_object/episodes.jsonl,episodes.jsonl,54655,a2add2677ed25ad0bb25fd6b90f7ce7b4813b05113d937c8beb20fb2d6dce631,records=100
results/smolvla_libero/depth_pruning1/libero_object/summary.json,summary.json,4748,d28db52369b8a3a602b07d23fa73ac1d836e4e4756e6e661959673bdb7aa153c,"status=completed,episodes=100"
results/smolvla_libero/depth_pruning1/libero_spatial/episodes.jsonl,episodes.jsonl,54774,6405c7f005a43ea0b10fa4d92f6196ce89314b27bebf8b0de0d8b58f306f42c7,records=100
results/smolvla_libero/depth_pruning1/libero_spatial/summary.json,summary.json,4766,7ee878926acce2e69f79f3cc03fd61f05576b25f7383de2d578d530606a24274,"status=completed,episodes=100"
results/smolvla_libero/depth_pruning2/libero_10/.task_8.lock,lock,0,e3b0c44298fc1c149afbf4c8996fb92427ae41e4649b934ca495991b7852b855,bytes=0
results/smolvla_libero/depth_pruning2/libero_10/.task_9.lock,lock,0,e3b0c44298fc1c149afbf4c8996fb92427ae41e4649b934ca495991b7852b855,bytes=0
results/smolvla_libero/depth_pruning2/libero_10/.write.lock,lock,0,e3b0c44298fc1c149afbf4c8996fb92427ae41e4649b934ca495991b7852b855,bytes=0
results/smolvla_libero/depth_pruning2/libero_10/episodes.jsonl,episodes.jsonl,58897,ad5ccde5d48818c75d614c2af5c5e033aa55c287de1750a08aaa4387105611ef,records=100
results/smolvla_libero/depth_pruning2/libero_10/summary.json,summary.json,1694,b3b957e60c90dc89c309164236f17356e26c62fc3e018df8e87b9f722fbdb7f1,"status=completed,episodes=100"
results/smolvla_libero/depth_pruning2/libero_goal/.task_7.lock,lock,0,e3b0c44298fc1c149afbf4c8996fb92427ae41e4649b934ca495991b7852b855,bytes=0
results/smolvla_libero/depth_pruning2/libero_goal/.task_8.lock,lock,0,e3b0c44298fc1c149afbf4c8996fb92427ae41e4649b934ca495991b7852b855,bytes=0
results/smolvla_libero/depth_pruning2/libero_goal/.task_9.lock,lock,0,e3b0c44298fc1c149afbf4c8996fb92427ae41e4649b934ca495991b7852b855,bytes=0
results/smolvla_libero/depth_pruning2/libero_goal/.write.lock,lock,0,e3b0c44298fc1c149afbf4c8996fb92427ae41e4649b934ca495991b7852b855,bytes=0
results/smolvla_libero/depth_pruning2/libero_goal/episodes.jsonl,episodes.jsonl,61152,fdf842bfc34ad6adca9794c4ccd7273195615b55e3b14c67f2223fb596c4f4be,records=100
results/smolvla_libero/depth_pruning2/libero_goal/summary.json,summary.json,1739,047fbe4c9bd220cc08ce056d5c8752631e125138402bac0531de15e7216477ac,"status=completed,episodes=100"
results/smolvla_libero/depth_pruning2/libero_object/episodes.jsonl,episodes.jsonl,54690,c6bad214581d54525cecf388e0b39f159c4ce235fed8d3138c358ce8dff80ed5,records=100
results/smolvla_libero/depth_pruning2/libero_object/summary.json,summary.json,4749,b4669d8c0345a91857de48aa6772044343ae8768ebe746a9198872279e494ad9,"status=completed,episodes=100"
results/smolvla_libero/depth_pruning2/libero_spatial/episodes.jsonl,episodes.jsonl,54732,ef818fb93ff75b15c65595edf6764f6bc813cb11c7fa2ebedde96fc5fa5446e8,records=100
results/smolvla_libero/depth_pruning2/libero_spatial/summary.json,summary.json,4770,334540447d34b63c9bb25ee57fe5afb6d654000f511e336045659b87462d22cd,"status=completed,episodes=100"
results/smolvla_libero/depth_pruning4/libero_10/.task_3.lock,lock,0,e3b0c44298fc1c149afbf4c8996fb92427ae41e4649b934ca495991b7852b855,bytes=0
results/smolvla_libero/depth_pruning4/libero_10/.task_4.lock,lock,0,e3b0c44298fc1c149afbf4c8996fb92427ae41e4649b934ca495991b7852b855,bytes=0
results/smolvla_libero/depth_pruning4/libero_10/.task_5.lock,lock,0,e3b0c44298fc1c149afbf4c8996fb92427ae41e4649b934ca495991b7852b855,bytes=0
results/smolvla_libero/depth_pruning4/libero_10/.task_6.lock,lock,0,e3b0c44298fc1c149afbf4c8996fb92427ae41e4649b934ca495991b7852b855,bytes=0
results/smolvla_libero/depth_pruning4/libero_10/.task_7.lock,lock,0,e3b0c44298fc1c149afbf4c8996fb92427ae41e4649b934ca495991b7852b855,bytes=0
results/smolvla_libero/depth_pruning4/libero_10/.task_8.lock,lock,0,e3b0c44298fc1c149afbf4c8996fb92427ae41e4649b934ca495991b7852b855,bytes=0
results/smolvla_libero/depth_pruning4/libero_10/.task_9.lock,lock,0,e3b0c44298fc1c149afbf4c8996fb92427ae41e4649b934ca495991b7852b855,bytes=0
results/smolvla_libero/depth_pruning4/libero_10/.write.lock,lock,0,e3b0c44298fc1c149afbf4c8996fb92427ae41e4649b934ca495991b7852b855,bytes=0
results/smolvla_libero/depth_pruning4/libero_10/episodes.jsonl,episodes.jsonl,70962,9a483fb4d706ec617620be48192ca18d667aec3d05f513ec652a3217c7d35da6,records=100
results/smolvla_libero/depth_pruning4/libero_10/summary.json,summary.json,1691,bf44e4aaf257c6bc1325b31badda706c6360bae28a56a6bb0b9a10621e84b94c,"status=completed,episodes=100"
results/smolvla_libero/depth_pruning4/libero_goal/.task_0.lock,lock,0,e3b0c44298fc1c149afbf4c8996fb92427ae41e4649b934ca495991b7852b855,bytes=0
results/smolvla_libero/depth_pruning4/libero_goal/.task_1.lock,lock,0,e3b0c44298fc1c149afbf4c8996fb92427ae41e4649b934ca495991b7852b855,bytes=0
results/smolvla_libero/depth_pruning4/libero_goal/.task_2.lock,lock,0,e3b0c44298fc1c149afbf4c8996fb92427ae41e4649b934ca495991b7852b855,bytes=0
results/smolvla_libero/depth_pruning4/libero_goal/.task_3.lock,lock,0,e3b0c44298fc1c149afbf4c8996fb92427ae41e4649b934ca495991b7852b855,bytes=0
results/smolvla_libero/depth_pruning4/libero_goal/.task_4.lock,lock,0,e3b0c44298fc1c149afbf4c8996fb92427ae41e4649b934ca495991b7852b855,bytes=0
results/smolvla_libero/depth_pruning4/libero_goal/.task_5.lock,lock,0,e3b0c44298fc1c149afbf4c8996fb92427ae41e4649b934ca495991b7852b855,bytes=0
results/smolvla_libero/depth_pruning4/libero_goal/.task_6.lock,lock,0,e3b0c44298fc1c149afbf4c8996fb92427ae41e4649b934ca495991b7852b855,bytes=0
results/smolvla_libero/depth_pruning4/libero_goal/.task_7.lock,lock,0,e3b0c44298fc1c149afbf4c8996fb92427ae41e4649b934ca495991b7852b855,bytes=0
results/smolvla_libero/depth_pruning4/libero_goal/.task_8.lock,lock,0,e3b0c44298fc1c149afbf4c8996fb92427ae41e4649b934ca495991b7852b855,bytes=0
results/smolvla_libero/depth_pruning4/libero_goal/.task_9.lock,lock,0,e3b0c44298fc1c149afbf4c8996fb92427ae41e4649b934ca495991b7852b855,bytes=0
results/smolvla_libero/depth_pruning4/libero_goal/.write.lock,lock,0,e3b0c44298fc1c149afbf4c8996fb92427ae41e4649b934ca495991b7852b855,bytes=0
results/smolvla_libero/depth_pruning4/libero_goal/episodes.jsonl,episodes.jsonl,81216,dde1b0c34dc0ca3a226ec5aadee2307373ddc9167973cea1464627c54096e157,records=100
results/smolvla_libero/depth_pruning4/libero_goal/summary.json,summary.json,1697,c609d28a07bb6a428c275a8336004cff9393b46aeeb5509e62bc77836dacd012,"status=completed,episodes=100"
results/smolvla_libero/depth_pruning4/libero_object/.task_0.lock,lock,0,e3b0c44298fc1c149afbf4c8996fb92427ae41e4649b934ca495991b7852b855,bytes=0
results/smolvla_libero/depth_pruning4/libero_object/.task_1.lock,lock,0,e3b0c44298fc1c149afbf4c8996fb92427ae41e4649b934ca495991b7852b855,bytes=0
results/smolvla_libero/depth_pruning4/libero_object/.task_2.lock,lock,0,e3b0c44298fc1c149afbf4c8996fb92427ae41e4649b934ca495991b7852b855,bytes=0
results/smolvla_libero/depth_pruning4/libero_object/.task_3.lock,lock,0,e3b0c44298fc1c149afbf4c8996fb92427ae41e4649b934ca495991b7852b855,bytes=0
results/smolvla_libero/depth_pruning4/libero_object/.task_4.lock,lock,0,e3b0c44298fc1c149afbf4c8996fb92427ae41e4649b934ca495991b7852b855,bytes=0
results/smolvla_libero/depth_pruning4/libero_object/.task_5.lock,lock,0,e3b0c44298fc1c149afbf4c8996fb92427ae41e4649b934ca495991b7852b855,bytes=0
results/smolvla_libero/depth_pruning4/libero_object/.task_6.lock,lock,0,e3b0c44298fc1c149afbf4c8996fb92427ae41e4649b934ca495991b7852b855,bytes=0
results/smolvla_libero/depth_pruning4/libero_object/.task_7.lock,lock,0,e3b0c44298fc1c149afbf4c8996fb92427ae41e4649b934ca495991b7852b855,bytes=0
results/smolvla_libero/depth_pruning4/libero_object/.task_8.lock,lock,0,e3b0c44298fc1c149afbf4c8996fb92427ae41e4649b934ca495991b7852b855,bytes=0
results/smolvla_libero/depth_pruning4/libero_object/.task_9.lock,lock,0,e3b0c44298fc1c149afbf4c8996fb92427ae41e4649b934ca495991b7852b855,bytes=0
results/smolvla_libero/depth_pruning4/libero_object/.write.lock,lock,0,e3b0c44298fc1c149afbf4c8996fb92427ae41e4649b934ca495991b7852b855,bytes=0
results/smolvla_libero/depth_pruning4/libero_object/episodes.jsonl,episodes.jsonl,81620,3be0a22fec78a3ab86677efb68d32222fcba5ff467d3305d02017fcbe1bd359d,records=100
results/smolvla_libero/depth_pruning4/libero_object/summary.json,summary.json,1737,35a4f5873c65c46c798b212fc7fd93c75da459f737dd9f5894c22f68588450d9,"status=completed,episodes=100"
results/smolvla_libero/depth_pruning4/libero_spatial/episodes.jsonl,episodes.jsonl,54750,05a54bd05bd9bb0216a36cc2927ea686f86caab1e2a4d890c807dccf67e5e79c,records=100
results/smolvla_libero/depth_pruning4/libero_spatial/summary.json,summary.json,4796,e571e6d03007963ad1bf3e27130a9c921bf27334d0f71a879ae5b3dbe072c6b5,"status=completed,episodes=100"
results/smolvla_libero/fixed_foveation_keep20/libero_10/episodes.jsonl,episodes.jsonl,55336,9c9985cccf37aeeaa0e5014b703f07d57f176510cbd8b71af52877f3e9f32742,records=100
results/smolvla_libero/fixed_foveation_keep20/libero_10/summary.json,summary.json,4667,5bcfcea86c549f738f609c274a6f4ec322284548dc1e8682c9210ff0ad45bde5,"status=completed,episodes=100"
results/smolvla_libero/fixed_foveation_keep20/libero_goal/episodes.jsonl,episodes.jsonl,55435,1985ad0b2c989e3fbc8f7c6f3544794071809a35c24957bccb9d8ab08e30b9b2,records=100
results/smolvla_libero/fixed_foveation_keep20/libero_goal/summary.json,summary.json,4708,5c04fbf484a8bbd79ba2fdc11f2129b12cb12855217b19fb1bc811e05fcf6164,"status=completed,episodes=100"
results/smolvla_libero/fixed_foveation_keep20/libero_object/episodes.jsonl,episodes.jsonl,55696,1a2b643a19b24d45c7984a371a57fcb00f4028a3d0e9d5a4f0042681e51ad6b2,records=100
results/smolvla_libero/fixed_foveation_keep20/libero_object/summary.json,summary.json,4756,71b567abc3064a5449a48fa80e674efc348b5dedeee8f701f9f85014bcd232d5,"status=completed,episodes=100"
results/smolvla_libero/fixed_foveation_keep20/libero_spatial/episodes.jsonl,episodes.jsonl,55728,060fe43079658cb5a28cb0bbfe8d2b8f59cb4c6e47ffdf875991c96839c5e293,records=100
results/smolvla_libero/fixed_foveation_keep20/libero_spatial/summary.json,summary.json,4780,92b83d02489442996a301eb1c2b5b7bff18e9d12abcfa36da5c991a0c3710e0c,"status=completed,episodes=100"
results/smolvla_libero/fixed_foveation_keep50/libero_10/episodes.jsonl,episodes.jsonl,55338,339287e5883371ad25db7b36b365de2b051bcb07d2fcf3dbe225be5c62b57afa,records=100
results/smolvla_libero/fixed_foveation_keep50/libero_10/summary.json,summary.json,4670,0954bede3f9b528364212622f1875cf2ab2b81f7ac21f445614f031701d2f92e,"status=completed,episodes=100"
results/smolvla_libero/fixed_foveation_keep50/libero_goal/episodes.jsonl,episodes.jsonl,55403,58f7e46dafde4805db02ae0f4c832b7a399f0cbc20435c4576486611b83b8c46,records=100
results/smolvla_libero/fixed_foveation_keep50/libero_goal/summary.json,summary.json,4707,3605522419d8bf3de87c55c4253be406c1019c08fabeb6b46055d6ac81175b5d,"status=completed,episodes=100"
results/smolvla_libero/fixed_foveation_keep50/libero_object/episodes.jsonl,episodes.jsonl,55643,5a28e6cbf148d3004320199d1cdb7501ef791d7ff1089eb562ef1becb2310643,records=100
results/smolvla_libero/fixed_foveation_keep50/libero_object/summary.json,summary.json,4758,0ebb86b22870bef5f3fa07311bf13135a24dca94fb544e873df809c3a54cec8e,"status=completed,episodes=100"
results/smolvla_libero/fixed_foveation_keep50/libero_spatial/episodes.jsonl,episodes.jsonl,55711,c3dd7c359eaee2e19159342c1d81c65e9bb63f2b8254733eaf4f60e8ab076999,records=100
results/smolvla_libero/fixed_foveation_keep50/libero_spatial/summary.json,summary.json,4780,790811dce483e431103d29cdc4d5797276ac32af6e30010f2cccb16398a9a0c8,"status=completed,episodes=100"
results/smolvla_libero/guarded_reuse_aggressive/libero_10/.task_0.lock,lock,0,e3b0c44298fc1c149afbf4c8996fb92427ae41e4649b934ca495991b7852b855,bytes=0
results/smolvla_libero/guarded_reuse_aggressive/libero_10/.task_1.lock,lock,0,e3b0c44298fc1c149afbf4c8996fb92427ae41e4649b934ca495991b7852b855,bytes=0
results/smolvla_libero/guarded_reuse_aggressive/libero_10/.task_2.lock,lock,0,e3b0c44298fc1c149afbf4c8996fb92427ae41e4649b934ca495991b7852b855,bytes=0
results/smolvla_libero/guarded_reuse_aggressive/libero_10/.task_3.lock,lock,0,e3b0c44298fc1c149afbf4c8996fb92427ae41e4649b934ca495991b7852b855,bytes=0
results/smolvla_libero/guarded_reuse_aggressive/libero_10/.task_4.lock,lock,0,e3b0c44298fc1c149afbf4c8996fb92427ae41e4649b934ca495991b7852b855,bytes=0
results/smolvla_libero/guarded_reuse_aggressive/libero_10/.task_5.lock,lock,0,e3b0c44298fc1c149afbf4c8996fb92427ae41e4649b934ca495991b7852b855,bytes=0
results/smolvla_libero/guarded_reuse_aggressive/libero_10/.task_6.lock,lock,0,e3b0c44298fc1c149afbf4c8996fb92427ae41e4649b934ca495991b7852b855,bytes=0
results/smolvla_libero/guarded_reuse_aggressive/libero_10/.task_7.lock,lock,0,e3b0c44298fc1c149afbf4c8996fb92427ae41e4649b934ca495991b7852b855,bytes=0
results/smolvla_libero/guarded_reuse_aggressive/libero_10/.task_8.lock,lock,0,e3b0c44298fc1c149afbf4c8996fb92427ae41e4649b934ca495991b7852b855,bytes=0
results/smolvla_libero/guarded_reuse_aggressive/libero_10/.task_9.lock,lock,0,e3b0c44298fc1c149afbf4c8996fb92427ae41e4649b934ca495991b7852b855,bytes=0
results/smolvla_libero/guarded_reuse_aggressive/libero_10/.write.lock,lock,0,e3b0c44298fc1c149afbf4c8996fb92427ae41e4649b934ca495991b7852b855,bytes=0
results/smolvla_libero/guarded_reuse_aggressive/libero_10/episodes.jsonl,episodes.jsonl,81527,4a1dcfd3c43f9479992739086c614a59ccf3a836fcdd5ccc753c1a868cbfd88b,records=100
results/smolvla_libero/guarded_reuse_aggressive/libero_10/summary.json,summary.json,1673,3b6fbe212d25e4a7e4d2674ba6b6c1e1b1c2f0304bfcd4d80426b6c835d0dd34,"status=completed,episodes=100"
results/smolvla_libero/guarded_reuse_aggressive/libero_goal/.task_0.lock,lock,0,e3b0c44298fc1c149afbf4c8996fb92427ae41e4649b934ca495991b7852b855,bytes=0
results/smolvla_libero/guarded_reuse_aggressive/libero_goal/.task_1.lock,lock,0,e3b0c44298fc1c149afbf4c8996fb92427ae41e4649b934ca495991b7852b855,bytes=0
results/smolvla_libero/guarded_reuse_aggressive/libero_goal/.task_2.lock,lock,0,e3b0c44298fc1c149afbf4c8996fb92427ae41e4649b934ca495991b7852b855,bytes=0
results/smolvla_libero/guarded_reuse_aggressive/libero_goal/.task_3.lock,lock,0,e3b0c44298fc1c149afbf4c8996fb92427ae41e4649b934ca495991b7852b855,bytes=0
results/smolvla_libero/guarded_reuse_aggressive/libero_goal/.task_4.lock,lock,0,e3b0c44298fc1c149afbf4c8996fb92427ae41e4649b934ca495991b7852b855,bytes=0
results/smolvla_libero/guarded_reuse_aggressive/libero_goal/.task_5.lock,lock,0,e3b0c44298fc1c149afbf4c8996fb92427ae41e4649b934ca495991b7852b855,bytes=0
results/smolvla_libero/guarded_reuse_aggressive/libero_goal/.task_6.lock,lock,0,e3b0c44298fc1c149afbf4c8996fb92427ae41e4649b934ca495991b7852b855,bytes=0
results/smolvla_libero/guarded_reuse_aggressive/libero_goal/.task_7.lock,lock,0,e3b0c44298fc1c149afbf4c8996fb92427ae41e4649b934ca495991b7852b855,bytes=0
results/smolvla_libero/guarded_reuse_aggressive/libero_goal/.task_8.lock,lock,0,e3b0c44298fc1c149afbf4c8996fb92427ae41e4649b934ca495991b7852b855,bytes=0
results/smolvla_libero/guarded_reuse_aggressive/libero_goal/.task_9.lock,lock,0,e3b0c44298fc1c149afbf4c8996fb92427ae41e4649b934ca495991b7852b855,bytes=0
results/smolvla_libero/guarded_reuse_aggressive/libero_goal/.write.lock,lock,0,e3b0c44298fc1c149afbf4c8996fb92427ae41e4649b934ca495991b7852b855,bytes=0
results/smolvla_libero/guarded_reuse_aggressive/libero_goal/episodes.jsonl,episodes.jsonl,81371,6e092cf7862fbac884707d279dc11e58fd9255ed1409dd8d37530a1bdbf5bbb9,records=100
results/smolvla_libero/guarded_reuse_aggressive/libero_goal/summary.json,summary.json,1713,046badfe564e3de4b293a32d083874b2564f9927dfa83755824aa0c61030a964,"status=completed,episodes=100"
results/smolvla_libero/guarded_reuse_aggressive/libero_object/.task_0.lock,lock,0,e3b0c44298fc1c149afbf4c8996fb92427ae41e4649b934ca495991b7852b855,bytes=0
results/smolvla_libero/guarded_reuse_aggressive/libero_object/.task_1.lock,lock,0,e3b0c44298fc1c149afbf4c8996fb92427ae41e4649b934ca495991b7852b855,bytes=0
results/smolvla_libero/guarded_reuse_aggressive/libero_object/.task_2.lock,lock,0,e3b0c44298fc1c149afbf4c8996fb92427ae41e4649b934ca495991b7852b855,bytes=0
results/smolvla_libero/guarded_reuse_aggressive/libero_object/.task_3.lock,lock,0,e3b0c44298fc1c149afbf4c8996fb92427ae41e4649b934ca495991b7852b855,bytes=0
results/smolvla_libero/guarded_reuse_aggressive/libero_object/.task_4.lock,lock,0,e3b0c44298fc1c149afbf4c8996fb92427ae41e4649b934ca495991b7852b855,bytes=0
results/smolvla_libero/guarded_reuse_aggressive/libero_object/.task_5.lock,lock,0,e3b0c44298fc1c149afbf4c8996fb92427ae41e4649b934ca495991b7852b855,bytes=0
results/smolvla_libero/guarded_reuse_aggressive/libero_object/.task_6.lock,lock,0,e3b0c44298fc1c149afbf4c8996fb92427ae41e4649b934ca495991b7852b855,bytes=0
results/smolvla_libero/guarded_reuse_aggressive/libero_object/.task_7.lock,lock,0,e3b0c44298fc1c149afbf4c8996fb92427ae41e4649b934ca495991b7852b855,bytes=0
results/smolvla_libero/guarded_reuse_aggressive/libero_object/.task_8.lock,lock,0,e3b0c44298fc1c149afbf4c8996fb92427ae41e4649b934ca495991b7852b855,bytes=0
results/smolvla_libero/guarded_reuse_aggressive/libero_object/.task_9.lock,lock,0,e3b0c44298fc1c149afbf4c8996fb92427ae41e4649b934ca495991b7852b855,bytes=0
results/smolvla_libero/guarded_reuse_aggressive/libero_object/.write.lock,lock,0,e3b0c44298fc1c149afbf4c8996fb92427ae41e4649b934ca495991b7852b855,bytes=0
results/smolvla_libero/guarded_reuse_aggressive/libero_object/episodes.jsonl,episodes.jsonl,81506,f94223c50fa5c0d8dd29c87c361d9926863c5ca462201e4972e4b7c0d2812693,records=100
results/smolvla_libero/guarded_reuse_aggressive/libero_object/summary.json,summary.json,1760,fec087bb008c39b6e4e1c9ddc6905b18b73005691bd4ed8059309f4d2d87d289,"status=completed,episodes=100"
results/smolvla_libero/guarded_reuse_aggressive/libero_spatial/.task_0.lock,lock,0,e3b0c44298fc1c149afbf4c8996fb92427ae41e4649b934ca495991b7852b855,bytes=0
results/smolvla_libero/guarded_reuse_aggressive/libero_spatial/.task_1.lock,lock,0,e3b0c44298fc1c149afbf4c8996fb92427ae41e4649b934ca495991b7852b855,bytes=0
results/smolvla_libero/guarded_reuse_aggressive/libero_spatial/.task_2.lock,lock,0,e3b0c44298fc1c149afbf4c8996fb92427ae41e4649b934ca495991b7852b855,bytes=0
results/smolvla_libero/guarded_reuse_aggressive/libero_spatial/.task_3.lock,lock,0,e3b0c44298fc1c149afbf4c8996fb92427ae41e4649b934ca495991b7852b855,bytes=0
results/smolvla_libero/guarded_reuse_aggressive/libero_spatial/.task_4.lock,lock,0,e3b0c44298fc1c149afbf4c8996fb92427ae41e4649b934ca495991b7852b855,bytes=0
results/smolvla_libero/guarded_reuse_aggressive/libero_spatial/.task_5.lock,lock,0,e3b0c44298fc1c149afbf4c8996fb92427ae41e4649b934ca495991b7852b855,bytes=0
results/smolvla_libero/guarded_reuse_aggressive/libero_spatial/.task_6.lock,lock,0,e3b0c44298fc1c149afbf4c8996fb92427ae41e4649b934ca495991b7852b855,bytes=0
results/smolvla_libero/guarded_reuse_aggressive/libero_spatial/.task_7.lock,lock,0,e3b0c44298fc1c149afbf4c8996fb92427ae41e4649b934ca495991b7852b855,bytes=0
results/smolvla_libero/guarded_reuse_aggressive/libero_spatial/.task_8.lock,lock,0,e3b0c44298fc1c149afbf4c8996fb92427ae41e4649b934ca495991b7852b855,bytes=0
results/smolvla_libero/guarded_reuse_aggressive/libero_spatial/.task_9.lock,lock,0,e3b0c44298fc1c149afbf4c8996fb92427ae41e4649b934ca495991b7852b855,bytes=0
results/smolvla_libero/guarded_reuse_aggressive/libero_spatial/.write.lock,lock,0,e3b0c44298fc1c149afbf4c8996fb92427ae41e4649b934ca495991b7852b855,bytes=0
results/smolvla_libero/guarded_reuse_aggressive/libero_spatial/episodes.jsonl,episodes.jsonl,81561,36d21ab73f6881c2e4fc82095ad222722850b7828cf8b7efb3db4eb8bbd3ab8d,records=100
results/smolvla_libero/guarded_reuse_aggressive/libero_spatial/summary.json,summary.json,1776,56a6fbd59af7b1c9cdbe7afa153ab388e4fb10c802357c8b06ded0f554d76e13,"status=completed,episodes=100"
results/smolvla_libero/guarded_reuse_moderate/libero_10/.task_0.lock,lock,0,e3b0c44298fc1c149afbf4c8996fb92427ae41e4649b934ca495991b7852b855,bytes=0
results/smolvla_libero/guarded_reuse_moderate/libero_10/.task_1.lock,lock,0,e3b0c44298fc1c149afbf4c8996fb92427ae41e4649b934ca495991b7852b855,bytes=0
results/smolvla_libero/guarded_reuse_moderate/libero_10/.task_2.lock,lock,0,e3b0c44298fc1c149afbf4c8996fb92427ae41e4649b934ca495991b7852b855,bytes=0
results/smolvla_libero/guarded_reuse_moderate/libero_10/.task_3.lock,lock,0,e3b0c44298fc1c149afbf4c8996fb92427ae41e4649b934ca495991b7852b855,bytes=0
results/smolvla_libero/guarded_reuse_moderate/libero_10/.task_4.lock,lock,0,e3b0c44298fc1c149afbf4c8996fb92427ae41e4649b934ca495991b7852b855,bytes=0
results/smolvla_libero/guarded_reuse_moderate/libero_10/.task_5.lock,lock,0,e3b0c44298fc1c149afbf4c8996fb92427ae41e4649b934ca495991b7852b855,bytes=0
results/smolvla_libero/guarded_reuse_moderate/libero_10/.task_6.lock,lock,0,e3b0c44298fc1c149afbf4c8996fb92427ae41e4649b934ca495991b7852b855,bytes=0
results/smolvla_libero/guarded_reuse_moderate/libero_10/.task_7.lock,lock,0,e3b0c44298fc1c149afbf4c8996fb92427ae41e4649b934ca495991b7852b855,bytes=0
results/smolvla_libero/guarded_reuse_moderate/libero_10/.task_8.lock,lock,0,e3b0c44298fc1c149afbf4c8996fb92427ae41e4649b934ca495991b7852b855,bytes=0
results/smolvla_libero/guarded_reuse_moderate/libero_10/.task_9.lock,lock,0,e3b0c44298fc1c149afbf4c8996fb92427ae41e4649b934ca495991b7852b855,bytes=0
results/smolvla_libero/guarded_reuse_moderate/libero_10/.write.lock,lock,0,e3b0c44298fc1c149afbf4c8996fb92427ae41e4649b934ca495991b7852b855,bytes=0
results/smolvla_libero/guarded_reuse_moderate/libero_10/episodes.jsonl,episodes.jsonl,80949,9c46a8e7af463471140c99a169dccdea8a9b85aae8c4d994abdac0ceaa4a8b34,records=100
results/smolvla_libero/guarded_reuse_moderate/libero_10/summary.json,summary.json,1670,d8e51234522a526a9a813fdac1ee7763f3b5407fe64f1656041a46ebcdeb3817,"status=completed,episodes=100"
results/smolvla_libero/guarded_reuse_moderate/libero_goal/.task_0.lock,lock,0,e3b0c44298fc1c149afbf4c8996fb92427ae41e4649b934ca495991b7852b855,bytes=0
results/smolvla_libero/guarded_reuse_moderate/libero_goal/.task_1.lock,lock,0,e3b0c44298fc1c149afbf4c8996fb92427ae41e4649b934ca495991b7852b855,bytes=0
results/smolvla_libero/guarded_reuse_moderate/libero_goal/.task_2.lock,lock,0,e3b0c44298fc1c149afbf4c8996fb92427ae41e4649b934ca495991b7852b855,bytes=0
results/smolvla_libero/guarded_reuse_moderate/libero_goal/.task_3.lock,lock,0,e3b0c44298fc1c149afbf4c8996fb92427ae41e4649b934ca495991b7852b855,bytes=0
results/smolvla_libero/guarded_reuse_moderate/libero_goal/.task_4.lock,lock,0,e3b0c44298fc1c149afbf4c8996fb92427ae41e4649b934ca495991b7852b855,bytes=0
results/smolvla_libero/guarded_reuse_moderate/libero_goal/.task_5.lock,lock,0,e3b0c44298fc1c149afbf4c8996fb92427ae41e4649b934ca495991b7852b855,bytes=0
results/smolvla_libero/guarded_reuse_moderate/libero_goal/.task_6.lock,lock,0,e3b0c44298fc1c149afbf4c8996fb92427ae41e4649b934ca495991b7852b855,bytes=0
results/smolvla_libero/guarded_reuse_moderate/libero_goal/.task_7.lock,lock,0,e3b0c44298fc1c149afbf4c8996fb92427ae41e4649b934ca495991b7852b855,bytes=0
results/smolvla_libero/guarded_reuse_moderate/libero_goal/.task_8.lock,lock,0,e3b0c44298fc1c149afbf4c8996fb92427ae41e4649b934ca495991b7852b855,bytes=0
results/smolvla_libero/guarded_reuse_moderate/libero_goal/.task_9.lock,lock,0,e3b0c44298fc1c149afbf4c8996fb92427ae41e4649b934ca495991b7852b855,bytes=0
results/smolvla_libero/guarded_reuse_moderate/libero_goal/.write.lock,lock,0,e3b0c44298fc1c149afbf4c8996fb92427ae41e4649b934ca495991b7852b855,bytes=0
results/smolvla_libero/guarded_reuse_moderate/libero_goal/episodes.jsonl,episodes.jsonl,81202,c21639943ed6402263025dcccbb3a2269d7c4b7670dba9a7f6fc71f6c8c8d838,records=100
results/smolvla_libero/guarded_reuse_moderate/libero_goal/summary.json,summary.json,1713,d685cc15c6f7057129b5d868ad4497ba5c7a642ae7a7f4be23ed8f0e15d1685c,"status=completed,episodes=100"
results/smolvla_libero/guarded_reuse_moderate/libero_object/.task_0.lock,lock,0,e3b0c44298fc1c149afbf4c8996fb92427ae41e4649b934ca495991b7852b855,bytes=0
results/smolvla_libero/guarded_reuse_moderate/libero_object/.task_1.lock,lock,0,e3b0c44298fc1c149afbf4c8996fb92427ae41e4649b934ca495991b7852b855,bytes=0
results/smolvla_libero/guarded_reuse_moderate/libero_object/.task_2.lock,lock,0,e3b0c44298fc1c149afbf4c8996fb92427ae41e4649b934ca495991b7852b855,bytes=0
results/smolvla_libero/guarded_reuse_moderate/libero_object/.task_3.lock,lock,0,e3b0c44298fc1c149afbf4c8996fb92427ae41e4649b934ca495991b7852b855,bytes=0
results/smolvla_libero/guarded_reuse_moderate/libero_object/.task_4.lock,lock,0,e3b0c44298fc1c149afbf4c8996fb92427ae41e4649b934ca495991b7852b855,bytes=0
results/smolvla_libero/guarded_reuse_moderate/libero_object/.task_5.lock,lock,0,e3b0c44298fc1c149afbf4c8996fb92427ae41e4649b934ca495991b7852b855,bytes=0
results/smolvla_libero/guarded_reuse_moderate/libero_object/.task_6.lock,lock,0,e3b0c44298fc1c149afbf4c8996fb92427ae41e4649b934ca495991b7852b855,bytes=0
results/smolvla_libero/guarded_reuse_moderate/libero_object/.task_7.lock,lock,0,e3b0c44298fc1c149afbf4c8996fb92427ae41e4649b934ca495991b7852b855,bytes=0
results/smolvla_libero/guarded_reuse_moderate/libero_object/.task_8.lock,lock,0,e3b0c44298fc1c149afbf4c8996fb92427ae41e4649b934ca495991b7852b855,bytes=0
results/smolvla_libero/guarded_reuse_moderate/libero_object/.task_9.lock,lock,0,e3b0c44298fc1c149afbf4c8996fb92427ae41e4649b934ca495991b7852b855,bytes=0
results/smolvla_libero/guarded_reuse_moderate/libero_object/.write.lock,lock,0,e3b0c44298fc1c149afbf4c8996fb92427ae41e4649b934ca495991b7852b855,bytes=0
results/smolvla_libero/guarded_reuse_moderate/libero_object/episodes.jsonl,episodes.jsonl,81280,a24594a50a403b62340769dc8855d45e9d9f7e29d47085862fececca7469a3d9,records=100
results/smolvla_libero/guarded_reuse_moderate/libero_object/summary.json,summary.json,1757,5a52bebc66b36d589b0b46e3c5ddec3ac2347c182a1a1ba9822615a8893a5b0b,"status=completed,episodes=100"
results/smolvla_libero/guarded_reuse_moderate/libero_spatial/.task_0.lock,lock,0,e3b0c44298fc1c149afbf4c8996fb92427ae41e4649b934ca495991b7852b855,bytes=0
results/smolvla_libero/guarded_reuse_moderate/libero_spatial/.task_1.lock,lock,0,e3b0c44298fc1c149afbf4c8996fb92427ae41e4649b934ca495991b7852b855,bytes=0
results/smolvla_libero/guarded_reuse_moderate/libero_spatial/.task_2.lock,lock,0,e3b0c44298fc1c149afbf4c8996fb92427ae41e4649b934ca495991b7852b855,bytes=0
results/smolvla_libero/guarded_reuse_moderate/libero_spatial/.task_3.lock,lock,0,e3b0c44298fc1c149afbf4c8996fb92427ae41e4649b934ca495991b7852b855,bytes=0
results/smolvla_libero/guarded_reuse_moderate/libero_spatial/.task_4.lock,lock,0,e3b0c44298fc1c149afbf4c8996fb92427ae41e4649b934ca495991b7852b855,bytes=0
results/smolvla_libero/guarded_reuse_moderate/libero_spatial/.task_5.lock,lock,0,e3b0c44298fc1c149afbf4c8996fb92427ae41e4649b934ca495991b7852b855,bytes=0
results/smolvla_libero/guarded_reuse_moderate/libero_spatial/.task_6.lock,lock,0,e3b0c44298fc1c149afbf4c8996fb92427ae41e4649b934ca495991b7852b855,bytes=0
results/smolvla_libero/guarded_reuse_moderate/libero_spatial/.task_7.lock,lock,0,e3b0c44298fc1c149afbf4c8996fb92427ae41e4649b934ca495991b7852b855,bytes=0
results/smolvla_libero/guarded_reuse_moderate/libero_spatial/.task_8.lock,lock,0,e3b0c44298fc1c149afbf4c8996fb92427ae41e4649b934ca495991b7852b855,bytes=0
results/smolvla_libero/guarded_reuse_moderate/libero_spatial/.task_9.lock,lock,0,e3b0c44298fc1c149afbf4c8996fb92427ae41e4649b934ca495991b7852b855,bytes=0
results/smolvla_libero/guarded_reuse_moderate/libero_spatial/.write.lock,lock,0,e3b0c44298fc1c149afbf4c8996fb92427ae41e4649b934ca495991b7852b855,bytes=0
results/smolvla_libero/guarded_reuse_moderate/libero_spatial/episodes.jsonl,episodes.jsonl,81356,987e39c2e7fffa4c3a0955167cca7af75cca14f76332ad4540dc7ae6dcbb470d,records=100
results/smolvla_libero/guarded_reuse_moderate/libero_spatial/summary.json,summary.json,1776,d8e47310d4a5e52f7b97ba301716cfbb9cc64146976b81ff08f533fd6fb9a736,"status=completed,episodes=100"
results/smolvla_libero/guarded_reuse_strict/libero_10/.task_0.lock,lock,0,e3b0c44298fc1c149afbf4c8996fb92427ae41e4649b934ca495991b7852b855,bytes=0
results/smolvla_libero/guarded_reuse_strict/libero_10/.task_1.lock,lock,0,e3b0c44298fc1c149afbf4c8996fb92427ae41e4649b934ca495991b7852b855,bytes=0
results/smolvla_libero/guarded_reuse_strict/libero_10/.task_2.lock,lock,0,e3b0c44298fc1c149afbf4c8996fb92427ae41e4649b934ca495991b7852b855,bytes=0
results/smolvla_libero/guarded_reuse_strict/libero_10/.task_3.lock,lock,0,e3b0c44298fc1c149afbf4c8996fb92427ae41e4649b934ca495991b7852b855,bytes=0
results/smolvla_libero/guarded_reuse_strict/libero_10/.task_4.lock,lock,0,e3b0c44298fc1c149afbf4c8996fb92427ae41e4649b934ca495991b7852b855,bytes=0
results/smolvla_libero/guarded_reuse_strict/libero_10/.task_5.lock,lock,0,e3b0c44298fc1c149afbf4c8996fb92427ae41e4649b934ca495991b7852b855,bytes=0
results/smolvla_libero/guarded_reuse_strict/libero_10/.task_6.lock,lock,0,e3b0c44298fc1c149afbf4c8996fb92427ae41e4649b934ca495991b7852b855,bytes=0
results/smolvla_libero/guarded_reuse_strict/libero_10/.task_7.lock,lock,0,e3b0c44298fc1c149afbf4c8996fb92427ae41e4649b934ca495991b7852b855,bytes=0
results/smolvla_libero/guarded_reuse_strict/libero_10/.task_8.lock,lock,0,e3b0c44298fc1c149afbf4c8996fb92427ae41e4649b934ca495991b7852b855,bytes=0
results/smolvla_libero/guarded_reuse_strict/libero_10/.task_9.lock,lock,0,e3b0c44298fc1c149afbf4c8996fb92427ae41e4649b934ca495991b7852b855,bytes=0
results/smolvla_libero/guarded_reuse_strict/libero_10/.write.lock,lock,0,e3b0c44298fc1c149afbf4c8996fb92427ae41e4649b934ca495991b7852b855,bytes=0
results/smolvla_libero/guarded_reuse_strict/libero_10/episodes.jsonl,episodes.jsonl,81309,1c761ed00969148c7917c0952729add53769f46dfa00c0abe670641c5ebdf90a,records=100
results/smolvla_libero/guarded_reuse_strict/libero_10/summary.json,summary.json,1666,1875ec2c0a7d33eea300b2be38ca72145cefb1d13b6b98af06bf058c5f7ddf03,"status=completed,episodes=100"
results/smolvla_libero/guarded_reuse_strict/libero_goal/.task_0.lock,lock,0,e3b0c44298fc1c149afbf4c8996fb92427ae41e4649b934ca495991b7852b855,bytes=0
results/smolvla_libero/guarded_reuse_strict/libero_goal/.task_1.lock,lock,0,e3b0c44298fc1c149afbf4c8996fb92427ae41e4649b934ca495991b7852b855,bytes=0
results/smolvla_libero/guarded_reuse_strict/libero_goal/.task_2.lock,lock,0,e3b0c44298fc1c149afbf4c8996fb92427ae41e4649b934ca495991b7852b855,bytes=0
results/smolvla_libero/guarded_reuse_strict/libero_goal/.task_3.lock,lock,0,e3b0c44298fc1c149afbf4c8996fb92427ae41e4649b934ca495991b7852b855,bytes=0
results/smolvla_libero/guarded_reuse_strict/libero_goal/.task_4.lock,lock,0,e3b0c44298fc1c149afbf4c8996fb92427ae41e4649b934ca495991b7852b855,bytes=0
results/smolvla_libero/guarded_reuse_strict/libero_goal/.task_5.lock,lock,0,e3b0c44298fc1c149afbf4c8996fb92427ae41e4649b934ca495991b7852b855,bytes=0
results/smolvla_libero/guarded_reuse_strict/libero_goal/.task_6.lock,lock,0,e3b0c44298fc1c149afbf4c8996fb92427ae41e4649b934ca495991b7852b855,bytes=0
results/smolvla_libero/guarded_reuse_strict/libero_goal/.task_7.lock,lock,0,e3b0c44298fc1c149afbf4c8996fb92427ae41e4649b934ca495991b7852b855,bytes=0
results/smolvla_libero/guarded_reuse_strict/libero_goal/.task_8.lock,lock,0,e3b0c44298fc1c149afbf4c8996fb92427ae41e4649b934ca495991b7852b855,bytes=0
results/smolvla_libero/guarded_reuse_strict/libero_goal/.task_9.lock,lock,0,e3b0c44298fc1c149afbf4c8996fb92427ae41e4649b934ca495991b7852b855,bytes=0
results/smolvla_libero/guarded_reuse_strict/libero_goal/.write.lock,lock,0,e3b0c44298fc1c149afbf4c8996fb92427ae41e4649b934ca495991b7852b855,bytes=0
results/smolvla_libero/guarded_reuse_strict/libero_goal/episodes.jsonl,episodes.jsonl,81138,d8bdc9d1ec1637e20b262cd1c2dfb3860b1b526ccdf2397cb1b58524db4580a3,records=100
results/smolvla_libero/guarded_reuse_strict/libero_goal/summary.json,summary.json,1711,0e93ec57679054d74aacb3bfdf27d5c551ee4a2c4be0eb562349229264e89498,"status=completed,episodes=100"
results/smolvla_libero/guarded_reuse_strict/libero_object/.task_0.lock,lock,0,e3b0c44298fc1c149afbf4c8996fb92427ae41e4649b934ca495991b7852b855,bytes=0
results/smolvla_libero/guarded_reuse_strict/libero_object/.task_1.lock,lock,0,e3b0c44298fc1c149afbf4c8996fb92427ae41e4649b934ca495991b7852b855,bytes=0
results/smolvla_libero/guarded_reuse_strict/libero_object/.task_2.lock,lock,0,e3b0c44298fc1c149afbf4c8996fb92427ae41e4649b934ca495991b7852b855,bytes=0
results/smolvla_libero/guarded_reuse_strict/libero_object/.task_3.lock,lock,0,e3b0c44298fc1c149afbf4c8996fb92427ae41e4649b934ca495991b7852b855,bytes=0
results/smolvla_libero/guarded_reuse_strict/libero_object/.task_4.lock,lock,0,e3b0c44298fc1c149afbf4c8996fb92427ae41e4649b934ca495991b7852b855,bytes=0
results/smolvla_libero/guarded_reuse_strict/libero_object/.task_5.lock,lock,0,e3b0c44298fc1c149afbf4c8996fb92427ae41e4649b934ca495991b7852b855,bytes=0
results/smolvla_libero/guarded_reuse_strict/libero_object/.task_6.lock,lock,0,e3b0c44298fc1c149afbf4c8996fb92427ae41e4649b934ca495991b7852b855,bytes=0
results/smolvla_libero/guarded_reuse_strict/libero_object/.task_7.lock,lock,0,e3b0c44298fc1c149afbf4c8996fb92427ae41e4649b934ca495991b7852b855,bytes=0
results/smolvla_libero/guarded_reuse_strict/libero_object/.task_8.lock,lock,0,e3b0c44298fc1c149afbf4c8996fb92427ae41e4649b934ca495991b7852b855,bytes=0
results/smolvla_libero/guarded_reuse_strict/libero_object/.task_9.lock,lock,0,e3b0c44298fc1c149afbf4c8996fb92427ae41e4649b934ca495991b7852b855,bytes=0
results/smolvla_libero/guarded_reuse_strict/libero_object/.write.lock,lock,0,e3b0c44298fc1c149afbf4c8996fb92427ae41e4649b934ca495991b7852b855,bytes=0
results/smolvla_libero/guarded_reuse_strict/libero_object/episodes.jsonl,episodes.jsonl,81409,6133d87269449508c8c476b17ce3e3e9865ac5c5ffb540ccd62405f28f21c2b3,records=100
results/smolvla_libero/guarded_reuse_strict/libero_object/summary.json,summary.json,1755,1137879c08bd5e61e1f0c58a9ecaef28a921b51ec9e9961f0de2c9f4328cac9a,"status=completed,episodes=100"
results/smolvla_libero/guarded_reuse_strict/libero_spatial/.task_0.lock,lock,0,e3b0c44298fc1c149afbf4c8996fb92427ae41e4649b934ca495991b7852b855,bytes=0
results/smolvla_libero/guarded_reuse_strict/libero_spatial/.task_1.lock,lock,0,e3b0c44298fc1c149afbf4c8996fb92427ae41e4649b934ca495991b7852b855,bytes=0
results/smolvla_libero/guarded_reuse_strict/libero_spatial/.task_2.lock,lock,0,e3b0c44298fc1c149afbf4c8996fb92427ae41e4649b934ca495991b7852b855,bytes=0
results/smolvla_libero/guarded_reuse_strict/libero_spatial/.task_3.lock,lock,0,e3b0c44298fc1c149afbf4c8996fb92427ae41e4649b934ca495991b7852b855,bytes=0
results/smolvla_libero/guarded_reuse_strict/libero_spatial/.task_4.lock,lock,0,e3b0c44298fc1c149afbf4c8996fb92427ae41e4649b934ca495991b7852b855,bytes=0
results/smolvla_libero/guarded_reuse_strict/libero_spatial/.task_5.lock,lock,0,e3b0c44298fc1c149afbf4c8996fb92427ae41e4649b934ca495991b7852b855,bytes=0
results/smolvla_libero/guarded_reuse_strict/libero_spatial/.task_6.lock,lock,0,e3b0c44298fc1c149afbf4c8996fb92427ae41e4649b934ca495991b7852b855,bytes=0
results/smolvla_libero/guarded_reuse_strict/libero_spatial/.task_7.lock,lock,0,e3b0c44298fc1c149afbf4c8996fb92427ae41e4649b934ca495991b7852b855,bytes=0
results/smolvla_libero/guarded_reuse_strict/libero_spatial/.task_8.lock,lock,0,e3b0c44298fc1c149afbf4c8996fb92427ae41e4649b934ca495991b7852b855,bytes=0
results/smolvla_libero/guarded_reuse_strict/libero_spatial/.task_9.lock,lock,0,e3b0c44298fc1c149afbf4c8996fb92427ae41e4649b934ca495991b7852b855,bytes=0
results/smolvla_libero/guarded_reuse_strict/libero_spatial/.write.lock,lock,0,e3b0c44298fc1c149afbf4c8996fb92427ae41e4649b934ca495991b7852b855,bytes=0
results/smolvla_libero/guarded_reuse_strict/libero_spatial/episodes.jsonl,episodes.jsonl,81496,ac6b67fe6a0a896049af0b2e757273b59ef7a711ebadce0131f038fda97d3003,records=100
results/smolvla_libero/guarded_reuse_strict/libero_spatial/summary.json,summary.json,1772,3d2c5fa2a6a9f6727bdacd964383fc05b5a3305b1bbda4bc3c2454ef344ead98,"status=completed,episodes=100"
results/smolvla_libero/original/libero_10/episodes.jsonl,episodes.jsonl,53226,f1159b707cc6a1adb24b19a90d431cec39d1c78fa90018985676b29ba4fa79c3,records=100
results/smolvla_libero/original/libero_10/summary.json,summary.json,4618,41c68c9f01c1625cef2bb3ff51e275d77efab0e3ead8c54b1f46855553978031,"status=completed,episodes=100"
results/smolvla_libero/original/libero_goal/episodes.jsonl,episodes.jsonl,53256,6026f2987d3ce736d3622c10b569c6e2782374019e89ecea9934db9a444a7dbe,records=100
results/smolvla_libero/original/libero_goal/summary.json,summary.json,4654,1e2d3b3775e85a04babff8c105388b37c6622a54486ee1c602890bc1d99d1947,"status=completed,episodes=100"
results/smolvla_libero/original/libero_object/episodes.jsonl,episodes.jsonl,53570,7087d74d31b33304a13e79f97ccdd324d11706923772f49d975652b12ebc4f9a,records=100
results/smolvla_libero/original/libero_object/summary.json,summary.json,4705,e07d2963d764d5a5be5de2bb751d4f3e87dc976a8dadd12a032c646be1ecb998,"status=completed,episodes=100"
results/smolvla_libero/original/libero_spatial/episodes.jsonl,episodes.jsonl,53628,0084e385aac1638ca8ceb2ea0d2cb12efbc3bc458936a59e967a29d8cfe36059,records=100
results/smolvla_libero/original/libero_spatial/summary.json,summary.json,4724,00e19a03ab52baed67c9abf8599541d0137f6c2fd3918c66f680143c5c550d3d,"status=completed,episodes=100"
results/smolvla_libero/temporal_fusion_conservative_adaptive/libero_10/.task_0.lock,lock,0,e3b0c44298fc1c149afbf4c8996fb92427ae41e4649b934ca495991b7852b855,bytes=0
results/smolvla_libero/temporal_fusion_conservative_adaptive/libero_10/.task_1.lock,lock,0,e3b0c44298fc1c149afbf4c8996fb92427ae41e4649b934ca495991b7852b855,bytes=0
results/smolvla_libero/temporal_fusion_conservative_adaptive/libero_10/.task_2.lock,lock,0,e3b0c44298fc1c149afbf4c8996fb92427ae41e4649b934ca495991b7852b855,bytes=0
results/smolvla_libero/temporal_fusion_conservative_adaptive/libero_10/.task_3.lock,lock,0,e3b0c44298fc1c149afbf4c8996fb92427ae41e4649b934ca495991b7852b855,bytes=0
results/smolvla_libero/temporal_fusion_conservative_adaptive/libero_10/.task_4.lock,lock,0,e3b0c44298fc1c149afbf4c8996fb92427ae41e4649b934ca495991b7852b855,bytes=0
results/smolvla_libero/temporal_fusion_conservative_adaptive/libero_10/.task_5.lock,lock,0,e3b0c44298fc1c149afbf4c8996fb92427ae41e4649b934ca495991b7852b855,bytes=0
results/smolvla_libero/temporal_fusion_conservative_adaptive/libero_10/.task_6.lock,lock,0,e3b0c44298fc1c149afbf4c8996fb92427ae41e4649b934ca495991b7852b855,bytes=0
results/smolvla_libero/temporal_fusion_conservative_adaptive/libero_10/.task_7.lock,lock,0,e3b0c44298fc1c149afbf4c8996fb92427ae41e4649b934ca495991b7852b855,bytes=0
results/smolvla_libero/temporal_fusion_conservative_adaptive/libero_10/.task_8.lock,lock,0,e3b0c44298fc1c149afbf4c8996fb92427ae41e4649b934ca495991b7852b855,bytes=0
results/smolvla_libero/temporal_fusion_conservative_adaptive/libero_10/.task_9.lock,lock,0,e3b0c44298fc1c149afbf4c8996fb92427ae41e4649b934ca495991b7852b855,bytes=0
results/smolvla_libero/temporal_fusion_conservative_adaptive/libero_10/.write.lock,lock,0,e3b0c44298fc1c149afbf4c8996fb92427ae41e4649b934ca495991b7852b855,bytes=0
results/smolvla_libero/temporal_fusion_conservative_adaptive/libero_10/episodes.jsonl,episodes.jsonl,82409,d1c9254689dbd8d11fe4c1666af8a1a7fac223a4eecacc86c92d2dc25a67f11c,records=100
results/smolvla_libero/temporal_fusion_conservative_adaptive/libero_10/summary.json,summary.json,1679,71c001d023c2db50be3945e0a60c1322d898d74a6c8b0cb82f752833f6a3a102,"status=completed,episodes=100"
results/smolvla_libero/temporal_fusion_conservative_adaptive/libero_goal/.task_0.lock,lock,0,e3b0c44298fc1c149afbf4c8996fb92427ae41e4649b934ca495991b7852b855,bytes=0
results/smolvla_libero/temporal_fusion_conservative_adaptive/libero_goal/.task_1.lock,lock,0,e3b0c44298fc1c149afbf4c8996fb92427ae41e4649b934ca495991b7852b855,bytes=0
results/smolvla_libero/temporal_fusion_conservative_adaptive/libero_goal/.task_2.lock,lock,0,e3b0c44298fc1c149afbf4c8996fb92427ae41e4649b934ca495991b7852b855,bytes=0
results/smolvla_libero/temporal_fusion_conservative_adaptive/libero_goal/.task_3.lock,lock,0,e3b0c44298fc1c149afbf4c8996fb92427ae41e4649b934ca495991b7852b855,bytes=0
results/smolvla_libero/temporal_fusion_conservative_adaptive/libero_goal/.task_4.lock,lock,0,e3b0c44298fc1c149afbf4c8996fb92427ae41e4649b934ca495991b7852b855,bytes=0
results/smolvla_libero/temporal_fusion_conservative_adaptive/libero_goal/.task_5.lock,lock,0,e3b0c44298fc1c149afbf4c8996fb92427ae41e4649b934ca495991b7852b855,bytes=0
results/smolvla_libero/temporal_fusion_conservative_adaptive/libero_goal/.task_6.lock,lock,0,e3b0c44298fc1c149afbf4c8996fb92427ae41e4649b934ca495991b7852b855,bytes=0
results/smolvla_libero/temporal_fusion_conservative_adaptive/libero_goal/.task_7.lock,lock,0,e3b0c44298fc1c149afbf4c8996fb92427ae41e4649b934ca495991b7852b855,bytes=0
results/smolvla_libero/temporal_fusion_conservative_adaptive/libero_goal/.task_8.lock,lock,0,e3b0c44298fc1c149afbf4c8996fb92427ae41e4649b934ca495991b7852b855,bytes=0
results/smolvla_libero/temporal_fusion_conservative_adaptive/libero_goal/.task_9.lock,lock,0,e3b0c44298fc1c149afbf4c8996fb92427ae41e4649b934ca495991b7852b855,bytes=0
results/smolvla_libero/temporal_fusion_conservative_adaptive/libero_goal/.write.lock,lock,0,e3b0c44298fc1c149afbf4c8996fb92427ae41e4649b934ca495991b7852b855,bytes=0
results/smolvla_libero/temporal_fusion_conservative_adaptive/libero_goal/episodes.jsonl,episodes.jsonl,82468,e795dde5e817021f2f06b84d275449f75484b97dcbc594b80006038e10a73178,records=100
results/smolvla_libero/temporal_fusion_conservative_adaptive/libero_goal/summary.json,summary.json,1721,65990abf6cac23c158d79efb770cd75e77740a7f496639cec6e78ad11c00b8b6,"status=completed,episodes=100"
results/smolvla_libero/temporal_fusion_conservative_adaptive/libero_object/.task_0.lock,lock,0,e3b0c44298fc1c149afbf4c8996fb92427ae41e4649b934ca495991b7852b855,bytes=0
results/smolvla_libero/temporal_fusion_conservative_adaptive/libero_object/.task_1.lock,lock,0,e3b0c44298fc1c149afbf4c8996fb92427ae41e4649b934ca495991b7852b855,bytes=0
results/smolvla_libero/temporal_fusion_conservative_adaptive/libero_object/.task_2.lock,lock,0,e3b0c44298fc1c149afbf4c8996fb92427ae41e4649b934ca495991b7852b855,bytes=0
results/smolvla_libero/temporal_fusion_conservative_adaptive/libero_object/.task_3.lock,lock,0,e3b0c44298fc1c149afbf4c8996fb92427ae41e4649b934ca495991b7852b855,bytes=0
results/smolvla_libero/temporal_fusion_conservative_adaptive/libero_object/.task_4.lock,lock,0,e3b0c44298fc1c149afbf4c8996fb92427ae41e4649b934ca495991b7852b855,bytes=0
results/smolvla_libero/temporal_fusion_conservative_adaptive/libero_object/.task_5.lock,lock,0,e3b0c44298fc1c149afbf4c8996fb92427ae41e4649b934ca495991b7852b855,bytes=0
results/smolvla_libero/temporal_fusion_conservative_adaptive/libero_object/.task_6.lock,lock,0,e3b0c44298fc1c149afbf4c8996fb92427ae41e4649b934ca495991b7852b855,bytes=0
results/smolvla_libero/temporal_fusion_conservative_adaptive/libero_object/.task_7.lock,lock,0,e3b0c44298fc1c149afbf4c8996fb92427ae41e4649b934ca495991b7852b855,bytes=0
results/smolvla_libero/temporal_fusion_conservative_adaptive/libero_object/.task_8.lock,lock,0,e3b0c44298fc1c149afbf4c8996fb92427ae41e4649b934ca495991b7852b855,bytes=0
results/smolvla_libero/temporal_fusion_conservative_adaptive/libero_object/.task_9.lock,lock,0,e3b0c44298fc1c149afbf4c8996fb92427ae41e4649b934ca495991b7852b855,bytes=0
results/smolvla_libero/temporal_fusion_conservative_adaptive/libero_object/.write.lock,lock,0,e3b0c44298fc1c149afbf4c8996fb92427ae41e4649b934ca495991b7852b855,bytes=0
results/smolvla_libero/temporal_fusion_conservative_adaptive/libero_object/episodes.jsonl,episodes.jsonl,82582,aa1fa0d2108d9feebb6715bdfb6f07d9e11ae9a6026c20b1d995efd4e5d9a9ce,records=100
results/smolvla_libero/temporal_fusion_conservative_adaptive/libero_object/summary.json,summary.json,1766,f6440922bafeea7a47fbe5fd04f513a95fe6205ccd5a3ca8e418215ec9053936,"status=completed,episodes=100"
results/smolvla_libero/temporal_fusion_conservative_adaptive/libero_spatial/.task_0.lock,lock,0,e3b0c44298fc1c149afbf4c8996fb92427ae41e4649b934ca495991b7852b855,bytes=0
results/smolvla_libero/temporal_fusion_conservative_adaptive/libero_spatial/.task_1.lock,lock,0,e3b0c44298fc1c149afbf4c8996fb92427ae41e4649b934ca495991b7852b855,bytes=0
results/smolvla_libero/temporal_fusion_conservative_adaptive/libero_spatial/.task_2.lock,lock,0,e3b0c44298fc1c149afbf4c8996fb92427ae41e4649b934ca495991b7852b855,bytes=0
results/smolvla_libero/temporal_fusion_conservative_adaptive/libero_spatial/.task_3.lock,lock,0,e3b0c44298fc1c149afbf4c8996fb92427ae41e4649b934ca495991b7852b855,bytes=0
results/smolvla_libero/temporal_fusion_conservative_adaptive/libero_spatial/.task_4.lock,lock,0,e3b0c44298fc1c149afbf4c8996fb92427ae41e4649b934ca495991b7852b855,bytes=0
results/smolvla_libero/temporal_fusion_conservative_adaptive/libero_spatial/.task_5.lock,lock,0,e3b0c44298fc1c149afbf4c8996fb92427ae41e4649b934ca495991b7852b855,bytes=0
results/smolvla_libero/temporal_fusion_conservative_adaptive/libero_spatial/.task_6.lock,lock,0,e3b0c44298fc1c149afbf4c8996fb92427ae41e4649b934ca495991b7852b855,bytes=0
results/smolvla_libero/temporal_fusion_conservative_adaptive/libero_spatial/.task_7.lock,lock,0,e3b0c44298fc1c149afbf4c8996fb92427ae41e4649b934ca495991b7852b855,bytes=0
results/smolvla_libero/temporal_fusion_conservative_adaptive/libero_spatial/.task_8.lock,lock,0,e3b0c44298fc1c149afbf4c8996fb92427ae41e4649b934ca495991b7852b855,bytes=0
results/smolvla_libero/temporal_fusion_conservative_adaptive/libero_spatial/.task_9.lock,lock,0,e3b0c44298fc1c149afbf4c8996fb92427ae41e4649b934ca495991b7852b855,bytes=0
results/smolvla_libero/temporal_fusion_conservative_adaptive/libero_spatial/.write.lock,lock,0,e3b0c44298fc1c149afbf4c8996fb92427ae41e4649b934ca495991b7852b855,bytes=0
results/smolvla_libero/temporal_fusion_conservative_adaptive/libero_spatial/episodes.jsonl,episodes.jsonl,82745,74aa00ce23a41a7cc2fae602c9f7113c3e6c1270ec1c157bad2435bfdd3222c4,records=100
results/smolvla_libero/temporal_fusion_conservative_adaptive/libero_spatial/summary.json,summary.json,1785,3506d7de21a5e95656386b46b8b158855409500925744be06346d9e7ded1c53a,"status=completed,episodes=100"
results/smolvla_libero/temporal_fusion_motion_entropy/libero_10/.task_0.lock,lock,0,e3b0c44298fc1c149afbf4c8996fb92427ae41e4649b934ca495991b7852b855,bytes=0
results/smolvla_libero/temporal_fusion_motion_entropy/libero_10/.task_1.lock,lock,0,e3b0c44298fc1c149afbf4c8996fb92427ae41e4649b934ca495991b7852b855,bytes=0
results/smolvla_libero/temporal_fusion_motion_entropy/libero_10/.task_2.lock,lock,0,e3b0c44298fc1c149afbf4c8996fb92427ae41e4649b934ca495991b7852b855,bytes=0
results/smolvla_libero/temporal_fusion_motion_entropy/libero_10/.task_3.lock,lock,0,e3b0c44298fc1c149afbf4c8996fb92427ae41e4649b934ca495991b7852b855,bytes=0
results/smolvla_libero/temporal_fusion_motion_entropy/libero_10/.task_4.lock,lock,0,e3b0c44298fc1c149afbf4c8996fb92427ae41e4649b934ca495991b7852b855,bytes=0
results/smolvla_libero/temporal_fusion_motion_entropy/libero_10/.task_5.lock,lock,0,e3b0c44298fc1c149afbf4c8996fb92427ae41e4649b934ca495991b7852b855,bytes=0
results/smolvla_libero/temporal_fusion_motion_entropy/libero_10/.task_6.lock,lock,0,e3b0c44298fc1c149afbf4c8996fb92427ae41e4649b934ca495991b7852b855,bytes=0
results/smolvla_libero/temporal_fusion_motion_entropy/libero_10/.task_7.lock,lock,0,e3b0c44298fc1c149afbf4c8996fb92427ae41e4649b934ca495991b7852b855,bytes=0
results/smolvla_libero/temporal_fusion_motion_entropy/libero_10/.task_8.lock,lock,0,e3b0c44298fc1c149afbf4c8996fb92427ae41e4649b934ca495991b7852b855,bytes=0
results/smolvla_libero/temporal_fusion_motion_entropy/libero_10/.task_9.lock,lock,0,e3b0c44298fc1c149afbf4c8996fb92427ae41e4649b934ca495991b7852b855,bytes=0
results/smolvla_libero/temporal_fusion_motion_entropy/libero_10/.write.lock,lock,0,e3b0c44298fc1c149afbf4c8996fb92427ae41e4649b934ca495991b7852b855,bytes=0
results/smolvla_libero/temporal_fusion_motion_entropy/libero_10/episodes.jsonl,episodes.jsonl,81675,7b054d9d9908747f4aadd3a466a8dabcd90c30c9a69365a9dcb7791cac737f29,records=100
results/smolvla_libero/temporal_fusion_motion_entropy/libero_10/summary.json,summary.json,1672,249cdf4e30e49eb445db5eb5d47d50b653d00a94e5f481c6a9f443898385dd0a,"status=completed,episodes=100"
results/smolvla_libero/temporal_fusion_motion_entropy/libero_goal/.task_0.lock,lock,0,e3b0c44298fc1c149afbf4c8996fb92427ae41e4649b934ca495991b7852b855,bytes=0
results/smolvla_libero/temporal_fusion_motion_entropy/libero_goal/.task_1.lock,lock,0,e3b0c44298fc1c149afbf4c8996fb92427ae41e4649b934ca495991b7852b855,bytes=0
results/smolvla_libero/temporal_fusion_motion_entropy/libero_goal/.task_2.lock,lock,0,e3b0c44298fc1c149afbf4c8996fb92427ae41e4649b934ca495991b7852b855,bytes=0
results/smolvla_libero/temporal_fusion_motion_entropy/libero_goal/.task_3.lock,lock,0,e3b0c44298fc1c149afbf4c8996fb92427ae41e4649b934ca495991b7852b855,bytes=0
results/smolvla_libero/temporal_fusion_motion_entropy/libero_goal/.task_4.lock,lock,0,e3b0c44298fc1c149afbf4c8996fb92427ae41e4649b934ca495991b7852b855,bytes=0
results/smolvla_libero/temporal_fusion_motion_entropy/libero_goal/.task_5.lock,lock,0,e3b0c44298fc1c149afbf4c8996fb92427ae41e4649b934ca495991b7852b855,bytes=0
results/smolvla_libero/temporal_fusion_motion_entropy/libero_goal/.task_6.lock,lock,0,e3b0c44298fc1c149afbf4c8996fb92427ae41e4649b934ca495991b7852b855,bytes=0
results/smolvla_libero/temporal_fusion_motion_entropy/libero_goal/.task_7.lock,lock,0,e3b0c44298fc1c149afbf4c8996fb92427ae41e4649b934ca495991b7852b855,bytes=0
results/smolvla_libero/temporal_fusion_motion_entropy/libero_goal/.task_8.lock,lock,0,e3b0c44298fc1c149afbf4c8996fb92427ae41e4649b934ca495991b7852b855,bytes=0
results/smolvla_libero/temporal_fusion_motion_entropy/libero_goal/.task_9.lock,lock,0,e3b0c44298fc1c149afbf4c8996fb92427ae41e4649b934ca495991b7852b855,bytes=0
results/smolvla_libero/temporal_fusion_motion_entropy/libero_goal/.write.lock,lock,0,e3b0c44298fc1c149afbf4c8996fb92427ae41e4649b934ca495991b7852b855,bytes=0
results/smolvla_libero/temporal_fusion_motion_entropy/libero_goal/episodes.jsonl,episodes.jsonl,81839,5ad8884a91fca81b626d7601c901c86f2d7834ec5148f17f7d17850cd553a1c7,records=100
results/smolvla_libero/temporal_fusion_motion_entropy/libero_goal/summary.json,summary.json,1715,1dd7809dadfe30b3bc935ea6157ba855a69a05ce1547e6f365496bbeff086c20,"status=completed,episodes=100"
results/smolvla_libero/temporal_fusion_motion_entropy/libero_object/.task_0.lock,lock,0,e3b0c44298fc1c149afbf4c8996fb92427ae41e4649b934ca495991b7852b855,bytes=0
results/smolvla_libero/temporal_fusion_motion_entropy/libero_object/.task_1.lock,lock,0,e3b0c44298fc1c149afbf4c8996fb92427ae41e4649b934ca495991b7852b855,bytes=0
results/smolvla_libero/temporal_fusion_motion_entropy/libero_object/.task_2.lock,lock,0,e3b0c44298fc1c149afbf4c8996fb92427ae41e4649b934ca495991b7852b855,bytes=0
results/smolvla_libero/temporal_fusion_motion_entropy/libero_object/.task_3.lock,lock,0,e3b0c44298fc1c149afbf4c8996fb92427ae41e4649b934ca495991b7852b855,bytes=0
results/smolvla_libero/temporal_fusion_motion_entropy/libero_object/.task_4.lock,lock,0,e3b0c44298fc1c149afbf4c8996fb92427ae41e4649b934ca495991b7852b855,bytes=0
results/smolvla_libero/temporal_fusion_motion_entropy/libero_object/.task_5.lock,lock,0,e3b0c44298fc1c149afbf4c8996fb92427ae41e4649b934ca495991b7852b855,bytes=0
results/smolvla_libero/temporal_fusion_motion_entropy/libero_object/.task_6.lock,lock,0,e3b0c44298fc1c149afbf4c8996fb92427ae41e4649b934ca495991b7852b855,bytes=0
results/smolvla_libero/temporal_fusion_motion_entropy/libero_object/.task_7.lock,lock,0,e3b0c44298fc1c149afbf4c8996fb92427ae41e4649b934ca495991b7852b855,bytes=0
results/smolvla_libero/temporal_fusion_motion_entropy/libero_object/.task_8.lock,lock,0,e3b0c44298fc1c149afbf4c8996fb92427ae41e4649b934ca495991b7852b855,bytes=0
results/smolvla_libero/temporal_fusion_motion_entropy/libero_object/.task_9.lock,lock,0,e3b0c44298fc1c149afbf4c8996fb92427ae41e4649b934ca495991b7852b855,bytes=0
results/smolvla_libero/temporal_fusion_motion_entropy/libero_object/.write.lock,lock,0,e3b0c44298fc1c149afbf4c8996fb92427ae41e4649b934ca495991b7852b855,bytes=0
results/smolvla_libero/temporal_fusion_motion_entropy/libero_object/episodes.jsonl,episodes.jsonl,81746,0b8e62bca18cf963a8ada07bcefca8dcead6999d0b4172c385c6b56a64009930,records=100
results/smolvla_libero/temporal_fusion_motion_entropy/libero_object/summary.json,summary.json,1758,22fc2353fdd6abaa84a7e544585f64bb238a0885ef3959daff86d7c12b6ae87a,"status=completed,episodes=100"
results/smolvla_libero/temporal_fusion_motion_entropy/libero_spatial/.task_0.lock,lock,0,e3b0c44298fc1c149afbf4c8996fb92427ae41e4649b934ca495991b7852b855,bytes=0
results/smolvla_libero/temporal_fusion_motion_entropy/libero_spatial/.task_1.lock,lock,0,e3b0c44298fc1c149afbf4c8996fb92427ae41e4649b934ca495991b7852b855,bytes=0
results/smolvla_libero/temporal_fusion_motion_entropy/libero_spatial/.task_2.lock,lock,0,e3b0c44298fc1c149afbf4c8996fb92427ae41e4649b934ca495991b7852b855,bytes=0
results/smolvla_libero/temporal_fusion_motion_entropy/libero_spatial/.task_3.lock,lock,0,e3b0c44298fc1c149afbf4c8996fb92427ae41e4649b934ca495991b7852b855,bytes=0
results/smolvla_libero/temporal_fusion_motion_entropy/libero_spatial/.task_4.lock,lock,0,e3b0c44298fc1c149afbf4c8996fb92427ae41e4649b934ca495991b7852b855,bytes=0
results/smolvla_libero/temporal_fusion_motion_entropy/libero_spatial/.task_5.lock,lock,0,e3b0c44298fc1c149afbf4c8996fb92427ae41e4649b934ca495991b7852b855,bytes=0
results/smolvla_libero/temporal_fusion_motion_entropy/libero_spatial/.task_6.lock,lock,0,e3b0c44298fc1c149afbf4c8996fb92427ae41e4649b934ca495991b7852b855,bytes=0
results/smolvla_libero/temporal_fusion_motion_entropy/libero_spatial/.task_7.lock,lock,0,e3b0c44298fc1c149afbf4c8996fb92427ae41e4649b934ca495991b7852b855,bytes=0
results/smolvla_libero/temporal_fusion_motion_entropy/libero_spatial/.task_8.lock,lock,0,e3b0c44298fc1c149afbf4c8996fb92427ae41e4649b934ca495991b7852b855,bytes=0
results/smolvla_libero/temporal_fusion_motion_entropy/libero_spatial/.task_9.lock,lock,0,e3b0c44298fc1c149afbf4c8996fb92427ae41e4649b934ca495991b7852b855,bytes=0
results/smolvla_libero/temporal_fusion_motion_entropy/libero_spatial/.write.lock,lock,0,e3b0c44298fc1c149afbf4c8996fb92427ae41e4649b934ca495991b7852b855,bytes=0
results/smolvla_libero/temporal_fusion_motion_entropy/libero_spatial/episodes.jsonl,episodes.jsonl,82430,b984a7bf14cbeba231ee90d17d14176d0adb23809e5faf91321dfb229045e624,records=100
results/smolvla_libero/temporal_fusion_motion_entropy/libero_spatial/summary.json,summary.json,1776,787dd958d2b4a76e77d0694b3318131123fc01100472909cf25d69b027096dde,"status=completed,episodes=100"
results/smolvla_libero/temporal_fusion_task_aware/libero_10/.task_0.lock,lock,0,e3b0c44298fc1c149afbf4c8996fb92427ae41e4649b934ca495991b7852b855,bytes=0
results/smolvla_libero/temporal_fusion_task_aware/libero_10/.task_1.lock,lock,0,e3b0c44298fc1c149afbf4c8996fb92427ae41e4649b934ca495991b7852b855,bytes=0
results/smolvla_libero/temporal_fusion_task_aware/libero_10/.task_2.lock,lock,0,e3b0c44298fc1c149afbf4c8996fb92427ae41e4649b934ca495991b7852b855,bytes=0
results/smolvla_libero/temporal_fusion_task_aware/libero_10/.task_3.lock,lock,0,e3b0c44298fc1c149afbf4c8996fb92427ae41e4649b934ca495991b7852b855,bytes=0
results/smolvla_libero/temporal_fusion_task_aware/libero_10/.task_4.lock,lock,0,e3b0c44298fc1c149afbf4c8996fb92427ae41e4649b934ca495991b7852b855,bytes=0
results/smolvla_libero/temporal_fusion_task_aware/libero_10/.task_5.lock,lock,0,e3b0c44298fc1c149afbf4c8996fb92427ae41e4649b934ca495991b7852b855,bytes=0
results/smolvla_libero/temporal_fusion_task_aware/libero_10/.task_6.lock,lock,0,e3b0c44298fc1c149afbf4c8996fb92427ae41e4649b934ca495991b7852b855,bytes=0
results/smolvla_libero/temporal_fusion_task_aware/libero_10/.task_7.lock,lock,0,e3b0c44298fc1c149afbf4c8996fb92427ae41e4649b934ca495991b7852b855,bytes=0
results/smolvla_libero/temporal_fusion_task_aware/libero_10/.task_8.lock,lock,0,e3b0c44298fc1c149afbf4c8996fb92427ae41e4649b934ca495991b7852b855,bytes=0
results/smolvla_libero/temporal_fusion_task_aware/libero_10/.task_9.lock,lock,0,e3b0c44298fc1c149afbf4c8996fb92427ae41e4649b934ca495991b7852b855,bytes=0
results/smolvla_libero/temporal_fusion_task_aware/libero_10/.write.lock,lock,0,e3b0c44298fc1c149afbf4c8996fb92427ae41e4649b934ca495991b7852b855,bytes=0
results/smolvla_libero/temporal_fusion_task_aware/libero_10/episodes.jsonl,episodes.jsonl,81353,6b146b8b713ec6db47b856288ab33424fb11b7c735633241008ea5cb53301013,records=100
results/smolvla_libero/temporal_fusion_task_aware/libero_10/summary.json,summary.json,1667,16fe2c0118a5911947401fb90354f8bece58776a7ee2d8feb29173271b45dd19,"status=completed,episodes=100"
results/smolvla_libero/temporal_fusion_task_aware/libero_goal/.task_0.lock,lock,0,e3b0c44298fc1c149afbf4c8996fb92427ae41e4649b934ca495991b7852b855,bytes=0
results/smolvla_libero/temporal_fusion_task_aware/libero_goal/.task_1.lock,lock,0,e3b0c44298fc1c149afbf4c8996fb92427ae41e4649b934ca495991b7852b855,bytes=0
results/smolvla_libero/temporal_fusion_task_aware/libero_goal/.task_2.lock,lock,0,e3b0c44298fc1c149afbf4c8996fb92427ae41e4649b934ca495991b7852b855,bytes=0
results/smolvla_libero/temporal_fusion_task_aware/libero_goal/.task_3.lock,lock,0,e3b0c44298fc1c149afbf4c8996fb92427ae41e4649b934ca495991b7852b855,bytes=0
results/smolvla_libero/temporal_fusion_task_aware/libero_goal/.task_4.lock,lock,0,e3b0c44298fc1c149afbf4c8996fb92427ae41e4649b934ca495991b7852b855,bytes=0
results/smolvla_libero/temporal_fusion_task_aware/libero_goal/.task_5.lock,lock,0,e3b0c44298fc1c149afbf4c8996fb92427ae41e4649b934ca495991b7852b855,bytes=0
results/smolvla_libero/temporal_fusion_task_aware/libero_goal/.task_6.lock,lock,0,e3b0c44298fc1c149afbf4c8996fb92427ae41e4649b934ca495991b7852b855,bytes=0
results/smolvla_libero/temporal_fusion_task_aware/libero_goal/.task_7.lock,lock,0,e3b0c44298fc1c149afbf4c8996fb92427ae41e4649b934ca495991b7852b855,bytes=0
results/smolvla_libero/temporal_fusion_task_aware/libero_goal/.task_8.lock,lock,0,e3b0c44298fc1c149afbf4c8996fb92427ae41e4649b934ca495991b7852b855,bytes=0
results/smolvla_libero/temporal_fusion_task_aware/libero_goal/.task_9.lock,lock,0,e3b0c44298fc1c149afbf4c8996fb92427ae41e4649b934ca495991b7852b855,bytes=0
results/smolvla_libero/temporal_fusion_task_aware/libero_goal/.write.lock,lock,0,e3b0c44298fc1c149afbf4c8996fb92427ae41e4649b934ca495991b7852b855,bytes=0
results/smolvla_libero/temporal_fusion_task_aware/libero_goal/episodes.jsonl,episodes.jsonl,81303,5820542a48b9806df8464ca72919bb295bc79620879c9be5785c837ec8ea7c6d,records=100
results/smolvla_libero/temporal_fusion_task_aware/libero_goal/summary.json,summary.json,1712,0be2c1c0d44e5c1caf781799e056e4208737b316fed88c15c4f8dee064f6448a,"status=completed,episodes=100"
results/smolvla_libero/temporal_fusion_task_aware/libero_object/.task_0.lock,lock,0,e3b0c44298fc1c149afbf4c8996fb92427ae41e4649b934ca495991b7852b855,bytes=0
results/smolvla_libero/temporal_fusion_task_aware/libero_object/.task_1.lock,lock,0,e3b0c44298fc1c149afbf4c8996fb92427ae41e4649b934ca495991b7852b855,bytes=0
results/smolvla_libero/temporal_fusion_task_aware/libero_object/.task_2.lock,lock,0,e3b0c44298fc1c149afbf4c8996fb92427ae41e4649b934ca495991b7852b855,bytes=0
results/smolvla_libero/temporal_fusion_task_aware/libero_object/.task_3.lock,lock,0,e3b0c44298fc1c149afbf4c8996fb92427ae41e4649b934ca495991b7852b855,bytes=0
results/smolvla_libero/temporal_fusion_task_aware/libero_object/.task_4.lock,lock,0,e3b0c44298fc1c149afbf4c8996fb92427ae41e4649b934ca495991b7852b855,bytes=0
results/smolvla_libero/temporal_fusion_task_aware/libero_object/.task_5.lock,lock,0,e3b0c44298fc1c149afbf4c8996fb92427ae41e4649b934ca495991b7852b855,bytes=0
results/smolvla_libero/temporal_fusion_task_aware/libero_object/.task_6.lock,lock,0,e3b0c44298fc1c149afbf4c8996fb92427ae41e4649b934ca495991b7852b855,bytes=0
results/smolvla_libero/temporal_fusion_task_aware/libero_object/.task_7.lock,lock,0,e3b0c44298fc1c149afbf4c8996fb92427ae41e4649b934ca495991b7852b855,bytes=0
results/smolvla_libero/temporal_fusion_task_aware/libero_object/.task_8.lock,lock,0,e3b0c44298fc1c149afbf4c8996fb92427ae41e4649b934ca495991b7852b855,bytes=0
results/smolvla_libero/temporal_fusion_task_aware/libero_object/.task_9.lock,lock,0,e3b0c44298fc1c149afbf4c8996fb92427ae41e4649b934ca495991b7852b855,bytes=0
results/smolvla_libero/temporal_fusion_task_aware/libero_object/.write.lock,lock,0,e3b0c44298fc1c149afbf4c8996fb92427ae41e4649b934ca495991b7852b855,bytes=0
results/smolvla_libero/temporal_fusion_task_aware/libero_object/episodes.jsonl,episodes.jsonl,81539,7bd47ad2806944713688d441fd401ae06e6ffa98cef3a25dec0a54e268ffbf6b,records=100
results/smolvla_libero/temporal_fusion_task_aware/libero_object/summary.json,summary.json,1755,135353c43233c0b15cfcb23e10509cddd084cbbe9b916cf312c6d62aa789cfb2,"status=completed,episodes=100"
results/smolvla_libero/temporal_fusion_task_aware/libero_spatial/.task_0.lock,lock,0,e3b0c44298fc1c149afbf4c8996fb92427ae41e4649b934ca495991b7852b855,bytes=0
results/smolvla_libero/temporal_fusion_task_aware/libero_spatial/.task_1.lock,lock,0,e3b0c44298fc1c149afbf4c8996fb92427ae41e4649b934ca495991b7852b855,bytes=0
results/smolvla_libero/temporal_fusion_task_aware/libero_spatial/.task_2.lock,lock,0,e3b0c44298fc1c149afbf4c8996fb92427ae41e4649b934ca495991b7852b855,bytes=0
results/smolvla_libero/temporal_fusion_task_aware/libero_spatial/.task_3.lock,lock,0,e3b0c44298fc1c149afbf4c8996fb92427ae41e4649b934ca495991b7852b855,bytes=0
results/smolvla_libero/temporal_fusion_task_aware/libero_spatial/.task_4.lock,lock,0,e3b0c44298fc1c149afbf4c8996fb92427ae41e4649b934ca495991b7852b855,bytes=0
results/smolvla_libero/temporal_fusion_task_aware/libero_spatial/.task_5.lock,lock,0,e3b0c44298fc1c149afbf4c8996fb92427ae41e4649b934ca495991b7852b855,bytes=0
results/smolvla_libero/temporal_fusion_task_aware/libero_spatial/.task_6.lock,lock,0,e3b0c44298fc1c149afbf4c8996fb92427ae41e4649b934ca495991b7852b855,bytes=0
results/smolvla_libero/temporal_fusion_task_aware/libero_spatial/.task_7.lock,lock,0,e3b0c44298fc1c149afbf4c8996fb92427ae41e4649b934ca495991b7852b855,bytes=0
results/smolvla_libero/temporal_fusion_task_aware/libero_spatial/.task_8.lock,lock,0,e3b0c44298fc1c149afbf4c8996fb92427ae41e4649b934ca495991b7852b855,bytes=0
results/smolvla_libero/temporal_fusion_task_aware/libero_spatial/.task_9.lock,lock,0,e3b0c44298fc1c149afbf4c8996fb92427ae41e4649b934ca495991b7852b855,bytes=0
results/smolvla_libero/temporal_fusion_task_aware/libero_spatial/.write.lock,lock,0,e3b0c44298fc1c149afbf4c8996fb92427ae41e4649b934ca495991b7852b855,bytes=0
results/smolvla_libero/temporal_fusion_task_aware/libero_spatial/episodes.jsonl,episodes.jsonl,81301,cf9f456f44eec21e3c23219cb36aa996fd1a4f0a8b832021bbf7ec92aa278681,records=100
results/smolvla_libero/temporal_fusion_task_aware/libero_spatial/summary.json,summary.json,1772,c2bb6a04fd4ed8e698fe13471b6e4095d109db71733d8e14197c498234bd5a14,"status=completed,episodes=100"
results/spatialvla_simplerenv_bridge/action_repeat2/widowx_carrot_on_plate/episodes.jsonl,episodes.jsonl,34287,cc89fd129581cfe9984efedddaa9152dd27821b85fb8353e2a4f03c06615701e,records=50
results/spatialvla_simplerenv_bridge/action_repeat2/widowx_carrot_on_plate/summary.json,summary.json,3351,72d2ec2efbbc52e731a35264c77f51ec44329eb6754a503dae747078f7e910b1,"status=completed,episodes=50"
results/spatialvla_simplerenv_bridge/action_repeat2/widowx_put_eggplant_in_basket/episodes.jsonl,episodes.jsonl,34585,3dd32ec5cfc8dbd1feac2bc222e99e45f968abe6e0125154187e2430f4438a44,records=50
results/spatialvla_simplerenv_bridge/action_repeat2/widowx_put_eggplant_in_basket/summary.json,summary.json,3381,75c9ff57321f9a8e80917a6a8949b9b0b342c7aeb9b6fe03fe7429f63aa34a24,"status=completed,episodes=50"
results/spatialvla_simplerenv_bridge/action_repeat2/widowx_spoon_on_towel/episodes.jsonl,episodes.jsonl,34212,c786e97450bdbf9ac8a484056a5a95830437399e4d118d1a1ee10fc2dc218de3,records=50
results/spatialvla_simplerenv_bridge/action_repeat2/widowx_spoon_on_towel/summary.json,summary.json,3345,bbbf6bf21a214b5daac7db055b3a8c239f452ab7cc2bda380ae9f28c96ea7fa0,"status=completed,episodes=50"
results/spatialvla_simplerenv_bridge/action_repeat2/widowx_stack_cube/episodes.jsonl,episodes.jsonl,34014,576bca066dbb8ec12683726b1a18fe17846f511190009ebe59a4de39a325d862,records=50
results/spatialvla_simplerenv_bridge/action_repeat2/widowx_stack_cube/summary.json,summary.json,3330,040e68ee8b8617be206a5b533b21e8999e19ccc8a38b10033eccfb289d7ff9ef,"status=completed,episodes=50"
results/spatialvla_simplerenv_bridge/action_repeat4/widowx_carrot_on_plate/episodes.jsonl,episodes.jsonl,34181,8d4249c6fca7925d92e5846bee251840f394e80fd78d080ad3703bb1f8bc0c8e,records=50
results/spatialvla_simplerenv_bridge/action_repeat4/widowx_carrot_on_plate/summary.json,summary.json,3348,dd458ccc9d7e9ce38dfc5ce2a079b07beb09d0e737bed760fd0595abaf9b14a6,"status=completed,episodes=50"
results/spatialvla_simplerenv_bridge/action_repeat4/widowx_put_eggplant_in_basket/episodes.jsonl,episodes.jsonl,34544,585f4f9432d5e2d9ee754a1a4f66160e105490d858eae4086f49b365516239a6,records=50
results/spatialvla_simplerenv_bridge/action_repeat4/widowx_put_eggplant_in_basket/summary.json,summary.json,3380,712c814cfd7149c1bba84761a691a8687d876d4e7e4bf063e52dfcf0babf8047,"status=completed,episodes=50"
results/spatialvla_simplerenv_bridge/action_repeat4/widowx_spoon_on_towel/episodes.jsonl,episodes.jsonl,34103,3b83fe63e6281775a27ca92a0b71e7aefc7391141589a60b9a496ccfc9b58413,records=50
results/spatialvla_simplerenv_bridge/action_repeat4/widowx_spoon_on_towel/summary.json,summary.json,3343,49e7e1f24b5ff0affbe2edcd903d35c40cd1629bdce7cdf376ddeb4c74cc08c0,"status=completed,episodes=50"
results/spatialvla_simplerenv_bridge/action_repeat4/widowx_stack_cube/episodes.jsonl,episodes.jsonl,33932,545c25fab663f4d0161b82a02782919d185ba7a88b455b79f47f55bb49139814,records=50
results/spatialvla_simplerenv_bridge/action_repeat4/widowx_stack_cube/summary.json,summary.json,3326,9f95ef1d276b58ed0ac1dfa855269a4d5e204605105574c866f1015a3b699180,"status=completed,episodes=50"
results/spatialvla_simplerenv_bridge/depth_pruning1/widowx_carrot_on_plate/episodes.jsonl,episodes.jsonl,34262,1ec6752a14f92577152516c09a0e035888db3a7e58a4c51a9722ade02210f308,records=50
results/spatialvla_simplerenv_bridge/depth_pruning1/widowx_carrot_on_plate/summary.json,summary.json,4064,159204f0b860695899ec56a53ca64e20f45596fb934871d7342ebab2c0cfcdd3,"status=completed,episodes=50"
results/spatialvla_simplerenv_bridge/depth_pruning1/widowx_put_eggplant_in_basket/episodes.jsonl,episodes.jsonl,34605,09e505af36cf2c66e32b2e0cb876cd9e3bcb4b3f199517a161b4d114466635ad,records=50
results/spatialvla_simplerenv_bridge/depth_pruning1/widowx_put_eggplant_in_basket/summary.json,summary.json,4096,3eaf0c5d51f41f85c915e07382d6af74318ba3fe38c00fc0a57fae8022c56234,"status=completed,episodes=50"
results/spatialvla_simplerenv_bridge/depth_pruning1/widowx_spoon_on_towel/episodes.jsonl,episodes.jsonl,34204,16185bcac3fa98db27d1c61a703135aa7f7c5b6fab86667d23e44e69cca04ab6,records=50
results/spatialvla_simplerenv_bridge/depth_pruning1/widowx_spoon_on_towel/summary.json,summary.json,4062,6bac3a8b8450a6ce2ff97fb8db7308e8d2e479b54640e71bc2365f6a8d252ea5,"status=completed,episodes=50"
results/spatialvla_simplerenv_bridge/depth_pruning1/widowx_stack_cube/episodes.jsonl,episodes.jsonl,34020,a75b4151f6a5e5f2c22ca0132dffb186e4f0c57e91be99aa7cc5b185bdd1b1d9,records=50
results/spatialvla_simplerenv_bridge/depth_pruning1/widowx_stack_cube/summary.json,summary.json,4048,6bfbec1d54d90b7052fc3481999b84732d6db22344cfc011bba1c02474a05292,"status=completed,episodes=50"
results/spatialvla_simplerenv_bridge/depth_pruning2/widowx_carrot_on_plate/episodes.jsonl,episodes.jsonl,34276,623b97f4cd60d684aeb81935e5027fc30cbc22dd07e89cf690a96827f3eaa5e5,records=50
results/spatialvla_simplerenv_bridge/depth_pruning2/widowx_carrot_on_plate/summary.json,summary.json,4075,ad8f42128598565609b0ca534ce85e1a4136d62d3e40a2f2131d47f210475eb1,"status=completed,episodes=50"
results/spatialvla_simplerenv_bridge/depth_pruning2/widowx_put_eggplant_in_basket/episodes.jsonl,episodes.jsonl,34638,00515c65de24a4a9ddbe00afebd150cfae052032a23a561254a6a3bbbaf3a81d,records=50
results/spatialvla_simplerenv_bridge/depth_pruning2/widowx_put_eggplant_in_basket/summary.json,summary.json,4100,0bd5d0235935b3d5347419128fbc3dd1e34d5c88ec01013c41caa4564aecc371,"status=completed,episodes=50"
results/spatialvla_simplerenv_bridge/depth_pruning2/widowx_spoon_on_towel/episodes.jsonl,episodes.jsonl,34252,d945e45a21b93468bd6987d879a0161429218c5411b96d227d79a37f1cb8e504,records=50
results/spatialvla_simplerenv_bridge/depth_pruning2/widowx_spoon_on_towel/summary.json,summary.json,4066,a388193645d407ecc92b72588f088864b6830eb87da640a6acf5c5e0249329b3,"status=completed,episodes=50"
results/spatialvla_simplerenv_bridge/depth_pruning2/widowx_stack_cube/episodes.jsonl,episodes.jsonl,34036,f76113db047ae662ec6b4b1280f9868de9a8cd80c73cfd2a0e3524a823d2948e,records=50
results/spatialvla_simplerenv_bridge/depth_pruning2/widowx_stack_cube/summary.json,summary.json,4055,d45c24adb3f45535996d298c9ff2510ab8f2bdb294fd5559d2485c492c8c5e4c,"status=completed,episodes=50"
results/spatialvla_simplerenv_bridge/depth_pruning4/widowx_carrot_on_plate/episodes.jsonl,episodes.jsonl,34252,97d1d85f451579b2aba247e088c25fc2d3f625d39681176a3ec100ce72bcb802,records=50
results/spatialvla_simplerenv_bridge/depth_pruning4/widowx_carrot_on_plate/summary.json,summary.json,4098,3ceebbd21e84d3ed4d75e0ec6aa49dc24bf045c1212a5e1f901fe8035098ef77,"status=completed,episodes=50"
results/spatialvla_simplerenv_bridge/depth_pruning4/widowx_put_eggplant_in_basket/episodes.jsonl,episodes.jsonl,34696,64f8fe57e8a8ecd1a51af009e068dff3e2d3638b9de0947c1ed480e6eb19dda2,records=50
results/spatialvla_simplerenv_bridge/depth_pruning4/widowx_put_eggplant_in_basket/summary.json,summary.json,4122,61dc3e0c4c2fc37618cc0cf8326e290f89de2015e6e5b559a821e8ef946c9c21,"status=completed,episodes=50"
results/spatialvla_simplerenv_bridge/depth_pruning4/widowx_spoon_on_towel/episodes.jsonl,episodes.jsonl,34229,f6d789dad839da33d6c95b6a601b2fee617a93da1d799b4f4d68980e71fb5aa2,records=50
results/spatialvla_simplerenv_bridge/depth_pruning4/widowx_spoon_on_towel/summary.json,summary.json,4090,7057041c0adc889f5825f8f961c9f43b31d04be016bc2ce9e3da6a2473a5345b,"status=completed,episodes=50"
results/spatialvla_simplerenv_bridge/depth_pruning4/widowx_stack_cube/episodes.jsonl,episodes.jsonl,34016,42336800d4a7e3579440dfdc65be78172332b3b974dbb7bc6e96fc79253a6c31,records=50
results/spatialvla_simplerenv_bridge/depth_pruning4/widowx_stack_cube/summary.json,summary.json,4078,f907b1e0edb18c3338930383b8067517c9e884883dfb3cdbf16f83d66a752cbb,"status=completed,episodes=50"
results/spatialvla_simplerenv_bridge/fixed_foveation_keep20/widowx_carrot_on_plate/episodes.jsonl,episodes.jsonl,34743,13322be107ab7feabe03edb52d939fb1220f3fb3ea8e0dc7754e6b5274ccef0a,records=50
results/spatialvla_simplerenv_bridge/fixed_foveation_keep20/widowx_carrot_on_plate/summary.json,summary.json,3375,6d0e1b63028f9a4c64d205b7a92c598eb68378c865193f9d695b083c1b236f33,"status=completed,episodes=50"
results/spatialvla_simplerenv_bridge/fixed_foveation_keep20/widowx_put_eggplant_in_basket/episodes.jsonl,episodes.jsonl,35128,9dfd7885ff2e234422a50ec8dd49b642826a481b75a4b16a68a68e2b9c83a279,records=50
results/spatialvla_simplerenv_bridge/fixed_foveation_keep20/widowx_put_eggplant_in_basket/summary.json,summary.json,3409,c544e10495cfdbbb732bfb436cd4048297176f7489d92db34d125f044662dc72,"status=completed,episodes=50"
results/spatialvla_simplerenv_bridge/fixed_foveation_keep20/widowx_spoon_on_towel/episodes.jsonl,episodes.jsonl,34721,af802794569a40391847f353ba5e6f2796b10f859af46e27713ea246e2848250,records=50
results/spatialvla_simplerenv_bridge/fixed_foveation_keep20/widowx_spoon_on_towel/summary.json,summary.json,3376,058e70ba1ddbcf31f7d466b8478f14d153bc2ae917325560cb8d6b9fe8f890b4,"status=completed,episodes=50"
results/spatialvla_simplerenv_bridge/fixed_foveation_keep20/widowx_stack_cube/episodes.jsonl,episodes.jsonl,34528,9fc96699380b9c235a44ad8c079bd8b4f7f45d5336ce260e10eff672ceb8754b,records=50
results/spatialvla_simplerenv_bridge/fixed_foveation_keep20/widowx_stack_cube/summary.json,summary.json,3360,d14dbef8c9538f8546cb8469a60ced1c3315869b1ae406ba0c95d438202a6607,"status=completed,episodes=50"
results/spatialvla_simplerenv_bridge/fixed_foveation_keep50/widowx_carrot_on_plate/episodes.jsonl,episodes.jsonl,34778,b5f0fb7a51fa62419acf348edf4189240d9dc94b7257640c3759b994f0879d81,records=50
results/spatialvla_simplerenv_bridge/fixed_foveation_keep50/widowx_carrot_on_plate/summary.json,summary.json,3381,056f3d2dbbeef673b8d9a97f2c4bfe7e902c43b2c7b0d4e5e81ca48ff67dc45a,"status=completed,episodes=50"
results/spatialvla_simplerenv_bridge/fixed_foveation_keep50/widowx_put_eggplant_in_basket/episodes.jsonl,episodes.jsonl,35125,52d807dac63535e9b073538be94d0038f0731a3c085394ccb2cccdfebd149d38,records=50
results/spatialvla_simplerenv_bridge/fixed_foveation_keep50/widowx_put_eggplant_in_basket/summary.json,summary.json,3409,ba1d7bf10fa5ca90013a2ecd47f2305121100d539fd79a0556545219a7aab28d,"status=completed,episodes=50"
results/spatialvla_simplerenv_bridge/fixed_foveation_keep50/widowx_spoon_on_towel/episodes.jsonl,episodes.jsonl,34710,cfbc992d70a0efd77cdb89058b6b021146047290843927e79b866f494df477e4,records=50
results/spatialvla_simplerenv_bridge/fixed_foveation_keep50/widowx_spoon_on_towel/summary.json,summary.json,3376,38f6493ab7e4fe30490fc1ee0a58e909722f04c55a96484cfb08061f64464d78,"status=completed,episodes=50"
results/spatialvla_simplerenv_bridge/fixed_foveation_keep50/widowx_stack_cube/episodes.jsonl,episodes.jsonl,34534,a89663cd6dd3dc942c48be66297f393097c49f51cb55c336390ac954d9dba0a3,records=50
results/spatialvla_simplerenv_bridge/fixed_foveation_keep50/widowx_stack_cube/summary.json,summary.json,3358,46b98866d7c20f3806a589a6756e5b1def7649ff6a198f1936b736a02c44c556,"status=completed,episodes=50"
results/spatialvla_simplerenv_bridge/guarded_reuse_aggressive/widowx_carrot_on_plate/episodes.jsonl,episodes.jsonl,35113,87bdbc119d9038dd5cdbaa13fe24d90d2fa33bdcfc8a5ce32f5dca8fdcf0f440,records=50
results/spatialvla_simplerenv_bridge/guarded_reuse_aggressive/widowx_carrot_on_plate/summary.json,summary.json,3398,e53bd61e6500a3d205cdb6c3616ba55cf83f64ca8254d4de0d7b7eeb9ce7bcd8,"status=completed,episodes=50"
results/spatialvla_simplerenv_bridge/guarded_reuse_aggressive/widowx_put_eggplant_in_basket/episodes.jsonl,episodes.jsonl,35457,5ea860c77a63428311d6ba5ae5851804e905f376bbcb29050159a974acd7023e,records=50
results/spatialvla_simplerenv_bridge/guarded_reuse_aggressive/widowx_put_eggplant_in_basket/summary.json,summary.json,3423,4e991023f83c2008dd1324cd0fc2920239301b8646e13766e4768f6b167ff63b,"status=completed,episodes=50"
results/spatialvla_simplerenv_bridge/guarded_reuse_aggressive/widowx_spoon_on_towel/episodes.jsonl,episodes.jsonl,35056,50c7971215de8121a57ea122de364b3dc5fb8017f0bba7748c674a0e8b4a450d,records=50
results/spatialvla_simplerenv_bridge/guarded_reuse_aggressive/widowx_spoon_on_towel/summary.json,summary.json,3388,ba18f1ddc9ea1b7e4458e8ef100a12427baeb0c18f03b797087051c6038acb80,"status=completed,episodes=50"
results/spatialvla_simplerenv_bridge/guarded_reuse_aggressive/widowx_stack_cube/episodes.jsonl,episodes.jsonl,34881,0b4129f9b1491e338ad516dd01529d90bebf5f30f387f589adf1eb6558e36470,records=50
results/spatialvla_simplerenv_bridge/guarded_reuse_aggressive/widowx_stack_cube/summary.json,summary.json,3366,203e386353cbf046f6e845e07d3c08e148819c864e9b51a05721f6451c0d89dd,"status=completed,episodes=50"
results/spatialvla_simplerenv_bridge/guarded_reuse_moderate/widowx_carrot_on_plate/episodes.jsonl,episodes.jsonl,35030,3ffc4153b27d02272aa6991888b1793051203785bdd0cee4faadbf9d25ebd70d,records=50
results/spatialvla_simplerenv_bridge/guarded_reuse_moderate/widowx_carrot_on_plate/summary.json,summary.json,3385,e6a70bd8780341e242ae928dd39caf69eff0827ed69ffbbc5dbb860ac04aa913,"status=completed,episodes=50"
results/spatialvla_simplerenv_bridge/guarded_reuse_moderate/widowx_put_eggplant_in_basket/episodes.jsonl,episodes.jsonl,35378,56e8ad579fc34743398677540724a7adddf9d36a311df941903b2edc4d62f5a0,records=50
results/spatialvla_simplerenv_bridge/guarded_reuse_moderate/widowx_put_eggplant_in_basket/summary.json,summary.json,3419,0b7eec2d93207ca14826d5e97fbc44f0316440aaa51ba3f22f11152d247c1b49,"status=completed,episodes=50"
results/spatialvla_simplerenv_bridge/guarded_reuse_moderate/widowx_spoon_on_towel/episodes.jsonl,episodes.jsonl,34980,26d25eba60654dcf6f90424c6dda6e1922c5ac0e39e4b5e72617516d86b27c11,records=50
results/spatialvla_simplerenv_bridge/guarded_reuse_moderate/widowx_spoon_on_towel/summary.json,summary.json,3387,89fe4790910ee1681659d2ee34502bbbe7bf2166b070cb723ee152aa7c1c83ac,"status=completed,episodes=50"
results/spatialvla_simplerenv_bridge/guarded_reuse_moderate/widowx_stack_cube/episodes.jsonl,episodes.jsonl,34770,5d156ac8efa87ad224a6a109e508adf6c5c59091cc696b77a411c76c83f065d9,records=50
results/spatialvla_simplerenv_bridge/guarded_reuse_moderate/widowx_stack_cube/summary.json,summary.json,3364,559b54d66124b820219270fc3149fdf35ee4bcfd05cd5f281804e1d6ca91379f,"status=completed,episodes=50"
results/spatialvla_simplerenv_bridge/guarded_reuse_strict/widowx_carrot_on_plate/episodes.jsonl,episodes.jsonl,34927,d3cdda0e625ad857df0d5d16ab25313b9e9560b4dd42aaa9787b7680e1992135,records=50
results/spatialvla_simplerenv_bridge/guarded_reuse_strict/widowx_carrot_on_plate/summary.json,summary.json,3375,8663a6c75ca431a91af2a5477533443345365b875ab9cab5f806e1b77b0414d1,"status=completed,episodes=50"
results/spatialvla_simplerenv_bridge/guarded_reuse_strict/widowx_put_eggplant_in_basket/episodes.jsonl,episodes.jsonl,35276,c2d01e907ae28d1af5a06651b4c9ff2f2b5bfc684aaff84e600942ee9686ef23,records=50
results/spatialvla_simplerenv_bridge/guarded_reuse_strict/widowx_put_eggplant_in_basket/summary.json,summary.json,3411,6cda6b9f04e51d2f5cdc1555bcd183089cc3a55ac15c5b77b453aa2602bb4ffe,"status=completed,episodes=50"
results/spatialvla_simplerenv_bridge/guarded_reuse_strict/widowx_spoon_on_towel/episodes.jsonl,episodes.jsonl,34865,682918ab58da4696dd3425ad8cc91e852d2aacbaa643e01b6f5e313a3f4fc7cb,records=50
results/spatialvla_simplerenv_bridge/guarded_reuse_strict/widowx_spoon_on_towel/summary.json,summary.json,3379,b1fcfd52dc4926715c22937b485cd29685504b33053f494695dd55ae8589ec8a,"status=completed,episodes=50"
results/spatialvla_simplerenv_bridge/guarded_reuse_strict/widowx_stack_cube/episodes.jsonl,episodes.jsonl,34665,c29b2c6a97cb0fbd9cc5b1ac804e6e8c92bf60a86d921e4711fd3945ff93a66b,records=50
results/spatialvla_simplerenv_bridge/guarded_reuse_strict/widowx_stack_cube/summary.json,summary.json,3363,9bca8eb65df59f57b2c97620f575811250be34b98170328ab0bfda585c97ad41,"status=completed,episodes=50"
results/spatialvla_simplerenv_bridge/original/widowx_carrot_on_plate/episodes.jsonl,episodes.jsonl,33706,23c3fb3a3167deaef89ad86a8ce3e2b27c60bcd6b8b7093d4a2fee75ffb3d5c5,records=50
results/spatialvla_simplerenv_bridge/original/widowx_carrot_on_plate/summary.json,summary.json,3321,b2d8467092715b3f0ac2383c5a8211c5b578e6770ac0f301b7acb1d938e2059d,"status=completed,episodes=50"
results/spatialvla_simplerenv_bridge/original/widowx_put_eggplant_in_basket/episodes.jsonl,episodes.jsonl,34057,fcebd98bd67cf3f59c14fcc0148033f6047f342374987158c43e28e096b94fba,records=50
results/spatialvla_simplerenv_bridge/original/widowx_put_eggplant_in_basket/summary.json,summary.json,3341,1d3c2a24067caed0679b888b0459bb3379d0a95d415f10307ee75718bd9f3df6,"status=completed,episodes=50"
results/spatialvla_simplerenv_bridge/original/widowx_spoon_on_towel/episodes.jsonl,episodes.jsonl,33668,e7910d34017c7c53402b2996e4b45ece6eb091a2dc323fe37c28c88adef5adc0,records=50
results/spatialvla_simplerenv_bridge/original/widowx_spoon_on_towel/summary.json,summary.json,3322,63a5d986c77b5d20e8dedcc96f6567bd3138cc7f3571babaeb788e814821af70,"status=completed,episodes=50"
results/spatialvla_simplerenv_bridge/original/widowx_stack_cube/episodes.jsonl,episodes.jsonl,33466,f7c00ad1bea57b731307b8fc48ede26cebb6a53d98b29a8839e87a93d97f73f8,records=50
results/spatialvla_simplerenv_bridge/original/widowx_stack_cube/summary.json,summary.json,3300,972acb680e63906c69bf2381314eaa54a0d2e039beda441b8ed6587b86e5d97e,"status=completed,episodes=50"
results/spatialvla_simplerenv_bridge/temporal_fusion_conservative_adaptive/widowx_carrot_on_plate/episodes.jsonl,episodes.jsonl,35514,e7b2bc08a09645cdf4b88fa762a34f621e0df42325d51570c3a0d9ffc68b3bc6,records=50
results/spatialvla_simplerenv_bridge/temporal_fusion_conservative_adaptive/widowx_carrot_on_plate/summary.json,summary.json,3421,899c666f8f5af063c6969790dc21ad550514d0639c59a778a739d01d102e1ead,"status=completed,episodes=50"
results/spatialvla_simplerenv_bridge/temporal_fusion_conservative_adaptive/widowx_put_eggplant_in_basket/episodes.jsonl,episodes.jsonl,35853,5df30c3f40ae163b5100c576ed346b47773a37168b9ffe163350a7affe5b6cc4,records=50
results/spatialvla_simplerenv_bridge/temporal_fusion_conservative_adaptive/widowx_put_eggplant_in_basket/summary.json,summary.json,3459,a403ac665e97e94f4c499e47b02163fd2b0d44bf1ef7ac3d1aec30b5489e68cf,"status=completed,episodes=50"
results/spatialvla_simplerenv_bridge/temporal_fusion_conservative_adaptive/widowx_spoon_on_towel/episodes.jsonl,episodes.jsonl,35433,a2f6cde7a64bc15f7609483d1dd04fadd973c24289f14858c694400facb825f3,records=50
results/spatialvla_simplerenv_bridge/temporal_fusion_conservative_adaptive/widowx_spoon_on_towel/summary.json,summary.json,3422,ddb2402f18e62a254a77ef4467e2a045b0f0c095f4c9b64397d81412b4a5be1c,"status=completed,episodes=50"
results/spatialvla_simplerenv_bridge/temporal_fusion_conservative_adaptive/widowx_stack_cube/episodes.jsonl,episodes.jsonl,35264,98d73d30c08a6f38e9288cf5c0d516a2ece23e2c37305dbfa52b40cb7e6bfdad,records=50
results/spatialvla_simplerenv_bridge/temporal_fusion_conservative_adaptive/widowx_stack_cube/summary.json,summary.json,3402,b9a61903e958145bbd594ddef16cf4407575c0cd71037d4bfc3f3599bf1cfc68,"status=completed,episodes=50"
results/spatialvla_simplerenv_bridge/temporal_fusion_motion_entropy/widowx_carrot_on_plate/episodes.jsonl,episodes.jsonl,35170,98fd84affc3a695dc7dcf416649933057b9ecb7d7a28874679f2074d286e28c3,records=50
results/spatialvla_simplerenv_bridge/temporal_fusion_motion_entropy/widowx_carrot_on_plate/summary.json,summary.json,3404,3dd940b888e363b4fe95323beaae2832916454ed85158bd7ed089c0cfd102840,"status=completed,episodes=50"
results/spatialvla_simplerenv_bridge/temporal_fusion_motion_entropy/widowx_put_eggplant_in_basket/episodes.jsonl,episodes.jsonl,35544,25d147a2fb257493d787dedebd8730c8f4f0b47c46548dd88fab78efd4d85359,records=50
results/spatialvla_simplerenv_bridge/temporal_fusion_motion_entropy/widowx_put_eggplant_in_basket/summary.json,summary.json,3429,4180c54376de47e6d7286eab64be0391c2205749041d636385d089af2f8fc6ff,"status=completed,episodes=50"
results/spatialvla_simplerenv_bridge/temporal_fusion_motion_entropy/widowx_spoon_on_towel/episodes.jsonl,episodes.jsonl,35115,e6f0ed990512bf2bfbe9ef2b5733cbde16b42e1fbb2dbfdf7aeca16c3985510e,records=50
results/spatialvla_simplerenv_bridge/temporal_fusion_motion_entropy/widowx_spoon_on_towel/summary.json,summary.json,3402,7c32d0159a2217e450d58a2b095cf110476b6a3ff5b8afa66606234bebf0a6d4,"status=completed,episodes=50"
results/spatialvla_simplerenv_bridge/temporal_fusion_motion_entropy/widowx_stack_cube/episodes.jsonl,episodes.jsonl,34933,c49aea303d169391325a20d522f819396dbe123f92e92e6121a701bcee0ce772,records=50
results/spatialvla_simplerenv_bridge/temporal_fusion_motion_entropy/widowx_stack_cube/summary.json,summary.json,3386,113ca379108fd91e7e6e09985e47fbf21dc6ce3c96ad891963cdb9141bb192ee,"status=completed,episodes=50"
results/spatialvla_simplerenv_bridge/temporal_fusion_task_aware/widowx_carrot_on_plate/episodes.jsonl,episodes.jsonl,34958,9b61e82c70c55cfb4bc310d3e2751f8cfd11c8b815560f0f3a9c64f30f86e67d,records=50
results/spatialvla_simplerenv_bridge/temporal_fusion_task_aware/widowx_carrot_on_plate/summary.json,summary.json,3394,0c0b40ed007dbc5b2efa406f3e5dedd2ccf6834b9ee35d4ecb972ba25bffd093,"status=completed,episodes=50"
results/spatialvla_simplerenv_bridge/temporal_fusion_task_aware/widowx_put_eggplant_in_basket/episodes.jsonl,episodes.jsonl,35296,28a8135f9f14e6f75d9f8fcb91534a6e8f1104866bbcc083ae8328239c27f0cc,records=50
results/spatialvla_simplerenv_bridge/temporal_fusion_task_aware/widowx_put_eggplant_in_basket/summary.json,summary.json,3419,d5613a5b2e88dcb0bd815ce87fbeafec2c35e0281fe22403b1fca17a2e361270,"status=completed,episodes=50"
results/spatialvla_simplerenv_bridge/temporal_fusion_task_aware/widowx_spoon_on_towel/episodes.jsonl,episodes.jsonl,34905,861e5d673878891c2259bc199815db8cd0305c534aec7c080dfd1cd91f7178f8,records=50
results/spatialvla_simplerenv_bridge/temporal_fusion_task_aware/widowx_spoon_on_towel/summary.json,summary.json,3384,3b0c2ed3400de2030e924e8e57d5bc65ed0cc4bfe2ef8cc0e9c3c27cfede9729,"status=completed,episodes=50"
results/spatialvla_simplerenv_bridge/temporal_fusion_task_aware/widowx_stack_cube/episodes.jsonl,episodes.jsonl,34706,29e4d1885786310c0b1216964fb4a62fc755fb14bac57fca74b1107c215b2c62,records=50
results/spatialvla_simplerenv_bridge/temporal_fusion_task_aware/widowx_stack_cube/summary.json,summary.json,3368,d97938184941fb65c318b2ce6d09bf51932db36c1016b2542fc90588f3f40dc8,"status=completed,episodes=50"
results/spatialvla_simplerenv_fractal/action_repeat2/google_robot_close_drawer/episodes.jsonl,episodes.jsonl,34400,fffa23b73aa292521eb417195f8b33fc9452a379791a6d3ba0cd0b23b7a46f70,records=50
results/spatialvla_simplerenv_fractal/action_repeat2/google_robot_close_drawer/summary.json,summary.json,3168,f0b39c4230b3d18b28c845012fee81427690f3b68c272d314b9a0de04122b672,"status=completed,episodes=50"
results/spatialvla_simplerenv_fractal/action_repeat2/google_robot_move_near/episodes.jsonl,episodes.jsonl,34269,083e808fbb115eae6505f1b9bf7f1820977795da21421411bb49e648ffc0805b,records=50
results/spatialvla_simplerenv_fractal/action_repeat2/google_robot_move_near/summary.json,summary.json,3152,721461a46adb027dd785b5dca4675acaa21c71f6d8336e61f7c2c521a56967d1,"status=completed,episodes=50"
results/spatialvla_simplerenv_fractal/action_repeat2/google_robot_open_drawer/episodes.jsonl,episodes.jsonl,34360,3c1698def745a62295a27fe370af076c96cef6580280f5327d261b264f60f179,records=50
results/spatialvla_simplerenv_fractal/action_repeat2/google_robot_open_drawer/summary.json,summary.json,3160,6a6dbe417aa913a4f2be2690d7da3c7dc3e7f453f4d9fc19002cc881d7f0d487,"status=completed,episodes=50"
results/spatialvla_simplerenv_fractal/action_repeat2/google_robot_pick_coke_can/episodes.jsonl,episodes.jsonl,34436,a95ed43e65cef3ed8a6918398d41addc993652b7425fdcc901b4ca4767c56d8f,records=50
results/spatialvla_simplerenv_fractal/action_repeat2/google_robot_pick_coke_can/summary.json,summary.json,3171,64b059f9101e3994ae22cdf44ebdae43be267dcd7a6baf9a7121581f4c12bc6f,"status=completed,episodes=50"
results/spatialvla_simplerenv_fractal/action_repeat2/google_robot_place_apple_in_closed_top_drawer/episodes.jsonl,episodes.jsonl,35455,5794aacef73dac6502b21bda417841b5efb6d5d45a3c8e1a019a5dd0b253e628,records=50
results/spatialvla_simplerenv_fractal/action_repeat2/google_robot_place_apple_in_closed_top_drawer/summary.json,summary.json,3237,b305d0cd0e62c2451110be1edea3423043f7e3f7e6a79d3fd75a32509c157870,"status=completed,episodes=50"
results/spatialvla_simplerenv_fractal/action_repeat4/google_robot_close_drawer/episodes.jsonl,episodes.jsonl,34391,c5fa5d51a6ac7e19f38de522f034407028bd368a5e63ee4a41b1c0aae3398892,records=50
results/spatialvla_simplerenv_fractal/action_repeat4/google_robot_close_drawer/summary.json,summary.json,3167,fc0682126d55b6ed2399a51a90154ae9b6cb0e0586e189099f7ba1266f30ffd3,"status=completed,episodes=50"
results/spatialvla_simplerenv_fractal/action_repeat4/google_robot_move_near/episodes.jsonl,episodes.jsonl,34214,7b0ae4350e7c91c77f5571e494108b39b83502378deeaa7d05f9e77e923869ad,records=50
results/spatialvla_simplerenv_fractal/action_repeat4/google_robot_move_near/summary.json,summary.json,3152,82eb25ea73a2d584566ca1739e014e9049433103ee39a21e39d3d7d242c22f59,"status=completed,episodes=50"
results/spatialvla_simplerenv_fractal/action_repeat4/google_robot_open_drawer/episodes.jsonl,episodes.jsonl,34385,4f06ca3963446d86238080045e0a8116ab192aa5b97d78a49ade538bcc1353f1,records=50
results/spatialvla_simplerenv_fractal/action_repeat4/google_robot_open_drawer/summary.json,summary.json,3162,854b5669771c537662444350764c7001dc01aa67e35f6c2c3baa55d7bda522c8,"status=completed,episodes=50"
results/spatialvla_simplerenv_fractal/action_repeat4/google_robot_pick_coke_can/episodes.jsonl,episodes.jsonl,34420,71f63802c5c0ac6a768c29d5a50b197868196fd8f48bd32b524153025ade4837,records=50
results/spatialvla_simplerenv_fractal/action_repeat4/google_robot_pick_coke_can/summary.json,summary.json,3170,a9c1207a749afb3ce454965aa5b9b6e351ca712a4212777f6e141ca4c33070c5,"status=completed,episodes=50"
results/spatialvla_simplerenv_fractal/action_repeat4/google_robot_place_apple_in_closed_top_drawer/episodes.jsonl,episodes.jsonl,35444,9658faa921f7498e125ddd4ef03ec9f3974cee0bfb763df7c237a97cbb3cca12,records=50
results/spatialvla_simplerenv_fractal/action_repeat4/google_robot_place_apple_in_closed_top_drawer/summary.json,summary.json,3235,bce5ae15a42c2a054392a580423c3059afec87706197fd168a8bf337c823d2ae,"status=completed,episodes=50"
results/spatialvla_simplerenv_fractal/depth_pruning1/google_robot_close_drawer/episodes.jsonl,episodes.jsonl,34483,b86f596f2363eec800f7bfb1a25f52b62dd436b9f52f3f536c7eb9b8ce7bb216,records=50
results/spatialvla_simplerenv_fractal/depth_pruning1/google_robot_close_drawer/summary.json,summary.json,3879,43563557e105c91cedb467e5630b00b12faaceb8648bf58e7cba4f21fad8e492,"status=completed,episodes=50"
results/spatialvla_simplerenv_fractal/depth_pruning1/google_robot_move_near/episodes.jsonl,episodes.jsonl,34314,41d2c25d453453eb2eba807ff6f27bff22631ea1233594bdeff0f2a650b037f7,records=50
results/spatialvla_simplerenv_fractal/depth_pruning1/google_robot_move_near/summary.json,summary.json,3856,5199b0211e4d54a8750b5ceb52223da466cc017c6b48c88a098fc1361b2110a7,"status=completed,episodes=50"
results/spatialvla_simplerenv_fractal/depth_pruning1/google_robot_open_drawer/episodes.jsonl,episodes.jsonl,34471,f44ddffce6931d4ffaef88166b217e043f07e3ed3d763e94ed9e08cec672ef9f,records=50
results/spatialvla_simplerenv_fractal/depth_pruning1/google_robot_open_drawer/summary.json,summary.json,3872,4a67ece58696ca13c052aa79b8538cfa59503a5f10e76bebb3cf0a83c12a92a1,"status=completed,episodes=50"
results/spatialvla_simplerenv_fractal/depth_pruning1/google_robot_pick_coke_can/episodes.jsonl,episodes.jsonl,34473,98d006f056a1a8eff60f482310ba663cb3f32ac6475e8368477beff0f8d39336,records=50
results/spatialvla_simplerenv_fractal/depth_pruning1/google_robot_pick_coke_can/summary.json,summary.json,3883,b267bbdb449bad772ab246427e5f6791cb72b46aa4228232a9bfaa8cda4be213,"status=completed,episodes=50"
results/spatialvla_simplerenv_fractal/depth_pruning1/google_robot_place_apple_in_closed_top_drawer/episodes.jsonl,episodes.jsonl,35505,99818b3d02020228b5a88ad171b01d0dc31fabb8d20ac4b25240180091b5f795,records=50
results/spatialvla_simplerenv_fractal/depth_pruning1/google_robot_place_apple_in_closed_top_drawer/summary.json,summary.json,3952,a07cdb58b99d7f6e47b8db6ef51a5f5335d34f63b59270df15c3250679cc8389,"status=completed,episodes=50"
results/spatialvla_simplerenv_fractal/depth_pruning2/google_robot_close_drawer/episodes.jsonl,episodes.jsonl,34491,8fd768284fe8b3d8b764e7b220dc0070626b1ba1407dd5560a2969183452c530,records=50
results/spatialvla_simplerenv_fractal/depth_pruning2/google_robot_close_drawer/summary.json,summary.json,3886,c60852e9c67089c2c8148692da1ca337ffa422af0af126f4366536bb2c1d4796,"status=completed,episodes=50"
results/spatialvla_simplerenv_fractal/depth_pruning2/google_robot_move_near/episodes.jsonl,episodes.jsonl,34276,aa9138c5f266b777901732e1da084ed4ff2c15320f1fd06eaa81284f80e3ecd2,records=50
results/spatialvla_simplerenv_fractal/depth_pruning2/google_robot_move_near/summary.json,summary.json,3873,faae372138b4a73f2c5e46cd03f5c93ca76be762f129d4e2ce033f6fed92cf07,"status=completed,episodes=50"
results/spatialvla_simplerenv_fractal/depth_pruning2/google_robot_open_drawer/episodes.jsonl,episodes.jsonl,34454,2b1f24c8856c87f0f1db0a005a5334815accd607547192a915923a7bf6a8b997,records=50
results/spatialvla_simplerenv_fractal/depth_pruning2/google_robot_open_drawer/summary.json,summary.json,3884,47903601ed1267254c3bb84910f11a1dcdc97e86107659bad42fcab88c35d767,"status=completed,episodes=50"
results/spatialvla_simplerenv_fractal/depth_pruning2/google_robot_pick_coke_can/episodes.jsonl,episodes.jsonl,34482,ca27bd41e6a8e166bbf547121003fa058b01a1df327969e45d73a808e0f6828a,records=50
results/spatialvla_simplerenv_fractal/depth_pruning2/google_robot_pick_coke_can/summary.json,summary.json,3894,77ceb85d841bda2f1a3128ad8d79556107d68f3ddfe4c4cb679c53d1147e7590,"status=completed,episodes=50"
results/spatialvla_simplerenv_fractal/depth_pruning2/google_robot_place_apple_in_closed_top_drawer/episodes.jsonl,episodes.jsonl,35499,4a5c20c97d99f9c24a5b9b3d144cfc030c5adccc4650fd46c9a4aa521906a898,records=50
results/spatialvla_simplerenv_fractal/depth_pruning2/google_robot_place_apple_in_closed_top_drawer/summary.json,summary.json,3960,26ab58ec155556dc066dc4126c6cdf5ade0bd89c7ea17014543c0545a891d12a,"status=completed,episodes=50"
results/spatialvla_simplerenv_fractal/depth_pruning4/google_robot_close_drawer/episodes.jsonl,episodes.jsonl,34492,7d29032e4bd243ce66be649588cfc342ba2701ffcf23b7e27966f1bea6677681,records=50
results/spatialvla_simplerenv_fractal/depth_pruning4/google_robot_close_drawer/summary.json,summary.json,3912,b4bbd440047c41cd7a49e178cf5262c8b6f9cd6c8e15153ac0250f63fbe2f169,"status=completed,episodes=50"
results/spatialvla_simplerenv_fractal/depth_pruning4/google_robot_move_near/episodes.jsonl,episodes.jsonl,34295,99ce75fca9e4b84b07b4c5e9d14b7ff6bbc45e74810674406ade54270e2042f7,records=50
results/spatialvla_simplerenv_fractal/depth_pruning4/google_robot_move_near/summary.json,summary.json,3896,1ae42b4bec635ebf50a86db70e3ea208e6596a607dfd00cbc38cf1a495f5d452,"status=completed,episodes=50"
results/spatialvla_simplerenv_fractal/depth_pruning4/google_robot_open_drawer/episodes.jsonl,episodes.jsonl,34470,344ceafe3407c7d90d2b6ab41ba49af59bbe47ace49a0b87e071e6441061dd5c,records=50
results/spatialvla_simplerenv_fractal/depth_pruning4/google_robot_open_drawer/summary.json,summary.json,3902,ea020aeee5eae7ba44c5ff92b976550a2f365bbf537867c1c9c450ee405c4131,"status=completed,episodes=50"
results/spatialvla_simplerenv_fractal/depth_pruning4/google_robot_pick_coke_can/episodes.jsonl,episodes.jsonl,34506,e707ff246eefa9252826c656b9d676f033415c6d3095b8cf6346b6fa1a66eb6c,records=50
results/spatialvla_simplerenv_fractal/depth_pruning4/google_robot_pick_coke_can/summary.json,summary.json,3912,6e0eca2fdbc364f42d75915dab3b3a01871490155d88bb77d5dda072c9b37a31,"status=completed,episodes=50"
results/spatialvla_simplerenv_fractal/depth_pruning4/google_robot_place_apple_in_closed_top_drawer/episodes.jsonl,episodes.jsonl,35541,64d4518fdf98186342213096ec987fa7b008938385e729bca14a13ddc4d496d4,records=50
results/spatialvla_simplerenv_fractal/depth_pruning4/google_robot_place_apple_in_closed_top_drawer/summary.json,summary.json,3979,0cbfc444136be2cb12890245f3621887be3826c1094b7f6d0c9ec3c525b819f5,"status=completed,episodes=50"
results/spatialvla_simplerenv_fractal/fixed_foveation_keep20/google_robot_close_drawer/episodes.jsonl,episodes.jsonl,34983,21d07da32bf11957e50b0405e316603aed8bcee897b3d17da090b1dfb6728a4a,records=50
results/spatialvla_simplerenv_fractal/fixed_foveation_keep20/google_robot_close_drawer/summary.json,summary.json,3197,b12f4f1c4287b260b0d380bed3ae1a4f420253e2404ffa792133497a083881da,"status=completed,episodes=50"
results/spatialvla_simplerenv_fractal/fixed_foveation_keep20/google_robot_move_near/episodes.jsonl,episodes.jsonl,34771,cb1e73827964bc1f61c087534e8983c88d6b850df71e62f1e117b77a0eb3f2e3,records=50
results/spatialvla_simplerenv_fractal/fixed_foveation_keep20/google_robot_move_near/summary.json,summary.json,3182,69e5aaef3bb69564c0c9751dd5c44f64c12aa05911ebd08bfb5af7b109ffd721,"status=completed,episodes=50"
results/spatialvla_simplerenv_fractal/fixed_foveation_keep20/google_robot_open_drawer/episodes.jsonl,episodes.jsonl,34937,68e395c843fc2a13156ac0d65c76e310d67e81f9464cbebc69665310e6495b05,records=50
results/spatialvla_simplerenv_fractal/fixed_foveation_keep20/google_robot_open_drawer/summary.json,summary.json,3194,9d330bdee6c0df6ad88d8287c1f4ea436f740b18e6136dd0738c0158d0bb3dc1,"status=completed,episodes=50"
results/spatialvla_simplerenv_fractal/fixed_foveation_keep20/google_robot_pick_coke_can/episodes.jsonl,episodes.jsonl,35008,44aa34971a6ef02cd2db0ff6f6a0ea02852e13b935d6dfa6437d8191a8b9b064,records=50
results/spatialvla_simplerenv_fractal/fixed_foveation_keep20/google_robot_pick_coke_can/summary.json,summary.json,3196,406bb60a5fccb6803bb588c4ed7e8371f6c98e7c0f78c6bd4b2c5fa4f2a3a137,"status=completed,episodes=50"
results/spatialvla_simplerenv_fractal/fixed_foveation_keep20/google_robot_place_apple_in_closed_top_drawer/episodes.jsonl,episodes.jsonl,35981,af6343a5cf1621b8fc9dc52a7c719dfb587f974f91ef04c78793cb3401c81540,records=50
results/spatialvla_simplerenv_fractal/fixed_foveation_keep20/google_robot_place_apple_in_closed_top_drawer/summary.json,summary.json,3268,edee31e13326bd33e406a67a63965c8667db4a3153b9ff44c96be310d783abed,"status=completed,episodes=50"
results/spatialvla_simplerenv_fractal/fixed_foveation_keep50/google_robot_close_drawer/episodes.jsonl,episodes.jsonl,34970,49b8c3be22f5fa20e412d98a2783c0fe354088946db0075dba8db0c6fc322afb,records=50
results/spatialvla_simplerenv_fractal/fixed_foveation_keep50/google_robot_close_drawer/summary.json,summary.json,3199,860281a83a94341e873976a7ed3a8306b95f30f307484c766b070b75ccb682d6,"status=completed,episodes=50"
results/spatialvla_simplerenv_fractal/fixed_foveation_keep50/google_robot_move_near/episodes.jsonl,episodes.jsonl,34787,6b1272605667daf54035f624643bfcc42367ae7c39d3f2fec3d6a14fb5a8142e,records=50
results/spatialvla_simplerenv_fractal/fixed_foveation_keep50/google_robot_move_near/summary.json,summary.json,3180,9cd586bdff8a1c87431991e2d4f4d54ec8a60a00b9d4bbd0f87a7d8f1433ea49,"status=completed,episodes=50"
results/spatialvla_simplerenv_fractal/fixed_foveation_keep50/google_robot_open_drawer/episodes.jsonl,episodes.jsonl,34941,96bfb30d04b1224aabaab58ef1887789b8f366605039a0648549a499169885f5,records=50
results/spatialvla_simplerenv_fractal/fixed_foveation_keep50/google_robot_open_drawer/summary.json,summary.json,3195,eeb24e8764590becae98b4f48e11bd6f19a2f336c6f91f9082736622335ac6f2,"status=completed,episodes=50"
results/spatialvla_simplerenv_fractal/fixed_foveation_keep50/google_robot_pick_coke_can/episodes.jsonl,episodes.jsonl,35001,7fc0ed7dfaafef22a1027479ddc4064049dde29667415d414ed44bc82ceeaf47,records=50
results/spatialvla_simplerenv_fractal/fixed_foveation_keep50/google_robot_pick_coke_can/summary.json,summary.json,3199,8ca30292e4ab45dd6e0ed34d52e9e4bb204c50febb085e47469fd2531629e9aa,"status=completed,episodes=50"
results/spatialvla_simplerenv_fractal/fixed_foveation_keep50/google_robot_place_apple_in_closed_top_drawer/episodes.jsonl,episodes.jsonl,36000,fa3dc98b676cf8487fb4db72baeaf47f210ff7dc321a3adbc4ec77617dba0815,records=50
results/spatialvla_simplerenv_fractal/fixed_foveation_keep50/google_robot_place_apple_in_closed_top_drawer/summary.json,summary.json,3266,3efea1e3853419511b110d69c29cdd966ee87698cbd73fd53d0fe33aef4dbb2c,"status=completed,episodes=50"
results/spatialvla_simplerenv_fractal/guarded_reuse_aggressive/google_robot_close_drawer/episodes.jsonl,episodes.jsonl,35309,20d23b6a1294318abdd898bf92b032af5f5bde4b1786d3ab2d38fce39ef6e3d2,records=50
results/spatialvla_simplerenv_fractal/guarded_reuse_aggressive/google_robot_close_drawer/summary.json,summary.json,3212,f62a24635535f43bb5b8d27eb2f0571fd46fd357a6035eca3972331adeac254b,"status=completed,episodes=50"
results/spatialvla_simplerenv_fractal/guarded_reuse_aggressive/google_robot_move_near/episodes.jsonl,episodes.jsonl,35135,1e497aa5c8ca89c06f2dec054ad3acbd91858a52117d50fa782684a05d284cd4,records=50
results/spatialvla_simplerenv_fractal/guarded_reuse_aggressive/google_robot_move_near/summary.json,summary.json,3202,869d13d5db27e9927a536b5e8eb5cdc029cb1cc6ed65330bfe625e2b7048b24a,"status=completed,episodes=50"
results/spatialvla_simplerenv_fractal/guarded_reuse_aggressive/google_robot_open_drawer/episodes.jsonl,episodes.jsonl,35272,52e19ead62cf5b82c6a96db456d62a5e463e35d7d5dfb2061331dfe961bc66eb,records=50
results/spatialvla_simplerenv_fractal/guarded_reuse_aggressive/google_robot_open_drawer/summary.json,summary.json,3204,0dc0a6d9acad0fd62183e6d6ade1e6d1ac05130afb346e10602b7a8aeb918c61,"status=completed,episodes=50"
results/spatialvla_simplerenv_fractal/guarded_reuse_aggressive/google_robot_pick_coke_can/episodes.jsonl,episodes.jsonl,35338,043d5f169275daa252a15a593f40f78ecc7ed3840a4099e688e28cf462993496,records=50
results/spatialvla_simplerenv_fractal/guarded_reuse_aggressive/google_robot_pick_coke_can/summary.json,summary.json,3208,c1bb3780bc223ce8f878524a986b5de4b76f2c1472b57d45831ce292f02ed069,"status=completed,episodes=50"
results/spatialvla_simplerenv_fractal/guarded_reuse_aggressive/google_robot_place_apple_in_closed_top_drawer/episodes.jsonl,episodes.jsonl,36361,81453213bbb09acb914f15829c6740ca2ae40fb2fd4f6d133f18239805e1ce17,records=50
results/spatialvla_simplerenv_fractal/guarded_reuse_aggressive/google_robot_place_apple_in_closed_top_drawer/summary.json,summary.json,3284,053b96ffce386d76566a6cafe67f19e54931f2b7837905089ec25835979f546e,"status=completed,episodes=50"
results/spatialvla_simplerenv_fractal/guarded_reuse_moderate/google_robot_close_drawer/episodes.jsonl,episodes.jsonl,35250,68d68ef43e03e7b63f643ee55de071ec144b812467331e1ea453e1d96581ca88,records=50
results/spatialvla_simplerenv_fractal/guarded_reuse_moderate/google_robot_close_drawer/summary.json,summary.json,3208,369e1da8492d702b4e31f5d3be257e47093a66bccba4b71fc9681f165c130019,"status=completed,episodes=50"
results/spatialvla_simplerenv_fractal/guarded_reuse_moderate/google_robot_move_near/episodes.jsonl,episodes.jsonl,35043,b7b74fe59ed8c6c7fd69c54bc150a56180c5ac67ec55c549e06539e95788d587,records=50
results/spatialvla_simplerenv_fractal/guarded_reuse_moderate/google_robot_move_near/summary.json,summary.json,3194,bdbe056c517432467b5ba668e905408d8fcccacc847f40b34011aa5b4f46da91,"status=completed,episodes=50"
results/spatialvla_simplerenv_fractal/guarded_reuse_moderate/google_robot_open_drawer/episodes.jsonl,episodes.jsonl,35214,da8224ec7acc437283c9a583c65d8ce07aa547699be81723e60f18d5310e38d0,records=50
results/spatialvla_simplerenv_fractal/guarded_reuse_moderate/google_robot_open_drawer/summary.json,summary.json,3200,7357f892e21cf59022db5ce9e6907b27b5ed9abca9ca50ae00fa1858e126509f,"status=completed,episodes=50"
results/spatialvla_simplerenv_fractal/guarded_reuse_moderate/google_robot_pick_coke_can/episodes.jsonl,episodes.jsonl,35261,e6d744d95b6553281fee14e2ca964edf80a39a5d22df65bcc7bab1610dba846e,records=50
results/spatialvla_simplerenv_fractal/guarded_reuse_moderate/google_robot_pick_coke_can/summary.json,summary.json,3212,6a73665753c83b4edba1b1bdf4d275d0570d2a93a183e4437a983e4b1b8628bf,"status=completed,episodes=50"
results/spatialvla_simplerenv_fractal/guarded_reuse_moderate/google_robot_place_apple_in_closed_top_drawer/episodes.jsonl,episodes.jsonl,36252,bbd96dae59320f6157e39ad9c0120f42528bc41002bd21de470ea13bb0168ceb,records=50
results/spatialvla_simplerenv_fractal/guarded_reuse_moderate/google_robot_place_apple_in_closed_top_drawer/summary.json,summary.json,3279,904a5cd8ae73053adf84bf5cd87894784934593bfb516169df6aa0ed285c69aa,"status=completed,episodes=50"
results/spatialvla_simplerenv_fractal/guarded_reuse_strict/google_robot_close_drawer/episodes.jsonl,episodes.jsonl,35141,790ac9e8a2097977bbbed28e2d6e9d85b3ff697f055b54bda0af4acee617b353,records=50
results/spatialvla_simplerenv_fractal/guarded_reuse_strict/google_robot_close_drawer/summary.json,summary.json,3202,4e60950593a6ecfb029ac118946417a662e643fc6a678c20e2131beae66fc2d5,"status=completed,episodes=50"
results/spatialvla_simplerenv_fractal/guarded_reuse_strict/google_robot_move_near/episodes.jsonl,episodes.jsonl,34926,61a0f7557d519a9ba26218bd8d9b93df14c41ffef3f4e3574f2599d1257cee4a,records=50
results/spatialvla_simplerenv_fractal/guarded_reuse_strict/google_robot_move_near/summary.json,summary.json,3188,6ecdad607477d675d1b19abc4c7da6c43d52bf4470b9e37ca16d02b56ff3d9da,"status=completed,episodes=50"
results/spatialvla_simplerenv_fractal/guarded_reuse_strict/google_robot_open_drawer/episodes.jsonl,episodes.jsonl,35073,0c88968ecc69f8bf4321ea250c7a0e7380446df7a6406ec73c688eb97bfc7751,records=50
results/spatialvla_simplerenv_fractal/guarded_reuse_strict/google_robot_open_drawer/summary.json,summary.json,3195,7f5979646641ddf4d5302f8b0595ecc8446c449c9569ba3049a7d705be11456d,"status=completed,episodes=50"
results/spatialvla_simplerenv_fractal/guarded_reuse_strict/google_robot_pick_coke_can/episodes.jsonl,episodes.jsonl,35123,63cadca5be6ef597b7fdf5098042830a0a19362319b62d55f4db11d9ba191747,records=50
results/spatialvla_simplerenv_fractal/guarded_reuse_strict/google_robot_pick_coke_can/summary.json,summary.json,3204,07969f83e6b76eac2920688976b44d65501b7d8769a1f5e5837ed17d8ecba8c2,"status=completed,episodes=50"
results/spatialvla_simplerenv_fractal/guarded_reuse_strict/google_robot_place_apple_in_closed_top_drawer/episodes.jsonl,episodes.jsonl,36147,bd53f7e3704b67a2219c694d7ee3c194503f56a938de84ec9c291421fdf99c6a,records=50
results/spatialvla_simplerenv_fractal/guarded_reuse_strict/google_robot_place_apple_in_closed_top_drawer/summary.json,summary.json,3273,4f6634414c50af0530c298e6e82ebb0dcd8dcd89a8e303a5f9c3846b5ca92bbf,"status=completed,episodes=50"
results/spatialvla_simplerenv_fractal/original/google_robot_close_drawer/episodes.jsonl,episodes.jsonl,33947,61a016f68a16502e5910f3b9a55953a765a2659be6c30ac19751ba188f15c3b9,records=50
results/spatialvla_simplerenv_fractal/original/google_robot_close_drawer/summary.json,summary.json,3141,961860fc9672153feb932153ba247d7bba22f77be52344fceb239fd36b6b14f6,"status=completed,episodes=50"
results/spatialvla_simplerenv_fractal/original/google_robot_move_near/episodes.jsonl,episodes.jsonl,33754,e3043a8c6a3a0eb7515a204427e37eb7120b0985ce3338ef869123f15622f988,records=50
results/spatialvla_simplerenv_fractal/original/google_robot_move_near/summary.json,summary.json,3128,ae46251a792d3e6a308dfbfa27cc512880ca9ec83ee8c1e6da5258fe68775907,"status=completed,episodes=50"
results/spatialvla_simplerenv_fractal/original/google_robot_open_drawer/episodes.jsonl,episodes.jsonl,33865,2873d57219565922426027217b504fc36d11bebca8723f224fc585a224c4a3ca,records=50
results/spatialvla_simplerenv_fractal/original/google_robot_open_drawer/summary.json,summary.json,3137,8039b1af21918d0f6f731aa16c7e026aabcfc38a88966b28d8bb9d3e4e23212b,"status=completed,episodes=50"
results/spatialvla_simplerenv_fractal/original/google_robot_pick_coke_can/episodes.jsonl,episodes.jsonl,33916,ff4ebbce4e430c3c64eae28f4c90c4770812c3c9391d651a8a265fa3f4bc87e5,records=50
results/spatialvla_simplerenv_fractal/original/google_robot_pick_coke_can/summary.json,summary.json,3147,a03eb00e677ba343e84d1946dc8db59b0fcd8c0e7a947b917ec9629ec52c7f86,"status=completed,episodes=50"
results/spatialvla_simplerenv_fractal/original/google_robot_place_apple_in_closed_top_drawer/episodes.jsonl,episodes.jsonl,34958,36eb79c864854c6cae262dd3a31a282a65ac364328ecc719242d9fa8e9106cd4,records=50
results/spatialvla_simplerenv_fractal/original/google_robot_place_apple_in_closed_top_drawer/summary.json,summary.json,3208,f8cd0eee95f2d828c09a596776b29dc980ac937512ed3e91eaca2104317d8110,"status=completed,episodes=50"
results/spatialvla_simplerenv_fractal/temporal_fusion_conservative_adaptive/google_robot_close_drawer/episodes.jsonl,episodes.jsonl,35721,4062f1239d0b9b33b69603f4760c6acaaa959810645c2d5da8455cdf3f8f0a7e,records=50
results/spatialvla_simplerenv_fractal/temporal_fusion_conservative_adaptive/google_robot_close_drawer/summary.json,summary.json,3241,baef399ebebe528cc7ca937d579cfa21f990c3f38c1bd98988b6297745f6a624,"status=completed,episodes=50"
results/spatialvla_simplerenv_fractal/temporal_fusion_conservative_adaptive/google_robot_move_near/episodes.jsonl,episodes.jsonl,35540,8ed26fd96255bda61b742212a09ad20d85b0e4316ef2a78c1c1a7a95bbe35461,records=50
results/spatialvla_simplerenv_fractal/temporal_fusion_conservative_adaptive/google_robot_move_near/summary.json,summary.json,3232,7cb2279504110b14dfb33ff355901810484c8502439a0e189edf6ca8ab5ca9cb,"status=completed,episodes=50"
results/spatialvla_simplerenv_fractal/temporal_fusion_conservative_adaptive/google_robot_open_drawer/episodes.jsonl,episodes.jsonl,35679,e6aeaf3c483e7f13e90099d0a6c32590d2ec3462531185994f67a5f65117b62e,records=50
results/spatialvla_simplerenv_fractal/temporal_fusion_conservative_adaptive/google_robot_open_drawer/summary.json,summary.json,3241,f22db75663465246206117a238656a6bf53851819c90ce5d8f4663bc33ca1742,"status=completed,episodes=50"
results/spatialvla_simplerenv_fractal/temporal_fusion_conservative_adaptive/google_robot_pick_coke_can/episodes.jsonl,episodes.jsonl,35760,62dc830269de7b440eaf0b720faf6ca861bf8d26e4e521c13aede5685327b664,records=50
results/spatialvla_simplerenv_fractal/temporal_fusion_conservative_adaptive/google_robot_pick_coke_can/summary.json,summary.json,3248,64592dc9e6adc7a40f2c761327e7f16877a2d742201523ad8ea8e4b34d83ebf7,"status=completed,episodes=50"
results/spatialvla_simplerenv_fractal/temporal_fusion_conservative_adaptive/google_robot_place_apple_in_closed_top_drawer/episodes.jsonl,episodes.jsonl,36740,181f7f5db9f7f932b539fa98fe68a716a0c01b3fd97d0c76f5e9652ced4a2dd2,records=50
results/spatialvla_simplerenv_fractal/temporal_fusion_conservative_adaptive/google_robot_place_apple_in_closed_top_drawer/summary.json,summary.json,3315,b36876bf7b623e02dc86edfbd4817e628a922515f36734bcd08d85296bcc1253,"status=completed,episodes=50"
results/spatialvla_simplerenv_fractal/temporal_fusion_motion_entropy/google_robot_close_drawer/episodes.jsonl,episodes.jsonl,35365,895e6dfb092f79a87b3515e77786fbf09780c9572475765f956d425760a28181,records=50
results/spatialvla_simplerenv_fractal/temporal_fusion_motion_entropy/google_robot_close_drawer/summary.json,summary.json,3218,f0e88bc4f94a333a6d94a53a1d75a58f88cf9513ca09f911bfba683c6be0a36a,"status=completed,episodes=50"
results/spatialvla_simplerenv_fractal/temporal_fusion_motion_entropy/google_robot_move_near/episodes.jsonl,episodes.jsonl,35172,ac590409eed9c5e3e7a62524ce294089cda91496de8b20ba23bac204004f218e,records=50
results/spatialvla_simplerenv_fractal/temporal_fusion_motion_entropy/google_robot_move_near/summary.json,summary.json,3209,08727be0da202462fa0f24d9f4ce85f27d57fdafd9036ec653952f43fc1beaed,"status=completed,episodes=50"
results/spatialvla_simplerenv_fractal/temporal_fusion_motion_entropy/google_robot_open_drawer/episodes.jsonl,episodes.jsonl,35346,d7c1cd440ae4ca27514863eea69ebc447f3b33c5f741514110581533a3ce2bd6,records=50
results/spatialvla_simplerenv_fractal/temporal_fusion_motion_entropy/google_robot_open_drawer/summary.json,summary.json,3223,67b909b26e9239cf3fdb58fb78ab70386f27aaaabcfd19e0a3dc1b4113fdf7ca,"status=completed,episodes=50"
results/spatialvla_simplerenv_fractal/temporal_fusion_motion_entropy/google_robot_pick_coke_can/episodes.jsonl,episodes.jsonl,35376,6eff6aa83fe3640a15709a01178254b5ee92bcdc4083c4685076caa6c5d5d0fa,records=50
results/spatialvla_simplerenv_fractal/temporal_fusion_motion_entropy/google_robot_pick_coke_can/summary.json,summary.json,3225,4197524b7feed5caf1ce3a46d3f090630d232a8a5b835bf217c95fecffc51b02,"status=completed,episodes=50"
results/spatialvla_simplerenv_fractal/temporal_fusion_motion_entropy/google_robot_place_apple_in_closed_top_drawer/episodes.jsonl,episodes.jsonl,36384,0815cf21428bf1a2973a4baac7037ba5d93dbfaad4d1d43458adebc148eb61d2,records=50
results/spatialvla_simplerenv_fractal/temporal_fusion_motion_entropy/google_robot_place_apple_in_closed_top_drawer/summary.json,summary.json,3298,77599095856dd750bc53c1a3804eb3e0bf3592420464d604c844a0be70d01be5,"status=completed,episodes=50"
results/spatialvla_simplerenv_fractal/temporal_fusion_task_aware/google_robot_close_drawer/episodes.jsonl,episodes.jsonl,35183,e3180bacf539ce37bde4d0ae74a5df34b8e9b3fc8111ba3a58db16243d5c7e34,records=50
results/spatialvla_simplerenv_fractal/temporal_fusion_task_aware/google_robot_close_drawer/summary.json,summary.json,3206,e00ce03f24cb7240e1b768e3c44749cff13183489ab6765c1d17c114fdd22969,"status=completed,episodes=50"
results/spatialvla_simplerenv_fractal/temporal_fusion_task_aware/google_robot_move_near/episodes.jsonl,episodes.jsonl,34995,adfddb041bd874a80ee43164dc462253b5803f0dd589b9a3d5ced74111256ae5,records=50
results/spatialvla_simplerenv_fractal/temporal_fusion_task_aware/google_robot_move_near/summary.json,summary.json,3199,8e2dd18bc2015da8874575988280c2eb33b52df80d9a38f29c4b301754c4e9c7,"status=completed,episodes=50"
results/spatialvla_simplerenv_fractal/temporal_fusion_task_aware/google_robot_open_drawer/episodes.jsonl,episodes.jsonl,35143,59da58fb4f7aa9eef612d87fc3b58baaf97ced1fc7e8dbf9ed34943348fe676c,records=50
results/spatialvla_simplerenv_fractal/temporal_fusion_task_aware/google_robot_open_drawer/summary.json,summary.json,3204,418e187619d4356cc866533802d9765721158acc1f8c5a0510a3a1562ce5552e,"status=completed,episodes=50"
results/spatialvla_simplerenv_fractal/temporal_fusion_task_aware/google_robot_pick_coke_can/episodes.jsonl,episodes.jsonl,35196,6bc69b9dbf57881226341f5fac3615668884e2a2f3168e4eb5876d7e3dde0950,records=50
results/spatialvla_simplerenv_fractal/temporal_fusion_task_aware/google_robot_pick_coke_can/summary.json,summary.json,3212,4ff48aab1c371e62acffca5fe331e7fa7469e242670ee20ab665dcc901397ef3,"status=completed,episodes=50"
results/spatialvla_simplerenv_fractal/temporal_fusion_task_aware/google_robot_place_apple_in_closed_top_drawer/episodes.jsonl,episodes.jsonl,36194,d329b31d0236c77947afc910c0fd66bec60e9c21a5f5526eef37e0d438bc2b35,records=50
results/spatialvla_simplerenv_fractal/temporal_fusion_task_aware/google_robot_place_apple_in_closed_top_drawer/summary.json,summary.json,3281,20178ea2bc979ec46fa8e70054b95c669bba3ae52980c06330853be6c35d76ab,"status=completed,episodes=50"
results/univla_libero/action_repeat2/libero_10/episodes.jsonl,episodes.jsonl,66249,316732de8465be072b36addacf60ee5673fe5e8754aa5d14b78893cbea66a5f7,records=100
results/univla_libero/action_repeat2/libero_10/summary.json,summary.json,6164,e40b86c156a646371f2f1ba78e6a3502fbd5edf3e442b2c553ae689bf4c20576,"status=completed,episodes=100"
results/univla_libero/action_repeat2/libero_goal/episodes.jsonl,episodes.jsonl,66348,9c5b77436bd1fc33fb9deceba6152282e51734eb68152751a2271805a6eb90ee,records=100
results/univla_libero/action_repeat2/libero_goal/summary.json,summary.json,6223,d02dbb00a96b16e9c60e29519427c6aa20cc732caf72b94a01607b7d8a645e8c,"status=completed,episodes=100"
results/univla_libero/action_repeat2/libero_object/episodes.jsonl,episodes.jsonl,66628,0f3d2053b202782ce49d16b12b9da347b5ad27c1911bfd7e2756cf233291e63e,records=100
results/univla_libero/action_repeat2/libero_object/summary.json,summary.json,6285,b180cd0df9aa1ad3b881b26c1e62914eb9cd1bd2c4d6f8dc6ce370217c3b5643,"status=completed,episodes=100"
results/univla_libero/action_repeat2/libero_spatial/episodes.jsonl,episodes.jsonl,66694,82c648616ac50ba8cab7a11ba4c746909a38f7c26a43212dded98b9e15d455fa,records=100
results/univla_libero/action_repeat2/libero_spatial/summary.json,summary.json,6319,e05dea13dcf2b6034bcdc47b9e5120a8a08d21d424155fc2869529e87b1880f1,"status=completed,episodes=100"
results/univla_libero/action_repeat4/libero_10/episodes.jsonl,episodes.jsonl,66422,2e309efda9d492aeb38258d276211e4663f4654c46c1bc73f468203394377892,records=100
results/univla_libero/action_repeat4/libero_10/summary.json,summary.json,6167,fc6f53a8bf265ff9740e4c4be5d08d7085cc2fbfe296267105c3bdf650550546,"status=completed,episodes=100"
results/univla_libero/action_repeat4/libero_goal/episodes.jsonl,episodes.jsonl,66456,c9099397e4369545e72eec08a0e936da20898125f25501c5e906d3601f6c3b33,records=100
results/univla_libero/action_repeat4/libero_goal/summary.json,summary.json,6210,c235f0c312b56e1ccd6fda7c41670ccc52cb41f602358ed91554c266442df9d2,"status=completed,episodes=100"
results/univla_libero/action_repeat4/libero_object/episodes.jsonl,episodes.jsonl,66643,8a439d0f78b2bc39480ac9b4a63bbe18dfdf71507b9b24e727d12a0e465da2b5,records=100
results/univla_libero/action_repeat4/libero_object/summary.json,summary.json,6275,a124d8e948ffec2047a5fcc7b2dd2f4e798018e48e3020ce6e75f5c53839b4b5,"status=completed,episodes=100"
results/univla_libero/action_repeat4/libero_spatial/episodes.jsonl,episodes.jsonl,66809,ccff75ccdd234d3ae84c903909d2bd777462bf6fb824ec93e9d81f0b05f29bdb,records=100
results/univla_libero/action_repeat4/libero_spatial/summary.json,summary.json,6301,554d1024645a741e3ec18a767dcd7ae6b534061b65baed5e98247fdf7686f457,"status=completed,episodes=100"
results/univla_libero/depth_pruning1/libero_10/episodes.jsonl,episodes.jsonl,66031,4d6f8c17dfa4775c9020aea0231156b1d328ca424a416cb4da8a7f5dfc66e53c,records=100
results/univla_libero/depth_pruning1/libero_10/summary.json,summary.json,7069,0e16dbd5c0aa95183228b62ab238a84024e59fe46cc202000664e90526b8e503,"status=completed,episodes=100"
results/univla_libero/depth_pruning1/libero_goal/episodes.jsonl,episodes.jsonl,66044,a9e71a8bbf18b6346295fe46448f68faa329d077663678c8290cd3cd0d6e947e,records=100
results/univla_libero/depth_pruning1/libero_goal/summary.json,summary.json,7121,77c3f93e0139bd50427ee4a13e5a9ccda41a262c85d62f7023295a18f7f2a032,"status=completed,episodes=100"
results/univla_libero/depth_pruning1/libero_object/episodes.jsonl,episodes.jsonl,66333,3957ce812d95f89b5a20da790795811f4783c812476834f1115d879c2a25a0d2,records=100
results/univla_libero/depth_pruning1/libero_object/summary.json,summary.json,7190,6a0688b2335730d0fa006fc15c29ce3c8e9d06c8b6c891b2759f5ed1845fda83,"status=completed,episodes=100"
results/univla_libero/depth_pruning1/libero_spatial/episodes.jsonl,episodes.jsonl,66341,17f0134f207ea96c716f89cc6089283cd9d9b7ccada94c488b0b72860f6603ed,records=100
results/univla_libero/depth_pruning1/libero_spatial/summary.json,summary.json,7214,72a8339df9bfb55e5f34d19ce8f4b4fe4f81cc9037f9a2281b285be5aef7bee0,"status=completed,episodes=100"
results/univla_libero/depth_pruning2/libero_10/episodes.jsonl,episodes.jsonl,66024,88f85958f9c8f83ee0b21994b240e5d1b1bb88485c8fb5229f948278661996b0,records=100
results/univla_libero/depth_pruning2/libero_10/summary.json,summary.json,7081,2e9ebe73abd001aa8ba78d689d275b051745d8acc1eb85fabdf60031921ebf9e,"status=completed,episodes=100"
results/univla_libero/depth_pruning2/libero_goal/episodes.jsonl,episodes.jsonl,66072,7f02a541b0cffc7d9610ba90db67f9da011fd3a6bb14969482030cd3fc8a77a5,records=100
results/univla_libero/depth_pruning2/libero_goal/summary.json,summary.json,7133,b16c821dc502c10a5309b47cf0a4ae77f1bb9008e718787b3958aed499429bd6,"status=completed,episodes=100"
results/univla_libero/depth_pruning2/libero_object/episodes.jsonl,episodes.jsonl,66335,d1ac9e810303b0373cb1b8e9a524d7e809c54e4a599da8ac6ff5c7d06d8990a4,records=100
results/univla_libero/depth_pruning2/libero_object/summary.json,summary.json,7195,27bc37e15ad6e85b591f8d4455b342a71fbf4ab212bc50415fc5231f983ae324,"status=completed,episodes=100"
results/univla_libero/depth_pruning2/libero_spatial/episodes.jsonl,episodes.jsonl,66334,5a54e5484bd7ededb0b42126f4b84e185c029db9b2c50b809b0aa6e049497981,records=100
results/univla_libero/depth_pruning2/libero_spatial/summary.json,summary.json,7229,746b5298650b55bd64b704b90d7b5cf1a7f175e5f3dfe9a42ab26a3b28c96bd2,"status=completed,episodes=100"
results/univla_libero/depth_pruning4/libero_10/episodes.jsonl,episodes.jsonl,66042,5e90e5d3e73c18cfd5e4a32441a39b2b2ce9ee19e91cff942bc5979d47298135,records=100
results/univla_libero/depth_pruning4/libero_10/summary.json,summary.json,7102,8157aded75bde2bdbaf6d5ff33ca7948f70fce691ea816676bfc118dee08c276,"status=completed,episodes=100"
results/univla_libero/depth_pruning4/libero_goal/episodes.jsonl,episodes.jsonl,66080,79e56b5a4f1ebf5acc09e994c846e01bba63604adfd510f0501c319b3a72bffd,records=100
results/univla_libero/depth_pruning4/libero_goal/summary.json,summary.json,7154,accc059e216b93df0ebdb4b96628ad7e1f0cc460df42e4c1649bb3ec25aa55c3,"status=completed,episodes=100"
results/univla_libero/depth_pruning4/libero_object/episodes.jsonl,episodes.jsonl,66351,647c8b3b3ed56c051b912f4e441fc4649379e62c1c645690a5fd43a98be34f83,records=100
results/univla_libero/depth_pruning4/libero_object/summary.json,summary.json,7222,d1cee48fe6e3e2547055cf984c34bec58886f97995c7e4318bc22ae4db44ce5f,"status=completed,episodes=100"
results/univla_libero/depth_pruning4/libero_spatial/episodes.jsonl,episodes.jsonl,66353,d30f3dc8cd9cc0f634a40a4dd309401d623e154a614d37b54a929fad2d8d36f1,records=100
results/univla_libero/depth_pruning4/libero_spatial/summary.json,summary.json,7239,133983449181eec746a7bd243799e24487f47eb77554ff7b452ad2e23e1fd827,"status=completed,episodes=100"
results/univla_libero/fixed_foveation_keep20/libero_10/episodes.jsonl,episodes.jsonl,67019,e715c7d9b3c25c203ae85add855f561d1c498a2d074b9287fe8a2dc6e084634a,records=100
results/univla_libero/fixed_foveation_keep20/libero_10/summary.json,summary.json,6197,f63dfa91e2d13c3750d5b6743a14c96aeec77fdaf978209b81b9edb87ca66345,"status=completed,episodes=100"
results/univla_libero/fixed_foveation_keep20/libero_goal/episodes.jsonl,episodes.jsonl,67031,2e88324baf4b2eaace5bead7b017b557ec81905985048a03177dba71710e25d8,records=100
results/univla_libero/fixed_foveation_keep20/libero_goal/summary.json,summary.json,6247,4d80066a3edc6cca96f617d595b191869b06620beb5035d47222de403bf72aae,"status=completed,episodes=100"
results/univla_libero/fixed_foveation_keep20/libero_object/episodes.jsonl,episodes.jsonl,67325,156433253086d939692764b08c3ad4c0abdc9721f1881bd5f9542cb28d1a0bbd,records=100
results/univla_libero/fixed_foveation_keep20/libero_object/summary.json,summary.json,6323,ff1ee8ebf5e423d5c188b303ca46ba1f77dc58116fbd4e589980e92641ac7d75,"status=completed,episodes=100"
results/univla_libero/fixed_foveation_keep20/libero_spatial/episodes.jsonl,episodes.jsonl,67312,c0ef4a331cb118196d2901d8d8b7142cd5c59a587a74d48f6002358943c2999c,records=100
results/univla_libero/fixed_foveation_keep20/libero_spatial/summary.json,summary.json,6345,059e53c967942baad775c0b4c890b7cf194db46180322a3bc6e727ca1db8b1cb,"status=completed,episodes=100"
results/univla_libero/fixed_foveation_keep50/libero_10/episodes.jsonl,episodes.jsonl,67019,a514868e6dceca399e9a60de6195063af24f20c53cbd7d56c403c83fbc6f17cb,records=100
results/univla_libero/fixed_foveation_keep50/libero_10/summary.json,summary.json,6195,6b256b458064c56847921d821f79de380ebeea94fed4319678d8c5683ec44e6f,"status=completed,episodes=100"
results/univla_libero/fixed_foveation_keep50/libero_goal/episodes.jsonl,episodes.jsonl,67025,b52511693496a0b71ea44ba2ffc3ecb8494c56c4e74dd6929822b02398595cb2,records=100
results/univla_libero/fixed_foveation_keep50/libero_goal/summary.json,summary.json,6250,94b7c85345b119f643776100c5a932d345a72c37a581ff0ed764669486ead593,"status=completed,episodes=100"
results/univla_libero/fixed_foveation_keep50/libero_object/episodes.jsonl,episodes.jsonl,67322,a1856e1e8d51663e4dcc67d290a0a0e41e558044da462ec34f3764999377d807,records=100
results/univla_libero/fixed_foveation_keep50/libero_object/summary.json,summary.json,6316,7734c0bbd577d246b9ae386970d81b3656362bb9cdf69728b7ac833767fd53aa,"status=completed,episodes=100"
results/univla_libero/fixed_foveation_keep50/libero_spatial/episodes.jsonl,episodes.jsonl,67306,bd77da45c3d0eb3973112e8ce422c899910146d04f2b1ba2e350384f862f523e,records=100
results/univla_libero/fixed_foveation_keep50/libero_spatial/summary.json,summary.json,6340,b2c8c19b5f0f410293aba356fe54f7468ab9f118fbf1430818404c63526a433c,"status=completed,episodes=100"
results/univla_libero/guarded_reuse_aggressive/libero_10/episodes.jsonl,episodes.jsonl,67716,e518d9565702e3569c49f0a91bb207a866859005d995cc2c31c27fb28a412fbd,records=100
results/univla_libero/guarded_reuse_aggressive/libero_10/summary.json,summary.json,6214,469e24177c4887b08828cc014048916f63534db7dcd9235e3c39f9cd66164df9,"status=completed,episodes=100"
results/univla_libero/guarded_reuse_aggressive/libero_goal/episodes.jsonl,episodes.jsonl,67701,b4cfed7d34a01343a300d48abcbc42609bf9d43190b5bb354fd4576d97e3ddd9,records=100
results/univla_libero/guarded_reuse_aggressive/libero_goal/summary.json,summary.json,6262,6e49706ba5906e94b22dd44d46d47e5c0b7ea632ec582fff70807265772755e7,"status=completed,episodes=100"
results/univla_libero/guarded_reuse_aggressive/libero_object/episodes.jsonl,episodes.jsonl,68017,191915590a37926e2f172074c41bf8e2aa6f584108bf72e51830bcf6b1cfdd9c,records=100
results/univla_libero/guarded_reuse_aggressive/libero_object/summary.json,summary.json,6333,566ffb5b497c22661f579743846c1493db5cec009f231f3eae229b91fc147412,"status=completed,episodes=100"
results/univla_libero/guarded_reuse_aggressive/libero_spatial/episodes.jsonl,episodes.jsonl,68002,71f6d32a58036938997291eb6077174d784987d33f047906b0653ee405b7b065,records=100
results/univla_libero/guarded_reuse_aggressive/libero_spatial/summary.json,summary.json,6354,92c97bb932276927e8e470cca332f60b11b62d78423edf9fabca677c364c5914,"status=completed,episodes=100"
results/univla_libero/guarded_reuse_moderate/libero_10/episodes.jsonl,episodes.jsonl,67508,6a84ae818f9a17af6cd646650820c2decf02eed5c0394bfbee4758b21c9992c4,records=100
results/univla_libero/guarded_reuse_moderate/libero_10/summary.json,summary.json,6207,da0fb981d83edd4b0d1b33c896e9d56ac0f5dd3d88a949739e276b67f42ed2da,"status=completed,episodes=100"
results/univla_libero/guarded_reuse_moderate/libero_goal/episodes.jsonl,episodes.jsonl,67533,5d45f3440821d4f91d75defbdf986104525ccd0e6a56d149687408b3dac549b0,records=100
results/univla_libero/guarded_reuse_moderate/libero_goal/summary.json,summary.json,6258,3f5df747e7e6be6c2a3d651b525aab95f58747a7244a7e7117f9196a3b5081d8,"status=completed,episodes=100"
results/univla_libero/guarded_reuse_moderate/libero_object/episodes.jsonl,episodes.jsonl,67849,a4714a695b27676bd1417ef4298676d49df8d9734dae5722d446b1a3b3f6747b,records=100
results/univla_libero/guarded_reuse_moderate/libero_object/summary.json,summary.json,6330,82b9e7f3c9e64c1ca637c1fa472d91769b7b265b10e262ec11daf4c503d2257a,"status=completed,episodes=100"
results/univla_libero/guarded_reuse_moderate/libero_spatial/episodes.jsonl,episodes.jsonl,67799,178520220530d760577965ad875ee29fffd0caa41a51a970bcd2db4388b86b69,records=100
results/univla_libero/guarded_reuse_moderate/libero_spatial/summary.json,summary.json,6350,4f04090322c15190d4d93195e58036a642bb62793357b0c4d217f07bf08a89ad,"status=completed,episodes=100"
results/univla_libero/guarded_reuse_strict/libero_10/episodes.jsonl,episodes.jsonl,67304,4d98cbb8fde9c13e128b419b37db7957c736f109890b6201a1280e9bec8db58f,records=100
results/univla_libero/guarded_reuse_strict/libero_10/summary.json,summary.json,6204,3f43c1c90f3d0097aee704c20a5592761c928fe7d1d0cf84b8c9efd061ad82fa,"status=completed,episodes=100"
results/univla_libero/guarded_reuse_strict/libero_goal/episodes.jsonl,episodes.jsonl,67310,0580a74b3ed5643aaaf09aec6ca107fc2fea8dfe2163e09346e9e0429750dd48,records=100
results/univla_libero/guarded_reuse_strict/libero_goal/summary.json,summary.json,6251,0a43bee6e0804b8e625635d3944633ede0359880e2d1e8a0d8bab30a6b782772,"status=completed,episodes=100"
results/univla_libero/guarded_reuse_strict/libero_object/episodes.jsonl,episodes.jsonl,67627,1437b91eb61a93a658ed5a3254849e9fae68992b6c172218853d15a2a4c315c6,records=100
results/univla_libero/guarded_reuse_strict/libero_object/summary.json,summary.json,6319,48923e4a14a8822f327e3696b8948590394af2ad070973896a19cfcaede85eaf,"status=completed,episodes=100"
results/univla_libero/guarded_reuse_strict/libero_spatial/episodes.jsonl,episodes.jsonl,67632,ba438207d189aadb5ade1fbc550453576f8a6f26213aa426e3debbaf38a3e137,records=100
results/univla_libero/guarded_reuse_strict/libero_spatial/summary.json,summary.json,6342,6f4fb244f6168eb4ecee0244ddebb41a8cd2e9e8fbb35f6fdb0a072d5a5722c6,"status=completed,episodes=100"
results/univla_libero/original/libero_10/episodes.jsonl,episodes.jsonl,64920,0003147f3c2aa5543ff28b252785c7e113160ac0b59e0da12996549d04a0c90b,records=100
results/univla_libero/original/libero_10/summary.json,summary.json,6140,1d4ae086cb2b6642f1f2688f9a455633d02d927750b26d1922aba946ce863319,"status=completed,episodes=100"
results/univla_libero/original/libero_goal/episodes.jsonl,episodes.jsonl,64915,e764857216792afdbca5e6e4c4d4475b90a072c3069c86f05aee4a34d6e0d5c4,records=100
results/univla_libero/original/libero_goal/summary.json,summary.json,6192,46a66f20ff5a3e628ee633c204528d5e7e56069c896860d00b508b6823e2375f,"status=completed,episodes=100"
results/univla_libero/original/libero_object/episodes.jsonl,episodes.jsonl,65233,bb9f88850ae96ea2745b90db48d7d2d14d9fdd80611c224ec953fffefae6ee7e,records=100
results/univla_libero/original/libero_object/summary.json,summary.json,6260,0a310c6731c75797ca59a199b9def3ade77646fa9e898858df5c863c98a10b3a,"status=completed,episodes=100"
results/univla_libero/original/libero_spatial/episodes.jsonl,episodes.jsonl,65241,318309e565b1755bfc0aa456dfc71eb8b4d4762a1b933007f7d8f4e7c2645d22,records=100
results/univla_libero/original/libero_spatial/summary.json,summary.json,6285,29fc11221e3a94fa36e30b9b4897ed61b0cd2e3b2c067eef9b196c79824e427c,"status=completed,episodes=100"
results/univla_libero/temporal_fusion_conservative_adaptive/libero_10/episodes.jsonl,episodes.jsonl,68530,430712abfb6a585ef37db80fa520bc57024d1fd1ed934c406c14a30627c8e895,records=100
results/univla_libero/temporal_fusion_conservative_adaptive/libero_10/summary.json,summary.json,6249,d45ec15fd9ea1c4291ba3c56016efe4cb6cafcf1e388ee03d518be19d0e2e957,"status=completed,episodes=100"
results/univla_libero/temporal_fusion_conservative_adaptive/libero_goal/episodes.jsonl,episodes.jsonl,68539,76049265b94b777a5f441fe1a54c02c0ab25ed484960d85a7fcbe68cf1baaf90,records=100
results/univla_libero/temporal_fusion_conservative_adaptive/libero_goal/summary.json,summary.json,6293,9d92262e5830d35f3dc6b32138ce999eae482b20e02d6d746871b8a67b6b237c,"status=completed,episodes=100"
results/univla_libero/temporal_fusion_conservative_adaptive/libero_object/episodes.jsonl,episodes.jsonl,68834,7d4db578a357c014ab87dcfd83b305679589ae16bedfe4df7f8952ff6dccba97,records=100
results/univla_libero/temporal_fusion_conservative_adaptive/libero_object/summary.json,summary.json,6364,7da68f82712afb9e8e3b6b9959cae9ab6dbc7cbd78e083e9cd76254f42dae6fd,"status=completed,episodes=100"
results/univla_libero/temporal_fusion_conservative_adaptive/libero_spatial/episodes.jsonl,episodes.jsonl,68824,c174e876f7fee8531d56e26a2b5e928d4054820adceb88fff4ad5d7290ffd322,records=100
results/univla_libero/temporal_fusion_conservative_adaptive/libero_spatial/summary.json,summary.json,6389,5cd350e333088ed048ed6798c1fb8c3d3fa6854d926bcfc330d4abc9ef816cdd,"status=completed,episodes=100"
results/univla_libero/temporal_fusion_motion_entropy/libero_10/episodes.jsonl,episodes.jsonl,67820,faf266cdd6149f2dd67492a7bd1913365500fc9e568f01b50b75847803263667,records=100
results/univla_libero/temporal_fusion_motion_entropy/libero_10/summary.json,summary.json,6225,91d895a9e7ba702589a19df7f2d77fd9dd7352b7026369602ed21ff1e7fe67d5,"status=completed,episodes=100"
results/univla_libero/temporal_fusion_motion_entropy/libero_goal/episodes.jsonl,episodes.jsonl,67824,f0572894967f4096e0c328bcc88674178091cae2827e06c4c17a918da4bb33e4,records=100
results/univla_libero/temporal_fusion_motion_entropy/libero_goal/summary.json,summary.json,6272,683190f1a670bad74b4725f5852d1a3fa13aef14467e7848d68bf0a3c4af9b0d,"status=completed,episodes=100"
results/univla_libero/temporal_fusion_motion_entropy/libero_object/episodes.jsonl,episodes.jsonl,68117,6e5cb6a1e867f4e8731197e7718cd2fb4147ae75953975029b34aa9e310dc9b5,records=100
results/univla_libero/temporal_fusion_motion_entropy/libero_object/summary.json,summary.json,6349,6c92ba78723b4a256299cb510276fa3bf942271fb6dd4308a60caf2718fc7f96,"status=completed,episodes=100"
results/univla_libero/temporal_fusion_motion_entropy/libero_spatial/episodes.jsonl,episodes.jsonl,68127,4786a7e84c32e898a17f6725e0d85c4f5be545fbae21143366bd95dfc5a392d8,records=100
results/univla_libero/temporal_fusion_motion_entropy/libero_spatial/summary.json,summary.json,6372,591aba76aa7e17bf44c9da1487f13c3f1d96e14aad4a61cc9bc2d012443488d3,"status=completed,episodes=100"
results/univla_libero/temporal_fusion_task_aware/libero_10/episodes.jsonl,episodes.jsonl,67312,0b0782d9ed1f0c1bd270e41f94c868ed19f822c16f62e419b6bd1663f167daac,records=100
results/univla_libero/temporal_fusion_task_aware/libero_10/summary.json,summary.json,6208,922c76c9a2a7affaf5e891e8ade9fda3cf7d750fb699b53631720d4895402b49,"status=completed,episodes=100"
results/univla_libero/temporal_fusion_task_aware/libero_goal/episodes.jsonl,episodes.jsonl,67370,3324cd7000c2355a9dbf668ef5dd4b0b119052402cd2fd8e6f966ef742876289,records=100
results/univla_libero/temporal_fusion_task_aware/libero_goal/summary.json,summary.json,6263,4816dc07673cb8a4e61e9a819cceb945d1f9baeedbf6a6a1b5a870cafde75126,"status=completed,episodes=100"
results/univla_libero/temporal_fusion_task_aware/libero_object/episodes.jsonl,episodes.jsonl,67671,7e1c66d0803553711c7520d1ccdc897f7f9616e989a5891cedd69ead74acd024,records=100
results/univla_libero/temporal_fusion_task_aware/libero_object/summary.json,summary.json,6331,9fa2cabc7fcc0b6ec5a7d5d80560a1a7e04a0973603e911951936820552f184b,"status=completed,episodes=100"
results/univla_libero/temporal_fusion_task_aware/libero_spatial/episodes.jsonl,episodes.jsonl,67671,09489d46046d3458b63d91db632c36ad333854205742dff4ea828d3f531ec841,records=100
results/univla_libero/temporal_fusion_task_aware/libero_spatial/summary.json,summary.json,6355,d1b2341ec0b412f31b4a1af08a47912f181ec0949b4a0c74d50fc3c3aa597dde,"status=completed,episodes=100"
results/univla_simplerenv_bridge/action_repeat2/widowx_carrot_on_plate/episodes.jsonl,episodes.jsonl,33883,d1eb4f066ac7fc358664fe17f7560665ba3cdb27cebe7020a42067bf4d484b15,records=50
results/univla_simplerenv_bridge/action_repeat2/widowx_carrot_on_plate/summary.json,summary.json,3736,2e3e10b2f6ee2919bf6177396832f888a23995ca0eef74e0ff2e1ab3422931b3,"status=completed,episodes=50"
results/univla_simplerenv_bridge/action_repeat2/widowx_put_eggplant_in_basket/episodes.jsonl,episodes.jsonl,34360,c5272d61a926de60695c21bc6af72dd66aa873e74276ee8af58e8ca756d67c78,records=50
results/univla_simplerenv_bridge/action_repeat2/widowx_put_eggplant_in_basket/summary.json,summary.json,3769,4204682542544a88c7204a2fe75daf94b443bb57bca519753b7f3bb1ea2eee1d,"status=completed,episodes=50"
results/univla_simplerenv_bridge/action_repeat2/widowx_spoon_on_towel/episodes.jsonl,episodes.jsonl,33829,6698c3314f558009ddccc359d160bfa24cea9aa6f13616d430096994865ecf78,records=50
results/univla_simplerenv_bridge/action_repeat2/widowx_spoon_on_towel/summary.json,summary.json,3730,55fe9c972631d79bcfbcf7dd5088e1f7b63cf8cb0104da61aa3b7f550959c5e3,"status=completed,episodes=50"
results/univla_simplerenv_bridge/action_repeat2/widowx_stack_cube/episodes.jsonl,episodes.jsonl,33624,eb7a2af98f59475b2175cd4cbabceaf3777d86e9487a3e63f5c69e7055974949,records=50
results/univla_simplerenv_bridge/action_repeat2/widowx_stack_cube/summary.json,summary.json,3711,b09b7a1a6762df98dec447bcec8f043bbde3938b31f9aae2ccddc2dab07fd2b9,"status=completed,episodes=50"
results/univla_simplerenv_bridge/action_repeat4/widowx_carrot_on_plate/episodes.jsonl,episodes.jsonl,33857,736ed19f445a3b58c48bf1feff877f93434de996dd5c57c900b636ec5fec22ae,records=50
results/univla_simplerenv_bridge/action_repeat4/widowx_carrot_on_plate/summary.json,summary.json,3734,adf8184f4aaf9db5d3af3cdb8aee3ed2527c7fd6ee9fe187568528b9f743642a,"status=completed,episodes=50"
results/univla_simplerenv_bridge/action_repeat4/widowx_put_eggplant_in_basket/episodes.jsonl,episodes.jsonl,34285,83badb8f3a7a2d9a2368759868e813efcd86c9e3fc204b39e82808867f4d5849,records=50
results/univla_simplerenv_bridge/action_repeat4/widowx_put_eggplant_in_basket/summary.json,summary.json,3766,561a78c28950d1f8b6a14cad962a601ed75fd2798b20fc2f154983bd639f663e,"status=completed,episodes=50"
results/univla_simplerenv_bridge/action_repeat4/widowx_spoon_on_towel/episodes.jsonl,episodes.jsonl,33823,d33647976186eaf64d6a3a68c87403165575b193ae1b2f4f4787084231e43f90,records=50
results/univla_simplerenv_bridge/action_repeat4/widowx_spoon_on_towel/summary.json,summary.json,3731,13222fb491c675a27bfc56427cf7d98b4ef28d9712c1d9c8a9d0ca742267c141,"status=completed,episodes=50"
results/univla_simplerenv_bridge/action_repeat4/widowx_stack_cube/episodes.jsonl,episodes.jsonl,33613,3133d81ec7a347ec4747477abef5d15aa47c0ab1ce2b4e283754820baec9994d,records=50
results/univla_simplerenv_bridge/action_repeat4/widowx_stack_cube/summary.json,summary.json,3711,6cfe3ac69e6c3c2fd7ed004e0b67bb0b8687bf025703c790331c24a185ff168a,"status=completed,episodes=50"
results/univla_simplerenv_bridge/depth_pruning1/widowx_carrot_on_plate/episodes.jsonl,episodes.jsonl,33715,3d33f780e2daea4b407ca34a09c988a63e475e74a3b8dfd8ec1c94a9a7b89ede,records=50
results/univla_simplerenv_bridge/depth_pruning1/widowx_carrot_on_plate/summary.json,summary.json,4631,67caa2cbae9c03c3e29296fcc90fb7fb0e85c994e4999d6546db85c903c43f64,"status=completed,episodes=50"
results/univla_simplerenv_bridge/depth_pruning1/widowx_put_eggplant_in_basket/episodes.jsonl,episodes.jsonl,34057,28a30b52146fd892c8e9961d57e7b8b76d9edfb4fc24a8f9d9b55d0f5529a946,records=50
results/univla_simplerenv_bridge/depth_pruning1/widowx_put_eggplant_in_basket/summary.json,summary.json,4656,4640458b1de43ebf0775112292f250fe63920a21504b0b50252bbfda003d043b,"status=completed,episodes=50"
results/univla_simplerenv_bridge/depth_pruning1/widowx_spoon_on_towel/episodes.jsonl,episodes.jsonl,33667,9b1e9f5388c11faf57382dec1998e1491c911296fba93a7ca3d1e897f090a452,records=50
results/univla_simplerenv_bridge/depth_pruning1/widowx_spoon_on_towel/summary.json,summary.json,4625,a54a241321bdee90835ab9e139d1879b96193accd78307f06d2a004605863cd7,"status=completed,episodes=50"
results/univla_simplerenv_bridge/depth_pruning1/widowx_stack_cube/episodes.jsonl,episodes.jsonl,33457,d49b60918bf2f8aa18072697ddebce880a9a9003c0953546b7cdac294aa337f8,records=50
results/univla_simplerenv_bridge/depth_pruning1/widowx_stack_cube/summary.json,summary.json,4608,3f11cac6f3a4cc45ec99b441b1fe23e7881d03a0d27b1e7001f81b000f61f15f,"status=completed,episodes=50"
results/univla_simplerenv_bridge/depth_pruning2/widowx_carrot_on_plate/episodes.jsonl,episodes.jsonl,33719,80fcc8906bea4ea80418b4ee4669ecb233f0a5d8bb4578fa1c550cf460240620,records=50
results/univla_simplerenv_bridge/depth_pruning2/widowx_carrot_on_plate/summary.json,summary.json,4636,5291aa2892104474516894cf308e1f60bd2a95c6f136f9a63d046139f2a8c8fb,"status=completed,episodes=50"
results/univla_simplerenv_bridge/depth_pruning2/widowx_put_eggplant_in_basket/episodes.jsonl,episodes.jsonl,34042,17be1036a45ae4ecece0fd446a7c22e7100e31b07c412a584a87e96bdd3dc90c,records=50
results/univla_simplerenv_bridge/depth_pruning2/widowx_put_eggplant_in_basket/summary.json,summary.json,4668,7f5ab68d1ed7e8c2433e12712a7b7600bba328c7d479e8132eca3092c517b15f,"status=completed,episodes=50"
results/univla_simplerenv_bridge/depth_pruning2/widowx_spoon_on_towel/episodes.jsonl,episodes.jsonl,33671,90820107111336eaf0b82b311cd7e1c58c5d882de0d06ef20e1f3908644f8252,records=50
results/univla_simplerenv_bridge/depth_pruning2/widowx_spoon_on_towel/summary.json,summary.json,4637,bb7d4d8caa052bf47573b508968b85ca48d881105ef4596ca32fb27551d600f8,"status=completed,episodes=50"
results/univla_simplerenv_bridge/depth_pruning2/widowx_stack_cube/episodes.jsonl,episodes.jsonl,33469,97e406eae704ba35dcab172832f41e23463c0b3ed7d8525fb2e2bc815b2a7e13,records=50
results/univla_simplerenv_bridge/depth_pruning2/widowx_stack_cube/summary.json,summary.json,4619,08d806a239a45e992f107de15d78fea5e74fec0a2091581720722cfc0b05c739,"status=completed,episodes=50"
results/univla_simplerenv_bridge/depth_pruning4/widowx_carrot_on_plate/episodes.jsonl,episodes.jsonl,33724,9880e2f93b3a69a02e708c1f8d1ac95be99f9ee2d21e6912bc61285015e03aea,records=50
results/univla_simplerenv_bridge/depth_pruning4/widowx_carrot_on_plate/summary.json,summary.json,4661,9682a53189cadb6eda965e4b72e42cd6061395ad7178eaa7a03549981b8cf450,"status=completed,episodes=50"
results/univla_simplerenv_bridge/depth_pruning4/widowx_put_eggplant_in_basket/episodes.jsonl,episodes.jsonl,34056,edf968a0387cab183c115911213fe5521e46881ee175761d6edda70860f510b5,records=50
results/univla_simplerenv_bridge/depth_pruning4/widowx_put_eggplant_in_basket/summary.json,summary.json,4687,f0329c1dcae4427af27f0e8fe55b823a47c093471bce828e16e8d87319382446,"status=completed,episodes=50"
results/univla_simplerenv_bridge/depth_pruning4/widowx_spoon_on_towel/episodes.jsonl,episodes.jsonl,33677,a38cbbc514ab5398238146ce94a38bbf15fc89fb73a423be8fd35ade16058570,records=50
results/univla_simplerenv_bridge/depth_pruning4/widowx_spoon_on_towel/summary.json,summary.json,4655,18fc591067899a4b692198d182363240896440881ad2245714181e9ed68e7dfc,"status=completed,episodes=50"
results/univla_simplerenv_bridge/depth_pruning4/widowx_stack_cube/episodes.jsonl,episodes.jsonl,33465,1b4b680e26cfdc0dec06e4582ea6cb321910c035615b35c2ce95d866820d5afd,records=50
results/univla_simplerenv_bridge/depth_pruning4/widowx_stack_cube/summary.json,summary.json,4638,35099d1b7f6c49cdf8fbc31f6fe0e8a42ebbf2abe55641848cef9663d5509887,"status=completed,episodes=50"
results/univla_simplerenv_bridge/fixed_foveation_keep20/widowx_carrot_on_plate/episodes.jsonl,episodes.jsonl,34241,0ffca5935d1c7311aa49a914882e36eaaef9b7d1c7215ea4f43be753587032d1,records=50
results/univla_simplerenv_bridge/fixed_foveation_keep20/widowx_carrot_on_plate/summary.json,summary.json,3764,a20f21979b28f8ab49f2a31d20482376bdccb0604adbe6be9f1877f8d9161dc6,"status=completed,episodes=50"
results/univla_simplerenv_bridge/fixed_foveation_keep20/widowx_put_eggplant_in_basket/episodes.jsonl,episodes.jsonl,34548,cc12e56e04cb612389218e9181bf2f74fb233b5af8d16cdd07a3fe5d11a26d1a,records=50
results/univla_simplerenv_bridge/fixed_foveation_keep20/widowx_put_eggplant_in_basket/summary.json,summary.json,3791,5575151f2b66875cdac944bb06d637bb528058524455ca0953eb4f7bbb09e861,"status=completed,episodes=50"
results/univla_simplerenv_bridge/fixed_foveation_keep20/widowx_spoon_on_towel/episodes.jsonl,episodes.jsonl,34198,2116710e3c93a84a2de6dd7571b0c813ddc15d04f10af55d3b5fe9ff0836a536,records=50
results/univla_simplerenv_bridge/fixed_foveation_keep20/widowx_spoon_on_towel/summary.json,summary.json,3757,33263ae185f497c630f4914313c7dcc20ddce1289ebec5df906eca4ef156220c,"status=completed,episodes=50"
results/univla_simplerenv_bridge/fixed_foveation_keep20/widowx_stack_cube/episodes.jsonl,episodes.jsonl,33971,a23608fee66f37e71f8fb3256f0421124320f6960f56fbfe9de3ce72203949b9,records=50
results/univla_simplerenv_bridge/fixed_foveation_keep20/widowx_stack_cube/summary.json,summary.json,3742,99ff85f803a4e3b101291f872ebd64cd075438df36ec096c0ce2567def6fa80e,"status=completed,episodes=50"
results/univla_simplerenv_bridge/fixed_foveation_keep50/widowx_carrot_on_plate/episodes.jsonl,episodes.jsonl,34242,9b0653a1570ec5bc396a51617173bea10acdde21c3f7c6f3ad41d9f7c040f2ae,records=50
results/univla_simplerenv_bridge/fixed_foveation_keep50/widowx_carrot_on_plate/summary.json,summary.json,3763,0e9ba8cb6922224c1c252dc2da1b5660455d2c108d21998db66b199aa4919c25,"status=completed,episodes=50"
results/univla_simplerenv_bridge/fixed_foveation_keep50/widowx_put_eggplant_in_basket/episodes.jsonl,episodes.jsonl,34560,c665f68605885235eba0671b76596a111f4039fd71aaf07fcdbd7ae4ada0008d,records=50
results/univla_simplerenv_bridge/fixed_foveation_keep50/widowx_put_eggplant_in_basket/summary.json,summary.json,3794,5797f36c36837fc0ddc5add050d16363275bbf9da9f24e73b2bfdf93c95b93bf,"status=completed,episodes=50"
results/univla_simplerenv_bridge/fixed_foveation_keep50/widowx_spoon_on_towel/episodes.jsonl,episodes.jsonl,34178,03c0eaa6b894d597b365532b2cfd971f699358592720cc577b9b67e9f27d739e,records=50
results/univla_simplerenv_bridge/fixed_foveation_keep50/widowx_spoon_on_towel/summary.json,summary.json,3755,a248542a02be9d279d8f05817b9e29e5b73143a7a38b402fd12769e79a3ad2e6,"status=completed,episodes=50"
results/univla_simplerenv_bridge/fixed_foveation_keep50/widowx_stack_cube/episodes.jsonl,episodes.jsonl,33987,5ad570688e954657e5530d4f513ba1da5d82c0137df51c1af74be8df16a1d439,records=50
results/univla_simplerenv_bridge/fixed_foveation_keep50/widowx_stack_cube/summary.json,summary.json,3745,738f6c10f492ac1ae00a42c2ded53c64b8db5520c54e9c3e3e7abfd7cff33469,"status=completed,episodes=50"
results/univla_simplerenv_bridge/guarded_reuse_aggressive/widowx_carrot_on_plate/episodes.jsonl,episodes.jsonl,34555,9f92a598629df39d04857509842055e7cabc2a84f1b1dcaa67701250caeba007,records=50
results/univla_simplerenv_bridge/guarded_reuse_aggressive/widowx_carrot_on_plate/summary.json,summary.json,3778,018a3b82977c6cffc03c01d62c2a8c9eaced87825dd70d7c3bc22ec4a4305428,"status=completed,episodes=50"
results/univla_simplerenv_bridge/guarded_reuse_aggressive/widowx_put_eggplant_in_basket/episodes.jsonl,episodes.jsonl,34906,5e49064e0ff060ef208fd5b5b7b25ab9161389298d5593b89551b375973dcd45,records=50
results/univla_simplerenv_bridge/guarded_reuse_aggressive/widowx_put_eggplant_in_basket/summary.json,summary.json,3804,f22ff3577ac8579937690e536f1f9e9720eff91dba141efcfc8f517e3667c66f,"status=completed,episodes=50"
results/univla_simplerenv_bridge/guarded_reuse_aggressive/widowx_spoon_on_towel/episodes.jsonl,episodes.jsonl,34528,1184b2d5dd643029530b37303cb79fd45732f6e1be2b05078088502d41916618,records=50
results/univla_simplerenv_bridge/guarded_reuse_aggressive/widowx_spoon_on_towel/summary.json,summary.json,3775,12b06240b80253c5e1f79526ede993f2987c732091bd27f263b00d858cee120e,"status=completed,episodes=50"
results/univla_simplerenv_bridge/guarded_reuse_aggressive/widowx_stack_cube/episodes.jsonl,episodes.jsonl,34326,954dbff1351729b38f68e82705b28c25af43365d4182aa66734b331348ff5b63,records=50
results/univla_simplerenv_bridge/guarded_reuse_aggressive/widowx_stack_cube/summary.json,summary.json,3754,c4c156a90f7893e05887a6aa2426104a5d1491e4d266288b8197d3fd6c0ba4da,"status=completed,episodes=50"
results/univla_simplerenv_bridge/guarded_reuse_moderate/widowx_carrot_on_plate/episodes.jsonl,episodes.jsonl,34468,2dda78f5ad7a2ec28a70f71480ed716975c02d5bb30123ad0705d692256e9cb8,records=50
results/univla_simplerenv_bridge/guarded_reuse_moderate/widowx_carrot_on_plate/summary.json,summary.json,3772,0d5bedd4b089541abd8ac49b43ebb9c6a0fbbdf5be6f3e6af985d2416159968f,"status=completed,episodes=50"
results/univla_simplerenv_bridge/guarded_reuse_moderate/widowx_put_eggplant_in_basket/episodes.jsonl,episodes.jsonl,34800,64084108ddc725e7140a710423d31d16464c1df1986c1e717772848ecb1204be,records=50
results/univla_simplerenv_bridge/guarded_reuse_moderate/widowx_put_eggplant_in_basket/summary.json,summary.json,3798,f8ad2edaa1e436ff6ea54c68fd14e84f287be71bdca34e8ba1fb8fcc52f9ae88,"status=completed,episodes=50"
results/univla_simplerenv_bridge/guarded_reuse_moderate/widowx_spoon_on_towel/episodes.jsonl,episodes.jsonl,34415,f3ed839d67ffb95b595f930fa76a5cfd89cd39b659b2237d71a9a384f8ab4e3b,records=50
results/univla_simplerenv_bridge/guarded_reuse_moderate/widowx_spoon_on_towel/summary.json,summary.json,3765,f62dd3fc915dbfcbbf548700d0abb32a4e94892ffa56d001f64beb548dd54bad,"status=completed,episodes=50"
results/univla_simplerenv_bridge/guarded_reuse_moderate/widowx_stack_cube/episodes.jsonl,episodes.jsonl,34216,49f6a98b3722eca174915bb7d826a04f4310676bb28edfc5b366ec2cdcec8ad4,records=50
results/univla_simplerenv_bridge/guarded_reuse_moderate/widowx_stack_cube/summary.json,summary.json,3748,f05f8c6905f219a1f5121e74f73612b32c45ace7e6bc0dd47eeb588dec6135b7,"status=completed,episodes=50"
results/univla_simplerenv_bridge/guarded_reuse_strict/widowx_carrot_on_plate/episodes.jsonl,episodes.jsonl,34364,a7c84c90d22929cd4ca40e11f07bcf82ac7f72543bb8f34a8a3c54ba40a8a46c,records=50
results/univla_simplerenv_bridge/guarded_reuse_strict/widowx_carrot_on_plate/summary.json,summary.json,3766,945dba1b6ab8b8c7f23d49b44af794ab1d949e34b34c98e25562d0b8999b7620,"status=completed,episodes=50"
results/univla_simplerenv_bridge/guarded_reuse_strict/widowx_put_eggplant_in_basket/episodes.jsonl,episodes.jsonl,34711,0c1a95d69462425589f03133c631f9f2e6bfbb330c6570d6f628a1fe1cf4ba09,records=50
results/univla_simplerenv_bridge/guarded_reuse_strict/widowx_put_eggplant_in_basket/summary.json,summary.json,3792,c313f991c8680128bd727ca824898dc491650ee6a907cc0ec87a94d82f7a30ef,"status=completed,episodes=50"
results/univla_simplerenv_bridge/guarded_reuse_strict/widowx_spoon_on_towel/episodes.jsonl,episodes.jsonl,34313,0d98f77e9fcd47655d16d839ddc70d92f17a583613116a808e429c119ca2005a,records=50
results/univla_simplerenv_bridge/guarded_reuse_strict/widowx_spoon_on_towel/summary.json,summary.json,3762,a8fa6e0885812687be96cdfa8780b63d47391f04e17e9db780cc96d34cba85c1,"status=completed,episodes=50"
results/univla_simplerenv_bridge/guarded_reuse_strict/widowx_stack_cube/episodes.jsonl,episodes.jsonl,34114,6c867901cbec91813a3c49d1789df7d9d56a1098fa51d461f2a5c8c8f626c835,records=50
results/univla_simplerenv_bridge/guarded_reuse_strict/widowx_stack_cube/summary.json,summary.json,3742,887b1b27cbacbf69a8b7d8fea9b6c32ac3562a8fbbe4e8a32b57394c289014b4,"status=completed,episodes=50"
results/univla_simplerenv_bridge/original/widowx_carrot_on_plate/episodes.jsonl,episodes.jsonl,33175,8e4609537732c3ba95b802b9aeaca1779fdf500944d2ebbb07b2ba1c62c1b573,records=50
results/univla_simplerenv_bridge/original/widowx_carrot_on_plate/summary.json,summary.json,3705,8c3b36b7cde49c38be972bb18656714896fb7f8c4de577300a2319b9ac63b50b,"status=completed,episodes=50"
results/univla_simplerenv_bridge/original/widowx_put_eggplant_in_basket/episodes.jsonl,episodes.jsonl,33500,0d7c8521d2c55800e89be46dfd6b2e915e2a4a57d739f0aa20aa5e8f9ca78c09,records=50
results/univla_simplerenv_bridge/original/widowx_put_eggplant_in_basket/summary.json,summary.json,3733,f0a153ec7bb3b12387d9a7a2f09e2534acb33d67cecd73a08289bc7ac8c70eec,"status=completed,episodes=50"
results/univla_simplerenv_bridge/original/widowx_spoon_on_towel/episodes.jsonl,episodes.jsonl,33112,5a9b44cd26f4bf4d5b4ed1ef97dcf1e6196982de9abfa3ac7d1d3bce9404389c,records=50
results/univla_simplerenv_bridge/original/widowx_spoon_on_towel/summary.json,summary.json,3704,dd0b72327d0df6ae2e4f71d3eb2fc9cbafc8a299fa10f2966bdfec8b8bb95302,"status=completed,episodes=50"
results/univla_simplerenv_bridge/original/widowx_stack_cube/episodes.jsonl,episodes.jsonl,32905,9e18dabc061c0642877402caf6ac62912129b0ec43bdef9c86959a63074aaf12,records=50
results/univla_simplerenv_bridge/original/widowx_stack_cube/summary.json,summary.json,3683,729d7b78b74957ea38d8aedbd451f34d9506fdacce2fc9bb0d6760fc0a6db762,"status=completed,episodes=50"
results/univla_simplerenv_bridge/temporal_fusion_conservative_adaptive/widowx_carrot_on_plate/episodes.jsonl,episodes.jsonl,34960,cbcbb6912cdae073ed8579de3ec875b44f7c147678c9c398086ef8f5185fbc8a,records=50
results/univla_simplerenv_bridge/temporal_fusion_conservative_adaptive/widowx_carrot_on_plate/summary.json,summary.json,3808,136197c59a82032713c8e35a9cddf7d66406252cc97e8fc0768ce3e09d2a1ec4,"status=completed,episodes=50"
results/univla_simplerenv_bridge/temporal_fusion_conservative_adaptive/widowx_put_eggplant_in_basket/episodes.jsonl,episodes.jsonl,35305,b00b2f1b33d2e9c4de916af8698104b13cf277eaeeecbe38e5102d5998e8bf4b,records=50
results/univla_simplerenv_bridge/temporal_fusion_conservative_adaptive/widowx_put_eggplant_in_basket/summary.json,summary.json,3836,350434d93acce888406b142a9dbbee415affa0f4513e816ac820f2699cf7d7b2,"status=completed,episodes=50"
results/univla_simplerenv_bridge/temporal_fusion_conservative_adaptive/widowx_spoon_on_towel/episodes.jsonl,episodes.jsonl,34921,8dcd2381d456f38d43ef207407320f8e1180705930675523a95225702a48bbc8,records=50
results/univla_simplerenv_bridge/temporal_fusion_conservative_adaptive/widowx_spoon_on_towel/summary.json,summary.json,3808,6fbfb0096dc766d4dfcc5a7c695f4e7eb3180185630d316d5382f9db54c1618c,"status=completed,episodes=50"
results/univla_simplerenv_bridge/temporal_fusion_conservative_adaptive/widowx_stack_cube/episodes.jsonl,episodes.jsonl,34725,84e5c88cef27d730808ccf257f61bc9687dd58f6575f5b690d959d4edc709ae5,records=50
results/univla_simplerenv_bridge/temporal_fusion_conservative_adaptive/widowx_stack_cube/summary.json,summary.json,3785,aebdb43267ea32d915043650a010a26ce55dce7bfc0a6023346884d8b32e8552,"status=completed,episodes=50"
results/univla_simplerenv_bridge/temporal_fusion_motion_entropy/widowx_carrot_on_plate/episodes.jsonl,episodes.jsonl,34612,ce1851ad3445ebbc70ccfff262bb24c92507960300ca3f92b05de845a70275aa,records=50
results/univla_simplerenv_bridge/temporal_fusion_motion_entropy/widowx_carrot_on_plate/summary.json,summary.json,3791,3c127a9aab3dd1a3b912310e95f439e7c578ceec1502bbb13402e08eb1a36078,"status=completed,episodes=50"
results/univla_simplerenv_bridge/temporal_fusion_motion_entropy/widowx_put_eggplant_in_basket/episodes.jsonl,episodes.jsonl,34938,f6d211484af749e1572399a9042748f30bbf35384c4b02f8420929af7cd1949c,records=50
results/univla_simplerenv_bridge/temporal_fusion_motion_entropy/widowx_put_eggplant_in_basket/summary.json,summary.json,3815,d92630d7fba0f8b19754f0a0169aac681d2e1de93e4a7c06955ff5363f6bd7db,"status=completed,episodes=50"
results/univla_simplerenv_bridge/temporal_fusion_motion_entropy/widowx_spoon_on_towel/episodes.jsonl,episodes.jsonl,34589,dca419d62d23196fac0092a6991afcfb45231f9480e235b818c1a3fb18f29b0c,records=50
results/univla_simplerenv_bridge/temporal_fusion_motion_entropy/widowx_spoon_on_towel/summary.json,summary.json,3790,38022536cd9e877b8cbf8f8825c431206dc47425aaa181191af78dbc6d14fab4,"status=completed,episodes=50"
results/univla_simplerenv_bridge/temporal_fusion_motion_entropy/widowx_stack_cube/episodes.jsonl,episodes.jsonl,34367,d6badea83a7368e7e1c5981d7dab6a4da5c471a479dee7e1b0b9f167c2a23c12,records=50
results/univla_simplerenv_bridge/temporal_fusion_motion_entropy/widowx_stack_cube/summary.json,summary.json,3771,67ba5b816aa0b56f184d23d855557d3c5044bf046c44bfb4d8e471641cd145ee,"status=completed,episodes=50"
results/univla_simplerenv_bridge/temporal_fusion_task_aware/widowx_carrot_on_plate/episodes.jsonl,episodes.jsonl,34552,1b8dd96641d6654cbc8973697fedc8f120a952ef2c6238514d8168f35762eff3,records=50
results/univla_simplerenv_bridge/temporal_fusion_task_aware/widowx_carrot_on_plate/summary.json,summary.json,3780,7fed48d0560048768127e70d7fef877aff4aed086c5ed0302ea59d661bfc4589,"status=completed,episodes=50"
results/univla_simplerenv_bridge/temporal_fusion_task_aware/widowx_put_eggplant_in_basket/episodes.jsonl,episodes.jsonl,239262,08b07c928104a55a1d0e25d827698df8071b71f09928ee4b073d6a0362270529,records=50
results/univla_simplerenv_bridge/temporal_fusion_task_aware/widowx_put_eggplant_in_basket/summary.json,summary.json,3802,b5b11f1e1d143ae1893f10d1bfd3f41954143654d78de67fa7a721f66cc9bc9e,"status=completed,episodes=50"
results/univla_simplerenv_bridge/temporal_fusion_task_aware/widowx_spoon_on_towel/episodes.jsonl,episodes.jsonl,34476,fd645651ab8617faed83685d96d9658a042e0b6e766821abc2f489c3f29d48ba,records=50
results/univla_simplerenv_bridge/temporal_fusion_task_aware/widowx_spoon_on_towel/summary.json,summary.json,3773,a2fc65e793e4eb245c95793c68a8a5bf4ae61734e5c705495b3898e592dfa3e0,"status=completed,episodes=50"
results/univla_simplerenv_bridge/temporal_fusion_task_aware/widowx_stack_cube/episodes.jsonl,episodes.jsonl,224099,29938228a36308b64b09465ad84754381285ec3d1a3b00f6d4e5085f666254a0,records=50
results/univla_simplerenv_bridge/temporal_fusion_task_aware/widowx_stack_cube/summary.json,summary.json,3755,89c1df1c9aa94b350e17dab0d431be89dce434ea3d384a854912a35c853e6a27,"status=completed,episodes=50"
summarization/google_robot_fractal/cogact_base_simplerenv_fractal.csv,csv,3106,493caeab5c8cbb03cf5fc4b2b9fa715f5ffdc89ef5fc241fe93ed45cf7c8b77e,rows=14
summarization/google_robot_fractal/cronusvla_simplerenv_fractal.csv,csv,3340,f0c6722df379a3fa06bfcef8dccceebf14442168d590ace2dff8b5dc95304520,rows=14
summarization/google_robot_fractal/openvla_simplerenv_fractal.csv,csv,3062,921047ec7791513608d15a80c9a026d6284c61b823d212daf0825411d0215096,rows=14
summarization/google_robot_fractal/spatialvla_simplerenv_fractal.csv,csv,3301,40a482fe7c587345144afc30b551dd8b99bf0bfae4c72e7dfa5697a2320ad40c,rows=14
summarization/google_robot_fractal/summary.csv,csv,5158,ca949d794c6700aeec2f4c4ef939989213c4828b8743814881c5a535972cc0b7,rows=24
summarization/libero/openvla_libero_10.csv,csv,2471,38521e1c4f24de499233f0d03684448a54412afa5d0e66c3e3b2ddf38110f1b3,rows=13
summarization/libero/openvla_libero_goal.csv,csv,2674,82b067c86fbc2787b1ffd4cb013e997e9fbefb4930d10e998494c4e38692130a,rows=14
summarization/libero/openvla_libero_object.csv,csv,2698,ec71a2cbb6b3be9cc30ccce76456968609db98d891f5f32bd888a6aeb76e013f,rows=14
summarization/libero/openvla_libero_spatial.csv,csv,2696,26df831f46be1f15aec3bf81db028829a8ecfed7474f3b79b42e9d5277ceef77,rows=14
summarization/libero/smolvla_libero_10.csv,csv,2680,07dc4b417f78f645815074da5212759277600379543b3e9ffc040946cbcf5bfe,rows=14
summarization/libero/smolvla_libero_goal.csv,csv,2701,864f4db3e9ec9ddd3b04690dc8bc20115a054632d86cea1e072c3dd4896f0f82,rows=14
summarization/libero/smolvla_libero_object.csv,csv,2729,8f72e78e60e544bfeb8328480d60e2db61151209b723459279f86e87d7cc1133,rows=14
summarization/libero/smolvla_libero_spatial.csv,csv,2743,0ba16499710d618da95f604d190b31b31c2101d0c6438b62862139ade6498dbd,rows=14
summarization/libero/summary.csv,csv,13833,720e1da627e2639acb34f4c4f1e1e1103a8d0fa96a9139813840a4ed35759f98,rows=72
summarization/libero/univla_libero_10.csv,csv,3993,c10024afddbd7053da7384d6a842bff334bffd6c73cf8465ee3bbca9a5336a42,rows=14
summarization/libero/univla_libero_goal.csv,csv,3997,9ed79f09ea061e8b8ee9b0a5dab53a7770c0f8cd321b4b694bbff420d81fd23a,rows=14
summarization/libero/univla_libero_object.csv,csv,4024,d5dd4ef791ad596c1dc890561cc3c226460d4172438e559e05426d91ee00b073,rows=14
summarization/libero/univla_libero_spatial.csv,csv,4034,e446e998ceef58bb1e76069a19a933d814649020a3cd0a63b7b90a165aefa266,rows=14
summarization/simpler_widowx/cogact_base_simpler_widowx.csv,csv,2862,07ea45b65c29f333adb8f4164af25b1fb5150467e9c1271b5c3fff6d08f8fc8c,rows=14
summarization/simpler_widowx/cronusvla_simpler_widowx.csv,csv,2968,574e1a8c00d79cda2c176ea5268418310bad24664a821e4cbbda58f16f2d6f91,rows=14
summarization/simpler_widowx/minivla_simpler_widowx.csv,csv,2975,d122ad42ae67adceecb8e4ce9f26c911040fb194de6b7587b69cfac9e682da7a,rows=14
summarization/simpler_widowx/openvla_simplerenv_widowx.csv,csv,2628,ea28d1f7105d692361099d0f7d283efb3c1b7416361f0d3d67458bb2781255a7,rows=14
summarization/simpler_widowx/spatialvla_simpler_widowx.csv,csv,2933,290f0083cc8dfca160870a2847a1ddf955491d8167b224c9701d55d341da4ed8,rows=14
summarization/simpler_widowx/summary.csv,csv,6880,df0a66bbde4f756b9a41e6dd836fe872c68abd4f19ec02399d1aaf0ae9cd63bf,rows=36
summarization/simpler_widowx/univla_simpler_widowx.csv,csv,3305,5540fd7379557148b00dc55d6c67b4575e9246978d1581f1f4a2d3dc61324760,rows=14
