backbone_dir,configuration,task,task_group,n,successes,success_rate,mean_steps,truncation_rate,n_with_truncated_field,mean_policy_calls,mean_reuses,mean_episode_elapsed_s,median_of_episode_query_median_ms,n_with_query_latency
cogact_base_simplerenv_bridge,action_repeat2,widowx_carrot_on_plate,widowx_carrot_on_plate,50,7,0.14,57.24,0.86,50,28.64,0.0,5.078,99.102,50
cogact_base_simplerenv_bridge,action_repeat2,widowx_put_eggplant_in_basket,widowx_put_eggplant_in_basket,50,8,0.16,108.22,0.84,50,54.16,0.0,10.475,98.511,50
cogact_base_simplerenv_bridge,action_repeat2,widowx_spoon_on_towel,widowx_spoon_on_towel,50,9,0.18,56.96,0.84,50,28.52,0.0,5.163,98.767,50
cogact_base_simplerenv_bridge,action_repeat2,widowx_stack_cube,widowx_stack_cube,50,0,0.0,60.0,1.0,50,30.0,0.0,5.27,98.673,50
cogact_base_simplerenv_bridge,action_repeat4,widowx_carrot_on_plate,widowx_carrot_on_plate,50,4,0.08,58.82,0.92,50,14.72,0.0,3.715,98.056,50
cogact_base_simplerenv_bridge,action_repeat4,widowx_put_eggplant_in_basket,widowx_put_eggplant_in_basket,50,1,0.02,119.2,0.98,50,29.8,0.0,8.713,98.604,50
cogact_base_simplerenv_bridge,action_repeat4,widowx_spoon_on_towel,widowx_spoon_on_towel,50,3,0.06,59.46,0.94,50,14.88,0.0,3.828,98.381,50
cogact_base_simplerenv_bridge,action_repeat4,widowx_stack_cube,widowx_stack_cube,50,1,0.02,59.6,0.98,50,14.9,0.0,3.804,98.55,50
cogact_base_simplerenv_bridge,depth_pruning1,widowx_carrot_on_plate,widowx_carrot_on_plate,50,22,0.44,49.48,0.56,50,49.48,0.0,6.78,97.078,50
cogact_base_simplerenv_bridge,depth_pruning1,widowx_put_eggplant_in_basket,widowx_put_eggplant_in_basket,50,39,0.78,52.26,0.22,50,52.26,0.0,7.559,97.321,50
cogact_base_simplerenv_bridge,depth_pruning1,widowx_spoon_on_towel,widowx_spoon_on_towel,50,37,0.74,37.64,0.26,50,37.64,0.0,5.168,96.66,50
cogact_base_simplerenv_bridge,depth_pruning1,widowx_stack_cube,widowx_stack_cube,50,16,0.32,50.92,0.7,50,50.92,0.0,6.897,96.709,50
cogact_base_simplerenv_bridge,depth_pruning2,widowx_carrot_on_plate,widowx_carrot_on_plate,50,27,0.54,46.86,0.46,50,46.86,0.0,6.328,95.77,50
cogact_base_simplerenv_bridge,depth_pruning2,widowx_put_eggplant_in_basket,widowx_put_eggplant_in_basket,50,39,0.78,52.1,0.22,50,52.1,0.0,7.454,95.943,50
cogact_base_simplerenv_bridge,depth_pruning2,widowx_spoon_on_towel,widowx_spoon_on_towel,50,32,0.64,41.64,0.36,50,41.64,0.0,5.706,96.093,50
cogact_base_simplerenv_bridge,depth_pruning2,widowx_stack_cube,widowx_stack_cube,50,21,0.42,47.94,0.58,50,47.94,0.0,6.417,95.724,50
cogact_base_simplerenv_bridge,depth_pruning4,widowx_carrot_on_plate,widowx_carrot_on_plate,50,26,0.52,45.68,0.48,50,45.68,0.0,6.101,93.802,50
cogact_base_simplerenv_bridge,depth_pruning4,widowx_put_eggplant_in_basket,widowx_put_eggplant_in_basket,50,38,0.76,56.28,0.24,50,56.28,0.0,7.841,92.961,50
cogact_base_simplerenv_bridge,depth_pruning4,widowx_spoon_on_towel,widowx_spoon_on_towel,50,21,0.42,49.02,0.58,50,49.02,0.0,6.572,93.497,50
cogact_base_simplerenv_bridge,depth_pruning4,widowx_stack_cube,widowx_stack_cube,50,20,0.4,48.38,0.6,50,48.38,0.0,6.481,94.056,50
cogact_base_simplerenv_bridge,fixed_foveation_keep20,widowx_carrot_on_plate,widowx_carrot_on_plate,50,21,0.42,48.1,0.58,50,48.1,0.0,7.61,98.354,50
cogact_base_simplerenv_bridge,fixed_foveation_keep20,widowx_put_eggplant_in_basket,widowx_put_eggplant_in_basket,50,44,0.88,43.7,0.12,50,43.7,0.0,7.166,98.534,50
cogact_base_simplerenv_bridge,fixed_foveation_keep20,widowx_spoon_on_towel,widowx_spoon_on_towel,50,25,0.5,43.26,0.5,50,43.26,0.0,6.811,97.742,50
cogact_base_simplerenv_bridge,fixed_foveation_keep20,widowx_stack_cube,widowx_stack_cube,50,15,0.3,51.22,0.7,50,51.22,0.0,8.18,98.38,50
cogact_base_simplerenv_bridge,fixed_foveation_keep50,widowx_carrot_on_plate,widowx_carrot_on_plate,50,21,0.42,48.62,0.58,50,48.62,0.0,7.878,99.107,50
cogact_base_simplerenv_bridge,fixed_foveation_keep50,widowx_put_eggplant_in_basket,widowx_put_eggplant_in_basket,50,38,0.76,53.82,0.24,50,53.82,0.0,9.012,99.091,50
cogact_base_simplerenv_bridge,fixed_foveation_keep50,widowx_spoon_on_towel,widowx_spoon_on_towel,50,32,0.64,38.42,0.36,50,38.42,0.0,6.198,99.059,50
cogact_base_simplerenv_bridge,fixed_foveation_keep50,widowx_stack_cube,widowx_stack_cube,50,14,0.28,52.58,0.72,50,52.58,0.0,8.373,99.13,50
cogact_base_simplerenv_bridge,guarded_reuse_aggressive,widowx_carrot_on_plate,widowx_carrot_on_plate,50,21,0.42,49.48,0.58,50,49.06,0.42,6.83,99.115,50
cogact_base_simplerenv_bridge,guarded_reuse_aggressive,widowx_put_eggplant_in_basket,widowx_put_eggplant_in_basket,50,35,0.7,59.12,0.3,50,55.5,3.62,8.281,99.222,50
cogact_base_simplerenv_bridge,guarded_reuse_aggressive,widowx_spoon_on_towel,widowx_spoon_on_towel,50,33,0.66,38.92,0.34,50,38.22,0.7,5.358,98.848,50
cogact_base_simplerenv_bridge,guarded_reuse_aggressive,widowx_stack_cube,widowx_stack_cube,50,17,0.34,51.56,0.66,50,50.88,0.68,7.148,99.151,50
cogact_base_simplerenv_bridge,guarded_reuse_moderate,widowx_carrot_on_plate,widowx_carrot_on_plate,50,20,0.4,51.06,0.62,50,50.94,0.12,7.084,98.858,50
cogact_base_simplerenv_bridge,guarded_reuse_moderate,widowx_put_eggplant_in_basket,widowx_put_eggplant_in_basket,50,32,0.64,65.0,0.36,50,63.48,1.52,9.409,99.533,50
cogact_base_simplerenv_bridge,guarded_reuse_moderate,widowx_spoon_on_towel,widowx_spoon_on_towel,50,35,0.7,38.68,0.3,50,38.62,0.06,5.368,98.714,50
cogact_base_simplerenv_bridge,guarded_reuse_moderate,widowx_stack_cube,widowx_stack_cube,50,13,0.26,52.6,0.74,50,52.36,0.24,7.247,99.444,50
cogact_base_simplerenv_bridge,guarded_reuse_strict,widowx_carrot_on_plate,widowx_carrot_on_plate,50,22,0.44,49.9,0.56,50,49.88,0.02,6.985,99.435,50
cogact_base_simplerenv_bridge,guarded_reuse_strict,widowx_put_eggplant_in_basket,widowx_put_eggplant_in_basket,50,35,0.7,59.38,0.3,50,58.84,0.54,8.639,99.351,50
cogact_base_simplerenv_bridge,guarded_reuse_strict,widowx_spoon_on_towel,widowx_spoon_on_towel,50,31,0.62,40.34,0.38,50,40.34,0.0,5.614,99.079,50
cogact_base_simplerenv_bridge,guarded_reuse_strict,widowx_stack_cube,widowx_stack_cube,50,15,0.3,51.7,0.7,50,51.62,0.08,7.187,99.388,50
cogact_base_simplerenv_bridge,original,widowx_carrot_on_plate,widowx_carrot_on_plate,50,19,0.38,50.86,0.62,50,50.86,0.0,7.024,98.398,50
cogact_base_simplerenv_bridge,original,widowx_put_eggplant_in_basket,widowx_put_eggplant_in_basket,50,34,0.68,60.6,0.32,50,60.6,0.0,8.914,98.603,50
cogact_base_simplerenv_bridge,original,widowx_spoon_on_towel,widowx_spoon_on_towel,50,31,0.62,40.34,0.38,50,40.34,0.0,5.604,98.92,50
cogact_base_simplerenv_bridge,original,widowx_stack_cube,widowx_stack_cube,50,16,0.32,51.58,0.68,50,51.58,0.0,7.232,98.784,50
cogact_base_simplerenv_bridge,temporal_fusion_conservative_adaptive,widowx_carrot_on_plate,widowx_carrot_on_plate,50,18,0.36,51.3,0.64,50,51.3,0.0,7.189,98.126,50
cogact_base_simplerenv_bridge,temporal_fusion_conservative_adaptive,widowx_put_eggplant_in_basket,widowx_put_eggplant_in_basket,50,38,0.76,54.5,0.24,50,54.5,0.0,7.955,98.112,50
cogact_base_simplerenv_bridge,temporal_fusion_conservative_adaptive,widowx_spoon_on_towel,widowx_spoon_on_towel,50,34,0.68,37.54,0.32,50,37.54,0.0,5.261,97.893,50
cogact_base_simplerenv_bridge,temporal_fusion_conservative_adaptive,widowx_stack_cube,widowx_stack_cube,50,14,0.28,52.38,0.72,50,52.38,0.0,7.276,97.881,50
cogact_base_simplerenv_bridge,temporal_fusion_motion_entropy,widowx_carrot_on_plate,widowx_carrot_on_plate,50,23,0.46,49.74,0.54,50,49.74,0.0,7.013,98.941,50
cogact_base_simplerenv_bridge,temporal_fusion_motion_entropy,widowx_put_eggplant_in_basket,widowx_put_eggplant_in_basket,50,41,0.82,51.06,0.18,50,51.06,0.0,7.466,98.739,50
cogact_base_simplerenv_bridge,temporal_fusion_motion_entropy,widowx_spoon_on_towel,widowx_spoon_on_towel,50,36,0.72,37.08,0.3,50,37.08,0.0,5.234,98.624,50
cogact_base_simplerenv_bridge,temporal_fusion_motion_entropy,widowx_stack_cube,widowx_stack_cube,50,16,0.32,51.76,0.68,50,51.76,0.0,7.202,98.635,50
cogact_base_simplerenv_bridge,temporal_fusion_task_aware,widowx_carrot_on_plate,widowx_carrot_on_plate,50,23,0.46,49.74,0.54,50,49.74,0.0,6.989,98.466,50
cogact_base_simplerenv_bridge,temporal_fusion_task_aware,widowx_put_eggplant_in_basket,widowx_put_eggplant_in_basket,50,41,0.82,51.06,0.18,50,51.06,0.0,7.497,98.247,50
cogact_base_simplerenv_bridge,temporal_fusion_task_aware,widowx_spoon_on_towel,widowx_spoon_on_towel,50,36,0.72,37.08,0.3,50,37.08,0.0,5.241,98.117,50
cogact_base_simplerenv_bridge,temporal_fusion_task_aware,widowx_stack_cube,widowx_stack_cube,50,16,0.32,51.76,0.68,50,51.76,0.0,7.223,98.377,50
cogact_base_simplerenv_fractal,action_repeat2,google_robot_close_drawer,google_robot_close_drawer,50,37,0.74,42.06,0.0,50,21.26,0.0,5.396,98.46,50
cogact_base_simplerenv_fractal,action_repeat2,google_robot_move_near,google_robot_move_near,50,41,0.82,32.1,0.18,50,16.22,0.0,3.646,98.848,50
cogact_base_simplerenv_fractal,action_repeat2,google_robot_open_drawer,google_robot_open_drawer,50,42,0.84,45.86,0.0,50,23.2,0.0,5.776,98.567,50
cogact_base_simplerenv_fractal,action_repeat2,google_robot_pick_coke_can,google_robot_pick_coke_can,50,44,0.88,33.32,0.12,50,16.82,0.0,3.881,100.012,50
cogact_base_simplerenv_fractal,action_repeat2,google_robot_place_apple_in_closed_top_drawer,google_robot_place_apple_in_closed_top_drawer,50,0,0.0,80.0,0.0,50,40.0,0.0,9.668,98.767,50
cogact_base_simplerenv_fractal,action_repeat4,google_robot_close_drawer,google_robot_close_drawer,50,44,0.88,38.98,0.0,50,10.06,0.0,4.164,99.7,50
cogact_base_simplerenv_fractal,action_repeat4,google_robot_move_near,google_robot_move_near,50,25,0.5,53.98,0.5,50,13.74,0.0,4.751,99.361,50
cogact_base_simplerenv_fractal,action_repeat4,google_robot_open_drawer,google_robot_open_drawer,50,21,0.42,65.86,0.0,50,16.64,0.0,6.726,98.689,50
cogact_base_simplerenv_fractal,action_repeat4,google_robot_pick_coke_can,google_robot_pick_coke_can,50,30,0.6,51.72,0.4,50,13.16,0.0,4.7,99.875,50
cogact_base_simplerenv_fractal,action_repeat4,google_robot_place_apple_in_closed_top_drawer,google_robot_place_apple_in_closed_top_drawer,50,0,0.0,80.0,0.0,50,20.0,0.0,8.0,99.696,50
cogact_base_simplerenv_fractal,depth_pruning1,google_robot_close_drawer,google_robot_close_drawer,50,29,0.58,48.72,0.0,50,48.72,0.0,8.48,97.488,50
cogact_base_simplerenv_fractal,depth_pruning1,google_robot_move_near,google_robot_move_near,50,48,0.96,21.32,0.04,50,21.32,0.0,3.459,98.962,50
cogact_base_simplerenv_fractal,depth_pruning1,google_robot_open_drawer,google_robot_open_drawer,50,36,0.72,51.74,0.0,50,51.74,0.0,9.096,98.432,50
cogact_base_simplerenv_fractal,depth_pruning1,google_robot_pick_coke_can,google_robot_pick_coke_can,50,50,1.0,19.12,0.0,50,19.12,0.0,3.096,98.155,50
cogact_base_simplerenv_fractal,depth_pruning1,google_robot_place_apple_in_closed_top_drawer,google_robot_place_apple_in_closed_top_drawer,50,0,0.0,80.0,0.0,50,80.0,0.0,13.444,97.548,50
cogact_base_simplerenv_fractal,depth_pruning2,google_robot_close_drawer,google_robot_close_drawer,50,30,0.6,49.38,0.0,50,49.38,0.0,8.757,97.504,50
cogact_base_simplerenv_fractal,depth_pruning2,google_robot_move_near,google_robot_move_near,50,47,0.94,23.28,0.06,50,23.28,0.0,3.702,97.277,50
cogact_base_simplerenv_fractal,depth_pruning2,google_robot_open_drawer,google_robot_open_drawer,50,39,0.78,46.5,0.0,50,46.5,0.0,7.993,95.214,50
cogact_base_simplerenv_fractal,depth_pruning2,google_robot_pick_coke_can,google_robot_pick_coke_can,50,48,0.96,20.5,0.04,50,20.5,0.0,3.297,97.112,50
cogact_base_simplerenv_fractal,depth_pruning2,google_robot_place_apple_in_closed_top_drawer,google_robot_place_apple_in_closed_top_drawer,50,0,0.0,80.0,0.0,50,80.0,0.0,13.237,96.158,50
cogact_base_simplerenv_fractal,depth_pruning4,google_robot_close_drawer,google_robot_close_drawer,50,34,0.68,45.58,0.0,50,45.58,0.0,7.735,93.748,50
cogact_base_simplerenv_fractal,depth_pruning4,google_robot_move_near,google_robot_move_near,50,46,0.92,23.42,0.08,50,23.42,0.0,3.611,94.615,50
cogact_base_simplerenv_fractal,depth_pruning4,google_robot_open_drawer,google_robot_open_drawer,50,38,0.76,50.22,0.0,50,50.22,0.0,8.404,93.795,50
cogact_base_simplerenv_fractal,depth_pruning4,google_robot_pick_coke_can,google_robot_pick_coke_can,50,49,0.98,20.38,0.02,50,20.38,0.0,3.173,94.271,50
cogact_base_simplerenv_fractal,depth_pruning4,google_robot_place_apple_in_closed_top_drawer,google_robot_place_apple_in_closed_top_drawer,50,0,0.0,80.0,0.0,50,80.0,0.0,13.087,94.363,50
cogact_base_simplerenv_fractal,fixed_foveation_keep20,google_robot_close_drawer,google_robot_close_drawer,50,29,0.58,51.2,0.0,50,51.2,0.0,10.098,99.361,50
cogact_base_simplerenv_fractal,fixed_foveation_keep20,google_robot_move_near,google_robot_move_near,50,47,0.94,22.2,0.06,50,22.2,0.0,3.973,98.824,50
cogact_base_simplerenv_fractal,fixed_foveation_keep20,google_robot_open_drawer,google_robot_open_drawer,50,36,0.72,54.3,0.0,50,54.3,0.0,10.536,98.781,50
cogact_base_simplerenv_fractal,fixed_foveation_keep20,google_robot_pick_coke_can,google_robot_pick_coke_can,50,50,1.0,18.9,0.0,50,18.9,0.0,3.419,100.132,50
cogact_base_simplerenv_fractal,fixed_foveation_keep20,google_robot_place_apple_in_closed_top_drawer,google_robot_place_apple_in_closed_top_drawer,50,0,0.0,80.0,0.0,50,80.0,0.0,14.983,99.296,50
cogact_base_simplerenv_fractal,fixed_foveation_keep50,google_robot_close_drawer,google_robot_close_drawer,50,34,0.68,46.74,0.0,50,46.74,0.0,9.431,99.261,50
cogact_base_simplerenv_fractal,fixed_foveation_keep50,google_robot_move_near,google_robot_move_near,50,46,0.92,23.14,0.08,50,23.14,0.0,4.286,99.783,50
cogact_base_simplerenv_fractal,fixed_foveation_keep50,google_robot_open_drawer,google_robot_open_drawer,50,40,0.8,50.22,0.0,50,50.22,0.0,9.997,98.873,50
cogact_base_simplerenv_fractal,fixed_foveation_keep50,google_robot_pick_coke_can,google_robot_pick_coke_can,50,48,0.96,21.6,0.04,50,21.6,0.0,4.007,100.519,50
cogact_base_simplerenv_fractal,fixed_foveation_keep50,google_robot_place_apple_in_closed_top_drawer,google_robot_place_apple_in_closed_top_drawer,50,0,0.0,80.0,0.0,50,80.0,0.0,15.408,98.801,50
cogact_base_simplerenv_fractal,guarded_reuse_aggressive,google_robot_close_drawer,google_robot_close_drawer,50,31,0.62,47.46,0.0,50,46.88,0.58,8.657,100.46,50
cogact_base_simplerenv_fractal,guarded_reuse_aggressive,google_robot_move_near,google_robot_move_near,50,47,0.94,22.54,0.06,50,22.5,0.04,3.637,99.715,50
cogact_base_simplerenv_fractal,guarded_reuse_aggressive,google_robot_open_drawer,google_robot_open_drawer,50,40,0.8,47.7,0.0,50,47.14,0.56,8.356,99.506,50
cogact_base_simplerenv_fractal,guarded_reuse_aggressive,google_robot_pick_coke_can,google_robot_pick_coke_can,50,49,0.98,20.46,0.02,50,20.46,0.0,3.355,100.14,50
cogact_base_simplerenv_fractal,guarded_reuse_aggressive,google_robot_place_apple_in_closed_top_drawer,google_robot_place_apple_in_closed_top_drawer,50,0,0.0,80.0,0.0,50,79.94,0.06,14.455,101.335,50
cogact_base_simplerenv_fractal,guarded_reuse_moderate,google_robot_close_drawer,google_robot_close_drawer,50,31,0.62,50.34,0.0,50,50.26,0.08,8.807,99.099,50
cogact_base_simplerenv_fractal,guarded_reuse_moderate,google_robot_move_near,google_robot_move_near,50,47,0.94,22.5,0.06,50,22.5,0.0,3.582,98.501,50
cogact_base_simplerenv_fractal,guarded_reuse_moderate,google_robot_open_drawer,google_robot_open_drawer,50,41,0.82,48.84,0.0,50,48.68,0.16,8.471,98.903,50
cogact_base_simplerenv_fractal,guarded_reuse_moderate,google_robot_pick_coke_can,google_robot_pick_coke_can,50,49,0.98,20.46,0.02,50,20.46,0.0,3.276,99.533,50
cogact_base_simplerenv_fractal,guarded_reuse_moderate,google_robot_place_apple_in_closed_top_drawer,google_robot_place_apple_in_closed_top_drawer,50,0,0.0,80.0,0.0,50,80.0,0.0,13.614,99.388,50
cogact_base_simplerenv_fractal,guarded_reuse_strict,google_robot_close_drawer,google_robot_close_drawer,50,31,0.62,48.96,0.0,50,48.96,0.0,8.501,98.085,50
cogact_base_simplerenv_fractal,guarded_reuse_strict,google_robot_move_near,google_robot_move_near,50,47,0.94,22.5,0.06,50,22.5,0.0,3.594,100.352,50
cogact_base_simplerenv_fractal,guarded_reuse_strict,google_robot_open_drawer,google_robot_open_drawer,50,40,0.8,51.6,0.0,50,51.58,0.02,8.921,98.998,50
cogact_base_simplerenv_fractal,guarded_reuse_strict,google_robot_pick_coke_can,google_robot_pick_coke_can,50,49,0.98,20.46,0.02,50,20.46,0.0,3.26,98.005,50
cogact_base_simplerenv_fractal,guarded_reuse_strict,google_robot_place_apple_in_closed_top_drawer,google_robot_place_apple_in_closed_top_drawer,50,0,0.0,80.0,0.0,50,80.0,0.0,13.429,99.05,50
cogact_base_simplerenv_fractal,original,google_robot_close_drawer,google_robot_close_drawer,50,31,0.62,48.96,0.0,50,48.96,0.0,8.607,99.542,50
cogact_base_simplerenv_fractal,original,google_robot_move_near,google_robot_move_near,50,47,0.94,22.5,0.06,50,22.5,0.0,3.595,99.201,50
cogact_base_simplerenv_fractal,original,google_robot_open_drawer,google_robot_open_drawer,50,40,0.8,51.96,0.0,50,51.96,0.0,8.985,98.416,50
cogact_base_simplerenv_fractal,original,google_robot_pick_coke_can,google_robot_pick_coke_can,50,49,0.98,20.46,0.02,50,20.46,0.0,3.282,99.339,50
cogact_base_simplerenv_fractal,original,google_robot_place_apple_in_closed_top_drawer,google_robot_place_apple_in_closed_top_drawer,50,0,0.0,80.0,0.0,50,80.0,0.0,13.366,98.788,50
cogact_base_simplerenv_fractal,temporal_fusion_conservative_adaptive,google_robot_close_drawer,google_robot_close_drawer,50,31,0.62,49.14,0.0,50,49.14,0.0,8.633,98.318,50
cogact_base_simplerenv_fractal,temporal_fusion_conservative_adaptive,google_robot_move_near,google_robot_move_near,50,47,0.94,22.5,0.06,50,22.5,0.0,3.668,98.362,50
cogact_base_simplerenv_fractal,temporal_fusion_conservative_adaptive,google_robot_open_drawer,google_robot_open_drawer,50,37,0.74,50.62,0.0,50,50.62,0.0,8.946,98.16,50
cogact_base_simplerenv_fractal,temporal_fusion_conservative_adaptive,google_robot_pick_coke_can,google_robot_pick_coke_can,50,49,0.98,20.46,0.02,50,20.46,0.0,3.319,98.635,50
cogact_base_simplerenv_fractal,temporal_fusion_conservative_adaptive,google_robot_place_apple_in_closed_top_drawer,google_robot_place_apple_in_closed_top_drawer,50,0,0.0,80.0,0.0,50,80.0,0.0,13.582,98.566,50
cogact_base_simplerenv_fractal,temporal_fusion_motion_entropy,google_robot_close_drawer,google_robot_close_drawer,50,31,0.62,48.42,0.0,50,48.42,0.0,8.56,99.044,50
cogact_base_simplerenv_fractal,temporal_fusion_motion_entropy,google_robot_move_near,google_robot_move_near,50,46,0.92,22.76,0.08,50,22.76,0.0,3.965,103.699,50
cogact_base_simplerenv_fractal,temporal_fusion_motion_entropy,google_robot_open_drawer,google_robot_open_drawer,50,37,0.74,50.96,0.0,50,50.96,0.0,9.474,101.61,50
cogact_base_simplerenv_fractal,temporal_fusion_motion_entropy,google_robot_pick_coke_can,google_robot_pick_coke_can,50,48,0.96,21.22,0.04,50,21.22,0.0,3.75,104.689,50
cogact_base_simplerenv_fractal,temporal_fusion_motion_entropy,google_robot_place_apple_in_closed_top_drawer,google_robot_place_apple_in_closed_top_drawer,50,0,0.0,80.0,0.0,50,80.0,0.0,13.659,99.112,50
cogact_base_simplerenv_fractal,temporal_fusion_task_aware,google_robot_close_drawer,google_robot_close_drawer,50,31,0.62,48.42,0.0,50,48.42,0.0,8.58,98.958,50
cogact_base_simplerenv_fractal,temporal_fusion_task_aware,google_robot_move_near,google_robot_move_near,50,46,0.92,22.76,0.08,50,22.76,0.0,3.677,99.124,50
cogact_base_simplerenv_fractal,temporal_fusion_task_aware,google_robot_open_drawer,google_robot_open_drawer,50,37,0.74,50.96,0.0,50,50.96,0.0,8.908,98.45,50
cogact_base_simplerenv_fractal,temporal_fusion_task_aware,google_robot_pick_coke_can,google_robot_pick_coke_can,50,48,0.96,21.22,0.04,50,21.22,0.0,3.466,98.916,50
cogact_base_simplerenv_fractal,temporal_fusion_task_aware,google_robot_place_apple_in_closed_top_drawer,google_robot_place_apple_in_closed_top_drawer,50,0,0.0,80.0,0.0,50,80.0,0.0,13.579,98.253,50
cronusvla_simplerenv_bridge,action_repeat2,widowx_carrot_on_plate,widowx_carrot_on_plate,50,2,0.04,59.6,,0,29.82,29.78,4.844,,0
cronusvla_simplerenv_bridge,action_repeat2,widowx_put_eggplant_in_basket,widowx_put_eggplant_in_basket,50,4,0.08,114.56,,0,57.3,57.26,10.345,,0
cronusvla_simplerenv_bridge,action_repeat2,widowx_spoon_on_towel,widowx_spoon_on_towel,50,1,0.02,59.42,,0,29.72,29.7,4.854,,0
cronusvla_simplerenv_bridge,action_repeat2,widowx_stack_cube,widowx_stack_cube,50,0,0.0,60.0,,0,30.0,30.0,4.827,,0
cronusvla_simplerenv_bridge,action_repeat4,widowx_carrot_on_plate,widowx_carrot_on_plate,50,0,0.0,60.0,,0,15.0,45.0,3.557,,0
cronusvla_simplerenv_bridge,action_repeat4,widowx_put_eggplant_in_basket,widowx_put_eggplant_in_basket,50,0,0.0,120.0,,0,30.0,90.0,8.46,,0
cronusvla_simplerenv_bridge,action_repeat4,widowx_spoon_on_towel,widowx_spoon_on_towel,50,0,0.0,60.0,,0,15.0,45.0,3.602,,0
cronusvla_simplerenv_bridge,action_repeat4,widowx_stack_cube,widowx_stack_cube,50,0,0.0,60.0,,0,15.0,45.0,3.533,,0
cronusvla_simplerenv_bridge,depth_pruning1,widowx_carrot_on_plate,widowx_carrot_on_plate,50,6,0.12,58.34,,0,58.34,0.0,7.108,,0
cronusvla_simplerenv_bridge,depth_pruning1,widowx_put_eggplant_in_basket,widowx_put_eggplant_in_basket,50,49,0.98,30.3,,0,30.3,0.0,3.812,,0
cronusvla_simplerenv_bridge,depth_pruning1,widowx_spoon_on_towel,widowx_spoon_on_towel,50,15,0.3,51.94,,0,51.94,0.0,6.333,,0
cronusvla_simplerenv_bridge,depth_pruning1,widowx_stack_cube,widowx_stack_cube,50,1,0.02,59.52,,0,59.52,0.0,7.189,,0
cronusvla_simplerenv_bridge,depth_pruning2,widowx_carrot_on_plate,widowx_carrot_on_plate,50,8,0.16,57.84,,0,57.84,0.0,6.745,,0
cronusvla_simplerenv_bridge,depth_pruning2,widowx_put_eggplant_in_basket,widowx_put_eggplant_in_basket,50,48,0.96,33.82,,0,33.82,0.0,4.146,,0
cronusvla_simplerenv_bridge,depth_pruning2,widowx_spoon_on_towel,widowx_spoon_on_towel,50,16,0.32,50.42,,0,50.42,0.0,6.04,,0
cronusvla_simplerenv_bridge,depth_pruning2,widowx_stack_cube,widowx_stack_cube,50,0,0.0,60.0,,0,60.0,0.0,7.067,,0
cronusvla_simplerenv_bridge,depth_pruning4,widowx_carrot_on_plate,widowx_carrot_on_plate,50,7,0.14,56.84,,0,56.84,0.0,6.392,,0
cronusvla_simplerenv_bridge,depth_pruning4,widowx_put_eggplant_in_basket,widowx_put_eggplant_in_basket,50,47,0.94,34.12,,0,34.12,0.0,4.023,,0
cronusvla_simplerenv_bridge,depth_pruning4,widowx_spoon_on_towel,widowx_spoon_on_towel,50,3,0.06,59.1,,0,59.1,0.0,6.748,,0
cronusvla_simplerenv_bridge,depth_pruning4,widowx_stack_cube,widowx_stack_cube,50,0,0.0,60.0,,0,60.0,0.0,6.654,,0
cronusvla_simplerenv_bridge,fixed_foveation_keep20,widowx_carrot_on_plate,widowx_carrot_on_plate,50,5,0.1,57.76,,0,57.76,0.0,8.497,,0
cronusvla_simplerenv_bridge,fixed_foveation_keep20,widowx_put_eggplant_in_basket,widowx_put_eggplant_in_basket,50,50,1.0,28.52,,0,28.52,0.0,4.301,,0
cronusvla_simplerenv_bridge,fixed_foveation_keep20,widowx_spoon_on_towel,widowx_spoon_on_towel,50,18,0.36,49.4,,0,49.4,0.0,7.086,,0
cronusvla_simplerenv_bridge,fixed_foveation_keep20,widowx_stack_cube,widowx_stack_cube,50,0,0.0,60.0,,0,60.0,0.0,8.668,,0
cronusvla_simplerenv_bridge,fixed_foveation_keep50,widowx_carrot_on_plate,widowx_carrot_on_plate,50,4,0.08,57.88,,0,57.88,0.0,8.475,,0
cronusvla_simplerenv_bridge,fixed_foveation_keep50,widowx_put_eggplant_in_basket,widowx_put_eggplant_in_basket,50,49,0.98,32.84,,0,32.84,0.0,4.972,,0
cronusvla_simplerenv_bridge,fixed_foveation_keep50,widowx_spoon_on_towel,widowx_spoon_on_towel,50,15,0.3,51.04,,0,51.04,0.0,7.431,,0
cronusvla_simplerenv_bridge,fixed_foveation_keep50,widowx_stack_cube,widowx_stack_cube,50,0,0.0,60.0,,0,60.0,0.0,8.768,,0
cronusvla_simplerenv_bridge,guarded_reuse_aggressive,widowx_carrot_on_plate,widowx_carrot_on_plate,50,7,0.14,57.48,,0,57.42,0.06,7.215,,0
cronusvla_simplerenv_bridge,guarded_reuse_aggressive,widowx_put_eggplant_in_basket,widowx_put_eggplant_in_basket,50,49,0.98,30.44,,0,30.44,0.0,3.9,,0
cronusvla_simplerenv_bridge,guarded_reuse_aggressive,widowx_spoon_on_towel,widowx_spoon_on_towel,50,16,0.32,51.02,,0,51.0,0.02,6.462,,0
cronusvla_simplerenv_bridge,guarded_reuse_aggressive,widowx_stack_cube,widowx_stack_cube,50,0,0.0,60.0,,0,59.98,0.02,7.376,,0
cronusvla_simplerenv_bridge,guarded_reuse_moderate,widowx_carrot_on_plate,widowx_carrot_on_plate,50,7,0.14,57.48,,0,57.42,0.06,7.013,,0
cronusvla_simplerenv_bridge,guarded_reuse_moderate,widowx_put_eggplant_in_basket,widowx_put_eggplant_in_basket,50,49,0.98,30.44,,0,30.44,0.0,3.918,,0
cronusvla_simplerenv_bridge,guarded_reuse_moderate,widowx_spoon_on_towel,widowx_spoon_on_towel,50,16,0.32,51.02,,0,51.0,0.02,6.393,,0
cronusvla_simplerenv_bridge,guarded_reuse_moderate,widowx_stack_cube,widowx_stack_cube,50,0,0.0,60.0,,0,59.98,0.02,7.333,,0
cronusvla_simplerenv_bridge,guarded_reuse_strict,widowx_carrot_on_plate,widowx_carrot_on_plate,50,7,0.14,57.48,,0,57.42,0.06,7.288,,0
cronusvla_simplerenv_bridge,guarded_reuse_strict,widowx_put_eggplant_in_basket,widowx_put_eggplant_in_basket,50,49,0.98,30.44,,0,30.44,0.0,3.937,,0
cronusvla_simplerenv_bridge,guarded_reuse_strict,widowx_spoon_on_towel,widowx_spoon_on_towel,50,16,0.32,51.02,,0,51.0,0.02,6.353,,0
cronusvla_simplerenv_bridge,guarded_reuse_strict,widowx_stack_cube,widowx_stack_cube,50,0,0.0,60.0,,0,59.98,0.02,7.382,,0
cronusvla_simplerenv_bridge,original,widowx_carrot_on_plate,widowx_carrot_on_plate,50,8,0.16,56.7,,0,56.7,0.0,7.267,,0
cronusvla_simplerenv_bridge,original,widowx_put_eggplant_in_basket,widowx_put_eggplant_in_basket,50,48,0.96,32.08,,0,32.08,0.0,4.188,,0
cronusvla_simplerenv_bridge,original,widowx_spoon_on_towel,widowx_spoon_on_towel,50,12,0.24,53.44,,0,53.44,0.0,6.624,,0
cronusvla_simplerenv_bridge,original,widowx_stack_cube,widowx_stack_cube,50,0,0.0,60.0,,0,60.0,0.0,7.37,,0
cronusvla_simplerenv_bridge,temporal_fusion_conservative_adaptive,widowx_carrot_on_plate,widowx_carrot_on_plate,50,5,0.1,59.12,,0,59.12,0.0,7.535,,0
cronusvla_simplerenv_bridge,temporal_fusion_conservative_adaptive,widowx_put_eggplant_in_basket,widowx_put_eggplant_in_basket,50,48,0.96,32.68,,0,32.68,0.0,4.361,,0
cronusvla_simplerenv_bridge,temporal_fusion_conservative_adaptive,widowx_spoon_on_towel,widowx_spoon_on_towel,50,14,0.28,53.02,,0,53.02,0.0,6.76,,0
cronusvla_simplerenv_bridge,temporal_fusion_conservative_adaptive,widowx_stack_cube,widowx_stack_cube,50,0,0.0,60.0,,0,60.0,0.0,7.501,,0
cronusvla_simplerenv_bridge,temporal_fusion_motion_entropy,widowx_carrot_on_plate,widowx_carrot_on_plate,50,5,0.1,59.12,,0,59.12,0.0,7.484,,0
cronusvla_simplerenv_bridge,temporal_fusion_motion_entropy,widowx_put_eggplant_in_basket,widowx_put_eggplant_in_basket,50,48,0.96,32.68,,0,32.68,0.0,4.27,,0
cronusvla_simplerenv_bridge,temporal_fusion_motion_entropy,widowx_spoon_on_towel,widowx_spoon_on_towel,50,14,0.28,53.02,,0,53.02,0.0,6.708,,0
cronusvla_simplerenv_bridge,temporal_fusion_motion_entropy,widowx_stack_cube,widowx_stack_cube,50,0,0.0,60.0,,0,60.0,0.0,7.535,,0
cronusvla_simplerenv_bridge,temporal_fusion_task_aware,widowx_carrot_on_plate,widowx_carrot_on_plate,50,5,0.1,59.12,,0,59.12,0.0,7.4,,0
cronusvla_simplerenv_bridge,temporal_fusion_task_aware,widowx_put_eggplant_in_basket,widowx_put_eggplant_in_basket,50,48,0.96,32.68,,0,32.68,0.0,4.3,,0
cronusvla_simplerenv_bridge,temporal_fusion_task_aware,widowx_spoon_on_towel,widowx_spoon_on_towel,50,14,0.28,53.02,,0,53.02,0.0,6.756,,0
cronusvla_simplerenv_bridge,temporal_fusion_task_aware,widowx_stack_cube,widowx_stack_cube,50,0,0.0,60.0,,0,60.0,0.0,7.622,,0
cronusvla_simplerenv_fractal,action_repeat2,google_robot_close_drawer,google_robot_close_drawer,50,24,0.48,60.32,,0,30.28,30.04,7.163,,0
cronusvla_simplerenv_fractal,action_repeat2,google_robot_move_near,google_robot_move_near,50,50,1.0,41.32,,0,20.84,20.48,4.246,,0
cronusvla_simplerenv_fractal,action_repeat2,google_robot_open_drawer,google_robot_open_drawer,50,22,0.44,67.08,,0,33.68,33.4,7.768,,0
cronusvla_simplerenv_fractal,action_repeat2,google_robot_pick_coke_can,google_robot_pick_coke_can,50,50,1.0,38.42,,0,19.4,19.02,3.99,,0
cronusvla_simplerenv_fractal,action_repeat2,google_robot_place_apple_in_closed_top_drawer,google_robot_place_apple_in_closed_top_drawer,50,0,0.0,80.0,,0,40.0,40.0,9.099,,0
cronusvla_simplerenv_fractal,action_repeat4,google_robot_close_drawer,google_robot_close_drawer,50,10,0.2,73.26,,0,18.38,54.88,7.077,,0
cronusvla_simplerenv_fractal,action_repeat4,google_robot_move_near,google_robot_move_near,50,50,1.0,68.7,,0,17.26,51.44,5.584,,0
cronusvla_simplerenv_fractal,action_repeat4,google_robot_open_drawer,google_robot_open_drawer,50,5,0.1,78.06,,0,19.54,58.52,7.258,,0
cronusvla_simplerenv_fractal,action_repeat4,google_robot_pick_coke_can,google_robot_pick_coke_can,50,50,1.0,70.64,,0,17.8,52.84,5.977,,0
cronusvla_simplerenv_fractal,action_repeat4,google_robot_place_apple_in_closed_top_drawer,google_robot_place_apple_in_closed_top_drawer,50,0,0.0,80.0,,0,20.0,60.0,7.418,,0
cronusvla_simplerenv_fractal,depth_pruning1,google_robot_close_drawer,google_robot_close_drawer,50,24,0.48,57.4,,0,57.4,0.0,9.095,,0
cronusvla_simplerenv_fractal,depth_pruning1,google_robot_move_near,google_robot_move_near,50,48,0.96,26.22,,0,26.22,0.0,3.71,,0
cronusvla_simplerenv_fractal,depth_pruning1,google_robot_open_drawer,google_robot_open_drawer,50,20,0.4,64.6,,0,64.6,0.0,10.016,,0
cronusvla_simplerenv_fractal,depth_pruning1,google_robot_pick_coke_can,google_robot_pick_coke_can,50,49,0.98,22.62,,0,22.62,0.0,3.248,,0
cronusvla_simplerenv_fractal,depth_pruning1,google_robot_place_apple_in_closed_top_drawer,google_robot_place_apple_in_closed_top_drawer,50,0,0.0,80.0,,0,80.0,0.0,12.264,,0
cronusvla_simplerenv_fractal,depth_pruning2,google_robot_close_drawer,google_robot_close_drawer,50,16,0.32,64.88,,0,64.88,0.0,10.121,,0
cronusvla_simplerenv_fractal,depth_pruning2,google_robot_move_near,google_robot_move_near,50,47,0.94,28.66,,0,28.66,0.0,3.965,,0
cronusvla_simplerenv_fractal,depth_pruning2,google_robot_open_drawer,google_robot_open_drawer,50,18,0.36,70.08,,0,70.08,0.0,10.682,,0
cronusvla_simplerenv_fractal,depth_pruning2,google_robot_pick_coke_can,google_robot_pick_coke_can,50,48,0.96,23.34,,0,23.34,0.0,3.231,,0
cronusvla_simplerenv_fractal,depth_pruning2,google_robot_place_apple_in_closed_top_drawer,google_robot_place_apple_in_closed_top_drawer,50,0,0.0,80.0,,0,80.0,0.0,11.936,,0
cronusvla_simplerenv_fractal,depth_pruning4,google_robot_close_drawer,google_robot_close_drawer,50,18,0.36,65.16,,0,65.16,0.0,9.82,,0
cronusvla_simplerenv_fractal,depth_pruning4,google_robot_move_near,google_robot_move_near,50,48,0.96,27.14,,0,27.14,0.0,3.638,,0
cronusvla_simplerenv_fractal,depth_pruning4,google_robot_open_drawer,google_robot_open_drawer,50,12,0.24,73.06,,0,73.06,0.0,10.616,,0
cronusvla_simplerenv_fractal,depth_pruning4,google_robot_pick_coke_can,google_robot_pick_coke_can,50,50,1.0,24.54,,0,24.54,0.0,3.288,,0
cronusvla_simplerenv_fractal,depth_pruning4,google_robot_place_apple_in_closed_top_drawer,google_robot_place_apple_in_closed_top_drawer,50,0,0.0,80.0,,0,80.0,0.0,11.525,,0
cronusvla_simplerenv_fractal,fixed_foveation_keep20,google_robot_close_drawer,google_robot_close_drawer,50,25,0.5,56.76,,0,56.76,0.0,10.576,,0
cronusvla_simplerenv_fractal,fixed_foveation_keep20,google_robot_move_near,google_robot_move_near,50,50,1.0,25.76,,0,25.76,0.0,4.32,,0
cronusvla_simplerenv_fractal,fixed_foveation_keep20,google_robot_open_drawer,google_robot_open_drawer,50,11,0.22,72.92,,0,72.92,0.0,13.141,,0
cronusvla_simplerenv_fractal,fixed_foveation_keep20,google_robot_pick_coke_can,google_robot_pick_coke_can,50,50,1.0,21.4,,0,21.4,0.0,3.587,,0
cronusvla_simplerenv_fractal,fixed_foveation_keep20,google_robot_place_apple_in_closed_top_drawer,google_robot_place_apple_in_closed_top_drawer,50,0,0.0,80.0,,0,80.0,0.0,14.17,,0
cronusvla_simplerenv_fractal,fixed_foveation_keep50,google_robot_close_drawer,google_robot_close_drawer,50,28,0.56,54.88,,0,54.88,0.0,10.258,,0
cronusvla_simplerenv_fractal,fixed_foveation_keep50,google_robot_move_near,google_robot_move_near,50,50,1.0,25.24,,0,25.24,0.0,4.284,,0
cronusvla_simplerenv_fractal,fixed_foveation_keep50,google_robot_open_drawer,google_robot_open_drawer,50,14,0.28,70.16,,0,70.16,0.0,12.703,,0
cronusvla_simplerenv_fractal,fixed_foveation_keep50,google_robot_pick_coke_can,google_robot_pick_coke_can,50,50,1.0,20.2,,0,20.2,0.0,3.427,,0
cronusvla_simplerenv_fractal,fixed_foveation_keep50,google_robot_place_apple_in_closed_top_drawer,google_robot_place_apple_in_closed_top_drawer,50,0,0.0,80.0,,0,80.0,0.0,14.413,,0
cronusvla_simplerenv_fractal,guarded_reuse_aggressive,google_robot_close_drawer,google_robot_close_drawer,50,22,0.44,58.0,,0,50.3,7.7,8.601,,0
cronusvla_simplerenv_fractal,guarded_reuse_aggressive,google_robot_move_near,google_robot_move_near,50,50,1.0,26.72,,0,26.58,0.14,3.838,,0
cronusvla_simplerenv_fractal,guarded_reuse_aggressive,google_robot_open_drawer,google_robot_open_drawer,50,20,0.4,66.0,,0,63.92,2.08,10.209,,0
cronusvla_simplerenv_fractal,guarded_reuse_aggressive,google_robot_pick_coke_can,google_robot_pick_coke_can,50,50,1.0,22.94,,0,22.82,0.12,3.319,,0
cronusvla_simplerenv_fractal,guarded_reuse_aggressive,google_robot_place_apple_in_closed_top_drawer,google_robot_place_apple_in_closed_top_drawer,50,0,0.0,80.0,,0,79.34,0.66,12.172,,0
cronusvla_simplerenv_fractal,guarded_reuse_moderate,google_robot_close_drawer,google_robot_close_drawer,50,20,0.4,61.16,,0,57.54,3.62,9.526,,0
cronusvla_simplerenv_fractal,guarded_reuse_moderate,google_robot_move_near,google_robot_move_near,50,50,1.0,27.6,,0,27.6,0.0,4.004,,0
cronusvla_simplerenv_fractal,guarded_reuse_moderate,google_robot_open_drawer,google_robot_open_drawer,50,17,0.34,67.0,,0,66.5,0.5,10.469,,0
cronusvla_simplerenv_fractal,guarded_reuse_moderate,google_robot_pick_coke_can,google_robot_pick_coke_can,50,50,1.0,23.6,,0,23.32,0.28,3.408,,0
cronusvla_simplerenv_fractal,guarded_reuse_moderate,google_robot_place_apple_in_closed_top_drawer,google_robot_place_apple_in_closed_top_drawer,50,0,0.0,80.0,,0,79.98,0.02,12.266,,0
cronusvla_simplerenv_fractal,guarded_reuse_strict,google_robot_close_drawer,google_robot_close_drawer,50,21,0.42,61.28,,0,59.68,1.6,9.742,,0
cronusvla_simplerenv_fractal,guarded_reuse_strict,google_robot_move_near,google_robot_move_near,50,50,1.0,27.6,,0,27.6,0.0,3.982,,0
cronusvla_simplerenv_fractal,guarded_reuse_strict,google_robot_open_drawer,google_robot_open_drawer,50,15,0.3,67.18,,0,67.06,0.12,10.502,,0
cronusvla_simplerenv_fractal,guarded_reuse_strict,google_robot_pick_coke_can,google_robot_pick_coke_can,50,50,1.0,23.58,,0,23.52,0.06,3.395,,0
cronusvla_simplerenv_fractal,guarded_reuse_strict,google_robot_place_apple_in_closed_top_drawer,google_robot_place_apple_in_closed_top_drawer,50,0,0.0,80.0,,0,80.0,0.0,12.137,,0
cronusvla_simplerenv_fractal,original,google_robot_close_drawer,google_robot_close_drawer,50,19,0.38,60.08,,0,60.08,0.0,9.706,,0
cronusvla_simplerenv_fractal,original,google_robot_move_near,google_robot_move_near,50,50,1.0,28.1,,0,28.1,0.0,4.15,,0
cronusvla_simplerenv_fractal,original,google_robot_open_drawer,google_robot_open_drawer,50,20,0.4,64.14,,0,64.14,0.0,10.162,,0
cronusvla_simplerenv_fractal,original,google_robot_pick_coke_can,google_robot_pick_coke_can,50,50,1.0,24.36,,0,24.36,0.0,3.588,,0
cronusvla_simplerenv_fractal,original,google_robot_place_apple_in_closed_top_drawer,google_robot_place_apple_in_closed_top_drawer,50,0,0.0,80.0,,0,80.0,0.0,12.211,,0
cronusvla_simplerenv_fractal,temporal_fusion_conservative_adaptive,google_robot_close_drawer,google_robot_close_drawer,50,25,0.5,55.6,,0,55.6,0.0,9.046,,0
cronusvla_simplerenv_fractal,temporal_fusion_conservative_adaptive,google_robot_move_near,google_robot_move_near,50,50,1.0,28.22,,0,28.22,0.0,4.149,,0
cronusvla_simplerenv_fractal,temporal_fusion_conservative_adaptive,google_robot_open_drawer,google_robot_open_drawer,50,18,0.36,65.98,,0,65.98,0.0,10.681,,0
cronusvla_simplerenv_fractal,temporal_fusion_conservative_adaptive,google_robot_pick_coke_can,google_robot_pick_coke_can,50,50,1.0,22.88,,0,22.88,0.0,3.331,,0
cronusvla_simplerenv_fractal,temporal_fusion_conservative_adaptive,google_robot_place_apple_in_closed_top_drawer,google_robot_place_apple_in_closed_top_drawer,50,0,0.0,80.0,,0,80.0,0.0,12.392,,0
cronusvla_simplerenv_fractal,temporal_fusion_motion_entropy,google_robot_close_drawer,google_robot_close_drawer,50,25,0.5,55.6,,0,55.6,0.0,9.074,,0
cronusvla_simplerenv_fractal,temporal_fusion_motion_entropy,google_robot_move_near,google_robot_move_near,50,50,1.0,28.22,,0,28.22,0.0,4.147,,0
cronusvla_simplerenv_fractal,temporal_fusion_motion_entropy,google_robot_open_drawer,google_robot_open_drawer,50,18,0.36,65.98,,0,65.98,0.0,10.523,,0
cronusvla_simplerenv_fractal,temporal_fusion_motion_entropy,google_robot_pick_coke_can,google_robot_pick_coke_can,50,50,1.0,22.88,,0,22.88,0.0,3.364,,0
cronusvla_simplerenv_fractal,temporal_fusion_motion_entropy,google_robot_place_apple_in_closed_top_drawer,google_robot_place_apple_in_closed_top_drawer,50,0,0.0,80.0,,0,80.0,0.0,12.536,,0
cronusvla_simplerenv_fractal,temporal_fusion_task_aware,google_robot_close_drawer,google_robot_close_drawer,50,25,0.5,55.6,,0,55.6,0.0,9.06,,0
cronusvla_simplerenv_fractal,temporal_fusion_task_aware,google_robot_move_near,google_robot_move_near,50,50,1.0,28.22,,0,28.22,0.0,4.132,,0
cronusvla_simplerenv_fractal,temporal_fusion_task_aware,google_robot_open_drawer,google_robot_open_drawer,50,18,0.36,65.98,,0,65.98,0.0,10.538,,0
cronusvla_simplerenv_fractal,temporal_fusion_task_aware,google_robot_pick_coke_can,google_robot_pick_coke_can,50,50,1.0,22.88,,0,22.88,0.0,3.36,,0
cronusvla_simplerenv_fractal,temporal_fusion_task_aware,google_robot_place_apple_in_closed_top_drawer,google_robot_place_apple_in_closed_top_drawer,50,0,0.0,80.0,,0,80.0,0.0,12.418,,0
minivla_simplerenv,action_repeat2,widowx_carrot_on_plate,widowx_carrot_on_plate,50,5,0.1,58.54,0.9,50,29.3,29.24,5.695,97.472,50
minivla_simplerenv,action_repeat2,widowx_put_eggplant_in_basket,widowx_put_eggplant_in_basket,50,7,0.14,110.68,0.86,50,55.38,55.3,11.251,97.07,50
minivla_simplerenv,action_repeat2,widowx_spoon_on_towel,widowx_spoon_on_towel,50,24,0.48,48.5,0.52,50,24.38,24.12,4.737,96.81,50
minivla_simplerenv,action_repeat2,widowx_stack_cube,widowx_stack_cube,50,24,0.48,50.04,0.52,50,25.12,24.92,4.86,97.213,50
minivla_simplerenv,action_repeat4,widowx_carrot_on_plate,widowx_carrot_on_plate,50,4,0.08,58.62,0.92,50,14.66,43.96,4.195,98.086,50
minivla_simplerenv,action_repeat4,widowx_put_eggplant_in_basket,widowx_put_eggplant_in_basket,50,8,0.16,107.64,0.84,50,27.0,80.64,8.16,98.194,50
minivla_simplerenv,action_repeat4,widowx_spoon_on_towel,widowx_spoon_on_towel,50,24,0.48,50.04,0.52,50,12.72,37.32,3.73,97.846,50
minivla_simplerenv,action_repeat4,widowx_stack_cube,widowx_stack_cube,50,22,0.44,51.36,0.56,50,12.94,38.42,3.74,97.994,50
minivla_simplerenv,depth_pruning1,widowx_carrot_on_plate,widowx_carrot_on_plate,50,0,0.0,60.0,1.0,50,60.0,0.0,8.517,95.581,50
minivla_simplerenv,depth_pruning1,widowx_put_eggplant_in_basket,widowx_put_eggplant_in_basket,50,10,0.2,102.24,0.8,50,102.24,0.0,15.47,95.849,50
minivla_simplerenv,depth_pruning1,widowx_spoon_on_towel,widowx_spoon_on_towel,50,19,0.38,50.5,0.62,50,50.5,0.0,7.268,95.575,50
minivla_simplerenv,depth_pruning1,widowx_stack_cube,widowx_stack_cube,50,8,0.16,57.0,0.84,50,57.0,0.0,8.115,95.738,50
minivla_simplerenv,depth_pruning2,widowx_carrot_on_plate,widowx_carrot_on_plate,50,0,0.0,60.0,1.0,50,60.0,0.0,8.296,91.698,50
minivla_simplerenv,depth_pruning2,widowx_put_eggplant_in_basket,widowx_put_eggplant_in_basket,50,0,0.0,120.0,1.0,50,120.0,0.0,16.699,91.65,50
minivla_simplerenv,depth_pruning2,widowx_spoon_on_towel,widowx_spoon_on_towel,50,0,0.0,60.0,1.0,50,60.0,0.0,8.214,91.588,50
minivla_simplerenv,depth_pruning2,widowx_stack_cube,widowx_stack_cube,50,0,0.0,60.0,1.0,50,60.0,0.0,8.166,91.656,50
minivla_simplerenv,depth_pruning4,widowx_carrot_on_plate,widowx_carrot_on_plate,50,0,0.0,60.0,1.0,50,60.0,0.0,7.904,85.528,50
minivla_simplerenv,depth_pruning4,widowx_put_eggplant_in_basket,widowx_put_eggplant_in_basket,50,0,0.0,120.0,1.0,50,120.0,0.0,15.727,85.32,50
minivla_simplerenv,depth_pruning4,widowx_spoon_on_towel,widowx_spoon_on_towel,50,0,0.0,60.0,1.0,50,60.0,0.0,7.889,85.114,50
minivla_simplerenv,depth_pruning4,widowx_stack_cube,widowx_stack_cube,50,0,0.0,60.0,1.0,50,60.0,0.0,7.853,85.145,50
minivla_simplerenv,fixed_foveation_keep20,widowx_carrot_on_plate,widowx_carrot_on_plate,50,6,0.12,56.1,0.88,50,56.1,0.0,8.912,100.125,50
minivla_simplerenv,fixed_foveation_keep20,widowx_put_eggplant_in_basket,widowx_put_eggplant_in_basket,50,13,0.26,98.3,0.74,50,98.3,0.0,15.773,99.004,50
minivla_simplerenv,fixed_foveation_keep20,widowx_spoon_on_towel,widowx_spoon_on_towel,50,22,0.44,46.62,0.56,50,46.62,0.0,7.434,99.417,50
minivla_simplerenv,fixed_foveation_keep20,widowx_stack_cube,widowx_stack_cube,50,15,0.3,52.44,0.7,50,52.44,0.0,8.491,106.493,50
minivla_simplerenv,fixed_foveation_keep50,widowx_carrot_on_plate,widowx_carrot_on_plate,50,7,0.14,58.38,0.86,50,58.38,0.0,8.996,98.121,50
minivla_simplerenv,fixed_foveation_keep50,widowx_put_eggplant_in_basket,widowx_put_eggplant_in_basket,50,11,0.22,102.04,0.78,50,102.04,0.0,16.413,98.114,50
minivla_simplerenv,fixed_foveation_keep50,widowx_spoon_on_towel,widowx_spoon_on_towel,50,26,0.52,45.82,0.48,50,45.82,0.0,7.02,97.787,50
minivla_simplerenv,fixed_foveation_keep50,widowx_stack_cube,widowx_stack_cube,50,26,0.52,45.4,0.52,50,45.4,0.0,6.925,98.197,50
minivla_simplerenv,guarded_reuse_aggressive,widowx_carrot_on_plate,widowx_carrot_on_plate,50,4,0.08,59.12,0.92,50,58.08,1.04,8.583,97.92,50
minivla_simplerenv,guarded_reuse_aggressive,widowx_put_eggplant_in_basket,widowx_put_eggplant_in_basket,50,5,0.1,111.58,0.9,50,102.44,9.14,16.041,97.415,50
minivla_simplerenv,guarded_reuse_aggressive,widowx_spoon_on_towel,widowx_spoon_on_towel,50,22,0.44,48.26,0.56,50,47.94,0.32,7.053,97.773,50
minivla_simplerenv,guarded_reuse_aggressive,widowx_stack_cube,widowx_stack_cube,50,36,0.72,42.52,0.28,50,42.46,0.06,6.195,98.219,50
minivla_simplerenv,guarded_reuse_moderate,widowx_carrot_on_plate,widowx_carrot_on_plate,50,4,0.08,59.12,0.92,50,58.72,0.4,8.758,99.214,50
minivla_simplerenv,guarded_reuse_moderate,widowx_put_eggplant_in_basket,widowx_put_eggplant_in_basket,50,8,0.16,106.72,0.84,50,96.46,10.26,15.389,99.128,50
minivla_simplerenv,guarded_reuse_moderate,widowx_spoon_on_towel,widowx_spoon_on_towel,50,24,0.48,47.48,0.52,50,47.28,0.2,7.02,98.987,50
minivla_simplerenv,guarded_reuse_moderate,widowx_stack_cube,widowx_stack_cube,50,36,0.72,42.84,0.28,50,42.84,0.0,6.314,99.367,50
minivla_simplerenv,guarded_reuse_strict,widowx_carrot_on_plate,widowx_carrot_on_plate,50,4,0.08,59.12,0.92,50,58.84,0.28,8.599,97.304,50
minivla_simplerenv,guarded_reuse_strict,widowx_put_eggplant_in_basket,widowx_put_eggplant_in_basket,50,12,0.24,101.74,0.76,50,94.24,7.5,14.858,97.214,50
minivla_simplerenv,guarded_reuse_strict,widowx_spoon_on_towel,widowx_spoon_on_towel,50,25,0.5,46.9,0.5,50,46.84,0.06,6.873,96.869,50
minivla_simplerenv,guarded_reuse_strict,widowx_stack_cube,widowx_stack_cube,50,36,0.72,42.84,0.28,50,42.84,0.0,6.139,97.283,50
minivla_simplerenv,original,widowx_carrot_on_plate,widowx_carrot_on_plate,50,2,0.04,59.28,0.96,50,59.28,0.0,8.711,97.182,50
minivla_simplerenv,original,widowx_put_eggplant_in_basket,widowx_put_eggplant_in_basket,50,9,0.18,106.12,0.82,50,106.12,0.0,16.275,97.052,50
minivla_simplerenv,original,widowx_spoon_on_towel,widowx_spoon_on_towel,50,25,0.5,47.12,0.5,50,47.12,0.0,6.887,96.822,50
minivla_simplerenv,original,widowx_stack_cube,widowx_stack_cube,50,36,0.72,42.84,0.28,50,42.84,0.0,6.295,97.388,50
minivla_simplerenv,temporal_fusion_conservative_adaptive,widowx_carrot_on_plate,widowx_carrot_on_plate,50,2,0.04,59.28,0.96,50,59.28,0.0,8.643,97.871,50
minivla_simplerenv,temporal_fusion_conservative_adaptive,widowx_put_eggplant_in_basket,widowx_put_eggplant_in_basket,50,9,0.18,104.48,0.82,50,104.48,0.0,15.971,97.631,50
minivla_simplerenv,temporal_fusion_conservative_adaptive,widowx_spoon_on_towel,widowx_spoon_on_towel,50,27,0.54,45.7,0.46,50,45.7,0.0,6.649,97.481,50
minivla_simplerenv,temporal_fusion_conservative_adaptive,widowx_stack_cube,widowx_stack_cube,50,39,0.78,42.9,0.22,50,42.9,0.0,6.238,97.791,50
minivla_simplerenv,temporal_fusion_motion_entropy,widowx_carrot_on_plate,widowx_carrot_on_plate,50,1,0.02,59.64,0.98,50,59.64,0.0,8.819,98.621,50
minivla_simplerenv,temporal_fusion_motion_entropy,widowx_put_eggplant_in_basket,widowx_put_eggplant_in_basket,50,11,0.22,101.16,0.78,50,101.16,0.0,15.522,98.48,50
minivla_simplerenv,temporal_fusion_motion_entropy,widowx_spoon_on_towel,widowx_spoon_on_towel,50,24,0.48,45.78,0.54,50,45.78,0.0,6.729,98.411,50
minivla_simplerenv,temporal_fusion_motion_entropy,widowx_stack_cube,widowx_stack_cube,50,42,0.84,38.08,0.16,50,38.08,0.0,5.598,98.87,50
minivla_simplerenv,temporal_fusion_task_aware,widowx_carrot_on_plate,widowx_carrot_on_plate,50,4,0.08,59.0,0.92,50,59.0,0.0,9.448,110.845,50
minivla_simplerenv,temporal_fusion_task_aware,widowx_put_eggplant_in_basket,widowx_put_eggplant_in_basket,50,8,0.16,107.54,0.84,50,107.54,0.0,17.851,110.075,50
minivla_simplerenv,temporal_fusion_task_aware,widowx_spoon_on_towel,widowx_spoon_on_towel,50,24,0.48,46.76,0.52,50,46.76,0.0,7.435,109.752,50
minivla_simplerenv,temporal_fusion_task_aware,widowx_stack_cube,widowx_stack_cube,50,35,0.7,41.26,0.3,50,41.26,0.0,6.503,110.702,50
openvla_libero,action_repeat2,libero_10__task_0,libero_10,10,6,0.6,427.1,0.0,10,213.7,213.4,40.609,156.601,10
openvla_libero,action_repeat2,libero_10__task_1,libero_10,10,8,0.8,320.1,0.0,10,160.3,159.8,30.377,156.703,10
openvla_libero,action_repeat2,libero_10__task_2,libero_10,10,4,0.4,424.6,0.0,10,212.4,212.2,39.182,157.463,10
openvla_libero,action_repeat2,libero_10__task_3,libero_10,10,4,0.4,426.9,0.0,10,213.5,213.4,39.694,157.732,10
openvla_libero,action_repeat2,libero_10__task_4,libero_10,10,1,0.1,494.7,0.0,10,247.4,247.3,46.528,156.443,10
openvla_libero,action_repeat2,libero_10__task_5,libero_10,10,10,1.0,183.4,0.0,10,91.9,91.5,16.674,156.495,10
openvla_libero,action_repeat2,libero_10__task_6,libero_10,10,2,0.2,458.5,0.0,10,229.3,229.2,42.634,156.289,10
openvla_libero,action_repeat2,libero_10__task_7,libero_10,10,3,0.3,444.4,0.0,10,222.3,222.1,41.117,156.672,10
openvla_libero,action_repeat2,libero_10__task_8,libero_10,10,2,0.2,500.5,0.0,10,250.3,250.2,46.317,156.48,10
openvla_libero,action_repeat2,libero_10__task_9,libero_10,10,6,0.6,394.5,0.0,10,197.4,197.1,36.441,156.392,10
openvla_libero,action_repeat2,libero_goal__task_0,libero_goal,10,5,0.5,218.3,0.0,10,109.3,109.0,20.957,159.761,10
openvla_libero,action_repeat2,libero_goal__task_1,libero_goal,10,9,0.9,115.2,0.0,10,57.7,57.5,11.213,159.971,10
openvla_libero,action_repeat2,libero_goal__task_2,libero_goal,10,7,0.7,163.0,0.0,10,81.7,81.3,15.723,160.019,10
openvla_libero,action_repeat2,libero_goal__task_3,libero_goal,10,5,0.5,247.7,0.0,10,123.9,123.8,23.932,160.369,10
openvla_libero,action_repeat2,libero_goal__task_4,libero_goal,10,9,0.9,135.3,0.0,10,68.0,67.3,13.143,159.821,10
openvla_libero,action_repeat2,libero_goal__task_5,libero_goal,10,5,0.5,223.1,0.0,10,111.6,111.5,21.565,160.098,10
openvla_libero,action_repeat2,libero_goal__task_6,libero_goal,10,5,0.5,205.7,0.0,10,103.0,102.7,19.64,158.737,10
openvla_libero,action_repeat2,libero_goal__task_7,libero_goal,10,10,1.0,90.0,0.0,10,45.2,44.8,8.587,158.651,10
openvla_libero,action_repeat2,libero_goal__task_8,libero_goal,10,7,0.7,148.4,0.0,10,74.3,74.1,14.217,158.801,10
openvla_libero,action_repeat2,libero_goal__task_9,libero_goal,10,6,0.6,204.9,0.0,10,102.7,102.2,19.658,158.712,10
openvla_libero,action_repeat2,libero_object__task_0,libero_object,10,9,0.9,161.5,0.0,10,81.1,80.4,15.297,156.608,10
openvla_libero,action_repeat2,libero_object__task_1,libero_object,10,7,0.7,199.5,0.0,10,100.0,99.5,18.775,157.3,10
openvla_libero,action_repeat2,libero_object__task_2,libero_object,10,9,0.9,146.0,0.0,10,73.2,72.8,13.707,156.842,10
openvla_libero,action_repeat2,libero_object__task_3,libero_object,10,8,0.8,190.1,0.0,10,95.3,94.8,17.744,156.831,10
openvla_libero,action_repeat2,libero_object__task_4,libero_object,10,10,1.0,160.0,0.0,10,80.3,79.7,14.965,155.87,10
openvla_libero,action_repeat2,libero_object__task_5,libero_object,10,7,0.7,186.7,0.0,10,93.7,93.0,17.608,156.045,10
openvla_libero,action_repeat2,libero_object__task_6,libero_object,10,9,0.9,176.1,0.0,10,88.3,87.8,16.493,157.121,10
openvla_libero,action_repeat2,libero_object__task_7,libero_object,10,7,0.7,183.4,0.0,10,91.8,91.6,17.153,157.302,10
openvla_libero,action_repeat2,libero_object__task_8,libero_object,10,9,0.9,184.8,0.0,10,92.5,92.3,17.204,155.934,10
openvla_libero,action_repeat2,libero_object__task_9,libero_object,10,9,0.9,151.5,0.0,10,76.0,75.5,14.116,156.009,10
openvla_libero,action_repeat2,libero_spatial__task_0,libero_spatial,10,8,0.8,107.6,0.0,10,53.9,53.7,10.784,160.206,10
openvla_libero,action_repeat2,libero_spatial__task_1,libero_spatial,10,3,0.3,191.7,0.0,10,95.9,95.8,19.178,158.727,10
openvla_libero,action_repeat2,libero_spatial__task_2,libero_spatial,10,7,0.7,144.8,0.0,10,72.6,72.2,14.442,159.597,10
openvla_libero,action_repeat2,libero_spatial__task_3,libero_spatial,10,9,0.9,106.5,0.0,10,53.6,52.9,10.749,159.808,10
openvla_libero,action_repeat2,libero_spatial__task_4,libero_spatial,10,8,0.8,150.8,0.0,10,75.5,75.3,15.198,159.117,10
openvla_libero,action_repeat2,libero_spatial__task_5,libero_spatial,10,8,0.8,123.7,0.0,10,62.0,61.7,12.52,159.145,10
openvla_libero,action_repeat2,libero_spatial__task_6,libero_spatial,10,9,0.9,118.8,0.0,10,59.6,59.2,12.225,160.532,10
openvla_libero,action_repeat2,libero_spatial__task_7,libero_spatial,10,9,0.9,136.8,0.0,10,68.6,68.2,14.077,160.015,10
openvla_libero,action_repeat2,libero_spatial__task_8,libero_spatial,10,7,0.7,151.7,0.0,10,76.0,75.7,15.284,160.657,10
openvla_libero,action_repeat2,libero_spatial__task_9,libero_spatial,10,4,0.4,188.1,0.0,10,94.2,93.9,19.232,159.666,10
openvla_libero,action_repeat4,libero_10__task_0,libero_10,10,5,0.5,454.6,0.0,10,113.7,340.9,25.345,156.757,10
openvla_libero,action_repeat4,libero_10__task_1,libero_10,10,6,0.6,406.2,0.0,10,101.8,304.4,22.393,156.591,10
openvla_libero,action_repeat4,libero_10__task_2,libero_10,10,1,0.1,491.4,0.0,10,122.9,368.5,25.746,156.917,10
openvla_libero,action_repeat4,libero_10__task_3,libero_10,10,4,0.4,432.5,0.0,10,108.2,324.3,23.061,158.127,10
openvla_libero,action_repeat4,libero_10__task_4,libero_10,10,0,0.0,520.0,0.0,10,130.0,390.0,28.624,157.589,10
openvla_libero,action_repeat4,libero_10__task_5,libero_10,10,6,0.6,347.7,0.0,10,87.1,260.6,18.031,156.432,10
openvla_libero,action_repeat4,libero_10__task_6,libero_10,10,1,0.1,494.8,0.0,10,123.7,371.1,26.452,157.334,10
openvla_libero,action_repeat4,libero_10__task_7,libero_10,10,4,0.4,464.6,0.0,10,116.2,348.4,24.585,156.996,10
openvla_libero,action_repeat4,libero_10__task_8,libero_10,10,2,0.2,516.6,0.0,10,129.2,387.4,27.617,157.693,10
openvla_libero,action_repeat4,libero_10__task_9,libero_10,10,3,0.3,483.0,0.0,10,120.8,362.2,25.792,157.711,10
openvla_libero,action_repeat4,libero_goal__task_0,libero_goal,10,4,0.4,233.2,0.0,10,58.4,174.8,12.915,157.367,10
openvla_libero,action_repeat4,libero_goal__task_1,libero_goal,10,10,1.0,106.0,0.0,10,26.8,79.2,5.96,157.117,10
openvla_libero,action_repeat4,libero_goal__task_2,libero_goal,10,7,0.7,162.1,0.0,10,40.9,121.2,9.063,157.804,10
openvla_libero,action_repeat4,libero_goal__task_3,libero_goal,10,3,0.3,278.7,0.0,10,69.8,208.9,15.385,157.874,10
openvla_libero,action_repeat4,libero_goal__task_4,libero_goal,10,9,0.9,132.5,0.0,10,33.4,99.1,7.493,157.499,10
openvla_libero,action_repeat4,libero_goal__task_5,libero_goal,10,6,0.6,220.6,0.0,10,55.4,165.2,12.258,157.226,10
openvla_libero,action_repeat4,libero_goal__task_6,libero_goal,10,5,0.5,205.7,0.0,10,51.5,154.2,11.413,157.249,10
openvla_libero,action_repeat4,libero_goal__task_7,libero_goal,10,10,1.0,102.6,0.0,10,26.1,76.5,5.689,157.235,10
openvla_libero,action_repeat4,libero_goal__task_8,libero_goal,10,5,0.5,201.7,0.0,10,50.7,151.0,11.261,157.753,10
openvla_libero,action_repeat4,libero_goal__task_9,libero_goal,10,1,0.1,284.3,0.0,10,71.1,213.2,15.767,157.53,10
openvla_libero,action_repeat4,libero_object__task_0,libero_object,10,8,0.8,197.5,0.0,10,49.6,147.9,10.949,156.193,10
openvla_libero,action_repeat4,libero_object__task_1,libero_object,10,5,0.5,230.0,0.0,10,57.6,172.4,12.424,156.456,10
openvla_libero,action_repeat4,libero_object__task_2,libero_object,10,8,0.8,166.0,0.0,10,41.8,124.2,9.055,156.221,10
openvla_libero,action_repeat4,libero_object__task_3,libero_object,10,4,0.4,243.1,0.0,10,61.0,182.1,13.103,156.384,10
openvla_libero,action_repeat4,libero_object__task_4,libero_object,10,7,0.7,204.8,0.0,10,51.6,153.2,11.182,156.413,10
openvla_libero,action_repeat4,libero_object__task_5,libero_object,10,3,0.3,237.1,0.0,10,59.5,177.6,13.181,156.496,10
openvla_libero,action_repeat4,libero_object__task_6,libero_object,10,5,0.5,234.2,0.0,10,58.7,175.5,12.543,156.245,10
openvla_libero,action_repeat4,libero_object__task_7,libero_object,10,6,0.6,210.0,0.0,10,52.8,157.2,11.43,156.254,10
openvla_libero,action_repeat4,libero_object__task_8,libero_object,10,8,0.8,187.7,0.0,10,47.2,140.5,10.091,156.147,10
openvla_libero,action_repeat4,libero_object__task_9,libero_object,10,5,0.5,209.7,0.0,10,52.6,157.1,11.202,156.156,10
openvla_libero,action_repeat4,libero_spatial__task_0,libero_spatial,10,4,0.4,174.0,0.0,10,43.6,130.4,10.631,160.957,10
openvla_libero,action_repeat4,libero_spatial__task_1,libero_spatial,10,2,0.2,202.6,0.0,10,50.7,151.9,12.304,160.236,10
openvla_libero,action_repeat4,libero_spatial__task_2,libero_spatial,10,8,0.8,143.6,0.0,10,36.2,107.4,8.775,160.407,10
openvla_libero,action_repeat4,libero_spatial__task_3,libero_spatial,10,6,0.6,154.3,0.0,10,38.8,115.5,9.356,160.452,10
openvla_libero,action_repeat4,libero_spatial__task_4,libero_spatial,10,3,0.3,196.5,0.0,10,49.3,147.2,12.169,160.339,10
openvla_libero,action_repeat4,libero_spatial__task_5,libero_spatial,10,4,0.4,196.3,0.0,10,49.2,147.1,11.99,160.055,10
openvla_libero,action_repeat4,libero_spatial__task_6,libero_spatial,10,9,0.9,133.0,0.0,10,33.5,99.5,8.274,159.612,10
openvla_libero,action_repeat4,libero_spatial__task_7,libero_spatial,10,5,0.5,174.8,0.0,10,43.9,130.9,10.909,159.86,10
openvla_libero,action_repeat4,libero_spatial__task_8,libero_spatial,10,3,0.3,188.1,0.0,10,47.1,141.0,11.302,159.931,10
openvla_libero,action_repeat4,libero_spatial__task_9,libero_spatial,10,3,0.3,199.2,0.0,10,49.9,149.3,12.344,159.71,10
openvla_libero,depth_pruning1,libero_10__task_0,libero_10,10,4,0.4,428.4,0.0,10,428.4,0.0,72.434,151.788,10
openvla_libero,depth_pruning1,libero_10__task_1,libero_10,10,8,0.8,325.3,0.0,10,325.3,0.0,55.074,151.748,10
openvla_libero,depth_pruning1,libero_10__task_2,libero_10,10,6,0.6,371.5,0.0,10,371.5,0.0,61.899,151.756,10
openvla_libero,depth_pruning1,libero_10__task_3,libero_10,10,4,0.4,442.8,0.0,10,442.8,0.0,74.324,152.653,10
openvla_libero,depth_pruning1,libero_10__task_4,libero_10,10,4,0.4,413.6,0.0,10,413.6,0.0,70.484,153.376,10
openvla_libero,depth_pruning1,libero_10__task_5,libero_10,10,10,1.0,210.7,0.0,10,210.7,0.0,35.162,152.956,10
openvla_libero,depth_pruning1,libero_10__task_6,libero_10,10,5,0.5,420.1,0.0,10,420.1,0.0,70.747,152.738,10
openvla_libero,depth_pruning1,libero_10__task_7,libero_10,10,7,0.7,420.7,0.0,10,420.7,0.0,70.471,152.622,10
openvla_libero,depth_pruning1,libero_10__task_8,libero_10,10,2,0.2,501.2,0.0,10,501.2,0.0,84.322,153.383,10
openvla_libero,depth_pruning1,libero_10__task_9,libero_10,10,3,0.3,451.9,0.0,10,451.9,0.0,76.271,153.652,10
openvla_libero,depth_pruning1,libero_goal__task_0,libero_goal,10,5,0.5,217.1,0.0,10,217.1,0.0,36.996,152.517,10
openvla_libero,depth_pruning1,libero_goal__task_1,libero_goal,10,8,0.8,133.0,0.0,10,133.0,0.0,22.65,153.402,10
openvla_libero,depth_pruning1,libero_goal__task_2,libero_goal,10,8,0.8,157.4,0.0,10,157.4,0.0,26.82,153.44,10
openvla_libero,depth_pruning1,libero_goal__task_3,libero_goal,10,5,0.5,261.3,0.0,10,261.3,0.0,44.481,153.365,10
openvla_libero,depth_pruning1,libero_goal__task_4,libero_goal,10,10,1.0,99.6,0.0,10,99.6,0.0,17.046,153.371,10
openvla_libero,depth_pruning1,libero_goal__task_5,libero_goal,10,7,0.7,186.4,0.0,10,186.4,0.0,31.801,153.662,10
openvla_libero,depth_pruning1,libero_goal__task_6,libero_goal,10,6,0.6,176.3,0.0,10,176.3,0.0,30.037,153.762,10
openvla_libero,depth_pruning1,libero_goal__task_7,libero_goal,10,10,1.0,75.9,0.0,10,75.9,0.0,12.888,153.263,10
openvla_libero,depth_pruning1,libero_goal__task_8,libero_goal,10,9,0.9,103.5,0.0,10,103.5,0.0,17.574,152.452,10
openvla_libero,depth_pruning1,libero_goal__task_9,libero_goal,10,4,0.4,243.8,0.0,10,243.8,0.0,41.769,153.529,10
openvla_libero,depth_pruning1,libero_object__task_0,libero_object,10,8,0.8,192.4,0.0,10,192.4,0.0,32.535,152.402,10
openvla_libero,depth_pruning1,libero_object__task_1,libero_object,10,8,0.8,183.8,0.0,10,183.8,0.0,30.953,152.634,10
openvla_libero,depth_pruning1,libero_object__task_2,libero_object,10,9,0.9,138.4,0.0,10,138.4,0.0,23.339,152.378,10
openvla_libero,depth_pruning1,libero_object__task_3,libero_object,10,6,0.6,195.8,0.0,10,195.8,0.0,32.823,152.511,10
openvla_libero,depth_pruning1,libero_object__task_4,libero_object,10,10,1.0,171.7,0.0,10,171.7,0.0,28.906,152.579,10
openvla_libero,depth_pruning1,libero_object__task_5,libero_object,10,8,0.8,162.6,0.0,10,162.6,0.0,27.371,152.451,10
openvla_libero,depth_pruning1,libero_object__task_6,libero_object,10,9,0.9,163.4,0.0,10,163.4,0.0,27.435,152.032,10
openvla_libero,depth_pruning1,libero_object__task_7,libero_object,10,9,0.9,161.9,0.0,10,161.9,0.0,27.353,153.131,10
openvla_libero,depth_pruning1,libero_object__task_8,libero_object,10,9,0.9,172.8,0.0,10,172.8,0.0,28.983,152.188,10
openvla_libero,depth_pruning1,libero_object__task_9,libero_object,10,9,0.9,157.5,0.0,10,157.5,0.0,26.553,152.416,10
openvla_libero,depth_pruning1,libero_spatial__task_0,libero_spatial,10,8,0.8,109.1,0.0,10,109.1,0.0,18.943,152.982,10
openvla_libero,depth_pruning1,libero_spatial__task_1,libero_spatial,10,5,0.5,171.7,0.0,10,171.7,0.0,29.854,152.977,10
openvla_libero,depth_pruning1,libero_spatial__task_2,libero_spatial,10,4,0.4,173.5,0.0,10,173.5,0.0,30.24,153.456,10
openvla_libero,depth_pruning1,libero_spatial__task_3,libero_spatial,10,8,0.8,114.2,0.0,10,114.2,0.0,19.991,153.537,10
openvla_libero,depth_pruning1,libero_spatial__task_4,libero_spatial,10,6,0.6,161.1,0.0,10,161.1,0.0,28.323,153.358,10
openvla_libero,depth_pruning1,libero_spatial__task_5,libero_spatial,10,6,0.6,145.1,0.0,10,145.1,0.0,25.356,152.908,10
openvla_libero,depth_pruning1,libero_spatial__task_6,libero_spatial,10,9,0.9,120.8,0.0,10,120.8,0.0,21.235,152.862,10
openvla_libero,depth_pruning1,libero_spatial__task_7,libero_spatial,10,6,0.6,170.7,0.0,10,170.7,0.0,30.08,152.97,10
openvla_libero,depth_pruning1,libero_spatial__task_8,libero_spatial,10,7,0.7,141.4,0.0,10,141.4,0.0,24.674,153.856,10
openvla_libero,depth_pruning1,libero_spatial__task_9,libero_spatial,10,3,0.3,192.2,0.0,10,192.2,0.0,33.849,153.539,10
openvla_libero,depth_pruning2,libero_10__task_0,libero_10,10,3,0.3,456.6,0.0,10,456.6,0.0,76.044,149.056,10
openvla_libero,depth_pruning2,libero_10__task_1,libero_10,10,9,0.9,280.6,0.0,10,280.6,0.0,46.549,148.908,10
openvla_libero,depth_pruning2,libero_10__task_2,libero_10,10,7,0.7,382.5,0.0,10,382.5,0.0,62.477,148.929,10
openvla_libero,depth_pruning2,libero_10__task_3,libero_10,10,3,0.3,434.2,0.0,10,434.2,0.0,71.115,149.105,10
openvla_libero,depth_pruning2,libero_10__task_4,libero_10,10,0,0.0,520.0,0.0,10,520.0,0.0,86.224,148.982,10
openvla_libero,depth_pruning2,libero_10__task_5,libero_10,10,10,1.0,177.4,0.0,10,177.4,0.0,28.73,148.777,10
openvla_libero,depth_pruning2,libero_10__task_6,libero_10,10,6,0.6,385.6,0.0,10,385.6,0.0,63.407,148.7,10
openvla_libero,depth_pruning2,libero_10__task_7,libero_10,10,3,0.3,455.4,0.0,10,455.4,0.0,74.588,148.83,10
openvla_libero,depth_pruning2,libero_10__task_8,libero_10,10,1,0.1,518.8,0.0,10,518.8,0.0,85.212,149.119,10
openvla_libero,depth_pruning2,libero_10__task_9,libero_10,10,3,0.3,451.7,0.0,10,451.7,0.0,74.063,149.02,10
openvla_libero,depth_pruning2,libero_goal__task_0,libero_goal,10,2,0.2,271.5,0.0,10,271.5,0.0,45.564,150.233,10
openvla_libero,depth_pruning2,libero_goal__task_1,libero_goal,10,8,0.8,132.0,0.0,10,132.0,0.0,22.02,149.989,10
openvla_libero,depth_pruning2,libero_goal__task_2,libero_goal,10,8,0.8,137.5,0.0,10,137.5,0.0,23.023,150.24,10
openvla_libero,depth_pruning2,libero_goal__task_3,libero_goal,10,2,0.2,285.1,0.0,10,285.1,0.0,47.392,149.827,10
openvla_libero,depth_pruning2,libero_goal__task_4,libero_goal,10,8,0.8,130.8,0.0,10,130.8,0.0,21.863,149.972,10
openvla_libero,depth_pruning2,libero_goal__task_5,libero_goal,10,5,0.5,227.6,0.0,10,227.6,0.0,38.085,150.272,10
openvla_libero,depth_pruning2,libero_goal__task_6,libero_goal,10,5,0.5,207.5,0.0,10,207.5,0.0,34.658,150.3,10
openvla_libero,depth_pruning2,libero_goal__task_7,libero_goal,10,10,1.0,80.2,0.0,10,80.2,0.0,13.307,149.529,10
openvla_libero,depth_pruning2,libero_goal__task_8,libero_goal,10,10,1.0,90.5,0.0,10,90.5,0.0,15.12,149.417,10
openvla_libero,depth_pruning2,libero_goal__task_9,libero_goal,10,1,0.1,288.0,0.0,10,288.0,0.0,48.112,149.609,10
openvla_libero,depth_pruning2,libero_object__task_0,libero_object,10,5,0.5,229.1,0.0,10,229.1,0.0,37.814,147.883,10
openvla_libero,depth_pruning2,libero_object__task_1,libero_object,10,8,0.8,177.9,0.0,10,177.9,0.0,29.165,148.066,10
openvla_libero,depth_pruning2,libero_object__task_2,libero_object,10,8,0.8,148.9,0.0,10,148.9,0.0,24.417,147.905,10
openvla_libero,depth_pruning2,libero_object__task_3,libero_object,10,4,0.4,240.7,0.0,10,240.7,0.0,39.35,147.922,10
openvla_libero,depth_pruning2,libero_object__task_4,libero_object,10,10,1.0,160.8,0.0,10,160.8,0.0,26.407,147.998,10
openvla_libero,depth_pruning2,libero_object__task_5,libero_object,10,8,0.8,171.4,0.0,10,171.4,0.0,28.241,148.178,10
openvla_libero,depth_pruning2,libero_object__task_6,libero_object,10,10,1.0,154.0,0.0,10,154.0,0.0,25.333,149.012,10
openvla_libero,depth_pruning2,libero_object__task_7,libero_object,10,9,0.9,157.8,0.0,10,157.8,0.0,25.899,148.413,10
openvla_libero,depth_pruning2,libero_object__task_8,libero_object,10,8,0.8,189.4,0.0,10,189.4,0.0,31.077,148.688,10
openvla_libero,depth_pruning2,libero_object__task_9,libero_object,10,9,0.9,172.1,0.0,10,172.1,0.0,28.243,148.768,10
openvla_libero,depth_pruning2,libero_spatial__task_0,libero_spatial,10,3,0.3,178.6,0.0,10,178.6,0.0,30.617,151.171,10
openvla_libero,depth_pruning2,libero_spatial__task_1,libero_spatial,10,5,0.5,171.0,0.0,10,171.0,0.0,29.152,150.255,10
openvla_libero,depth_pruning2,libero_spatial__task_2,libero_spatial,10,6,0.6,154.3,0.0,10,154.3,0.0,26.49,151.119,10
openvla_libero,depth_pruning2,libero_spatial__task_3,libero_spatial,10,7,0.7,127.9,0.0,10,127.9,0.0,21.912,150.22,10
openvla_libero,depth_pruning2,libero_spatial__task_4,libero_spatial,10,5,0.5,173.9,0.0,10,173.9,0.0,30.12,151.206,10
openvla_libero,depth_pruning2,libero_spatial__task_5,libero_spatial,10,9,0.9,107.5,0.0,10,107.5,0.0,18.531,150.611,10
openvla_libero,depth_pruning2,libero_spatial__task_6,libero_spatial,10,9,0.9,120.2,0.0,10,120.2,0.0,20.827,150.57,10
openvla_libero,depth_pruning2,libero_spatial__task_7,libero_spatial,10,7,0.7,163.9,0.0,10,163.9,0.0,28.346,150.228,10
openvla_libero,depth_pruning2,libero_spatial__task_8,libero_spatial,10,3,0.3,185.0,0.0,10,185.0,0.0,31.605,150.371,10
openvla_libero,depth_pruning2,libero_spatial__task_9,libero_spatial,10,2,0.2,201.7,0.0,10,201.7,0.0,34.883,150.39,10
openvla_libero,depth_pruning4,libero_10__task_0,libero_10,10,3,0.3,475.3,0.0,10,475.3,0.0,74.257,138.825,10
openvla_libero,depth_pruning4,libero_10__task_1,libero_10,10,4,0.4,412.2,0.0,10,412.2,0.0,64.043,138.463,10
openvla_libero,depth_pruning4,libero_10__task_2,libero_10,10,2,0.2,484.3,0.0,10,484.3,0.0,73.867,138.304,10
openvla_libero,depth_pruning4,libero_10__task_3,libero_10,10,2,0.2,466.4,0.0,10,466.4,0.0,71.572,138.532,10
openvla_libero,depth_pruning4,libero_10__task_4,libero_10,10,4,0.4,436.4,0.0,10,436.4,0.0,67.987,139.13,10
openvla_libero,depth_pruning4,libero_10__task_5,libero_10,10,4,0.4,422.1,0.0,10,422.1,0.0,64.684,140.089,10
openvla_libero,depth_pruning4,libero_10__task_6,libero_10,10,1,0.1,489.9,0.0,10,489.9,0.0,75.735,138.727,10
openvla_libero,depth_pruning4,libero_10__task_7,libero_10,10,1,0.1,490.4,0.0,10,490.4,0.0,75.281,138.686,10
openvla_libero,depth_pruning4,libero_10__task_8,libero_10,10,4,0.4,489.9,0.0,10,489.9,0.0,75.112,138.198,10
openvla_libero,depth_pruning4,libero_10__task_9,libero_10,10,1,0.1,500.9,0.0,10,500.9,0.0,77.472,139.364,10
openvla_libero,depth_pruning4,libero_goal__task_0,libero_goal,10,0,0.0,300.0,0.0,10,300.0,0.0,47.507,141.299,10
openvla_libero,depth_pruning4,libero_goal__task_1,libero_goal,10,7,0.7,152.1,0.0,10,152.1,0.0,24.062,141.476,10
openvla_libero,depth_pruning4,libero_goal__task_2,libero_goal,10,8,0.8,144.0,0.0,10,144.0,0.0,22.812,141.404,10
openvla_libero,depth_pruning4,libero_goal__task_3,libero_goal,10,1,0.1,290.3,0.0,10,290.3,0.0,46.065,142.492,10
openvla_libero,depth_pruning4,libero_goal__task_4,libero_goal,10,5,0.5,192.8,0.0,10,192.8,0.0,30.397,140.999,10
openvla_libero,depth_pruning4,libero_goal__task_5,libero_goal,10,1,0.1,287.0,0.0,10,287.0,0.0,45.68,142.096,10
openvla_libero,depth_pruning4,libero_goal__task_6,libero_goal,10,3,0.3,251.0,0.0,10,251.0,0.0,40.05,142.382,10
openvla_libero,depth_pruning4,libero_goal__task_7,libero_goal,10,9,0.9,109.2,0.0,10,109.2,0.0,17.303,141.742,10
openvla_libero,depth_pruning4,libero_goal__task_8,libero_goal,10,6,0.6,172.4,0.0,10,172.4,0.0,27.398,141.037,10
openvla_libero,depth_pruning4,libero_goal__task_9,libero_goal,10,1,0.1,285.1,0.0,10,285.1,0.0,44.87,140.279,10
openvla_libero,depth_pruning4,libero_object__task_0,libero_object,10,3,0.3,247.0,0.0,10,247.0,0.0,38.731,140.156,10
openvla_libero,depth_pruning4,libero_object__task_1,libero_object,10,6,0.6,205.2,0.0,10,205.2,0.0,32.064,140.751,10
openvla_libero,depth_pruning4,libero_object__task_2,libero_object,10,6,0.6,187.7,0.0,10,187.7,0.0,29.158,139.856,10
openvla_libero,depth_pruning4,libero_object__task_3,libero_object,10,8,0.8,181.2,0.0,10,181.2,0.0,28.288,140.691,10
openvla_libero,depth_pruning4,libero_object__task_4,libero_object,10,8,0.8,195.2,0.0,10,195.2,0.0,30.509,140.706,10
openvla_libero,depth_pruning4,libero_object__task_5,libero_object,10,8,0.8,190.4,0.0,10,190.4,0.0,29.816,140.907,10
openvla_libero,depth_pruning4,libero_object__task_6,libero_object,10,6,0.6,215.9,0.0,10,215.9,0.0,33.677,140.737,10
openvla_libero,depth_pruning4,libero_object__task_7,libero_object,10,6,0.6,211.4,0.0,10,211.4,0.0,32.898,139.897,10
openvla_libero,depth_pruning4,libero_object__task_8,libero_object,10,6,0.6,217.7,0.0,10,217.7,0.0,34.057,140.949,10
openvla_libero,depth_pruning4,libero_object__task_9,libero_object,10,8,0.8,178.2,0.0,10,178.2,0.0,27.705,139.995,10
openvla_libero,depth_pruning4,libero_spatial__task_0,libero_spatial,10,3,0.3,181.3,0.0,10,181.3,0.0,28.773,138.835,10
openvla_libero,depth_pruning4,libero_spatial__task_1,libero_spatial,10,3,0.3,205.3,0.0,10,205.3,0.0,32.798,139.643,10
openvla_libero,depth_pruning4,libero_spatial__task_2,libero_spatial,10,7,0.7,155.8,0.0,10,155.8,0.0,24.942,139.995,10
openvla_libero,depth_pruning4,libero_spatial__task_3,libero_spatial,10,8,0.8,129.2,0.0,10,129.2,0.0,20.753,139.977,10
openvla_libero,depth_pruning4,libero_spatial__task_4,libero_spatial,10,3,0.3,193.9,0.0,10,193.9,0.0,31.346,139.929,10
openvla_libero,depth_pruning4,libero_spatial__task_5,libero_spatial,10,5,0.5,157.4,0.0,10,157.4,0.0,25.226,139.602,10
openvla_libero,depth_pruning4,libero_spatial__task_6,libero_spatial,10,10,1.0,108.8,0.0,10,108.8,0.0,17.706,140.406,10
openvla_libero,depth_pruning4,libero_spatial__task_7,libero_spatial,10,3,0.3,192.9,0.0,10,192.9,0.0,31.281,140.527,10
openvla_libero,depth_pruning4,libero_spatial__task_8,libero_spatial,10,5,0.5,185.3,0.0,10,185.3,0.0,29.6,139.941,10
openvla_libero,depth_pruning4,libero_spatial__task_9,libero_spatial,10,1,0.1,210.4,0.0,10,210.4,0.0,34.129,139.97,10
openvla_libero,fixed_foveation_keep20,libero_10__task_0,libero_10,10,4,0.4,431.0,0.0,10,431.0,0.0,77.619,156.565,10
openvla_libero,fixed_foveation_keep20,libero_10__task_1,libero_10,10,3,0.3,440.6,0.0,10,440.6,0.0,79.437,156.468,10
openvla_libero,fixed_foveation_keep20,libero_10__task_2,libero_10,10,3,0.3,474.6,0.0,10,474.6,0.0,84.172,156.861,10
openvla_libero,fixed_foveation_keep20,libero_10__task_3,libero_10,10,2,0.2,460.7,0.0,10,460.7,0.0,81.776,155.945,10
openvla_libero,fixed_foveation_keep20,libero_10__task_4,libero_10,10,3,0.3,451.6,0.0,10,451.6,0.0,81.255,157.104,10
openvla_libero,fixed_foveation_keep20,libero_10__task_5,libero_10,10,7,0.7,283.8,0.0,10,283.8,0.0,50.269,156.657,10
openvla_libero,fixed_foveation_keep20,libero_10__task_6,libero_10,10,3,0.3,449.0,0.0,10,449.0,0.0,79.734,156.4,10
openvla_libero,fixed_foveation_keep20,libero_10__task_7,libero_10,10,3,0.3,466.7,0.0,10,466.7,0.0,82.903,157.612,10
openvla_libero,fixed_foveation_keep20,libero_10__task_8,libero_10,10,1,0.1,508.2,0.0,10,508.2,0.0,90.051,156.415,10
openvla_libero,fixed_foveation_keep20,libero_10__task_9,libero_10,10,1,0.1,501.9,0.0,10,501.9,0.0,88.844,155.771,10
openvla_libero,fixed_foveation_keep20,libero_goal__task_0,libero_goal,10,6,0.6,197.3,0.0,10,197.3,0.0,35.454,156.699,10
openvla_libero,fixed_foveation_keep20,libero_goal__task_1,libero_goal,10,9,0.9,113.3,0.0,10,113.3,0.0,20.419,157.653,10
openvla_libero,fixed_foveation_keep20,libero_goal__task_2,libero_goal,10,7,0.7,181.1,0.0,10,181.1,0.0,32.605,157.645,10
openvla_libero,fixed_foveation_keep20,libero_goal__task_3,libero_goal,10,1,0.1,285.7,0.0,10,285.7,0.0,51.213,157.659,10
openvla_libero,fixed_foveation_keep20,libero_goal__task_4,libero_goal,10,9,0.9,110.2,0.0,10,110.2,0.0,19.781,156.752,10
openvla_libero,fixed_foveation_keep20,libero_goal__task_5,libero_goal,10,6,0.6,224.8,0.0,10,224.8,0.0,40.336,157.456,10
openvla_libero,fixed_foveation_keep20,libero_goal__task_6,libero_goal,10,6,0.6,191.2,0.0,10,191.2,0.0,34.327,157.559,10
openvla_libero,fixed_foveation_keep20,libero_goal__task_7,libero_goal,10,7,0.7,146.2,0.0,10,146.2,0.0,26.136,157.0,10
openvla_libero,fixed_foveation_keep20,libero_goal__task_8,libero_goal,10,9,0.9,114.2,0.0,10,114.2,0.0,20.611,157.471,10
openvla_libero,fixed_foveation_keep20,libero_goal__task_9,libero_goal,10,4,0.4,245.2,0.0,10,245.2,0.0,44.165,157.523,10
openvla_libero,fixed_foveation_keep20,libero_object__task_0,libero_object,10,7,0.7,196.9,0.0,10,196.9,0.0,35.483,157.749,10
openvla_libero,fixed_foveation_keep20,libero_object__task_1,libero_object,10,2,0.2,248.6,0.0,10,248.6,0.0,44.478,157.735,10
openvla_libero,fixed_foveation_keep20,libero_object__task_2,libero_object,10,9,0.9,135.8,0.0,10,135.8,0.0,24.405,157.867,10
openvla_libero,fixed_foveation_keep20,libero_object__task_3,libero_object,10,6,0.6,196.8,0.0,10,196.8,0.0,35.331,158.344,10
openvla_libero,fixed_foveation_keep20,libero_object__task_4,libero_object,10,10,1.0,156.1,0.0,10,156.1,0.0,28.076,158.2,10
openvla_libero,fixed_foveation_keep20,libero_object__task_5,libero_object,10,7,0.7,182.4,0.0,10,182.4,0.0,32.96,159.164,10
openvla_libero,fixed_foveation_keep20,libero_object__task_6,libero_object,10,9,0.9,162.7,0.0,10,162.7,0.0,29.272,158.633,10
openvla_libero,fixed_foveation_keep20,libero_object__task_7,libero_object,10,9,0.9,150.1,0.0,10,150.1,0.0,27.043,158.211,10
openvla_libero,fixed_foveation_keep20,libero_object__task_8,libero_object,10,6,0.6,218.6,0.0,10,218.6,0.0,39.479,158.567,10
openvla_libero,fixed_foveation_keep20,libero_object__task_9,libero_object,10,9,0.9,153.2,0.0,10,153.2,0.0,27.562,158.317,10
openvla_libero,fixed_foveation_keep20,libero_spatial__task_0,libero_spatial,10,7,0.7,130.5,0.0,10,130.5,0.0,24.414,160.392,10
openvla_libero,fixed_foveation_keep20,libero_spatial__task_1,libero_spatial,10,4,0.4,179.8,0.0,10,179.8,0.0,33.361,158.58,10
openvla_libero,fixed_foveation_keep20,libero_spatial__task_2,libero_spatial,10,6,0.6,156.9,0.0,10,156.9,0.0,28.981,158.558,10
openvla_libero,fixed_foveation_keep20,libero_spatial__task_3,libero_spatial,10,8,0.8,114.8,0.0,10,114.8,0.0,21.492,161.18,10
openvla_libero,fixed_foveation_keep20,libero_spatial__task_4,libero_spatial,10,4,0.4,186.5,0.0,10,186.5,0.0,35.264,161.165,10
openvla_libero,fixed_foveation_keep20,libero_spatial__task_5,libero_spatial,10,4,0.4,171.9,0.0,10,171.9,0.0,31.951,159.4,10
openvla_libero,fixed_foveation_keep20,libero_spatial__task_6,libero_spatial,10,8,0.8,127.2,0.0,10,127.2,0.0,23.778,158.659,10
openvla_libero,fixed_foveation_keep20,libero_spatial__task_7,libero_spatial,10,7,0.7,163.6,0.0,10,163.6,0.0,30.62,158.205,10
openvla_libero,fixed_foveation_keep20,libero_spatial__task_8,libero_spatial,10,7,0.7,155.4,0.0,10,155.4,0.0,28.824,159.216,10
openvla_libero,fixed_foveation_keep20,libero_spatial__task_9,libero_spatial,10,0,0.0,220.0,0.0,10,220.0,0.0,41.107,158.396,10
openvla_libero,fixed_foveation_keep50,libero_10__task_0,libero_10,10,3,0.3,465.5,0.0,10,465.5,0.0,84.147,157.178,10
openvla_libero,fixed_foveation_keep50,libero_10__task_1,libero_10,10,6,0.6,379.2,0.0,10,379.2,0.0,68.38,157.111,10
openvla_libero,fixed_foveation_keep50,libero_10__task_2,libero_10,10,7,0.7,356.7,0.0,10,356.7,0.0,63.137,156.926,10
openvla_libero,fixed_foveation_keep50,libero_10__task_3,libero_10,10,4,0.4,429.4,0.0,10,429.4,0.0,76.187,156.907,10
openvla_libero,fixed_foveation_keep50,libero_10__task_4,libero_10,10,2,0.2,466.3,0.0,10,466.3,0.0,83.888,157.655,10
openvla_libero,fixed_foveation_keep50,libero_10__task_5,libero_10,10,10,1.0,186.4,0.0,10,186.4,0.0,32.842,156.966,10
openvla_libero,fixed_foveation_keep50,libero_10__task_6,libero_10,10,4,0.4,404.6,0.0,10,404.6,0.0,72.261,156.968,10
openvla_libero,fixed_foveation_keep50,libero_10__task_7,libero_10,10,4,0.4,439.4,0.0,10,439.4,0.0,78.298,157.317,10
openvla_libero,fixed_foveation_keep50,libero_10__task_8,libero_10,10,1,0.1,512.9,0.0,10,512.9,0.0,91.2,156.93,10
openvla_libero,fixed_foveation_keep50,libero_10__task_9,libero_10,10,3,0.3,462.7,0.0,10,462.7,0.0,82.295,157.697,10
openvla_libero,fixed_foveation_keep50,libero_goal__task_0,libero_goal,10,7,0.7,171.6,0.0,10,171.6,0.0,31.139,158.535,10
openvla_libero,fixed_foveation_keep50,libero_goal__task_1,libero_goal,10,10,1.0,90.2,0.0,10,90.2,0.0,16.383,158.721,10
openvla_libero,fixed_foveation_keep50,libero_goal__task_2,libero_goal,10,7,0.7,160.1,0.0,10,160.1,0.0,29.009,158.874,10
openvla_libero,fixed_foveation_keep50,libero_goal__task_3,libero_goal,10,4,0.4,250.2,0.0,10,250.2,0.0,45.328,158.825,10
openvla_libero,fixed_foveation_keep50,libero_goal__task_4,libero_goal,10,8,0.8,130.7,0.0,10,130.7,0.0,23.655,158.966,10
openvla_libero,fixed_foveation_keep50,libero_goal__task_5,libero_goal,10,8,0.8,167.9,0.0,10,167.9,0.0,30.464,158.109,10
openvla_libero,fixed_foveation_keep50,libero_goal__task_6,libero_goal,10,7,0.7,157.7,0.0,10,157.7,0.0,28.444,158.859,10
openvla_libero,fixed_foveation_keep50,libero_goal__task_7,libero_goal,10,10,1.0,87.8,0.0,10,87.8,0.0,15.895,158.945,10
openvla_libero,fixed_foveation_keep50,libero_goal__task_8,libero_goal,10,9,0.9,100.3,0.0,10,100.3,0.0,18.147,158.598,10
openvla_libero,fixed_foveation_keep50,libero_goal__task_9,libero_goal,10,5,0.5,256.4,0.0,10,256.4,0.0,46.74,158.815,10
openvla_libero,fixed_foveation_keep50,libero_object__task_0,libero_object,10,8,0.8,173.4,0.0,10,173.4,0.0,31.26,157.44,10
openvla_libero,fixed_foveation_keep50,libero_object__task_1,libero_object,10,8,0.8,164.4,0.0,10,164.4,0.0,29.724,158.265,10
openvla_libero,fixed_foveation_keep50,libero_object__task_2,libero_object,10,8,0.8,150.8,0.0,10,150.8,0.0,27.244,157.959,10
openvla_libero,fixed_foveation_keep50,libero_object__task_3,libero_object,10,7,0.7,180.8,0.0,10,180.8,0.0,32.474,157.679,10
openvla_libero,fixed_foveation_keep50,libero_object__task_4,libero_object,10,10,1.0,156.2,0.0,10,156.2,0.0,28.087,157.616,10
openvla_libero,fixed_foveation_keep50,libero_object__task_5,libero_object,10,8,0.8,172.5,0.0,10,172.5,0.0,31.107,157.824,10
openvla_libero,fixed_foveation_keep50,libero_object__task_6,libero_object,10,9,0.9,169.0,0.0,10,169.0,0.0,30.358,157.838,10
openvla_libero,fixed_foveation_keep50,libero_object__task_7,libero_object,10,10,1.0,139.3,0.0,10,139.3,0.0,25.118,157.889,10
openvla_libero,fixed_foveation_keep50,libero_object__task_8,libero_object,10,9,0.9,188.2,0.0,10,188.2,0.0,33.95,158.057,10
openvla_libero,fixed_foveation_keep50,libero_object__task_9,libero_object,10,9,0.9,167.2,0.0,10,167.2,0.0,29.969,157.694,10
openvla_libero,fixed_foveation_keep50,libero_spatial__task_0,libero_spatial,10,10,1.0,78.3,0.0,10,78.3,0.0,14.578,159.318,10
openvla_libero,fixed_foveation_keep50,libero_spatial__task_1,libero_spatial,10,8,0.8,144.6,0.0,10,144.6,0.0,27.086,159.997,10
openvla_libero,fixed_foveation_keep50,libero_spatial__task_2,libero_spatial,10,9,0.9,141.1,0.0,10,141.1,0.0,26.289,159.295,10
openvla_libero,fixed_foveation_keep50,libero_spatial__task_3,libero_spatial,10,10,1.0,96.1,0.0,10,96.1,0.0,17.954,160.141,10
openvla_libero,fixed_foveation_keep50,libero_spatial__task_4,libero_spatial,10,7,0.7,157.0,0.0,10,157.0,0.0,29.391,158.929,10
openvla_libero,fixed_foveation_keep50,libero_spatial__task_5,libero_spatial,10,9,0.9,107.6,0.0,10,107.6,0.0,20.171,159.909,10
openvla_libero,fixed_foveation_keep50,libero_spatial__task_6,libero_spatial,10,10,1.0,107.1,0.0,10,107.1,0.0,20.024,158.46,10
openvla_libero,fixed_foveation_keep50,libero_spatial__task_7,libero_spatial,10,9,0.9,136.7,0.0,10,136.7,0.0,25.703,159.04,10
openvla_libero,fixed_foveation_keep50,libero_spatial__task_8,libero_spatial,10,5,0.5,160.9,0.0,10,160.9,0.0,29.817,158.856,10
openvla_libero,fixed_foveation_keep50,libero_spatial__task_9,libero_spatial,10,6,0.6,164.6,0.0,10,164.6,0.0,31.052,159.685,10
openvla_libero,guarded_reuse_aggressive,libero_10__task_0,libero_10,10,3,0.3,453.9,0.0,10,418.9,35.0,73.046,155.28,10
openvla_libero,guarded_reuse_aggressive,libero_10__task_1,libero_10,10,8,0.8,317.3,0.0,10,301.9,15.4,53.536,159.086,10
openvla_libero,guarded_reuse_aggressive,libero_10__task_2,libero_10,10,7,0.7,356.5,0.0,10,311.2,45.3,54.258,159.063,10
openvla_libero,guarded_reuse_aggressive,libero_10__task_3,libero_10,10,2,0.2,458.9,0.0,10,426.8,32.1,73.473,156.701,10
openvla_libero,guarded_reuse_aggressive,libero_10__task_4,libero_10,10,3,0.3,443.6,0.0,10,410.3,33.3,71.287,155.869,10
openvla_libero,guarded_reuse_aggressive,libero_10__task_5,libero_10,10,10,1.0,184.6,0.0,10,155.0,29.6,26.594,156.074,10
openvla_libero,guarded_reuse_aggressive,libero_10__task_6,libero_10,10,6,0.6,380.6,0.0,10,333.7,46.9,58.457,156.538,10
openvla_libero,guarded_reuse_aggressive,libero_10__task_7,libero_10,10,3,0.3,472.4,0.0,10,440.2,32.2,75.884,156.628,10
openvla_libero,guarded_reuse_aggressive,libero_10__task_8,libero_10,10,3,0.3,480.4,0.0,10,408.6,71.8,71.001,156.162,10
openvla_libero,guarded_reuse_aggressive,libero_10__task_9,libero_10,10,5,0.5,444.6,0.0,10,381.5,63.1,66.435,156.17,10
openvla_libero,guarded_reuse_aggressive,libero_goal__task_0,libero_goal,10,6,0.6,196.7,0.0,10,161.1,35.6,28.892,158.331,10
openvla_libero,guarded_reuse_aggressive,libero_goal__task_1,libero_goal,10,10,1.0,92.2,0.0,10,86.7,5.5,15.323,157.904,10
openvla_libero,guarded_reuse_aggressive,libero_goal__task_2,libero_goal,10,8,0.8,136.5,0.0,10,130.5,6.0,23.042,158.132,10
openvla_libero,guarded_reuse_aggressive,libero_goal__task_3,libero_goal,10,5,0.5,247.8,0.0,10,202.3,45.5,36.432,158.953,10
openvla_libero,guarded_reuse_aggressive,libero_goal__task_4,libero_goal,10,9,0.9,109.2,0.0,10,105.9,3.3,18.642,157.898,10
openvla_libero,guarded_reuse_aggressive,libero_goal__task_5,libero_goal,10,6,0.6,203.6,0.0,10,190.1,13.5,33.605,158.156,10
openvla_libero,guarded_reuse_aggressive,libero_goal__task_6,libero_goal,10,6,0.6,184.3,0.0,10,172.5,11.8,30.388,157.826,10
openvla_libero,guarded_reuse_aggressive,libero_goal__task_7,libero_goal,10,10,1.0,94.2,0.0,10,71.5,22.7,12.848,157.744,10
openvla_libero,guarded_reuse_aggressive,libero_goal__task_8,libero_goal,10,9,0.9,106.6,0.0,10,96.2,10.4,17.042,157.578,10
openvla_libero,guarded_reuse_aggressive,libero_goal__task_9,libero_goal,10,3,0.3,267.7,0.0,10,239.1,28.6,42.452,157.908,10
openvla_libero,guarded_reuse_aggressive,libero_object__task_0,libero_object,10,7,0.7,199.8,0.0,10,174.6,25.2,30.895,158.099,10
openvla_libero,guarded_reuse_aggressive,libero_object__task_1,libero_object,10,9,0.9,177.7,0.0,10,155.5,22.2,27.777,161.171,10
openvla_libero,guarded_reuse_aggressive,libero_object__task_2,libero_object,10,8,0.8,150.6,0.0,10,137.5,13.1,24.231,159.816,10
openvla_libero,guarded_reuse_aggressive,libero_object__task_3,libero_object,10,5,0.5,209.4,0.0,10,181.5,27.9,31.689,157.005,10
openvla_libero,guarded_reuse_aggressive,libero_object__task_4,libero_object,10,10,1.0,151.0,0.0,10,141.2,9.8,24.735,158.261,10
openvla_libero,guarded_reuse_aggressive,libero_object__task_5,libero_object,10,9,0.9,166.2,0.0,10,147.2,19.0,26.018,158.074,10
openvla_libero,guarded_reuse_aggressive,libero_object__task_6,libero_object,10,9,0.9,164.7,0.0,10,142.2,22.5,24.982,158.014,10
openvla_libero,guarded_reuse_aggressive,libero_object__task_7,libero_object,10,9,0.9,154.4,0.0,10,147.9,6.5,25.766,158.289,10
openvla_libero,guarded_reuse_aggressive,libero_object__task_8,libero_object,10,9,0.9,172.0,0.0,10,163.3,8.7,28.186,156.208,10
openvla_libero,guarded_reuse_aggressive,libero_object__task_9,libero_object,10,10,1.0,125.2,0.0,10,119.3,5.9,20.667,156.837,10
openvla_libero,guarded_reuse_aggressive,libero_spatial__task_0,libero_spatial,10,7,0.7,121.6,0.0,10,110.5,11.1,20.298,159.184,10
openvla_libero,guarded_reuse_aggressive,libero_spatial__task_1,libero_spatial,10,9,0.9,130.0,0.0,10,120.6,9.4,21.952,158.795,10
openvla_libero,guarded_reuse_aggressive,libero_spatial__task_2,libero_spatial,10,7,0.7,146.4,0.0,10,131.9,14.5,24.057,158.764,10
openvla_libero,guarded_reuse_aggressive,libero_spatial__task_3,libero_spatial,10,7,0.7,131.0,0.0,10,124.4,6.6,22.67,160.443,10
openvla_libero,guarded_reuse_aggressive,libero_spatial__task_4,libero_spatial,10,7,0.7,157.1,0.0,10,131.6,25.5,24.443,158.957,10
openvla_libero,guarded_reuse_aggressive,libero_spatial__task_5,libero_spatial,10,7,0.7,138.8,0.0,10,121.6,17.2,22.404,159.03,10
openvla_libero,guarded_reuse_aggressive,libero_spatial__task_6,libero_spatial,10,10,1.0,106.7,0.0,10,99.8,6.9,18.388,160.108,10
openvla_libero,guarded_reuse_aggressive,libero_spatial__task_7,libero_spatial,10,9,0.9,138.8,0.0,10,123.9,14.9,23.034,159.071,10
openvla_libero,guarded_reuse_aggressive,libero_spatial__task_8,libero_spatial,10,7,0.7,143.3,0.0,10,131.9,11.4,23.911,158.577,10
openvla_libero,guarded_reuse_aggressive,libero_spatial__task_9,libero_spatial,10,7,0.7,162.5,0.0,10,156.0,6.5,28.594,158.753,10
openvla_libero,guarded_reuse_moderate,libero_10__task_0,libero_10,10,7,0.7,365.6,0.0,10,352.5,13.1,61.969,157.569,10
openvla_libero,guarded_reuse_moderate,libero_10__task_1,libero_10,10,6,0.6,358.2,0.0,10,350.3,7.9,60.982,156.855,10
openvla_libero,guarded_reuse_moderate,libero_10__task_2,libero_10,10,7,0.7,380.2,0.0,10,359.0,21.2,61.706,156.955,10
openvla_libero,guarded_reuse_moderate,libero_10__task_3,libero_10,10,2,0.2,459.0,0.0,10,432.7,26.3,74.717,157.023,10
openvla_libero,guarded_reuse_moderate,libero_10__task_4,libero_10,10,4,0.4,433.3,0.0,10,400.2,33.1,70.168,157.0,10
openvla_libero,guarded_reuse_moderate,libero_10__task_5,libero_10,10,10,1.0,180.8,0.0,10,169.4,11.4,28.978,157.052,10
openvla_libero,guarded_reuse_moderate,libero_10__task_6,libero_10,10,4,0.4,417.3,0.0,10,382.5,34.8,66.387,156.842,10
openvla_libero,guarded_reuse_moderate,libero_10__task_7,libero_10,10,2,0.2,467.9,0.0,10,448.3,19.6,77.226,157.106,10
openvla_libero,guarded_reuse_moderate,libero_10__task_8,libero_10,10,4,0.4,471.2,0.0,10,447.8,23.4,77.634,156.973,10
openvla_libero,guarded_reuse_moderate,libero_10__task_9,libero_10,10,5,0.5,432.7,0.0,10,402.2,30.5,69.724,156.911,10
openvla_libero,guarded_reuse_moderate,libero_goal__task_0,libero_goal,10,5,0.5,226.5,0.0,10,207.9,18.6,36.67,157.495,10
openvla_libero,guarded_reuse_moderate,libero_goal__task_1,libero_goal,10,10,1.0,91.7,0.0,10,89.9,1.8,15.872,158.284,10
openvla_libero,guarded_reuse_moderate,libero_goal__task_2,libero_goal,10,8,0.8,135.3,0.0,10,132.0,3.3,23.29,159.869,10
openvla_libero,guarded_reuse_moderate,libero_goal__task_3,libero_goal,10,2,0.2,274.0,0.0,10,253.9,20.1,44.997,160.116,10
openvla_libero,guarded_reuse_moderate,libero_goal__task_4,libero_goal,10,9,0.9,110.8,0.0,10,109.2,1.6,19.146,157.646,10
openvla_libero,guarded_reuse_moderate,libero_goal__task_5,libero_goal,10,5,0.5,216.0,0.0,10,209.7,6.3,36.968,158.398,10
openvla_libero,guarded_reuse_moderate,libero_goal__task_6,libero_goal,10,7,0.7,158.4,0.0,10,154.8,3.6,27.315,158.533,10
openvla_libero,guarded_reuse_moderate,libero_goal__task_7,libero_goal,10,10,1.0,97.8,0.0,10,87.1,10.7,15.547,159.746,10
openvla_libero,guarded_reuse_moderate,libero_goal__task_8,libero_goal,10,10,1.0,80.7,0.0,10,77.3,3.4,13.656,158.389,10
openvla_libero,guarded_reuse_moderate,libero_goal__task_9,libero_goal,10,3,0.3,261.2,0.0,10,245.8,15.4,43.327,157.564,10
openvla_libero,guarded_reuse_moderate,libero_object__task_0,libero_object,10,4,0.4,224.3,0.0,10,201.3,23.0,35.375,156.566,10
openvla_libero,guarded_reuse_moderate,libero_object__task_1,libero_object,10,7,0.7,179.5,0.0,10,158.4,21.1,27.781,157.923,10
openvla_libero,guarded_reuse_moderate,libero_object__task_2,libero_object,10,9,0.9,148.8,0.0,10,140.5,8.3,24.427,156.577,10
openvla_libero,guarded_reuse_moderate,libero_object__task_3,libero_object,10,5,0.5,222.1,0.0,10,212.9,9.2,36.808,156.835,10
openvla_libero,guarded_reuse_moderate,libero_object__task_4,libero_object,10,9,0.9,173.0,0.0,10,167.4,5.6,28.984,156.645,10
openvla_libero,guarded_reuse_moderate,libero_object__task_5,libero_object,10,7,0.7,173.3,0.0,10,161.0,12.3,28.015,156.54,10
openvla_libero,guarded_reuse_moderate,libero_object__task_6,libero_object,10,10,1.0,155.7,0.0,10,152.2,3.5,26.428,157.701,10
openvla_libero,guarded_reuse_moderate,libero_object__task_7,libero_object,10,9,0.9,154.8,0.0,10,147.7,7.1,25.583,156.533,10
openvla_libero,guarded_reuse_moderate,libero_object__task_8,libero_object,10,10,1.0,153.6,0.0,10,151.3,2.3,26.049,156.525,10
openvla_libero,guarded_reuse_moderate,libero_object__task_9,libero_object,10,10,1.0,127.2,0.0,10,124.5,2.7,21.439,156.526,10
openvla_libero,guarded_reuse_moderate,libero_spatial__task_0,libero_spatial,10,8,0.8,110.7,0.0,10,108.2,2.5,19.461,157.878,10
openvla_libero,guarded_reuse_moderate,libero_spatial__task_1,libero_spatial,10,8,0.8,147.1,0.0,10,141.9,5.2,25.457,157.502,10
openvla_libero,guarded_reuse_moderate,libero_spatial__task_2,libero_spatial,10,7,0.7,139.4,0.0,10,133.9,5.5,24.084,159.11,10
openvla_libero,guarded_reuse_moderate,libero_spatial__task_3,libero_spatial,10,9,0.9,106.2,0.0,10,104.6,1.6,18.898,159.231,10
openvla_libero,guarded_reuse_moderate,libero_spatial__task_4,libero_spatial,10,6,0.6,162.5,0.0,10,150.8,11.7,27.718,159.382,10
openvla_libero,guarded_reuse_moderate,libero_spatial__task_5,libero_spatial,10,8,0.8,122.6,0.0,10,117.4,5.2,21.398,159.089,10
openvla_libero,guarded_reuse_moderate,libero_spatial__task_6,libero_spatial,10,10,1.0,105.1,0.0,10,103.5,1.6,18.912,159.323,10
openvla_libero,guarded_reuse_moderate,libero_spatial__task_7,libero_spatial,10,8,0.8,142.2,0.0,10,135.4,6.8,24.781,158.719,10
openvla_libero,guarded_reuse_moderate,libero_spatial__task_8,libero_spatial,10,6,0.6,157.5,0.0,10,151.4,6.1,27.191,157.734,10
openvla_libero,guarded_reuse_moderate,libero_spatial__task_9,libero_spatial,10,6,0.6,165.1,0.0,10,163.4,1.7,29.829,158.856,10
openvla_libero,guarded_reuse_strict,libero_10__task_0,libero_10,10,5,0.5,412.5,0.0,10,402.7,9.8,70.828,157.642,10
openvla_libero,guarded_reuse_strict,libero_10__task_1,libero_10,10,7,0.7,348.2,0.0,10,340.3,7.9,59.634,157.584,10
openvla_libero,guarded_reuse_strict,libero_10__task_2,libero_10,10,5,0.5,414.9,0.0,10,398.0,16.9,68.447,156.206,10
openvla_libero,guarded_reuse_strict,libero_10__task_3,libero_10,10,2,0.2,464.1,0.0,10,454.0,10.1,78.094,156.812,10
openvla_libero,guarded_reuse_strict,libero_10__task_4,libero_10,10,4,0.4,413.3,0.0,10,399.7,13.6,69.777,157.522,10
openvla_libero,guarded_reuse_strict,libero_10__task_5,libero_10,10,10,1.0,206.3,0.0,10,200.8,5.5,34.397,157.591,10
openvla_libero,guarded_reuse_strict,libero_10__task_6,libero_10,10,4,0.4,408.2,0.0,10,380.7,27.5,65.894,157.096,10
openvla_libero,guarded_reuse_strict,libero_10__task_7,libero_10,10,4,0.4,417.7,0.0,10,403.1,14.6,69.356,156.687,10
openvla_libero,guarded_reuse_strict,libero_10__task_8,libero_10,10,5,0.5,463.3,0.0,10,448.5,14.8,77.313,156.995,10
openvla_libero,guarded_reuse_strict,libero_10__task_9,libero_10,10,5,0.5,430.2,0.0,10,407.2,23.0,70.023,156.343,10
openvla_libero,guarded_reuse_strict,libero_goal__task_0,libero_goal,10,5,0.5,228.2,0.0,10,214.7,13.5,37.93,158.217,10
openvla_libero,guarded_reuse_strict,libero_goal__task_1,libero_goal,10,10,1.0,93.0,0.0,10,91.7,1.3,16.231,158.373,10
openvla_libero,guarded_reuse_strict,libero_goal__task_2,libero_goal,10,8,0.8,132.5,0.0,10,131.3,1.2,23.169,158.957,10
openvla_libero,guarded_reuse_strict,libero_goal__task_3,libero_goal,10,3,0.3,267.9,0.0,10,243.1,24.8,42.942,158.277,10
openvla_libero,guarded_reuse_strict,libero_goal__task_4,libero_goal,10,8,0.8,130.9,0.0,10,124.4,6.5,21.779,157.027,10
openvla_libero,guarded_reuse_strict,libero_goal__task_5,libero_goal,10,6,0.6,211.2,0.0,10,208.7,2.5,36.581,157.702,10
openvla_libero,guarded_reuse_strict,libero_goal__task_6,libero_goal,10,7,0.7,158.4,0.0,10,156.0,2.4,27.511,158.885,10
openvla_libero,guarded_reuse_strict,libero_goal__task_7,libero_goal,10,10,1.0,97.1,0.0,10,87.5,9.6,15.399,157.615,10
openvla_libero,guarded_reuse_strict,libero_goal__task_8,libero_goal,10,10,1.0,79.2,0.0,10,76.9,2.3,13.593,158.283,10
openvla_libero,guarded_reuse_strict,libero_goal__task_9,libero_goal,10,4,0.4,249.1,0.0,10,234.1,15.0,41.629,157.959,10
openvla_libero,guarded_reuse_strict,libero_object__task_0,libero_object,10,6,0.6,205.6,0.0,10,187.7,17.9,33.473,158.599,10
openvla_libero,guarded_reuse_strict,libero_object__task_1,libero_object,10,7,0.7,183.5,0.0,10,167.6,15.9,29.643,159.122,10
openvla_libero,guarded_reuse_strict,libero_object__task_2,libero_object,10,9,0.9,134.9,0.0,10,133.5,1.4,23.509,159.203,10
openvla_libero,guarded_reuse_strict,libero_object__task_3,libero_object,10,7,0.7,187.5,0.0,10,183.0,4.5,31.925,157.619,10
openvla_libero,guarded_reuse_strict,libero_object__task_4,libero_object,10,9,0.9,165.3,0.0,10,162.4,2.9,28.373,157.452,10
openvla_libero,guarded_reuse_strict,libero_object__task_5,libero_object,10,8,0.8,158.3,0.0,10,153.2,5.1,26.879,157.643,10
openvla_libero,guarded_reuse_strict,libero_object__task_6,libero_object,10,10,1.0,156.9,0.0,10,155.0,1.9,27.14,157.865,10
openvla_libero,guarded_reuse_strict,libero_object__task_7,libero_object,10,10,1.0,154.9,0.0,10,151.0,3.9,26.556,159.29,10
openvla_libero,guarded_reuse_strict,libero_object__task_8,libero_object,10,10,1.0,157.5,0.0,10,155.8,1.7,27.231,158.782,10
openvla_libero,guarded_reuse_strict,libero_object__task_9,libero_object,10,9,0.9,149.7,0.0,10,144.0,5.7,25.291,159.051,10
openvla_libero,guarded_reuse_strict,libero_spatial__task_0,libero_spatial,10,8,0.8,109.9,0.0,10,108.4,1.5,19.581,159.432,10
openvla_libero,guarded_reuse_strict,libero_spatial__task_1,libero_spatial,10,6,0.6,161.0,0.0,10,157.8,3.2,28.353,158.484,10
openvla_libero,guarded_reuse_strict,libero_spatial__task_2,libero_spatial,10,8,0.8,132.3,0.0,10,130.4,1.9,23.378,158.595,10
openvla_libero,guarded_reuse_strict,libero_spatial__task_3,libero_spatial,10,9,0.9,103.9,0.0,10,103.2,0.7,18.635,159.421,10
openvla_libero,guarded_reuse_strict,libero_spatial__task_4,libero_spatial,10,8,0.8,146.2,0.0,10,139.2,7.0,25.388,158.489,10
openvla_libero,guarded_reuse_strict,libero_spatial__task_5,libero_spatial,10,9,0.9,109.5,0.0,10,106.3,3.2,19.398,159.479,10
openvla_libero,guarded_reuse_strict,libero_spatial__task_6,libero_spatial,10,10,1.0,104.3,0.0,10,103.9,0.4,18.901,158.897,10
openvla_libero,guarded_reuse_strict,libero_spatial__task_7,libero_spatial,10,9,0.9,132.3,0.0,10,127.3,5.0,23.303,158.24,10
openvla_libero,guarded_reuse_strict,libero_spatial__task_8,libero_spatial,10,7,0.7,146.6,0.0,10,143.7,2.9,25.809,158.518,10
openvla_libero,guarded_reuse_strict,libero_spatial__task_9,libero_spatial,10,8,0.8,149.9,0.0,10,149.5,0.4,27.255,158.569,10
openvla_libero,original,libero_10__task_0,libero_10,10,7,0.7,399.5,0.0,10,399.5,0.0,69.517,156.227,10
openvla_libero,original,libero_10__task_1,libero_10,10,8,0.8,347.8,0.0,10,347.8,0.0,60.366,156.002,10
openvla_libero,original,libero_10__task_2,libero_10,10,6,0.6,391.0,0.0,10,391.0,0.0,66.231,155.083,10
openvla_libero,original,libero_10__task_3,libero_10,10,2,0.2,464.3,0.0,10,464.3,0.0,79.315,156.166,10
openvla_libero,original,libero_10__task_4,libero_10,10,4,0.4,413.7,0.0,10,413.7,0.0,71.411,155.869,10
openvla_libero,original,libero_10__task_5,libero_10,10,9,0.9,222.6,0.0,10,222.6,0.0,37.787,155.641,10
openvla_libero,original,libero_10__task_6,libero_10,10,7,0.7,374.8,0.0,10,374.8,0.0,64.476,156.63,10
openvla_libero,original,libero_10__task_7,libero_10,10,5,0.5,428.0,0.0,10,428.0,0.0,73.018,156.233,10
openvla_libero,original,libero_10__task_8,libero_10,10,3,0.3,486.5,0.0,10,486.5,0.0,83.393,156.321,10
openvla_libero,original,libero_10__task_9,libero_10,10,5,0.5,439.7,0.0,10,439.7,0.0,75.167,155.88,10
openvla_libero,original,libero_goal__task_0,libero_goal,10,5,0.5,215.0,0.0,10,215.0,0.0,37.615,158.591,10
openvla_libero,original,libero_goal__task_1,libero_goal,10,10,1.0,90.0,0.0,10,90.0,0.0,15.906,160.018,10
openvla_libero,original,libero_goal__task_2,libero_goal,10,8,0.8,132.0,0.0,10,132.0,0.0,23.163,158.747,10
openvla_libero,original,libero_goal__task_3,libero_goal,10,6,0.6,231.8,0.0,10,231.8,0.0,40.92,159.885,10
openvla_libero,original,libero_goal__task_4,libero_goal,10,8,0.8,129.1,0.0,10,129.1,0.0,22.705,158.642,10
openvla_libero,original,libero_goal__task_5,libero_goal,10,5,0.5,230.0,0.0,10,230.0,0.0,40.496,159.086,10
openvla_libero,original,libero_goal__task_6,libero_goal,10,7,0.7,159.0,0.0,10,159.0,0.0,28.095,160.24,10
openvla_libero,original,libero_goal__task_7,libero_goal,10,10,1.0,92.4,0.0,10,92.4,0.0,16.292,160.197,10
openvla_libero,original,libero_goal__task_8,libero_goal,10,10,1.0,80.7,0.0,10,80.7,0.0,14.234,159.313,10
openvla_libero,original,libero_goal__task_9,libero_goal,10,6,0.6,215.9,0.0,10,215.9,0.0,38.091,159.554,10
openvla_libero,original,libero_object__task_0,libero_object,10,6,0.6,217.3,0.0,10,217.3,0.0,38.556,159.084,10
openvla_libero,original,libero_object__task_1,libero_object,10,10,1.0,151.1,0.0,10,151.1,0.0,26.461,158.689,10
openvla_libero,original,libero_object__task_2,libero_object,10,9,0.9,135.4,0.0,10,135.4,0.0,23.688,158.504,10
openvla_libero,original,libero_object__task_3,libero_object,10,6,0.6,205.7,0.0,10,205.7,0.0,35.688,157.636,10
openvla_libero,original,libero_object__task_4,libero_object,10,10,1.0,158.9,0.0,10,158.9,0.0,27.264,155.393,10
openvla_libero,original,libero_object__task_5,libero_object,10,8,0.8,165.4,0.0,10,165.4,0.0,28.676,157.445,10
openvla_libero,original,libero_object__task_6,libero_object,10,10,1.0,154.6,0.0,10,154.6,0.0,26.663,156.459,10
openvla_libero,original,libero_object__task_7,libero_object,10,9,0.9,165.3,0.0,10,165.3,0.0,28.557,157.36,10
openvla_libero,original,libero_object__task_8,libero_object,10,10,1.0,164.7,0.0,10,164.7,0.0,28.448,156.961,10
openvla_libero,original,libero_object__task_9,libero_object,10,9,0.9,140.5,0.0,10,140.5,0.0,24.389,157.06,10
openvla_libero,original,libero_spatial__task_0,libero_spatial,10,8,0.8,108.3,0.0,10,108.3,0.0,19.334,157.984,10
openvla_libero,original,libero_spatial__task_1,libero_spatial,10,7,0.7,151.5,0.0,10,151.5,0.0,27.189,159.239,10
openvla_libero,original,libero_spatial__task_2,libero_spatial,10,8,0.8,131.8,0.0,10,131.8,0.0,23.626,159.515,10
openvla_libero,original,libero_spatial__task_3,libero_spatial,10,8,0.8,115.9,0.0,10,115.9,0.0,20.754,158.462,10
openvla_libero,original,libero_spatial__task_4,libero_spatial,10,8,0.8,145.4,0.0,10,145.4,0.0,26.549,160.393,10
openvla_libero,original,libero_spatial__task_5,libero_spatial,10,9,0.9,109.6,0.0,10,109.6,0.0,19.995,160.485,10
openvla_libero,original,libero_spatial__task_6,libero_spatial,10,9,0.9,114.2,0.0,10,114.2,0.0,20.845,159.785,10
openvla_libero,original,libero_spatial__task_7,libero_spatial,10,8,0.8,143.9,0.0,10,143.9,0.0,26.254,160.002,10
openvla_libero,original,libero_spatial__task_8,libero_spatial,10,6,0.6,162.0,0.0,10,162.0,0.0,29.188,160.067,10
openvla_libero,original,libero_spatial__task_9,libero_spatial,10,7,0.7,156.5,0.0,10,156.5,0.0,28.62,159.971,10
openvla_libero,temporal_fusion_conservative_adaptive,libero_goal__task_0,libero_goal,10,6,0.6,203.7,0.0,10,203.7,0.0,35.752,158.932,10
openvla_libero,temporal_fusion_conservative_adaptive,libero_goal__task_1,libero_goal,10,10,1.0,90.1,0.0,10,90.1,0.0,15.889,159.257,10
openvla_libero,temporal_fusion_conservative_adaptive,libero_goal__task_2,libero_goal,10,8,0.8,135.1,0.0,10,135.1,0.0,23.932,160.275,10
openvla_libero,temporal_fusion_conservative_adaptive,libero_goal__task_3,libero_goal,10,6,0.6,238.0,0.0,10,238.0,0.0,42.069,160.034,10
openvla_libero,temporal_fusion_conservative_adaptive,libero_goal__task_4,libero_goal,10,8,0.8,139.0,0.0,10,139.0,0.0,24.472,158.934,10
openvla_libero,temporal_fusion_conservative_adaptive,libero_goal__task_5,libero_goal,10,7,0.7,197.3,0.0,10,197.3,0.0,34.841,159.065,10
openvla_libero,temporal_fusion_conservative_adaptive,libero_goal__task_6,libero_goal,10,7,0.7,158.9,0.0,10,158.9,0.0,27.893,158.814,10
openvla_libero,temporal_fusion_conservative_adaptive,libero_goal__task_7,libero_goal,10,10,1.0,95.1,0.0,10,95.1,0.0,16.673,159.36,10
openvla_libero,temporal_fusion_conservative_adaptive,libero_goal__task_8,libero_goal,10,10,1.0,82.0,0.0,10,82.0,0.0,14.498,159.583,10
openvla_libero,temporal_fusion_conservative_adaptive,libero_goal__task_9,libero_goal,10,5,0.5,247.4,0.0,10,247.4,0.0,43.579,158.778,10
openvla_libero,temporal_fusion_conservative_adaptive,libero_object__task_0,libero_object,10,4,0.4,229.8,0.0,10,229.8,0.0,40.35,157.474,10
openvla_libero,temporal_fusion_conservative_adaptive,libero_object__task_1,libero_object,10,8,0.8,171.7,0.0,10,171.7,0.0,29.808,157.871,10
openvla_libero,temporal_fusion_conservative_adaptive,libero_object__task_2,libero_object,10,9,0.9,140.6,0.0,10,140.6,0.0,24.406,157.659,10
openvla_libero,temporal_fusion_conservative_adaptive,libero_object__task_3,libero_object,10,6,0.6,208.2,0.0,10,208.2,0.0,36.625,161.722,10
openvla_libero,temporal_fusion_conservative_adaptive,libero_object__task_4,libero_object,10,9,0.9,165.3,0.0,10,165.3,0.0,28.593,157.197,10
openvla_libero,temporal_fusion_conservative_adaptive,libero_object__task_5,libero_object,10,9,0.9,163.8,0.0,10,163.8,0.0,28.451,157.978,10
openvla_libero,temporal_fusion_conservative_adaptive,libero_object__task_6,libero_object,10,10,1.0,153.9,0.0,10,153.9,0.0,26.778,157.632,10
openvla_libero,temporal_fusion_conservative_adaptive,libero_object__task_7,libero_object,10,9,0.9,173.7,0.0,10,173.7,0.0,30.316,157.503,10
openvla_libero,temporal_fusion_conservative_adaptive,libero_object__task_8,libero_object,10,9,0.9,169.7,0.0,10,169.7,0.0,29.769,161.616,10
openvla_libero,temporal_fusion_conservative_adaptive,libero_object__task_9,libero_object,10,9,0.9,140.9,0.0,10,140.9,0.0,24.329,157.706,10
openvla_libero,temporal_fusion_conservative_adaptive,libero_spatial__task_0,libero_spatial,10,9,0.9,94.1,0.0,10,94.1,0.0,16.952,159.606,10
openvla_libero,temporal_fusion_conservative_adaptive,libero_spatial__task_1,libero_spatial,10,8,0.8,136.9,0.0,10,136.9,0.0,24.979,161.3,10
openvla_libero,temporal_fusion_conservative_adaptive,libero_spatial__task_2,libero_spatial,10,6,0.6,157.7,0.0,10,157.7,0.0,28.411,159.394,10
openvla_libero,temporal_fusion_conservative_adaptive,libero_spatial__task_3,libero_spatial,10,8,0.8,119.3,0.0,10,119.3,0.0,21.518,159.32,10
openvla_libero,temporal_fusion_conservative_adaptive,libero_spatial__task_4,libero_spatial,10,9,0.9,137.8,0.0,10,137.8,0.0,24.9,158.91,10
openvla_libero,temporal_fusion_conservative_adaptive,libero_spatial__task_5,libero_spatial,10,9,0.9,109.8,0.0,10,109.8,0.0,19.905,159.804,10
openvla_libero,temporal_fusion_conservative_adaptive,libero_spatial__task_6,libero_spatial,10,10,1.0,107.3,0.0,10,107.3,0.0,19.574,160.016,10
openvla_libero,temporal_fusion_conservative_adaptive,libero_spatial__task_7,libero_spatial,10,8,0.8,139.7,0.0,10,139.7,0.0,25.393,159.181,10
openvla_libero,temporal_fusion_conservative_adaptive,libero_spatial__task_8,libero_spatial,10,5,0.5,175.0,0.0,10,175.0,0.0,31.489,158.43,10
openvla_libero,temporal_fusion_conservative_adaptive,libero_spatial__task_9,libero_spatial,10,7,0.7,156.3,0.0,10,156.3,0.0,28.513,159.856,10
openvla_libero,temporal_fusion_motion_entropy,libero_10__task_0,libero_10,10,4,0.4,424.7,0.0,10,424.7,0.0,74.169,157.51,10
openvla_libero,temporal_fusion_motion_entropy,libero_10__task_1,libero_10,10,8,0.8,366.2,0.0,10,366.2,0.0,64.231,158.234,10
openvla_libero,temporal_fusion_motion_entropy,libero_10__task_2,libero_10,10,5,0.5,417.4,0.0,10,417.4,0.0,72.226,158.525,10
openvla_libero,temporal_fusion_motion_entropy,libero_10__task_3,libero_10,10,1,0.1,502.7,0.0,10,502.7,0.0,86.556,157.366,10
openvla_libero,temporal_fusion_motion_entropy,libero_10__task_4,libero_10,10,3,0.3,442.9,0.0,10,442.9,0.0,76.951,157.324,10
openvla_libero,temporal_fusion_motion_entropy,libero_10__task_5,libero_10,10,9,0.9,226.6,0.0,10,226.6,0.0,38.648,157.331,10
openvla_libero,temporal_fusion_motion_entropy,libero_10__task_6,libero_10,10,6,0.6,380.1,0.0,10,380.1,0.0,65.488,157.041,10
openvla_libero,temporal_fusion_motion_entropy,libero_10__task_7,libero_10,10,2,0.2,463.1,0.0,10,463.1,0.0,79.58,157.169,10
openvla_libero,temporal_fusion_motion_entropy,libero_10__task_8,libero_10,10,3,0.3,501.2,0.0,10,501.2,0.0,86.512,157.325,10
openvla_libero,temporal_fusion_motion_entropy,libero_10__task_9,libero_10,10,8,0.8,378.5,0.0,10,378.5,0.0,65.091,157.126,10
openvla_libero,temporal_fusion_motion_entropy,libero_goal__task_0,libero_goal,10,6,0.6,191.2,0.0,10,191.2,0.0,33.739,159.412,10
openvla_libero,temporal_fusion_motion_entropy,libero_goal__task_1,libero_goal,10,10,1.0,91.4,0.0,10,91.4,0.0,16.184,159.375,10
openvla_libero,temporal_fusion_motion_entropy,libero_goal__task_2,libero_goal,10,8,0.8,135.0,0.0,10,135.0,0.0,23.873,159.37,10
openvla_libero,temporal_fusion_motion_entropy,libero_goal__task_3,libero_goal,10,6,0.6,231.6,0.0,10,231.6,0.0,40.921,159.482,10
openvla_libero,temporal_fusion_motion_entropy,libero_goal__task_4,libero_goal,10,7,0.7,151.2,0.0,10,151.2,0.0,26.757,159.523,10
openvla_libero,temporal_fusion_motion_entropy,libero_goal__task_5,libero_goal,10,6,0.6,208.4,0.0,10,208.4,0.0,36.881,159.397,10
openvla_libero,temporal_fusion_motion_entropy,libero_goal__task_6,libero_goal,10,7,0.7,177.6,0.0,10,177.6,0.0,31.641,160.766,10
openvla_libero,temporal_fusion_motion_entropy,libero_goal__task_7,libero_goal,10,10,1.0,83.5,0.0,10,83.5,0.0,14.928,161.578,10
openvla_libero,temporal_fusion_motion_entropy,libero_goal__task_8,libero_goal,10,9,0.9,102.6,0.0,10,102.6,0.0,18.149,160.179,10
openvla_libero,temporal_fusion_motion_entropy,libero_goal__task_9,libero_goal,10,5,0.5,223.2,0.0,10,223.2,0.0,39.54,159.443,10
openvla_libero,temporal_fusion_motion_entropy,libero_object__task_0,libero_object,10,5,0.5,208.0,0.0,10,208.0,0.0,36.073,156.114,10
openvla_libero,temporal_fusion_motion_entropy,libero_object__task_1,libero_object,10,7,0.7,212.7,0.0,10,212.7,0.0,36.564,156.284,10
openvla_libero,temporal_fusion_motion_entropy,libero_object__task_2,libero_object,10,10,1.0,120.6,0.0,10,120.6,0.0,20.822,156.421,10
openvla_libero,temporal_fusion_motion_entropy,libero_object__task_3,libero_object,10,6,0.6,187.9,0.0,10,187.9,0.0,32.242,156.179,10
openvla_libero,temporal_fusion_motion_entropy,libero_object__task_4,libero_object,10,9,0.9,170.6,0.0,10,170.6,0.0,29.337,156.146,10
openvla_libero,temporal_fusion_motion_entropy,libero_object__task_5,libero_object,10,9,0.9,152.1,0.0,10,152.1,0.0,26.49,156.621,10
openvla_libero,temporal_fusion_motion_entropy,libero_object__task_6,libero_object,10,9,0.9,171.2,0.0,10,171.2,0.0,29.465,156.081,10
openvla_libero,temporal_fusion_motion_entropy,libero_object__task_7,libero_object,10,9,0.9,148.4,0.0,10,148.4,0.0,25.452,156.209,10
openvla_libero,temporal_fusion_motion_entropy,libero_object__task_8,libero_object,10,9,0.9,168.0,0.0,10,168.0,0.0,28.917,156.673,10
openvla_libero,temporal_fusion_motion_entropy,libero_object__task_9,libero_object,10,10,1.0,130.6,0.0,10,130.6,0.0,22.411,156.155,10
openvla_libero,temporal_fusion_motion_entropy,libero_spatial__task_0,libero_spatial,10,9,0.9,97.1,0.0,10,97.1,0.0,17.422,157.887,10
openvla_libero,temporal_fusion_motion_entropy,libero_spatial__task_1,libero_spatial,10,9,0.9,126.2,0.0,10,126.2,0.0,22.656,158.61,10
openvla_libero,temporal_fusion_motion_entropy,libero_spatial__task_2,libero_spatial,10,8,0.8,132.6,0.0,10,132.6,0.0,23.857,159.242,10
openvla_libero,temporal_fusion_motion_entropy,libero_spatial__task_3,libero_spatial,10,10,1.0,100.6,0.0,10,100.6,0.0,18.161,159.342,10
openvla_libero,temporal_fusion_motion_entropy,libero_spatial__task_4,libero_spatial,10,7,0.7,155.9,0.0,10,155.9,0.0,28.278,158.954,10
openvla_libero,temporal_fusion_motion_entropy,libero_spatial__task_5,libero_spatial,10,9,0.9,110.1,0.0,10,110.1,0.0,19.878,158.792,10
openvla_libero,temporal_fusion_motion_entropy,libero_spatial__task_6,libero_spatial,10,9,0.9,115.8,0.0,10,115.8,0.0,21.055,158.995,10
openvla_libero,temporal_fusion_motion_entropy,libero_spatial__task_7,libero_spatial,10,8,0.8,142.6,0.0,10,142.6,0.0,26.027,158.925,10
openvla_libero,temporal_fusion_motion_entropy,libero_spatial__task_8,libero_spatial,10,8,0.8,126.2,0.0,10,126.2,0.0,22.68,159.132,10
openvla_libero,temporal_fusion_motion_entropy,libero_spatial__task_9,libero_spatial,10,8,0.8,150.1,0.0,10,150.1,0.0,27.307,158.416,10
openvla_libero,temporal_fusion_task_aware,libero_10__task_0,libero_10,10,4,0.4,434.3,0.0,10,434.3,0.0,81.493,170.308,10
openvla_libero,temporal_fusion_task_aware,libero_10__task_1,libero_10,10,7,0.7,385.8,0.0,10,385.8,0.0,72.156,169.991,10
openvla_libero,temporal_fusion_task_aware,libero_10__task_2,libero_10,10,6,0.6,378.3,0.0,10,378.3,0.0,69.929,170.251,10
openvla_libero,temporal_fusion_task_aware,libero_10__task_3,libero_10,10,3,0.3,453.9,0.0,10,453.9,0.0,84.085,170.591,10
openvla_libero,temporal_fusion_task_aware,libero_10__task_4,libero_10,10,4,0.4,446.4,0.0,10,446.4,0.0,83.242,170.115,10
openvla_libero,temporal_fusion_task_aware,libero_10__task_5,libero_10,10,9,0.9,215.4,0.0,10,215.4,0.0,39.874,170.84,10
openvla_libero,temporal_fusion_task_aware,libero_10__task_6,libero_10,10,5,0.5,429.5,0.0,10,429.5,0.0,79.94,169.994,10
openvla_libero,temporal_fusion_task_aware,libero_10__task_7,libero_10,10,3,0.3,449.4,0.0,10,449.4,0.0,82.739,169.78,10
openvla_libero,temporal_fusion_task_aware,libero_10__task_8,libero_10,10,2,0.2,484.1,0.0,10,484.1,0.0,89.6,170.346,10
openvla_libero,temporal_fusion_task_aware,libero_10__task_9,libero_10,10,5,0.5,416.2,0.0,10,416.2,0.0,76.86,170.115,10
openvla_libero,temporal_fusion_task_aware,libero_goal__task_0,libero_goal,10,9,0.9,156.8,0.0,10,156.8,0.0,29.526,171.327,10
openvla_libero,temporal_fusion_task_aware,libero_goal__task_1,libero_goal,10,10,1.0,88.8,0.0,10,88.8,0.0,16.774,171.45,10
openvla_libero,temporal_fusion_task_aware,libero_goal__task_2,libero_goal,10,8,0.8,134.2,0.0,10,134.2,0.0,25.273,171.205,10
openvla_libero,temporal_fusion_task_aware,libero_goal__task_3,libero_goal,10,6,0.6,235.3,0.0,10,235.3,0.0,44.172,170.545,10
openvla_libero,temporal_fusion_task_aware,libero_goal__task_4,libero_goal,10,7,0.7,151.0,0.0,10,151.0,0.0,28.313,170.226,10
openvla_libero,temporal_fusion_task_aware,libero_goal__task_5,libero_goal,10,3,0.3,250.8,0.0,10,250.8,0.0,47.182,170.869,10
openvla_libero,temporal_fusion_task_aware,libero_goal__task_6,libero_goal,10,7,0.7,165.9,0.0,10,165.9,0.0,31.462,171.264,10
openvla_libero,temporal_fusion_task_aware,libero_goal__task_7,libero_goal,10,10,1.0,93.6,0.0,10,93.6,0.0,17.598,171.24,10
openvla_libero,temporal_fusion_task_aware,libero_goal__task_8,libero_goal,10,9,0.9,102.8,0.0,10,102.8,0.0,19.379,171.461,10
openvla_libero,temporal_fusion_task_aware,libero_goal__task_9,libero_goal,10,4,0.4,240.4,0.0,10,240.4,0.0,45.343,171.493,10
openvla_libero,temporal_fusion_task_aware,libero_object__task_0,libero_object,10,8,0.8,181.2,0.0,10,181.2,0.0,33.786,169.825,10
openvla_libero,temporal_fusion_task_aware,libero_object__task_1,libero_object,10,7,0.7,194.6,0.0,10,194.6,0.0,36.067,169.596,10
openvla_libero,temporal_fusion_task_aware,libero_object__task_2,libero_object,10,10,1.0,115.9,0.0,10,115.9,0.0,21.534,169.735,10
openvla_libero,temporal_fusion_task_aware,libero_object__task_3,libero_object,10,6,0.6,212.2,0.0,10,212.2,0.0,39.386,170.604,10
openvla_libero,temporal_fusion_task_aware,libero_object__task_4,libero_object,10,9,0.9,159.5,0.0,10,159.5,0.0,29.562,169.816,10
openvla_libero,temporal_fusion_task_aware,libero_object__task_5,libero_object,10,9,0.9,160.3,0.0,10,160.3,0.0,29.881,169.977,10
openvla_libero,temporal_fusion_task_aware,libero_object__task_6,libero_object,10,10,1.0,157.8,0.0,10,157.8,0.0,29.215,169.769,10
openvla_libero,temporal_fusion_task_aware,libero_object__task_7,libero_object,10,9,0.9,153.3,0.0,10,153.3,0.0,28.531,169.883,10
openvla_libero,temporal_fusion_task_aware,libero_object__task_8,libero_object,10,9,0.9,175.0,0.0,10,175.0,0.0,32.323,169.639,10
openvla_libero,temporal_fusion_task_aware,libero_object__task_9,libero_object,10,9,0.9,149.3,0.0,10,149.3,0.0,27.688,170.181,10
openvla_libero,temporal_fusion_task_aware,libero_spatial__task_0,libero_spatial,10,9,0.9,98.3,0.0,10,98.3,0.0,19.084,172.481,10
openvla_libero,temporal_fusion_task_aware,libero_spatial__task_1,libero_spatial,10,8,0.8,136.9,0.0,10,136.9,0.0,26.281,170.9,10
openvla_libero,temporal_fusion_task_aware,libero_spatial__task_2,libero_spatial,10,7,0.7,144.9,0.0,10,144.9,0.0,27.739,170.475,10
openvla_libero,temporal_fusion_task_aware,libero_spatial__task_3,libero_spatial,10,9,0.9,118.4,0.0,10,118.4,0.0,22.779,171.073,10
openvla_libero,temporal_fusion_task_aware,libero_spatial__task_4,libero_spatial,10,7,0.7,154.2,0.0,10,154.2,0.0,30.028,172.322,10
openvla_libero,temporal_fusion_task_aware,libero_spatial__task_5,libero_spatial,10,4,0.4,169.4,0.0,10,169.4,0.0,32.721,170.594,10
openvla_libero,temporal_fusion_task_aware,libero_spatial__task_6,libero_spatial,10,10,1.0,105.6,0.0,10,105.6,0.0,20.411,170.188,10
openvla_libero,temporal_fusion_task_aware,libero_spatial__task_7,libero_spatial,10,8,0.8,144.5,0.0,10,144.5,0.0,28.001,170.653,10
openvla_libero,temporal_fusion_task_aware,libero_spatial__task_8,libero_spatial,10,7,0.7,149.7,0.0,10,149.7,0.0,28.935,172.359,10
openvla_libero,temporal_fusion_task_aware,libero_spatial__task_9,libero_spatial,10,8,0.8,154.7,0.0,10,154.7,0.0,30.101,171.139,10
openvla_simplerenv,action_repeat2,widowx_carrot_on_plate,widowx_carrot_on_plate,50,10,0.2,55.08,0.84,50,27.58,27.5,7.031,157.735,50
openvla_simplerenv,action_repeat2,widowx_put_eggplant_in_basket,widowx_put_eggplant_in_basket,50,23,0.46,80.84,0.54,50,40.58,40.26,10.925,157.457,50
openvla_simplerenv,action_repeat2,widowx_spoon_on_towel,widowx_spoon_on_towel,50,14,0.28,50.66,0.72,50,25.4,25.26,6.439,155.577,50
openvla_simplerenv,action_repeat2,widowx_stack_cube,widowx_stack_cube,50,9,0.18,55.4,0.82,50,27.76,27.64,7.12,158.649,50
openvla_simplerenv,action_repeat4,widowx_carrot_on_plate,widowx_carrot_on_plate,50,11,0.22,56.08,0.78,50,14.08,42.0,4.94,158.215,50
openvla_simplerenv,action_repeat4,widowx_put_eggplant_in_basket,widowx_put_eggplant_in_basket,50,14,0.28,98.74,0.72,50,24.84,73.9,9.355,157.288,50
openvla_simplerenv,action_repeat4,widowx_spoon_on_towel,widowx_spoon_on_towel,50,3,0.06,59.3,0.94,50,14.86,44.44,5.194,158.517,50
openvla_simplerenv,action_repeat4,widowx_stack_cube,widowx_stack_cube,50,1,0.02,59.52,0.98,50,14.88,44.64,5.243,158.635,50
openvla_simplerenv,depth_pruning1,widowx_carrot_on_plate,widowx_carrot_on_plate,50,8,0.16,56.16,0.84,50,56.16,0.0,11.428,154.983,50
openvla_simplerenv,depth_pruning1,widowx_put_eggplant_in_basket,widowx_put_eggplant_in_basket,50,36,0.72,53.92,0.28,50,53.92,0.0,11.3,154.317,50
openvla_simplerenv,depth_pruning1,widowx_spoon_on_towel,widowx_spoon_on_towel,50,22,0.44,47.04,0.56,50,47.04,0.0,9.509,154.8,50
openvla_simplerenv,depth_pruning1,widowx_stack_cube,widowx_stack_cube,50,21,0.42,49.5,0.58,50,49.5,0.0,10.023,154.005,50
openvla_simplerenv,depth_pruning2,widowx_carrot_on_plate,widowx_carrot_on_plate,50,19,0.38,50.02,0.62,50,50.02,0.0,9.829,148.569,50
openvla_simplerenv,depth_pruning2,widowx_put_eggplant_in_basket,widowx_put_eggplant_in_basket,50,33,0.66,59.24,0.34,50,59.24,0.0,12.051,148.738,50
openvla_simplerenv,depth_pruning2,widowx_spoon_on_towel,widowx_spoon_on_towel,50,23,0.46,45.84,0.54,50,45.84,0.0,9.145,150.303,50
openvla_simplerenv,depth_pruning2,widowx_stack_cube,widowx_stack_cube,50,20,0.4,49.9,0.6,50,49.9,0.0,9.856,149.013,50
openvla_simplerenv,depth_pruning4,widowx_carrot_on_plate,widowx_carrot_on_plate,50,14,0.28,54.06,0.72,50,54.06,0.0,10.173,140.602,50
openvla_simplerenv,depth_pruning4,widowx_put_eggplant_in_basket,widowx_put_eggplant_in_basket,50,38,0.76,51.6,0.24,50,51.6,0.0,10.17,141.449,50
openvla_simplerenv,depth_pruning4,widowx_spoon_on_towel,widowx_spoon_on_towel,50,13,0.26,53.3,0.74,50,53.3,0.0,10.075,140.587,50
openvla_simplerenv,depth_pruning4,widowx_stack_cube,widowx_stack_cube,50,10,0.2,56.22,0.8,50,56.22,0.0,10.48,138.557,50
openvla_simplerenv,fixed_foveation_keep20,widowx_carrot_on_plate,widowx_carrot_on_plate,50,12,0.24,51.34,0.76,50,51.34,0.0,10.902,158.037,50
openvla_simplerenv,fixed_foveation_keep20,widowx_put_eggplant_in_basket,widowx_put_eggplant_in_basket,50,8,0.16,104.72,0.84,50,104.72,0.0,23.175,157.394,50
openvla_simplerenv,fixed_foveation_keep20,widowx_spoon_on_towel,widowx_spoon_on_towel,50,19,0.38,49.2,0.62,50,49.2,0.0,10.514,157.526,50
openvla_simplerenv,fixed_foveation_keep20,widowx_stack_cube,widowx_stack_cube,50,6,0.12,55.7,0.88,50,55.7,0.0,11.808,157.844,50
openvla_simplerenv,fixed_foveation_keep50,widowx_carrot_on_plate,widowx_carrot_on_plate,50,17,0.34,50.32,0.66,50,50.32,0.0,10.707,157.602,50
openvla_simplerenv,fixed_foveation_keep50,widowx_put_eggplant_in_basket,widowx_put_eggplant_in_basket,50,12,0.24,97.84,0.76,50,97.84,0.0,22.152,161.154,50
openvla_simplerenv,fixed_foveation_keep50,widowx_spoon_on_towel,widowx_spoon_on_towel,50,24,0.48,46.3,0.52,50,46.3,0.0,9.794,156.413,50
openvla_simplerenv,fixed_foveation_keep50,widowx_stack_cube,widowx_stack_cube,50,7,0.14,55.6,0.86,50,55.6,0.0,11.768,156.379,50
openvla_simplerenv,guarded_reuse_aggressive,widowx_carrot_on_plate,widowx_carrot_on_plate,50,14,0.28,53.62,0.72,50,49.26,4.36,10.403,158.408,50
openvla_simplerenv,guarded_reuse_aggressive,widowx_put_eggplant_in_basket,widowx_put_eggplant_in_basket,50,35,0.7,56.34,0.3,50,54.76,1.58,11.78,156.036,50
openvla_simplerenv,guarded_reuse_aggressive,widowx_spoon_on_towel,widowx_spoon_on_towel,50,19,0.38,48.96,0.62,50,47.98,0.98,10.079,158.39,50
openvla_simplerenv,guarded_reuse_aggressive,widowx_stack_cube,widowx_stack_cube,50,14,0.28,51.86,0.72,50,45.56,6.3,9.8,159.718,50
openvla_simplerenv,guarded_reuse_moderate,widowx_carrot_on_plate,widowx_carrot_on_plate,50,14,0.28,53.72,0.72,50,50.8,2.92,10.578,156.441,50
openvla_simplerenv,guarded_reuse_moderate,widowx_put_eggplant_in_basket,widowx_put_eggplant_in_basket,50,35,0.7,54.8,0.3,50,53.16,1.64,11.369,157.194,50
openvla_simplerenv,guarded_reuse_moderate,widowx_spoon_on_towel,widowx_spoon_on_towel,50,20,0.4,48.14,0.6,50,46.72,1.42,9.919,159.976,50
openvla_simplerenv,guarded_reuse_moderate,widowx_stack_cube,widowx_stack_cube,50,14,0.28,51.8,0.72,50,47.74,4.06,10.115,158.548,50
openvla_simplerenv,guarded_reuse_strict,widowx_carrot_on_plate,widowx_carrot_on_plate,50,14,0.28,51.82,0.72,50,49.7,2.12,10.355,157.505,50
openvla_simplerenv,guarded_reuse_strict,widowx_put_eggplant_in_basket,widowx_put_eggplant_in_basket,50,39,0.78,49.66,0.22,50,49.42,0.24,10.549,156.857,50
openvla_simplerenv,guarded_reuse_strict,widowx_spoon_on_towel,widowx_spoon_on_towel,50,23,0.46,46.1,0.54,50,45.08,1.02,9.401,158.747,50
openvla_simplerenv,guarded_reuse_strict,widowx_stack_cube,widowx_stack_cube,50,15,0.3,51.16,0.7,50,47.18,3.98,9.973,158.728,50
openvla_simplerenv,original,widowx_carrot_on_plate,widowx_carrot_on_plate,50,16,0.32,51.22,0.68,50,51.22,0.0,10.664,158.794,50
openvla_simplerenv,original,widowx_put_eggplant_in_basket,widowx_put_eggplant_in_basket,50,37,0.74,53.74,0.26,50,53.74,0.0,11.545,158.702,50
openvla_simplerenv,original,widowx_spoon_on_towel,widowx_spoon_on_towel,50,19,0.38,47.52,0.62,50,47.52,0.0,9.94,159.314,50
openvla_simplerenv,original,widowx_stack_cube,widowx_stack_cube,50,15,0.3,51.16,0.7,50,51.16,0.0,10.653,159.297,50
openvla_simplerenv,temporal_fusion_conservative_adaptive,widowx_carrot_on_plate,widowx_carrot_on_plate,50,14,0.28,52.06,0.72,50,52.06,0.0,10.741,157.58,50
openvla_simplerenv,temporal_fusion_conservative_adaptive,widowx_put_eggplant_in_basket,widowx_put_eggplant_in_basket,50,41,0.82,46.6,0.18,50,46.6,0.0,9.951,158.57,50
openvla_simplerenv,temporal_fusion_conservative_adaptive,widowx_spoon_on_towel,widowx_spoon_on_towel,50,26,0.52,43.96,0.48,50,43.96,0.0,9.098,157.132,50
openvla_simplerenv,temporal_fusion_conservative_adaptive,widowx_stack_cube,widowx_stack_cube,50,15,0.3,51.46,0.7,50,51.46,0.0,10.628,157.808,50
openvla_simplerenv,temporal_fusion_motion_entropy,widowx_carrot_on_plate,widowx_carrot_on_plate,50,13,0.26,55.14,0.74,50,55.14,0.0,11.347,157.803,50
openvla_simplerenv,temporal_fusion_motion_entropy,widowx_put_eggplant_in_basket,widowx_put_eggplant_in_basket,50,30,0.6,65.4,0.4,50,65.4,0.0,13.914,157.982,50
openvla_simplerenv,temporal_fusion_motion_entropy,widowx_spoon_on_towel,widowx_spoon_on_towel,50,27,0.54,45.5,0.48,50,45.5,0.0,9.518,159.173,50
openvla_simplerenv,temporal_fusion_motion_entropy,widowx_stack_cube,widowx_stack_cube,50,12,0.24,53.32,0.76,50,53.32,0.0,11.054,157.88,50
openvla_simplerenv,temporal_fusion_task_aware,widowx_carrot_on_plate,widowx_carrot_on_plate,50,23,0.46,49.38,0.58,50,49.38,0.0,10.896,171.558,50
openvla_simplerenv,temporal_fusion_task_aware,widowx_put_eggplant_in_basket,widowx_put_eggplant_in_basket,50,37,0.74,51.62,0.26,50,51.62,0.0,11.864,173.586,50
openvla_simplerenv,temporal_fusion_task_aware,widowx_spoon_on_towel,widowx_spoon_on_towel,50,26,0.52,47.88,0.48,50,47.88,0.0,10.523,170.395,50
openvla_simplerenv,temporal_fusion_task_aware,widowx_stack_cube,widowx_stack_cube,50,15,0.3,53.24,0.7,50,53.24,0.0,11.652,170.14,50
openvla_simplerenv_fractal,action_repeat2,google_robot_close_drawer,google_robot_close_drawer,50,23,0.46,62.1,0.0,50,31.18,30.92,10.047,158.727,50
openvla_simplerenv_fractal,action_repeat2,google_robot_move_near,google_robot_move_near,50,29,0.58,50.08,0.42,50,25.2,24.88,7.466,160.012,50
openvla_simplerenv_fractal,action_repeat2,google_robot_open_drawer,google_robot_open_drawer,50,17,0.34,68.18,0.0,50,34.18,34.0,11.279,159.702,50
openvla_simplerenv_fractal,action_repeat2,google_robot_pick_coke_can,google_robot_pick_coke_can,50,31,0.62,54.2,0.38,50,27.22,26.98,8.212,158.704,50
openvla_simplerenv_fractal,action_repeat2,google_robot_place_apple_in_closed_top_drawer,google_robot_place_apple_in_closed_top_drawer,50,0,0.0,80.0,0.0,50,40.0,40.0,13.023,159.053,50
openvla_simplerenv_fractal,action_repeat4,google_robot_close_drawer,google_robot_close_drawer,50,26,0.52,63.1,0.0,50,15.94,47.16,7.727,159.567,50
openvla_simplerenv_fractal,action_repeat4,google_robot_move_near,google_robot_move_near,50,22,0.44,59.12,0.56,50,14.96,44.16,6.443,160.242,50
openvla_simplerenv_fractal,action_repeat4,google_robot_open_drawer,google_robot_open_drawer,50,15,0.3,72.38,0.0,50,18.22,54.16,9.012,159.917,50
openvla_simplerenv_fractal,action_repeat4,google_robot_pick_coke_can,google_robot_pick_coke_can,50,26,0.52,60.5,0.48,50,15.36,45.14,6.899,161.2,50
openvla_simplerenv_fractal,action_repeat4,google_robot_place_apple_in_closed_top_drawer,google_robot_place_apple_in_closed_top_drawer,50,0,0.0,80.0,0.0,50,20.0,60.0,9.786,158.036,50
openvla_simplerenv_fractal,depth_pruning1,google_robot_close_drawer,google_robot_close_drawer,50,19,0.38,61.62,0.0,50,61.62,0.0,14.769,155.788,50
openvla_simplerenv_fractal,depth_pruning1,google_robot_move_near,google_robot_move_near,50,38,0.76,40.34,0.24,50,40.34,0.0,9.06,156.201,50
openvla_simplerenv_fractal,depth_pruning1,google_robot_open_drawer,google_robot_open_drawer,50,13,0.26,75.36,0.0,50,75.36,0.0,18.191,155.215,50
openvla_simplerenv_fractal,depth_pruning1,google_robot_pick_coke_can,google_robot_pick_coke_can,50,26,0.52,56.86,0.5,50,56.86,0.0,13.066,156.799,50
openvla_simplerenv_fractal,depth_pruning1,google_robot_place_apple_in_closed_top_drawer,google_robot_place_apple_in_closed_top_drawer,50,0,0.0,80.0,0.0,50,80.0,0.0,19.23,155.042,50
openvla_simplerenv_fractal,depth_pruning2,google_robot_close_drawer,google_robot_close_drawer,50,25,0.5,58.32,0.0,50,58.32,0.0,13.548,150.917,50
openvla_simplerenv_fractal,depth_pruning2,google_robot_move_near,google_robot_move_near,50,34,0.68,43.38,0.32,50,43.38,0.0,9.573,151.572,50
openvla_simplerenv_fractal,depth_pruning2,google_robot_open_drawer,google_robot_open_drawer,50,13,0.26,74.08,0.0,50,74.08,0.0,17.518,150.017,50
openvla_simplerenv_fractal,depth_pruning2,google_robot_pick_coke_can,google_robot_pick_coke_can,50,30,0.6,53.5,0.4,50,53.5,0.0,11.998,151.52,50
openvla_simplerenv_fractal,depth_pruning2,google_robot_place_apple_in_closed_top_drawer,google_robot_place_apple_in_closed_top_drawer,50,0,0.0,80.0,0.0,50,80.0,0.0,18.708,149.625,50
openvla_simplerenv_fractal,depth_pruning4,google_robot_close_drawer,google_robot_close_drawer,50,20,0.4,60.12,0.0,50,60.12,0.0,13.518,141.489,50
openvla_simplerenv_fractal,depth_pruning4,google_robot_move_near,google_robot_move_near,50,31,0.62,48.58,0.38,50,48.58,0.0,10.344,142.776,50
openvla_simplerenv_fractal,depth_pruning4,google_robot_open_drawer,google_robot_open_drawer,50,9,0.18,75.3,0.0,50,75.3,0.0,17.324,142.954,50
openvla_simplerenv_fractal,depth_pruning4,google_robot_pick_coke_can,google_robot_pick_coke_can,50,32,0.64,50.0,0.36,50,50.0,0.0,10.851,142.979,50
openvla_simplerenv_fractal,depth_pruning4,google_robot_place_apple_in_closed_top_drawer,google_robot_place_apple_in_closed_top_drawer,50,0,0.0,80.0,0.0,50,80.0,0.0,18.059,142.134,50
openvla_simplerenv_fractal,fixed_foveation_keep20,google_robot_close_drawer,google_robot_close_drawer,50,15,0.3,66.16,0.0,50,66.16,0.0,16.827,165.184,50
openvla_simplerenv_fractal,fixed_foveation_keep20,google_robot_move_near,google_robot_move_near,50,3,0.06,76.34,0.94,50,76.34,0.0,18.471,167.884,50
openvla_simplerenv_fractal,fixed_foveation_keep20,google_robot_open_drawer,google_robot_open_drawer,50,0,0.0,80.0,0.0,50,80.0,0.0,20.057,166.517,50
openvla_simplerenv_fractal,fixed_foveation_keep20,google_robot_pick_coke_can,google_robot_pick_coke_can,50,1,0.02,78.98,0.98,50,78.98,0.0,19.403,167.369,50
openvla_simplerenv_fractal,fixed_foveation_keep20,google_robot_place_apple_in_closed_top_drawer,google_robot_place_apple_in_closed_top_drawer,50,0,0.0,80.0,0.0,50,80.0,0.0,20.211,165.631,50
openvla_simplerenv_fractal,fixed_foveation_keep50,google_robot_close_drawer,google_robot_close_drawer,50,17,0.34,63.56,0.0,50,63.56,0.0,15.963,160.519,50
openvla_simplerenv_fractal,fixed_foveation_keep50,google_robot_move_near,google_robot_move_near,50,16,0.32,63.42,0.68,50,63.42,0.0,15.23,161.442,50
openvla_simplerenv_fractal,fixed_foveation_keep50,google_robot_open_drawer,google_robot_open_drawer,50,5,0.1,76.18,0.0,50,76.18,0.0,19.393,160.56,50
openvla_simplerenv_fractal,fixed_foveation_keep50,google_robot_pick_coke_can,google_robot_pick_coke_can,50,23,0.46,58.02,0.54,50,58.02,0.0,14.235,162.012,50
openvla_simplerenv_fractal,fixed_foveation_keep50,google_robot_place_apple_in_closed_top_drawer,google_robot_place_apple_in_closed_top_drawer,50,0,0.0,80.0,0.0,50,80.0,0.0,20.287,159.818,50
openvla_simplerenv_fractal,guarded_reuse_aggressive,google_robot_close_drawer,google_robot_close_drawer,50,17,0.34,64.74,0.0,50,61.74,3.0,15.195,159.621,50
openvla_simplerenv_fractal,guarded_reuse_aggressive,google_robot_move_near,google_robot_move_near,50,31,0.62,47.84,0.38,50,47.4,0.44,10.861,159.083,50
openvla_simplerenv_fractal,guarded_reuse_aggressive,google_robot_open_drawer,google_robot_open_drawer,50,10,0.2,74.48,0.0,50,65.98,8.5,17.006,161.705,50
openvla_simplerenv_fractal,guarded_reuse_aggressive,google_robot_pick_coke_can,google_robot_pick_coke_can,50,30,0.6,54.18,0.4,50,54.12,0.06,12.699,161.713,50
openvla_simplerenv_fractal,guarded_reuse_aggressive,google_robot_place_apple_in_closed_top_drawer,google_robot_place_apple_in_closed_top_drawer,50,0,0.0,80.0,0.0,50,79.54,0.46,19.631,159.694,50
openvla_simplerenv_fractal,guarded_reuse_moderate,google_robot_close_drawer,google_robot_close_drawer,50,21,0.42,64.18,0.0,50,61.94,2.24,15.292,161.159,50
openvla_simplerenv_fractal,guarded_reuse_moderate,google_robot_move_near,google_robot_move_near,50,31,0.62,47.84,0.38,50,47.62,0.22,10.938,160.702,50
openvla_simplerenv_fractal,guarded_reuse_moderate,google_robot_open_drawer,google_robot_open_drawer,50,9,0.18,74.64,0.0,50,69.42,5.22,17.459,159.608,50
openvla_simplerenv_fractal,guarded_reuse_moderate,google_robot_pick_coke_can,google_robot_pick_coke_can,50,30,0.6,54.32,0.4,50,54.3,0.02,12.836,160.052,50
openvla_simplerenv_fractal,guarded_reuse_moderate,google_robot_place_apple_in_closed_top_drawer,google_robot_place_apple_in_closed_top_drawer,50,0,0.0,80.0,0.0,50,79.68,0.32,19.433,158.529,50
openvla_simplerenv_fractal,guarded_reuse_strict,google_robot_close_drawer,google_robot_close_drawer,50,21,0.42,64.18,0.0,50,62.02,2.16,15.23,159.633,50
openvla_simplerenv_fractal,guarded_reuse_strict,google_robot_move_near,google_robot_move_near,50,31,0.62,47.84,0.38,50,47.72,0.12,10.92,159.73,50
openvla_simplerenv_fractal,guarded_reuse_strict,google_robot_open_drawer,google_robot_open_drawer,50,9,0.18,74.64,0.0,50,69.78,4.86,17.425,158.404,50
openvla_simplerenv_fractal,guarded_reuse_strict,google_robot_pick_coke_can,google_robot_pick_coke_can,50,29,0.58,54.8,0.42,50,54.8,0.0,12.789,160.869,50
openvla_simplerenv_fractal,guarded_reuse_strict,google_robot_place_apple_in_closed_top_drawer,google_robot_place_apple_in_closed_top_drawer,50,0,0.0,80.0,0.0,50,79.82,0.18,19.411,157.466,50
openvla_simplerenv_fractal,original,google_robot_close_drawer,google_robot_close_drawer,50,20,0.4,64.28,0.0,50,64.28,0.0,15.503,159.666,50
openvla_simplerenv_fractal,original,google_robot_move_near,google_robot_move_near,50,31,0.62,47.84,0.38,50,47.84,0.0,10.944,159.681,50
openvla_simplerenv_fractal,original,google_robot_open_drawer,google_robot_open_drawer,50,9,0.18,74.64,0.0,50,74.64,0.0,18.147,157.725,50
openvla_simplerenv_fractal,original,google_robot_pick_coke_can,google_robot_pick_coke_can,50,29,0.58,54.8,0.42,50,54.8,0.0,12.803,160.805,50
openvla_simplerenv_fractal,original,google_robot_place_apple_in_closed_top_drawer,google_robot_place_apple_in_closed_top_drawer,50,0,0.0,80.0,0.0,50,80.0,0.0,19.683,161.047,50
openvla_simplerenv_fractal,temporal_fusion_conservative_adaptive,google_robot_close_drawer,google_robot_close_drawer,50,20,0.4,61.56,0.0,50,61.56,0.0,14.92,158.655,50
openvla_simplerenv_fractal,temporal_fusion_conservative_adaptive,google_robot_move_near,google_robot_move_near,50,31,0.62,47.84,0.38,50,47.84,0.0,10.885,158.415,50
openvla_simplerenv_fractal,temporal_fusion_conservative_adaptive,google_robot_open_drawer,google_robot_open_drawer,50,10,0.2,74.64,0.0,50,74.64,0.0,18.446,161.241,50
openvla_simplerenv_fractal,temporal_fusion_conservative_adaptive,google_robot_pick_coke_can,google_robot_pick_coke_can,50,31,0.62,52.32,0.38,50,52.32,0.0,12.212,158.986,50
openvla_simplerenv_fractal,temporal_fusion_conservative_adaptive,google_robot_place_apple_in_closed_top_drawer,google_robot_place_apple_in_closed_top_drawer,50,0,0.0,80.0,0.0,50,80.0,0.0,19.544,159.793,50
openvla_simplerenv_fractal,temporal_fusion_motion_entropy,google_robot_close_drawer,google_robot_close_drawer,50,20,0.4,65.84,0.0,50,65.84,0.0,16.14,160.757,50
openvla_simplerenv_fractal,temporal_fusion_motion_entropy,google_robot_move_near,google_robot_move_near,50,42,0.84,36.78,0.16,50,36.78,0.0,8.438,160.329,50
openvla_simplerenv_fractal,temporal_fusion_motion_entropy,google_robot_open_drawer,google_robot_open_drawer,50,13,0.26,71.2,0.0,50,71.2,0.0,17.726,161.392,50
openvla_simplerenv_fractal,temporal_fusion_motion_entropy,google_robot_pick_coke_can,google_robot_pick_coke_can,50,30,0.6,56.32,0.42,50,56.32,0.0,13.385,161.6,50
openvla_simplerenv_fractal,temporal_fusion_motion_entropy,google_robot_place_apple_in_closed_top_drawer,google_robot_place_apple_in_closed_top_drawer,50,0,0.0,80.0,0.0,50,80.0,0.0,19.563,158.549,50
openvla_simplerenv_fractal,temporal_fusion_task_aware,google_robot_close_drawer,google_robot_close_drawer,50,25,0.5,58.6,0.0,50,58.6,0.0,15.188,172.809,50
openvla_simplerenv_fractal,temporal_fusion_task_aware,google_robot_move_near,google_robot_move_near,50,32,0.64,47.18,0.36,50,47.18,0.0,11.472,174.433,50
openvla_simplerenv_fractal,temporal_fusion_task_aware,google_robot_open_drawer,google_robot_open_drawer,50,17,0.34,68.92,0.0,50,68.92,0.0,17.703,171.65,50
openvla_simplerenv_fractal,temporal_fusion_task_aware,google_robot_pick_coke_can,google_robot_pick_coke_can,50,32,0.64,52.48,0.36,50,52.48,0.0,13.108,174.681,50
openvla_simplerenv_fractal,temporal_fusion_task_aware,google_robot_place_apple_in_closed_top_drawer,google_robot_place_apple_in_closed_top_drawer,50,0,0.0,80.0,0.0,50,80.0,0.0,20.552,171.339,50
smolvla_libero,action_repeat2,libero_10__task_0,libero_10,10,1,0.1,505.1,,0,252.6,252.5,77.854,278.295,10
smolvla_libero,action_repeat2,libero_10__task_1,libero_10,10,3,0.3,463.2,,0,231.7,231.5,71.256,278.538,10
smolvla_libero,action_repeat2,libero_10__task_2,libero_10,10,6,0.6,361.7,,0,181.0,180.7,54.51,277.713,10
smolvla_libero,action_repeat2,libero_10__task_3,libero_10,10,8,0.8,298.1,,0,149.3,148.8,45.421,278.783,10
smolvla_libero,action_repeat2,libero_10__task_4,libero_10,10,0,0.0,520.0,,0,260.0,260.0,79.859,278.056,10
smolvla_libero,action_repeat2,libero_10__task_5,libero_10,10,4,0.4,444.9,,0,222.5,222.4,66.989,278.545,10
smolvla_libero,action_repeat2,libero_10__task_6,libero_10,10,4,0.4,405.2,,0,202.6,202.6,61.603,278.399,10
smolvla_libero,action_repeat2,libero_10__task_7,libero_10,10,0,0.0,520.0,,0,260.0,260.0,78.541,277.124,10
smolvla_libero,action_repeat2,libero_10__task_8,libero_10,10,0,0.0,520.0,,0,260.0,260.0,78.631,277.17,10
smolvla_libero,action_repeat2,libero_10__task_9,libero_10,10,5,0.5,396.3,,0,198.3,198.0,59.983,277.101,10
smolvla_libero,action_repeat2,libero_goal__task_0,libero_goal,10,7,0.7,187.9,,0,94.1,93.8,29.009,279.921,10
smolvla_libero,action_repeat2,libero_goal__task_1,libero_goal,10,9,0.9,117.0,,0,58.7,58.3,18.084,278.867,10
smolvla_libero,action_repeat2,libero_goal__task_2,libero_goal,10,8,0.8,145.4,,0,73.0,72.4,22.492,278.935,10
smolvla_libero,action_repeat2,libero_goal__task_3,libero_goal,10,2,0.2,285.0,,0,142.5,142.5,43.758,278.414,10
smolvla_libero,action_repeat2,libero_goal__task_4,libero_goal,10,7,0.7,157.6,,0,78.9,78.7,24.235,277.881,10
smolvla_libero,action_repeat2,libero_goal__task_5,libero_goal,10,9,0.9,154.7,,0,77.7,77.0,23.942,278.413,10
smolvla_libero,action_repeat2,libero_goal__task_6,libero_goal,10,5,0.5,200.7,,0,100.5,100.2,30.922,277.879,10
smolvla_libero,action_repeat2,libero_goal__task_7,libero_goal,10,10,1.0,71.1,,0,35.9,35.2,10.976,278.36,10
smolvla_libero,action_repeat2,libero_goal__task_8,libero_goal,10,9,0.9,108.8,,0,54.7,54.1,16.812,278.147,10
smolvla_libero,action_repeat2,libero_goal__task_9,libero_goal,10,6,0.6,214.0,,0,107.1,106.9,32.973,279.236,10
smolvla_libero,action_repeat2,libero_object__task_0,libero_object,10,9,0.9,183.6,,0,92.1,91.5,27.922,273.26,10
smolvla_libero,action_repeat2,libero_object__task_1,libero_object,10,10,1.0,160.8,,0,80.6,80.2,24.163,273.164,10
smolvla_libero,action_repeat2,libero_object__task_2,libero_object,10,10,1.0,137.2,,0,68.8,68.4,20.627,271.397,10
smolvla_libero,action_repeat2,libero_object__task_3,libero_object,10,10,1.0,143.3,,0,71.9,71.4,21.533,273.06,10
smolvla_libero,action_repeat2,libero_object__task_4,libero_object,10,9,0.9,165.8,,0,83.0,82.8,24.916,273.632,10
smolvla_libero,action_repeat2,libero_object__task_5,libero_object,10,7,0.7,187.6,,0,94.1,93.5,28.244,271.966,10
smolvla_libero,action_repeat2,libero_object__task_6,libero_object,10,10,1.0,176.4,,0,88.6,87.8,26.432,271.752,10
smolvla_libero,action_repeat2,libero_object__task_7,libero_object,10,8,0.8,171.4,,0,86.0,85.4,25.571,271.244,10
smolvla_libero,action_repeat2,libero_object__task_8,libero_object,10,9,0.9,181.9,,0,91.1,90.8,27.196,272.807,10
smolvla_libero,action_repeat2,libero_object__task_9,libero_object,10,8,0.8,182.2,,0,91.3,90.9,27.188,271.689,10
smolvla_libero,action_repeat2,libero_spatial__task_0,libero_spatial,10,6,0.6,132.8,,0,66.6,66.2,20.924,276.225,10
smolvla_libero,action_repeat2,libero_spatial__task_1,libero_spatial,10,8,0.8,127.6,,0,63.9,63.7,20.126,276.91,10
smolvla_libero,action_repeat2,libero_spatial__task_2,libero_spatial,10,9,0.9,116.8,,0,58.6,58.2,18.39,275.549,10
smolvla_libero,action_repeat2,libero_spatial__task_3,libero_spatial,10,5,0.5,154.0,,0,77.0,77.0,24.115,275.177,10
smolvla_libero,action_repeat2,libero_spatial__task_4,libero_spatial,10,5,0.5,179.3,,0,89.8,89.5,28.308,275.082,10
smolvla_libero,action_repeat2,libero_spatial__task_5,libero_spatial,10,8,0.8,126.4,,0,63.4,63.0,19.906,273.703,10
smolvla_libero,action_repeat2,libero_spatial__task_6,libero_spatial,10,6,0.6,157.2,,0,78.7,78.5,24.957,275.521,10
smolvla_libero,action_repeat2,libero_spatial__task_7,libero_spatial,10,9,0.9,139.0,,0,69.7,69.3,22.062,275.47,10
smolvla_libero,action_repeat2,libero_spatial__task_8,libero_spatial,10,5,0.5,156.4,,0,78.4,78.0,24.43,274.909,10
smolvla_libero,action_repeat2,libero_spatial__task_9,libero_spatial,10,3,0.3,192.3,,0,96.2,96.1,30.489,275.036,10
smolvla_libero,action_repeat4,libero_10__task_0,libero_10,10,0,0.0,520.0,,0,130.0,390.0,42.55,271.409,10
smolvla_libero,action_repeat4,libero_10__task_1,libero_10,10,2,0.2,474.1,,0,118.6,355.5,38.786,271.585,10
smolvla_libero,action_repeat4,libero_10__task_2,libero_10,10,3,0.3,446.2,,0,111.7,334.5,35.376,271.611,10
smolvla_libero,action_repeat4,libero_10__task_3,libero_10,10,6,0.6,356.4,,0,89.3,267.1,28.687,273.513,10
smolvla_libero,action_repeat4,libero_10__task_4,libero_10,10,0,0.0,520.0,,0,130.0,390.0,43.143,273.665,10
smolvla_libero,action_repeat4,libero_10__task_5,libero_10,10,3,0.3,430.2,,0,107.7,322.5,33.853,271.528,10
smolvla_libero,action_repeat4,libero_10__task_6,libero_10,10,4,0.4,441.2,,0,110.5,330.7,35.6,272.442,10
smolvla_libero,action_repeat4,libero_10__task_7,libero_10,10,0,0.0,520.0,,0,130.0,390.0,41.574,272.616,10
smolvla_libero,action_repeat4,libero_10__task_8,libero_10,10,0,0.0,520.0,,0,130.0,390.0,41.377,270.764,10
smolvla_libero,action_repeat4,libero_10__task_9,libero_10,10,2,0.2,474.1,,0,118.6,355.5,37.875,272.143,10
smolvla_libero,action_repeat4,libero_goal__task_0,libero_goal,10,4,0.4,248.6,,0,62.3,186.3,20.69,276.498,10
smolvla_libero,action_repeat4,libero_goal__task_1,libero_goal,10,8,0.8,145.2,,0,36.5,108.7,12.101,275.5,10
smolvla_libero,action_repeat4,libero_goal__task_2,libero_goal,10,4,0.4,222.7,,0,55.8,166.9,18.545,277.782,10
smolvla_libero,action_repeat4,libero_goal__task_3,libero_goal,10,4,0.4,268.1,,0,67.1,201.0,22.295,276.249,10
smolvla_libero,action_repeat4,libero_goal__task_4,libero_goal,10,8,0.8,143.8,,0,36.1,107.7,12.133,275.317,10
smolvla_libero,action_repeat4,libero_goal__task_5,libero_goal,10,9,0.9,175.8,,0,44.4,131.4,14.855,276.195,10
smolvla_libero,action_repeat4,libero_goal__task_6,libero_goal,10,1,0.1,291.7,,0,73.0,218.7,24.429,276.999,10
smolvla_libero,action_repeat4,libero_goal__task_7,libero_goal,10,9,0.9,105.8,,0,26.7,79.1,8.791,275.676,10
smolvla_libero,action_repeat4,libero_goal__task_8,libero_goal,10,9,0.9,111.8,,0,28.2,83.6,9.416,275.779,10
smolvla_libero,action_repeat4,libero_goal__task_9,libero_goal,10,3,0.3,259.7,,0,65.0,194.7,21.625,276.988,10
smolvla_libero,action_repeat4,libero_object__task_0,libero_object,10,9,0.9,183.7,,0,46.4,137.3,15.453,274.823,10
smolvla_libero,action_repeat4,libero_object__task_1,libero_object,10,3,0.3,247.2,,0,61.8,185.4,20.302,275.462,10
smolvla_libero,action_repeat4,libero_object__task_2,libero_object,10,8,0.8,183.3,,0,46.1,137.2,15.087,275.158,10
smolvla_libero,action_repeat4,libero_object__task_3,libero_object,10,7,0.7,191.9,,0,48.2,143.7,15.697,275.281,10
smolvla_libero,action_repeat4,libero_object__task_4,libero_object,10,10,1.0,170.0,,0,42.9,127.1,14.044,275.642,10
smolvla_libero,action_repeat4,libero_object__task_5,libero_object,10,7,0.7,194.4,,0,48.9,145.5,16.057,273.848,10
smolvla_libero,action_repeat4,libero_object__task_6,libero_object,10,7,0.7,216.6,,0,54.3,162.3,17.609,273.907,10
smolvla_libero,action_repeat4,libero_object__task_7,libero_object,10,7,0.7,201.1,,0,50.4,150.7,16.338,273.424,10
smolvla_libero,action_repeat4,libero_object__task_8,libero_object,10,9,0.9,195.0,,0,48.9,146.1,15.834,273.669,10
smolvla_libero,action_repeat4,libero_object__task_9,libero_object,10,4,0.4,237.0,,0,59.5,177.5,19.238,273.807,10
smolvla_libero,action_repeat4,libero_spatial__task_0,libero_spatial,10,2,0.2,205.0,,0,51.3,153.7,17.603,272.496,10
smolvla_libero,action_repeat4,libero_spatial__task_1,libero_spatial,10,3,0.3,190.9,,0,47.9,143.0,16.58,272.826,10
smolvla_libero,action_repeat4,libero_spatial__task_2,libero_spatial,10,5,0.5,170.0,,0,42.7,127.3,14.779,272.58,10
smolvla_libero,action_repeat4,libero_spatial__task_3,libero_spatial,10,3,0.3,194.2,,0,48.6,145.6,16.814,272.878,10
smolvla_libero,action_repeat4,libero_spatial__task_4,libero_spatial,10,4,0.4,187.0,,0,47.0,140.0,16.42,272.603,10
smolvla_libero,action_repeat4,libero_spatial__task_5,libero_spatial,10,3,0.3,191.7,,0,48.1,143.6,16.776,271.689,10
smolvla_libero,action_repeat4,libero_spatial__task_6,libero_spatial,10,5,0.5,172.4,,0,43.3,129.1,15.304,272.151,10
smolvla_libero,action_repeat4,libero_spatial__task_7,libero_spatial,10,6,0.6,182.1,,0,45.8,136.3,16.191,272.32,10
smolvla_libero,action_repeat4,libero_spatial__task_8,libero_spatial,10,3,0.3,193.5,,0,48.5,145.0,16.671,272.503,10
smolvla_libero,action_repeat4,libero_spatial__task_9,libero_spatial,10,1,0.1,210.5,,0,52.7,157.8,18.606,271.87,10
smolvla_libero,depth_pruning1,libero_10__task_0,libero_10,10,0,0.0,520.0,,0,520.0,0.0,152.471,276.698,10
smolvla_libero,depth_pruning1,libero_10__task_1,libero_10,10,1,0.1,496.2,,0,496.2,0.0,146.894,281.404,10
smolvla_libero,depth_pruning1,libero_10__task_2,libero_10,10,2,0.2,486.4,,0,486.4,0.0,140.682,276.707,10
smolvla_libero,depth_pruning1,libero_10__task_3,libero_10,10,2,0.2,471.1,,0,471.1,0.0,136.827,276.75,10
smolvla_libero,depth_pruning1,libero_10__task_4,libero_10,10,0,0.0,520.0,,0,520.0,0.0,152.601,276.883,10
smolvla_libero,depth_pruning1,libero_10__task_5,libero_10,10,0,0.0,520.0,,0,520.0,0.0,150.516,277.705,10
smolvla_libero,depth_pruning1,libero_10__task_6,libero_10,10,2,0.2,469.4,,0,469.4,0.0,136.51,276.457,10
smolvla_libero,depth_pruning1,libero_10__task_7,libero_10,10,1,0.1,501.9,,0,501.9,0.0,145.693,277.357,10
smolvla_libero,depth_pruning1,libero_10__task_8,libero_10,10,0,0.0,520.0,,0,520.0,0.0,151.13,276.952,10
smolvla_libero,depth_pruning1,libero_10__task_9,libero_10,10,1,0.1,495.7,,0,495.7,0.0,144.779,278.899,10
smolvla_libero,depth_pruning1,libero_goal__task_0,libero_goal,10,3,0.3,267.7,,0,267.7,0.0,78.053,274.287,10
smolvla_libero,depth_pruning1,libero_goal__task_1,libero_goal,10,9,0.9,125.2,,0,125.2,0.0,37.172,285.864,10
smolvla_libero,depth_pruning1,libero_goal__task_2,libero_goal,10,2,0.2,267.8,,0,267.8,0.0,79.32,279.526,10
smolvla_libero,depth_pruning1,libero_goal__task_3,libero_goal,10,3,0.3,282.5,,0,282.5,0.0,82.83,277.689,10
smolvla_libero,depth_pruning1,libero_goal__task_4,libero_goal,10,10,1.0,108.2,,0,108.2,0.0,31.83,278.277,10
smolvla_libero,depth_pruning1,libero_goal__task_5,libero_goal,10,10,1.0,126.1,,0,126.1,0.0,37.191,278.96,10
smolvla_libero,depth_pruning1,libero_goal__task_6,libero_goal,10,6,0.6,192.2,,0,192.2,0.0,56.494,278.498,10
smolvla_libero,depth_pruning1,libero_goal__task_7,libero_goal,10,10,1.0,90.4,,0,90.4,0.0,26.491,278.462,10
smolvla_libero,depth_pruning1,libero_goal__task_8,libero_goal,10,9,0.9,110.2,,0,110.2,0.0,32.285,278.393,10
smolvla_libero,depth_pruning1,libero_goal__task_9,libero_goal,10,0,0.0,300.0,,0,300.0,0.0,87.292,275.545,10
smolvla_libero,depth_pruning1,libero_object__task_0,libero_object,10,2,0.2,259.5,,0,259.5,0.0,76.343,279.096,10
smolvla_libero,depth_pruning1,libero_object__task_1,libero_object,10,6,0.6,215.6,,0,215.6,0.0,63.129,278.581,10
smolvla_libero,depth_pruning1,libero_object__task_2,libero_object,10,10,1.0,131.6,,0,131.6,0.0,38.699,279.531,10
smolvla_libero,depth_pruning1,libero_object__task_3,libero_object,10,10,1.0,143.0,,0,143.0,0.0,42.344,281.546,10
smolvla_libero,depth_pruning1,libero_object__task_4,libero_object,10,8,0.8,187.5,,0,187.5,0.0,55.248,279.753,10
smolvla_libero,depth_pruning1,libero_object__task_5,libero_object,10,4,0.4,242.7,,0,242.7,0.0,72.4,283.065,10
smolvla_libero,depth_pruning1,libero_object__task_6,libero_object,10,8,0.8,202.8,,0,202.8,0.0,59.647,279.473,10
smolvla_libero,depth_pruning1,libero_object__task_7,libero_object,10,6,0.6,204.1,,0,204.1,0.0,60.148,281.025,10
smolvla_libero,depth_pruning1,libero_object__task_8,libero_object,10,10,1.0,190.1,,0,190.1,0.0,55.941,280.052,10
smolvla_libero,depth_pruning1,libero_object__task_9,libero_object,10,9,0.9,156.6,,0,156.6,0.0,46.053,279.704,10
smolvla_libero,depth_pruning1,libero_spatial__task_0,libero_spatial,10,7,0.7,121.7,,0,121.7,0.0,35.992,275.439,10
smolvla_libero,depth_pruning1,libero_spatial__task_1,libero_spatial,10,4,0.4,178.9,,0,178.9,0.0,52.919,276.782,10
smolvla_libero,depth_pruning1,libero_spatial__task_2,libero_spatial,10,10,1.0,107.0,,0,107.0,0.0,31.809,276.918,10
smolvla_libero,depth_pruning1,libero_spatial__task_3,libero_spatial,10,8,0.8,116.1,,0,116.1,0.0,34.194,274.545,10
smolvla_libero,depth_pruning1,libero_spatial__task_4,libero_spatial,10,4,0.4,187.2,,0,187.2,0.0,55.692,275.942,10
smolvla_libero,depth_pruning1,libero_spatial__task_5,libero_spatial,10,2,0.2,196.8,,0,196.8,0.0,58.223,274.702,10
smolvla_libero,depth_pruning1,libero_spatial__task_6,libero_spatial,10,6,0.6,154.6,,0,154.6,0.0,45.772,274.322,10
smolvla_libero,depth_pruning1,libero_spatial__task_7,libero_spatial,10,8,0.8,142.5,,0,142.5,0.0,42.137,274.574,10
smolvla_libero,depth_pruning1,libero_spatial__task_8,libero_spatial,10,6,0.6,148.0,,0,148.0,0.0,43.603,275.714,10
smolvla_libero,depth_pruning1,libero_spatial__task_9,libero_spatial,10,7,0.7,161.6,,0,161.6,0.0,48.068,275.787,10
smolvla_libero,depth_pruning2,libero_10__task_0,libero_10,10,0,0.0,520.0,,0,520.0,0.0,153.278,278.858,10
smolvla_libero,depth_pruning2,libero_10__task_1,libero_10,10,1,0.1,495.8,,0,495.8,0.0,145.791,279.021,10
smolvla_libero,depth_pruning2,libero_10__task_2,libero_10,10,0,0.0,520.0,,0,520.0,0.0,150.947,277.087,10
smolvla_libero,depth_pruning2,libero_10__task_3,libero_10,10,1,0.1,496.2,,0,496.2,0.0,144.773,277.474,10
smolvla_libero,depth_pruning2,libero_10__task_4,libero_10,10,0,0.0,520.0,,0,520.0,0.0,153.332,277.56,10
smolvla_libero,depth_pruning2,libero_10__task_5,libero_10,10,0,0.0,520.0,,0,520.0,0.0,151.538,278.583,10
smolvla_libero,depth_pruning2,libero_10__task_6,libero_10,10,1,0.1,518.8,,0,518.8,0.0,154.113,283.086,10
smolvla_libero,depth_pruning2,libero_10__task_7,libero_10,10,0,0.0,520.0,,0,520.0,0.0,153.42,280.645,10
smolvla_libero,depth_pruning2,libero_10__task_8,libero_10,10,0,0.0,520.0,,0,520.0,0.0,139.942,244.788,10
smolvla_libero,depth_pruning2,libero_10__task_9,libero_10,10,0,0.0,520.0,,0,520.0,0.0,133.398,242.969,10
smolvla_libero,depth_pruning2,libero_goal__task_0,libero_goal,10,5,0.5,229.3,,0,229.3,0.0,67.549,279.865,10
smolvla_libero,depth_pruning2,libero_goal__task_1,libero_goal,10,8,0.8,139.2,,0,139.2,0.0,41.029,278.737,10
smolvla_libero,depth_pruning2,libero_goal__task_2,libero_goal,10,1,0.1,282.5,,0,282.5,0.0,83.409,279.547,10
smolvla_libero,depth_pruning2,libero_goal__task_3,libero_goal,10,2,0.2,294.4,,0,294.4,0.0,87.221,279.924,10
smolvla_libero,depth_pruning2,libero_goal__task_4,libero_goal,10,10,1.0,123.1,,0,123.1,0.0,36.672,280.878,10
smolvla_libero,depth_pruning2,libero_goal__task_5,libero_goal,10,9,0.9,161.5,,0,161.5,0.0,48.069,280.641,10
smolvla_libero,depth_pruning2,libero_goal__task_6,libero_goal,10,2,0.2,265.0,,0,265.0,0.0,78.877,281.595,10
smolvla_libero,depth_pruning2,libero_goal__task_7,libero_goal,10,10,1.0,127.2,,0,127.2,0.0,35.336,248.866,10
smolvla_libero,depth_pruning2,libero_goal__task_8,libero_goal,10,6,0.6,182.1,,0,182.1,0.0,47.1,243.559,10
smolvla_libero,depth_pruning2,libero_goal__task_9,libero_goal,10,0,0.0,300.0,,0,300.0,0.0,77.753,245.253,10
smolvla_libero,depth_pruning2,libero_object__task_0,libero_object,10,0,0.0,280.0,,0,280.0,0.0,81.293,276.578,10
smolvla_libero,depth_pruning2,libero_object__task_1,libero_object,10,4,0.4,245.3,,0,245.3,0.0,71.354,276.548,10
smolvla_libero,depth_pruning2,libero_object__task_2,libero_object,10,7,0.7,179.8,,0,179.8,0.0,52.21,275.573,10
smolvla_libero,depth_pruning2,libero_object__task_3,libero_object,10,7,0.7,186.3,,0,186.3,0.0,54.054,275.906,10
smolvla_libero,depth_pruning2,libero_object__task_4,libero_object,10,1,0.1,268.1,,0,268.1,0.0,77.883,276.813,10
smolvla_libero,depth_pruning2,libero_object__task_5,libero_object,10,2,0.2,258.5,,0,258.5,0.0,75.479,276.649,10
smolvla_libero,depth_pruning2,libero_object__task_6,libero_object,10,8,0.8,192.3,,0,192.3,0.0,55.817,276.415,10
smolvla_libero,depth_pruning2,libero_object__task_7,libero_object,10,0,0.0,280.0,,0,280.0,0.0,80.882,275.232,10
smolvla_libero,depth_pruning2,libero_object__task_8,libero_object,10,9,0.9,195.7,,0,195.7,0.0,56.503,273.19,10
smolvla_libero,depth_pruning2,libero_object__task_9,libero_object,10,2,0.2,252.4,,0,252.4,0.0,73.086,276.355,10
smolvla_libero,depth_pruning2,libero_spatial__task_0,libero_spatial,10,6,0.6,132.1,,0,132.1,0.0,39.168,276.338,10
smolvla_libero,depth_pruning2,libero_spatial__task_1,libero_spatial,10,2,0.2,198.0,,0,198.0,0.0,58.516,275.82,10
smolvla_libero,depth_pruning2,libero_spatial__task_2,libero_spatial,10,7,0.7,144.0,,0,144.0,0.0,42.755,276.358,10
smolvla_libero,depth_pruning2,libero_spatial__task_3,libero_spatial,10,8,0.8,118.5,,0,118.5,0.0,35.557,280.152,10
smolvla_libero,depth_pruning2,libero_spatial__task_4,libero_spatial,10,0,0.0,220.0,,0,220.0,0.0,65.836,276.492,10
smolvla_libero,depth_pruning2,libero_spatial__task_5,libero_spatial,10,1,0.1,207.1,,0,207.1,0.0,61.969,280.182,10
smolvla_libero,depth_pruning2,libero_spatial__task_6,libero_spatial,10,2,0.2,198.9,,0,198.9,0.0,59.422,276.245,10
smolvla_libero,depth_pruning2,libero_spatial__task_7,libero_spatial,10,8,0.8,156.5,,0,156.5,0.0,47.395,280.718,10
smolvla_libero,depth_pruning2,libero_spatial__task_8,libero_spatial,10,1,0.1,208.7,,0,208.7,0.0,62.309,279.699,10
smolvla_libero,depth_pruning2,libero_spatial__task_9,libero_spatial,10,3,0.3,193.8,,0,193.8,0.0,58.134,277.375,10
smolvla_libero,depth_pruning4,libero_10__task_0,libero_10,10,0,0.0,520.0,,0,520.0,0.0,150.242,273.204,10
smolvla_libero,depth_pruning4,libero_10__task_1,libero_10,10,0,0.0,520.0,,0,520.0,0.0,150.524,272.886,10
smolvla_libero,depth_pruning4,libero_10__task_2,libero_10,10,0,0.0,520.0,,0,520.0,0.0,148.303,271.34,10
smolvla_libero,depth_pruning4,libero_10__task_3,libero_10,10,0,0.0,520.0,,0,520.0,0.0,165.316,272.588,10
smolvla_libero,depth_pruning4,libero_10__task_4,libero_10,10,0,0.0,520.0,,0,520.0,0.0,127.561,229.279,10
smolvla_libero,depth_pruning4,libero_10__task_5,libero_10,10,0,0.0,520.0,,0,520.0,0.0,125.047,229.511,10
smolvla_libero,depth_pruning4,libero_10__task_6,libero_10,10,0,0.0,520.0,,0,520.0,0.0,126.575,230.376,10
smolvla_libero,depth_pruning4,libero_10__task_7,libero_10,10,0,0.0,520.0,,0,520.0,0.0,91.551,165.112,10
smolvla_libero,depth_pruning4,libero_10__task_8,libero_10,10,0,0.0,520.0,,0,520.0,0.0,134.418,245.017,10
smolvla_libero,depth_pruning4,libero_10__task_9,libero_10,10,0,0.0,520.0,,0,520.0,0.0,126.949,230.061,10
smolvla_libero,depth_pruning4,libero_goal__task_0,libero_goal,10,0,0.0,300.0,,0,300.0,0.0,72.722,228.147,10
smolvla_libero,depth_pruning4,libero_goal__task_1,libero_goal,10,5,0.5,251.7,,0,251.7,0.0,109.101,404.313,10
smolvla_libero,depth_pruning4,libero_goal__task_2,libero_goal,10,0,0.0,300.0,,0,300.0,0.0,73.106,229.59,10
smolvla_libero,depth_pruning4,libero_goal__task_3,libero_goal,10,0,0.0,300.0,,0,300.0,0.0,73.247,229.952,10
smolvla_libero,depth_pruning4,libero_goal__task_4,libero_goal,10,10,1.0,154.2,,0,154.2,0.0,37.672,228.826,10
smolvla_libero,depth_pruning4,libero_goal__task_5,libero_goal,10,2,0.2,277.2,,0,277.2,0.0,67.794,230.832,10
smolvla_libero,depth_pruning4,libero_goal__task_6,libero_goal,10,1,0.1,288.6,,0,288.6,0.0,69.845,227.247,10
smolvla_libero,depth_pruning4,libero_goal__task_7,libero_goal,10,10,1.0,138.2,,0,138.2,0.0,36.262,248.587,10
smolvla_libero,depth_pruning4,libero_goal__task_8,libero_goal,10,0,0.0,300.0,,0,300.0,0.0,72.956,226.611,10
smolvla_libero,depth_pruning4,libero_goal__task_9,libero_goal,10,0,0.0,300.0,,0,300.0,0.0,73.266,230.578,10
smolvla_libero,depth_pruning4,libero_object__task_0,libero_object,10,0,0.0,280.0,,0,280.0,0.0,67.733,227.96,10
smolvla_libero,depth_pruning4,libero_object__task_1,libero_object,10,0,0.0,280.0,,0,280.0,0.0,53.286,159.432,10
smolvla_libero,depth_pruning4,libero_object__task_2,libero_object,10,6,0.6,209.2,,0,209.2,0.0,55.89,251.456,10
smolvla_libero,depth_pruning4,libero_object__task_3,libero_object,10,3,0.3,246.7,,0,246.7,0.0,59.531,228.86,10
smolvla_libero,depth_pruning4,libero_object__task_4,libero_object,10,0,0.0,280.0,,0,280.0,0.0,74.804,251.606,10
smolvla_libero,depth_pruning4,libero_object__task_5,libero_object,10,0,0.0,280.0,,0,280.0,0.0,71.448,228.918,10
smolvla_libero,depth_pruning4,libero_object__task_6,libero_object,10,1,0.1,269.5,,0,269.5,0.0,64.843,227.663,10
smolvla_libero,depth_pruning4,libero_object__task_7,libero_object,10,0,0.0,280.0,,0,280.0,0.0,67.656,227.912,10
smolvla_libero,depth_pruning4,libero_object__task_8,libero_object,10,2,0.2,261.0,,0,261.0,0.0,62.981,227.961,10
smolvla_libero,depth_pruning4,libero_object__task_9,libero_object,10,1,0.1,274.1,,0,274.1,0.0,66.353,228.886,10
smolvla_libero,depth_pruning4,libero_spatial__task_0,libero_spatial,10,7,0.7,117.6,,0,117.6,0.0,34.31,272.033,10
smolvla_libero,depth_pruning4,libero_spatial__task_1,libero_spatial,10,4,0.4,177.2,,0,177.2,0.0,51.573,271.831,10
smolvla_libero,depth_pruning4,libero_spatial__task_2,libero_spatial,10,7,0.7,165.8,,0,165.8,0.0,48.874,274.669,10
smolvla_libero,depth_pruning4,libero_spatial__task_3,libero_spatial,10,3,0.3,180.4,,0,180.4,0.0,53.115,273.871,10
smolvla_libero,depth_pruning4,libero_spatial__task_4,libero_spatial,10,0,0.0,220.0,,0,220.0,0.0,65.483,275.251,10
smolvla_libero,depth_pruning4,libero_spatial__task_5,libero_spatial,10,1,0.1,208.0,,0,208.0,0.0,61.236,273.347,10
smolvla_libero,depth_pruning4,libero_spatial__task_6,libero_spatial,10,1,0.1,209.3,,0,209.3,0.0,61.711,273.223,10
smolvla_libero,depth_pruning4,libero_spatial__task_7,libero_spatial,10,5,0.5,179.1,,0,179.1,0.0,52.954,274.581,10
smolvla_libero,depth_pruning4,libero_spatial__task_8,libero_spatial,10,1,0.1,208.1,,0,208.1,0.0,61.663,277.186,10
smolvla_libero,depth_pruning4,libero_spatial__task_9,libero_spatial,10,0,0.0,220.0,,0,220.0,0.0,65.127,274.509,10
smolvla_libero,fixed_foveation_keep20,libero_10__task_0,libero_10,10,0,0.0,520.0,,0,520.0,0.0,159.493,276.783,10
smolvla_libero,fixed_foveation_keep20,libero_10__task_1,libero_10,10,2,0.2,495.2,,0,495.2,0.0,151.845,278.363,10
smolvla_libero,fixed_foveation_keep20,libero_10__task_2,libero_10,10,0,0.0,520.0,,0,520.0,0.0,157.369,276.4,10
smolvla_libero,fixed_foveation_keep20,libero_10__task_3,libero_10,10,6,0.6,372.2,,0,372.2,0.0,113.745,276.159,10
smolvla_libero,fixed_foveation_keep20,libero_10__task_4,libero_10,10,0,0.0,520.0,,0,520.0,0.0,159.836,277.491,10
smolvla_libero,fixed_foveation_keep20,libero_10__task_5,libero_10,10,2,0.2,471.5,,0,471.5,0.0,143.581,277.727,10
smolvla_libero,fixed_foveation_keep20,libero_10__task_6,libero_10,10,6,0.6,388.0,,0,388.0,0.0,119.418,280.824,10
smolvla_libero,fixed_foveation_keep20,libero_10__task_7,libero_10,10,0,0.0,520.0,,0,520.0,0.0,158.634,276.788,10
smolvla_libero,fixed_foveation_keep20,libero_10__task_8,libero_10,10,0,0.0,520.0,,0,520.0,0.0,158.311,276.629,10
smolvla_libero,fixed_foveation_keep20,libero_10__task_9,libero_10,10,3,0.3,488.0,,0,488.0,0.0,149.135,278.637,10
smolvla_libero,fixed_foveation_keep20,libero_goal__task_0,libero_goal,10,4,0.4,233.1,,0,233.1,0.0,71.839,278.978,10
smolvla_libero,fixed_foveation_keep20,libero_goal__task_1,libero_goal,10,7,0.7,163.3,,0,163.3,0.0,50.448,279.69,10
smolvla_libero,fixed_foveation_keep20,libero_goal__task_2,libero_goal,10,10,1.0,93.5,,0,93.5,0.0,28.778,278.039,10
smolvla_libero,fixed_foveation_keep20,libero_goal__task_3,libero_goal,10,1,0.1,288.8,,0,288.8,0.0,88.575,278.1,10
smolvla_libero,fixed_foveation_keep20,libero_goal__task_4,libero_goal,10,8,0.8,139.0,,0,139.0,0.0,42.749,278.209,10
smolvla_libero,fixed_foveation_keep20,libero_goal__task_5,libero_goal,10,4,0.4,235.8,,0,235.8,0.0,72.472,278.167,10
smolvla_libero,fixed_foveation_keep20,libero_goal__task_6,libero_goal,10,3,0.3,238.2,,0,238.2,0.0,73.305,278.731,10
smolvla_libero,fixed_foveation_keep20,libero_goal__task_7,libero_goal,10,10,1.0,82.6,,0,82.6,0.0,25.251,277.532,10
smolvla_libero,fixed_foveation_keep20,libero_goal__task_8,libero_goal,10,9,0.9,123.4,,0,123.4,0.0,37.891,277.7,10
smolvla_libero,fixed_foveation_keep20,libero_goal__task_9,libero_goal,10,2,0.2,269.5,,0,269.5,0.0,83.857,279.568,10
smolvla_libero,fixed_foveation_keep20,libero_object__task_0,libero_object,10,2,0.2,262.1,,0,262.1,0.0,80.929,279.233,10
smolvla_libero,fixed_foveation_keep20,libero_object__task_1,libero_object,10,8,0.8,178.5,,0,178.5,0.0,54.935,278.9,10
smolvla_libero,fixed_foveation_keep20,libero_object__task_2,libero_object,10,8,0.8,161.1,,0,161.1,0.0,49.381,278.537,10
smolvla_libero,fixed_foveation_keep20,libero_object__task_3,libero_object,10,8,0.8,167.0,,0,167.0,0.0,51.262,279.382,10
smolvla_libero,fixed_foveation_keep20,libero_object__task_4,libero_object,10,6,0.6,225.8,,0,225.8,0.0,69.24,279.112,10
smolvla_libero,fixed_foveation_keep20,libero_object__task_5,libero_object,10,7,0.7,194.1,,0,194.1,0.0,59.601,278.997,10
smolvla_libero,fixed_foveation_keep20,libero_object__task_6,libero_object,10,9,0.9,184.7,,0,184.7,0.0,57.02,279.448,10
smolvla_libero,fixed_foveation_keep20,libero_object__task_7,libero_object,10,9,0.9,156.8,,0,156.8,0.0,47.855,278.006,10
smolvla_libero,fixed_foveation_keep20,libero_object__task_8,libero_object,10,8,0.8,202.4,,0,202.4,0.0,61.965,278.546,10
smolvla_libero,fixed_foveation_keep20,libero_object__task_9,libero_object,10,9,0.9,160.3,,0,160.3,0.0,49.054,278.819,10
smolvla_libero,fixed_foveation_keep20,libero_spatial__task_0,libero_spatial,10,8,0.8,107.2,,0,107.2,0.0,32.88,272.897,10
smolvla_libero,fixed_foveation_keep20,libero_spatial__task_1,libero_spatial,10,7,0.7,149.7,,0,149.7,0.0,45.948,273.689,10
smolvla_libero,fixed_foveation_keep20,libero_spatial__task_2,libero_spatial,10,8,0.8,129.9,,0,129.9,0.0,39.821,272.95,10
smolvla_libero,fixed_foveation_keep20,libero_spatial__task_3,libero_spatial,10,9,0.9,100.9,,0,100.9,0.0,30.936,273.331,10
smolvla_libero,fixed_foveation_keep20,libero_spatial__task_4,libero_spatial,10,3,0.3,194.8,,0,194.8,0.0,60.036,273.449,10
smolvla_libero,fixed_foveation_keep20,libero_spatial__task_5,libero_spatial,10,6,0.6,152.9,,0,152.9,0.0,47.059,273.705,10
smolvla_libero,fixed_foveation_keep20,libero_spatial__task_6,libero_spatial,10,9,0.9,125.3,,0,125.3,0.0,38.868,273.933,10
smolvla_libero,fixed_foveation_keep20,libero_spatial__task_7,libero_spatial,10,1,0.1,214.7,,0,214.7,0.0,66.111,272.476,10
smolvla_libero,fixed_foveation_keep20,libero_spatial__task_8,libero_spatial,10,6,0.6,143.9,,0,143.9,0.0,44.362,274.698,10
smolvla_libero,fixed_foveation_keep20,libero_spatial__task_9,libero_spatial,10,6,0.6,173.8,,0,173.8,0.0,53.659,273.218,10
smolvla_libero,fixed_foveation_keep50,libero_10__task_0,libero_10,10,1,0.1,518.7,,0,518.7,0.0,160.345,278.348,10
smolvla_libero,fixed_foveation_keep50,libero_10__task_1,libero_10,10,2,0.2,472.3,,0,472.3,0.0,144.946,277.478,10
smolvla_libero,fixed_foveation_keep50,libero_10__task_2,libero_10,10,0,0.0,520.0,,0,520.0,0.0,158.519,277.454,10
smolvla_libero,fixed_foveation_keep50,libero_10__task_3,libero_10,10,6,0.6,358.7,,0,358.7,0.0,109.886,278.081,10
smolvla_libero,fixed_foveation_keep50,libero_10__task_4,libero_10,10,0,0.0,520.0,,0,520.0,0.0,160.49,277.943,10
smolvla_libero,fixed_foveation_keep50,libero_10__task_5,libero_10,10,2,0.2,485.9,,0,485.9,0.0,149.031,278.873,10
smolvla_libero,fixed_foveation_keep50,libero_10__task_6,libero_10,10,6,0.6,416.1,,0,416.1,0.0,127.61,278.518,10
smolvla_libero,fixed_foveation_keep50,libero_10__task_7,libero_10,10,0,0.0,520.0,,0,520.0,0.0,158.733,277.501,10
smolvla_libero,fixed_foveation_keep50,libero_10__task_8,libero_10,10,1,0.1,513.7,,0,513.7,0.0,156.625,277.27,10
smolvla_libero,fixed_foveation_keep50,libero_10__task_9,libero_10,10,3,0.3,453.0,,0,453.0,0.0,138.302,276.776,10
smolvla_libero,fixed_foveation_keep50,libero_goal__task_0,libero_goal,10,4,0.4,248.2,,0,248.2,0.0,75.487,273.701,10
smolvla_libero,fixed_foveation_keep50,libero_goal__task_1,libero_goal,10,9,0.9,110.5,,0,110.5,0.0,33.513,272.962,10
smolvla_libero,fixed_foveation_keep50,libero_goal__task_2,libero_goal,10,8,0.8,133.0,,0,133.0,0.0,40.535,273.893,10
smolvla_libero,fixed_foveation_keep50,libero_goal__task_3,libero_goal,10,1,0.1,289.8,,0,289.8,0.0,88.54,275.262,10
smolvla_libero,fixed_foveation_keep50,libero_goal__task_4,libero_goal,10,8,0.8,130.2,,0,130.2,0.0,39.64,273.648,10
smolvla_libero,fixed_foveation_keep50,libero_goal__task_5,libero_goal,10,9,0.9,144.7,,0,144.7,0.0,44.007,274.032,10
smolvla_libero,fixed_foveation_keep50,libero_goal__task_6,libero_goal,10,4,0.4,220.6,,0,220.6,0.0,66.984,273.623,10
smolvla_libero,fixed_foveation_keep50,libero_goal__task_7,libero_goal,10,10,1.0,72.7,,0,72.7,0.0,21.949,272.799,10
smolvla_libero,fixed_foveation_keep50,libero_goal__task_8,libero_goal,10,9,0.9,113.8,,0,113.8,0.0,34.498,272.457,10
smolvla_libero,fixed_foveation_keep50,libero_goal__task_9,libero_goal,10,5,0.5,221.6,,0,221.6,0.0,67.281,273.446,10
smolvla_libero,fixed_foveation_keep50,libero_object__task_0,libero_object,10,4,0.4,244.8,,0,244.8,0.0,75.779,278.793,10
smolvla_libero,fixed_foveation_keep50,libero_object__task_1,libero_object,10,7,0.7,190.2,,0,190.2,0.0,58.825,279.849,10
smolvla_libero,fixed_foveation_keep50,libero_object__task_2,libero_object,10,10,1.0,131.0,,0,131.0,0.0,40.715,280.45,10
smolvla_libero,fixed_foveation_keep50,libero_object__task_3,libero_object,10,9,0.9,147.6,,0,147.6,0.0,45.55,279.216,10
smolvla_libero,fixed_foveation_keep50,libero_object__task_4,libero_object,10,10,1.0,153.5,,0,153.5,0.0,47.545,279.53,10
smolvla_libero,fixed_foveation_keep50,libero_object__task_5,libero_object,10,8,0.8,168.4,,0,168.4,0.0,52.001,278.973,10
smolvla_libero,fixed_foveation_keep50,libero_object__task_6,libero_object,10,8,0.8,196.6,,0,196.6,0.0,61.076,280.146,10
smolvla_libero,fixed_foveation_keep50,libero_object__task_7,libero_object,10,8,0.8,170.3,,0,170.3,0.0,52.447,278.988,10
smolvla_libero,fixed_foveation_keep50,libero_object__task_8,libero_object,10,8,0.8,200.2,,0,200.2,0.0,61.613,278.647,10
smolvla_libero,fixed_foveation_keep50,libero_object__task_9,libero_object,10,9,0.9,161.3,,0,161.3,0.0,49.663,279.48,10
smolvla_libero,fixed_foveation_keep50,libero_spatial__task_0,libero_spatial,10,7,0.7,121.5,,0,121.5,0.0,37.8,277.946,10
smolvla_libero,fixed_foveation_keep50,libero_spatial__task_1,libero_spatial,10,9,0.9,124.5,,0,124.5,0.0,38.916,278.736,10
smolvla_libero,fixed_foveation_keep50,libero_spatial__task_2,libero_spatial,10,8,0.8,126.0,,0,126.0,0.0,39.238,278.264,10
smolvla_libero,fixed_foveation_keep50,libero_spatial__task_3,libero_spatial,10,7,0.7,125.3,,0,125.3,0.0,39.107,278.571,10
smolvla_libero,fixed_foveation_keep50,libero_spatial__task_4,libero_spatial,10,9,0.9,146.6,,0,146.6,0.0,45.82,277.865,10
smolvla_libero,fixed_foveation_keep50,libero_spatial__task_5,libero_spatial,10,9,0.9,113.2,,0,113.2,0.0,35.809,280.074,10
smolvla_libero,fixed_foveation_keep50,libero_spatial__task_6,libero_spatial,10,8,0.8,132.0,,0,132.0,0.0,41.468,278.573,10
smolvla_libero,fixed_foveation_keep50,libero_spatial__task_7,libero_spatial,10,6,0.6,172.8,,0,172.8,0.0,54.979,279.632,10
smolvla_libero,fixed_foveation_keep50,libero_spatial__task_8,libero_spatial,10,7,0.7,132.4,,0,132.4,0.0,41.333,278.32,10
smolvla_libero,fixed_foveation_keep50,libero_spatial__task_9,libero_spatial,10,6,0.6,164.9,,0,164.9,0.0,52.087,278.92,10
smolvla_libero,guarded_reuse_aggressive,libero_10__task_0,libero_10,10,1,0.1,501.3,,0,490.8,10.5,136.155,262.102,10
smolvla_libero,guarded_reuse_aggressive,libero_10__task_1,libero_10,10,7,0.7,377.7,,0,373.3,4.4,101.908,258.016,10
smolvla_libero,guarded_reuse_aggressive,libero_10__task_2,libero_10,10,4,0.4,415.8,,0,411.3,4.5,123.867,285.25,10
smolvla_libero,guarded_reuse_aggressive,libero_10__task_3,libero_10,10,8,0.8,323.3,,0,313.5,9.8,150.458,458.903,10
smolvla_libero,guarded_reuse_aggressive,libero_10__task_4,libero_10,10,0,0.0,520.0,,0,505.8,14.2,140.955,263.135,10
smolvla_libero,guarded_reuse_aggressive,libero_10__task_5,libero_10,10,9,0.9,307.1,,0,294.3,12.8,80.214,261.789,10
smolvla_libero,guarded_reuse_aggressive,libero_10__task_6,libero_10,10,8,0.8,330.3,,0,327.2,3.1,96.387,280.17,10
smolvla_libero,guarded_reuse_aggressive,libero_10__task_7,libero_10,10,3,0.3,471.2,,0,454.2,17.0,125.742,262.777,10
smolvla_libero,guarded_reuse_aggressive,libero_10__task_8,libero_10,10,3,0.3,498.1,,0,487.0,11.1,132.99,259.421,10
smolvla_libero,guarded_reuse_aggressive,libero_10__task_9,libero_10,10,4,0.4,448.6,,0,421.3,27.3,114.416,257.54,10
smolvla_libero,guarded_reuse_aggressive,libero_goal__task_0,libero_goal,10,8,0.8,165.0,,0,158.9,6.1,43.838,260.734,10
smolvla_libero,guarded_reuse_aggressive,libero_goal__task_1,libero_goal,10,8,0.8,131.7,,0,130.5,1.2,25.019,179.125,10
smolvla_libero,guarded_reuse_aggressive,libero_goal__task_2,libero_goal,10,8,0.8,142.8,,0,137.0,5.8,37.998,261.571,10
smolvla_libero,guarded_reuse_aggressive,libero_goal__task_3,libero_goal,10,4,0.4,260.5,,0,256.0,4.5,71.236,263.004,10
smolvla_libero,guarded_reuse_aggressive,libero_goal__task_4,libero_goal,10,9,0.9,111.1,,0,104.0,7.1,31.411,284.153,10
smolvla_libero,guarded_reuse_aggressive,libero_goal__task_5,libero_goal,10,9,0.9,148.2,,0,142.8,5.4,39.177,257.87,10
smolvla_libero,guarded_reuse_aggressive,libero_goal__task_6,libero_goal,10,6,0.6,178.2,,0,170.3,7.9,51.066,282.646,10
smolvla_libero,guarded_reuse_aggressive,libero_goal__task_7,libero_goal,10,10,1.0,70.8,,0,67.1,3.7,18.38,259.379,10
smolvla_libero,guarded_reuse_aggressive,libero_goal__task_8,libero_goal,10,9,0.9,101.7,,0,100.9,0.8,27.658,259.402,10
smolvla_libero,guarded_reuse_aggressive,libero_goal__task_9,libero_goal,10,6,0.6,207.8,,0,207.3,0.5,41.91,188.072,10
smolvla_libero,guarded_reuse_aggressive,libero_object__task_0,libero_object,10,8,0.8,178.7,,0,175.6,3.1,48.735,261.18,10
smolvla_libero,guarded_reuse_aggressive,libero_object__task_1,libero_object,10,10,1.0,157.9,,0,156.5,1.4,43.241,263.063,10
smolvla_libero,guarded_reuse_aggressive,libero_object__task_2,libero_object,10,10,1.0,130.1,,0,129.5,0.6,36.181,265.374,10
smolvla_libero,guarded_reuse_aggressive,libero_object__task_3,libero_object,10,10,1.0,138.8,,0,136.9,1.9,37.054,257.574,10
smolvla_libero,guarded_reuse_aggressive,libero_object__task_4,libero_object,10,8,0.8,178.2,,0,176.9,1.3,48.149,258.752,10
smolvla_libero,guarded_reuse_aggressive,libero_object__task_5,libero_object,10,7,0.7,183.2,,0,174.9,8.3,48.694,263.072,10
smolvla_libero,guarded_reuse_aggressive,libero_object__task_6,libero_object,10,9,0.9,190.7,,0,188.4,2.3,52.512,264.482,10
smolvla_libero,guarded_reuse_aggressive,libero_object__task_7,libero_object,10,9,0.9,155.7,,0,154.8,0.9,42.24,259.71,10
smolvla_libero,guarded_reuse_aggressive,libero_object__task_8,libero_object,10,10,1.0,168.1,,0,167.6,0.5,46.099,261.733,10
smolvla_libero,guarded_reuse_aggressive,libero_object__task_9,libero_object,10,10,1.0,142.7,,0,140.0,2.7,38.139,258.837,10
smolvla_libero,guarded_reuse_aggressive,libero_spatial__task_0,libero_spatial,10,9,0.9,90.2,,0,89.8,0.4,24.881,258.255,10
smolvla_libero,guarded_reuse_aggressive,libero_spatial__task_1,libero_spatial,10,8,0.8,126.9,,0,125.0,1.9,35.277,264.27,10
smolvla_libero,guarded_reuse_aggressive,libero_spatial__task_2,libero_spatial,10,8,0.8,127.0,,0,125.5,1.5,38.07,282.326,10
smolvla_libero,guarded_reuse_aggressive,libero_spatial__task_3,libero_spatial,10,8,0.8,114.4,,0,113.7,0.7,31.951,262.055,10
smolvla_libero,guarded_reuse_aggressive,libero_spatial__task_4,libero_spatial,10,8,0.8,150.1,,0,145.0,5.1,73.019,470.366,10
smolvla_libero,guarded_reuse_aggressive,libero_spatial__task_5,libero_spatial,10,9,0.9,111.0,,0,109.5,1.5,31.016,262.773,10
smolvla_libero,guarded_reuse_aggressive,libero_spatial__task_6,libero_spatial,10,8,0.8,131.9,,0,130.8,1.1,27.286,188.867,10
smolvla_libero,guarded_reuse_aggressive,libero_spatial__task_7,libero_spatial,10,9,0.9,143.4,,0,141.5,1.9,39.995,261.763,10
smolvla_libero,guarded_reuse_aggressive,libero_spatial__task_8,libero_spatial,10,7,0.7,129.2,,0,128.5,0.7,35.711,259.734,10
smolvla_libero,guarded_reuse_aggressive,libero_spatial__task_9,libero_spatial,10,4,0.4,182.3,,0,178.9,3.4,51.325,265.386,10
smolvla_libero,guarded_reuse_moderate,libero_10__task_0,libero_10,10,3,0.3,485.2,,0,483.7,1.5,132.015,257.69,10
smolvla_libero,guarded_reuse_moderate,libero_10__task_1,libero_10,10,6,0.6,402.3,,0,401.3,1.0,110.323,259.978,10
smolvla_libero,guarded_reuse_moderate,libero_10__task_2,libero_10,10,2,0.2,465.6,,0,464.6,1.0,125.997,259.027,10
smolvla_libero,guarded_reuse_moderate,libero_10__task_3,libero_10,10,7,0.7,333.6,,0,330.5,3.1,89.728,256.965,10
smolvla_libero,guarded_reuse_moderate,libero_10__task_4,libero_10,10,0,0.0,520.0,,0,517.7,2.3,143.79,263.461,10
smolvla_libero,guarded_reuse_moderate,libero_10__task_5,libero_10,10,8,0.8,311.9,,0,308.9,3.0,85.037,263.723,10
smolvla_libero,guarded_reuse_moderate,libero_10__task_6,libero_10,10,3,0.3,437.2,,0,436.7,0.5,120.518,262.538,10
smolvla_libero,guarded_reuse_moderate,libero_10__task_7,libero_10,10,2,0.2,481.2,,0,478.3,2.9,131.998,262.997,10
smolvla_libero,guarded_reuse_moderate,libero_10__task_8,libero_10,10,2,0.2,507.2,,0,505.1,2.1,100.836,188.199,10
smolvla_libero,guarded_reuse_moderate,libero_10__task_9,libero_10,10,4,0.4,434.2,,0,429.3,4.9,127.278,281.61,10
smolvla_libero,guarded_reuse_moderate,libero_goal__task_0,libero_goal,10,8,0.8,166.0,,0,165.2,0.8,45.113,258.689,10
smolvla_libero,guarded_reuse_moderate,libero_goal__task_1,libero_goal,10,8,0.8,132.4,,0,132.3,0.1,36.132,258.853,10
smolvla_libero,guarded_reuse_moderate,libero_goal__task_2,libero_goal,10,8,0.8,141.6,,0,140.7,0.9,38.99,261.786,10
smolvla_libero,guarded_reuse_moderate,libero_goal__task_3,libero_goal,10,3,0.3,271.8,,0,269.0,2.8,74.218,261.821,10
smolvla_libero,guarded_reuse_moderate,libero_goal__task_4,libero_goal,10,10,1.0,91.4,,0,91.4,0.0,25.002,258.569,10
smolvla_libero,guarded_reuse_moderate,libero_goal__task_5,libero_goal,10,9,0.9,146.9,,0,145.8,1.1,40.95,264.712,10
smolvla_libero,guarded_reuse_moderate,libero_goal__task_6,libero_goal,10,6,0.6,177.7,,0,177.0,0.7,52.665,281.341,10
smolvla_libero,guarded_reuse_moderate,libero_goal__task_7,libero_goal,10,10,1.0,71.7,,0,71.0,0.7,19.293,257.544,10
smolvla_libero,guarded_reuse_moderate,libero_goal__task_8,libero_goal,10,7,0.7,145.9,,0,145.5,0.4,39.074,254.025,10
smolvla_libero,guarded_reuse_moderate,libero_goal__task_9,libero_goal,10,6,0.6,208.2,,0,208.1,0.1,57.296,260.672,10
smolvla_libero,guarded_reuse_moderate,libero_object__task_0,libero_object,10,7,0.7,190.3,,0,189.7,0.6,53.054,264.665,10
smolvla_libero,guarded_reuse_moderate,libero_object__task_1,libero_object,10,9,0.9,166.8,,0,166.6,0.2,45.971,262.058,10
smolvla_libero,guarded_reuse_moderate,libero_object__task_2,libero_object,10,10,1.0,129.9,,0,129.7,0.2,35.828,262.789,10
smolvla_libero,guarded_reuse_moderate,libero_object__task_3,libero_object,10,10,1.0,141.0,,0,140.8,0.2,27.318,179.814,10
smolvla_libero,guarded_reuse_moderate,libero_object__task_4,libero_object,10,8,0.8,177.5,,0,177.5,0.0,48.962,262.948,10
smolvla_libero,guarded_reuse_moderate,libero_object__task_5,libero_object,10,7,0.7,184.1,,0,182.6,1.5,50.201,261.067,10
smolvla_libero,guarded_reuse_moderate,libero_object__task_6,libero_object,10,9,0.9,186.5,,0,186.1,0.4,51.167,261.517,10
smolvla_libero,guarded_reuse_moderate,libero_object__task_7,libero_object,10,9,0.9,161.2,,0,161.1,0.1,44.306,261.507,10
smolvla_libero,guarded_reuse_moderate,libero_object__task_8,libero_object,10,10,1.0,169.2,,0,169.2,0.0,47.445,267.839,10
smolvla_libero,guarded_reuse_moderate,libero_object__task_9,libero_object,10,10,1.0,136.2,,0,136.1,0.1,37.285,260.026,10
smolvla_libero,guarded_reuse_moderate,libero_spatial__task_0,libero_spatial,10,8,0.8,105.3,,0,105.3,0.0,29.228,258.893,10
smolvla_libero,guarded_reuse_moderate,libero_spatial__task_1,libero_spatial,10,10,1.0,102.4,,0,102.4,0.0,52.606,484.396,10
smolvla_libero,guarded_reuse_moderate,libero_spatial__task_2,libero_spatial,10,7,0.7,138.9,,0,138.7,0.2,38.343,257.493,10
smolvla_libero,guarded_reuse_moderate,libero_spatial__task_3,libero_spatial,10,7,0.7,127.3,,0,127.1,0.2,35.739,262.08,10
smolvla_libero,guarded_reuse_moderate,libero_spatial__task_4,libero_spatial,10,8,0.8,148.0,,0,146.6,1.4,41.535,263.526,10
smolvla_libero,guarded_reuse_moderate,libero_spatial__task_5,libero_spatial,10,9,0.9,108.9,,0,108.7,0.2,30.823,263.568,10
smolvla_libero,guarded_reuse_moderate,libero_spatial__task_6,libero_spatial,10,9,0.9,121.6,,0,121.5,0.1,36.66,279.968,10
smolvla_libero,guarded_reuse_moderate,libero_spatial__task_7,libero_spatial,10,9,0.9,145.1,,0,144.9,0.2,41.214,264.621,10
smolvla_libero,guarded_reuse_moderate,libero_spatial__task_8,libero_spatial,10,8,0.8,116.6,,0,116.5,0.1,32.692,262.853,10
smolvla_libero,guarded_reuse_moderate,libero_spatial__task_9,libero_spatial,10,4,0.4,181.8,,0,181.0,0.8,51.082,261.358,10
smolvla_libero,guarded_reuse_strict,libero_10__task_0,libero_10,10,1,0.1,510.9,,0,510.5,0.4,138.737,256.741,10
smolvla_libero,guarded_reuse_strict,libero_10__task_1,libero_10,10,7,0.7,363.2,,0,362.4,0.8,108.098,282.306,10
smolvla_libero,guarded_reuse_strict,libero_10__task_2,libero_10,10,4,0.4,414.2,,0,414.2,0.0,111.818,258.23,10
smolvla_libero,guarded_reuse_strict,libero_10__task_3,libero_10,10,7,0.7,320.9,,0,319.4,1.5,87.756,262.048,10
smolvla_libero,guarded_reuse_strict,libero_10__task_4,libero_10,10,0,0.0,520.0,,0,519.2,0.8,142.261,258.424,10
smolvla_libero,guarded_reuse_strict,libero_10__task_5,libero_10,10,9,0.9,286.5,,0,286.2,0.3,112.518,370.658,10
smolvla_libero,guarded_reuse_strict,libero_10__task_6,libero_10,10,3,0.3,437.2,,0,437.2,0.0,119.736,261.284,10
smolvla_libero,guarded_reuse_strict,libero_10__task_7,libero_10,10,2,0.2,474.1,,0,473.6,0.5,129.848,260.747,10
smolvla_libero,guarded_reuse_strict,libero_10__task_8,libero_10,10,4,0.4,480.4,,0,480.0,0.4,143.063,283.965,10
smolvla_libero,guarded_reuse_strict,libero_10__task_9,libero_10,10,3,0.3,457.1,,0,454.8,2.3,124.643,260.352,10
smolvla_libero,guarded_reuse_strict,libero_goal__task_0,libero_goal,10,8,0.8,166.9,,0,166.6,0.3,46.068,261.407,10
smolvla_libero,guarded_reuse_strict,libero_goal__task_1,libero_goal,10,8,0.8,133.3,,0,133.3,0.0,39.812,283.016,10
smolvla_libero,guarded_reuse_strict,libero_goal__task_2,libero_goal,10,8,0.8,141.1,,0,141.1,0.0,39.267,262.199,10
smolvla_libero,guarded_reuse_strict,libero_goal__task_3,libero_goal,10,4,0.4,258.2,,0,257.1,1.1,70.287,259.634,10
smolvla_libero,guarded_reuse_strict,libero_goal__task_4,libero_goal,10,9,0.9,111.3,,0,111.1,0.2,33.827,288.617,10
smolvla_libero,guarded_reuse_strict,libero_goal__task_5,libero_goal,10,9,0.9,146.7,,0,146.4,0.3,40.141,258.293,10
smolvla_libero,guarded_reuse_strict,libero_goal__task_6,libero_goal,10,5,0.5,197.6,,0,197.3,0.3,54.43,261.147,10
smolvla_libero,guarded_reuse_strict,libero_goal__task_7,libero_goal,10,10,1.0,71.8,,0,71.7,0.1,19.702,258.608,10
smolvla_libero,guarded_reuse_strict,libero_goal__task_8,libero_goal,10,9,0.9,101.6,,0,101.6,0.0,28.365,264.706,10
smolvla_libero,guarded_reuse_strict,libero_goal__task_9,libero_goal,10,6,0.6,207.9,,0,207.9,0.0,56.948,259.348,10
smolvla_libero,guarded_reuse_strict,libero_object__task_0,libero_object,10,7,0.7,190.3,,0,190.0,0.3,52.653,261.47,10
smolvla_libero,guarded_reuse_strict,libero_object__task_1,libero_object,10,9,0.9,173.2,,0,173.1,0.1,36.513,182.637,10
smolvla_libero,guarded_reuse_strict,libero_object__task_2,libero_object,10,10,1.0,129.6,,0,129.6,0.0,36.017,265.158,10
smolvla_libero,guarded_reuse_strict,libero_object__task_3,libero_object,10,10,1.0,146.7,,0,146.6,0.1,39.977,259.162,10
smolvla_libero,guarded_reuse_strict,libero_object__task_4,libero_object,10,8,0.8,177.5,,0,177.5,0.0,48.479,260.144,10
smolvla_libero,guarded_reuse_strict,libero_object__task_5,libero_object,10,7,0.7,185.0,,0,184.5,0.5,80.821,455.77,10
smolvla_libero,guarded_reuse_strict,libero_object__task_6,libero_object,10,9,0.9,180.6,,0,180.3,0.3,36.191,188.954,10
smolvla_libero,guarded_reuse_strict,libero_object__task_7,libero_object,10,10,1.0,150.2,,0,150.2,0.0,40.802,257.734,10
smolvla_libero,guarded_reuse_strict,libero_object__task_8,libero_object,10,10,1.0,171.5,,0,171.5,0.0,51.056,282.701,10
smolvla_libero,guarded_reuse_strict,libero_object__task_9,libero_object,10,10,1.0,136.0,,0,136.0,0.0,36.816,257.504,10
smolvla_libero,guarded_reuse_strict,libero_spatial__task_0,libero_spatial,10,8,0.8,105.3,,0,105.3,0.0,29.627,263.243,10
smolvla_libero,guarded_reuse_strict,libero_spatial__task_1,libero_spatial,10,10,1.0,102.4,,0,102.4,0.0,52.246,477.349,10
smolvla_libero,guarded_reuse_strict,libero_spatial__task_2,libero_spatial,10,8,0.8,127.1,,0,127.1,0.0,38.864,282.945,10
smolvla_libero,guarded_reuse_strict,libero_spatial__task_3,libero_spatial,10,7,0.7,127.1,,0,127.1,0.0,35.557,261.301,10
smolvla_libero,guarded_reuse_strict,libero_spatial__task_4,libero_spatial,10,8,0.8,147.8,,0,147.6,0.2,42.049,265.244,10
smolvla_libero,guarded_reuse_strict,libero_spatial__task_5,libero_spatial,10,9,0.9,109.0,,0,109.0,0.0,31.094,265.888,10
smolvla_libero,guarded_reuse_strict,libero_spatial__task_6,libero_spatial,10,9,0.9,121.1,,0,121.1,0.0,34.223,261.581,10
smolvla_libero,guarded_reuse_strict,libero_spatial__task_7,libero_spatial,10,9,0.9,142.2,,0,142.2,0.0,39.656,257.427,10
smolvla_libero,guarded_reuse_strict,libero_spatial__task_8,libero_spatial,10,7,0.7,128.0,,0,128.0,0.0,35.426,259.158,10
smolvla_libero,guarded_reuse_strict,libero_spatial__task_9,libero_spatial,10,4,0.4,182.0,,0,181.9,0.1,52.339,267.179,10
smolvla_libero,original,libero_10__task_0,libero_10,10,0,0.0,520.0,,0,520.0,0.0,151.19,274.081,10
smolvla_libero,original,libero_10__task_1,libero_10,10,6,0.6,388.4,,0,388.4,0.0,112.867,274.693,10
smolvla_libero,original,libero_10__task_2,libero_10,10,6,0.6,361.4,,0,361.4,0.0,103.996,274.792,10
smolvla_libero,original,libero_10__task_3,libero_10,10,9,0.9,311.8,,0,311.8,0.0,90.074,274.728,10
smolvla_libero,original,libero_10__task_4,libero_10,10,0,0.0,520.0,,0,520.0,0.0,152.233,274.828,10
smolvla_libero,original,libero_10__task_5,libero_10,10,5,0.5,445.6,,0,445.6,0.0,128.691,274.532,10
smolvla_libero,original,libero_10__task_6,libero_10,10,6,0.6,362.6,,0,362.6,0.0,104.972,275.421,10
smolvla_libero,original,libero_10__task_7,libero_10,10,2,0.2,479.1,,0,479.1,0.0,138.243,274.403,10
smolvla_libero,original,libero_10__task_8,libero_10,10,2,0.2,506.3,,0,506.3,0.0,145.736,274.065,10
smolvla_libero,original,libero_10__task_9,libero_10,10,6,0.6,388.3,,0,388.3,0.0,111.972,273.916,10
smolvla_libero,original,libero_goal__task_0,libero_goal,10,7,0.7,185.9,,0,185.9,0.0,54.745,278.002,10
smolvla_libero,original,libero_goal__task_1,libero_goal,10,10,1.0,90.8,,0,90.8,0.0,26.828,279.405,10
smolvla_libero,original,libero_goal__task_2,libero_goal,10,7,0.7,158.0,,0,158.0,0.0,46.53,276.894,10
smolvla_libero,original,libero_goal__task_3,libero_goal,10,5,0.5,247.4,,0,247.4,0.0,72.783,277.683,10
smolvla_libero,original,libero_goal__task_4,libero_goal,10,8,0.8,130.2,,0,130.2,0.0,38.678,278.83,10
smolvla_libero,original,libero_goal__task_5,libero_goal,10,10,1.0,129.1,,0,129.1,0.0,38.636,283.273,10
smolvla_libero,original,libero_goal__task_6,libero_goal,10,5,0.5,196.4,,0,196.4,0.0,58.29,282.393,10
smolvla_libero,original,libero_goal__task_7,libero_goal,10,10,1.0,72.2,,0,72.2,0.0,21.209,278.346,10
smolvla_libero,original,libero_goal__task_8,libero_goal,10,10,1.0,81.3,,0,81.3,0.0,24.102,278.826,10
smolvla_libero,original,libero_goal__task_9,libero_goal,10,8,0.8,185.3,,0,185.3,0.0,54.775,279.257,10
smolvla_libero,original,libero_object__task_0,libero_object,10,9,0.9,166.4,,0,166.4,0.0,49.018,278.161,10
smolvla_libero,original,libero_object__task_1,libero_object,10,9,0.9,172.9,,0,172.9,0.0,50.596,278.421,10
smolvla_libero,original,libero_object__task_2,libero_object,10,10,1.0,131.7,,0,131.7,0.0,38.57,277.858,10
smolvla_libero,original,libero_object__task_3,libero_object,10,10,1.0,144.1,,0,144.1,0.0,42.199,278.303,10
smolvla_libero,original,libero_object__task_4,libero_object,10,10,1.0,154.8,,0,154.8,0.0,45.323,278.228,10
smolvla_libero,original,libero_object__task_5,libero_object,10,8,0.8,185.3,,0,185.3,0.0,54.444,278.579,10
smolvla_libero,original,libero_object__task_6,libero_object,10,10,1.0,171.3,,0,171.3,0.0,50.168,278.879,10
smolvla_libero,original,libero_object__task_7,libero_object,10,10,1.0,158.6,,0,158.6,0.0,45.374,271.739,10
smolvla_libero,original,libero_object__task_8,libero_object,10,10,1.0,174.2,,0,174.2,0.0,49.706,271.351,10
smolvla_libero,original,libero_object__task_9,libero_object,10,8,0.8,163.2,,0,163.2,0.0,46.469,270.742,10
smolvla_libero,original,libero_spatial__task_0,libero_spatial,10,7,0.7,120.6,,0,120.6,0.0,35.345,273.279,10
smolvla_libero,original,libero_spatial__task_1,libero_spatial,10,10,1.0,101.9,,0,101.9,0.0,29.756,273.197,10
smolvla_libero,original,libero_spatial__task_2,libero_spatial,10,8,0.8,126.0,,0,126.0,0.0,36.63,270.962,10
smolvla_libero,original,libero_spatial__task_3,libero_spatial,10,7,0.7,126.3,,0,126.3,0.0,36.801,271.131,10
smolvla_libero,original,libero_spatial__task_4,libero_spatial,10,9,0.9,139.9,,0,139.9,0.0,40.916,271.031,10
smolvla_libero,original,libero_spatial__task_5,libero_spatial,10,8,0.8,120.6,,0,120.6,0.0,35.004,269.751,10
smolvla_libero,original,libero_spatial__task_6,libero_spatial,10,7,0.7,146.2,,0,146.2,0.0,42.738,270.92,10
smolvla_libero,original,libero_spatial__task_7,libero_spatial,10,6,0.6,166.4,,0,166.4,0.0,48.628,270.313,10
smolvla_libero,original,libero_spatial__task_8,libero_spatial,10,9,0.9,108.6,,0,108.6,0.0,31.817,274.022,10
smolvla_libero,original,libero_spatial__task_9,libero_spatial,10,5,0.5,172.7,,0,172.7,0.0,50.88,272.34,10
smolvla_libero,temporal_fusion_conservative_adaptive,libero_10__task_0,libero_10,10,2,0.2,479.8,,0,479.8,0.0,144.735,284.876,10
smolvla_libero,temporal_fusion_conservative_adaptive,libero_10__task_1,libero_10,10,8,0.8,336.3,,0,336.3,0.0,92.315,259.529,10
smolvla_libero,temporal_fusion_conservative_adaptive,libero_10__task_2,libero_10,10,3,0.3,438.2,,0,438.2,0.0,130.327,283.796,10
smolvla_libero,temporal_fusion_conservative_adaptive,libero_10__task_3,libero_10,10,8,0.8,296.7,,0,296.7,0.0,80.423,258.097,10
smolvla_libero,temporal_fusion_conservative_adaptive,libero_10__task_4,libero_10,10,0,0.0,520.0,,0,520.0,0.0,143.554,260.372,10
smolvla_libero,temporal_fusion_conservative_adaptive,libero_10__task_5,libero_10,10,8,0.8,314.1,,0,314.1,0.0,86.926,265.657,10
smolvla_libero,temporal_fusion_conservative_adaptive,libero_10__task_6,libero_10,10,6,0.6,351.6,,0,351.6,0.0,96.523,261.601,10
smolvla_libero,temporal_fusion_conservative_adaptive,libero_10__task_7,libero_10,10,2,0.2,476.8,,0,476.8,0.0,131.121,262.781,10
smolvla_libero,temporal_fusion_conservative_adaptive,libero_10__task_8,libero_10,10,4,0.4,482.4,,0,482.4,0.0,133.494,264.288,10
smolvla_libero,temporal_fusion_conservative_adaptive,libero_10__task_9,libero_10,10,3,0.3,453.4,,0,453.4,0.0,91.481,189.682,10
smolvla_libero,temporal_fusion_conservative_adaptive,libero_goal__task_0,libero_goal,10,8,0.8,168.0,,0,168.0,0.0,50.789,286.938,10
smolvla_libero,temporal_fusion_conservative_adaptive,libero_goal__task_1,libero_goal,10,8,0.8,132.0,,0,132.0,0.0,36.416,261.402,10
smolvla_libero,temporal_fusion_conservative_adaptive,libero_goal__task_2,libero_goal,10,8,0.8,140.0,,0,140.0,0.0,39.228,264.802,10
smolvla_libero,temporal_fusion_conservative_adaptive,libero_goal__task_3,libero_goal,10,4,0.4,251.3,,0,251.3,0.0,69.493,262.485,10
smolvla_libero,temporal_fusion_conservative_adaptive,libero_goal__task_4,libero_goal,10,9,0.9,112.1,,0,112.1,0.0,30.804,259.693,10
smolvla_libero,temporal_fusion_conservative_adaptive,libero_goal__task_5,libero_goal,10,9,0.9,147.9,,0,147.9,0.0,44.167,281.758,10
smolvla_libero,temporal_fusion_conservative_adaptive,libero_goal__task_6,libero_goal,10,6,0.6,178.8,,0,178.8,0.0,50.678,269.654,10
smolvla_libero,temporal_fusion_conservative_adaptive,libero_goal__task_7,libero_goal,10,10,1.0,72.0,,0,72.0,0.0,20.13,264.855,10
smolvla_libero,temporal_fusion_conservative_adaptive,libero_goal__task_8,libero_goal,10,9,0.9,102.5,,0,102.5,0.0,28.192,260.528,10
smolvla_libero,temporal_fusion_conservative_adaptive,libero_goal__task_9,libero_goal,10,6,0.6,208.8,,0,208.8,0.0,57.913,262.754,10
smolvla_libero,temporal_fusion_conservative_adaptive,libero_object__task_0,libero_object,10,6,0.6,204.8,,0,204.8,0.0,62.255,287.599,10
smolvla_libero,temporal_fusion_conservative_adaptive,libero_object__task_1,libero_object,10,10,1.0,171.8,,0,171.8,0.0,86.416,480.78,10
smolvla_libero,temporal_fusion_conservative_adaptive,libero_object__task_2,libero_object,10,10,1.0,128.9,,0,128.9,0.0,25.602,183.722,10
smolvla_libero,temporal_fusion_conservative_adaptive,libero_object__task_3,libero_object,10,10,1.0,146.0,,0,146.0,0.0,39.974,260.438,10
smolvla_libero,temporal_fusion_conservative_adaptive,libero_object__task_4,libero_object,10,8,0.8,176.5,,0,176.5,0.0,49.408,266.978,10
smolvla_libero,temporal_fusion_conservative_adaptive,libero_object__task_5,libero_object,10,6,0.6,196.0,,0,196.0,0.0,55.561,269.86,10
smolvla_libero,temporal_fusion_conservative_adaptive,libero_object__task_6,libero_object,10,9,0.9,177.4,,0,177.4,0.0,49.152,263.334,10
smolvla_libero,temporal_fusion_conservative_adaptive,libero_object__task_7,libero_object,10,8,0.8,168.2,,0,168.2,0.0,47.191,266.656,10
smolvla_libero,temporal_fusion_conservative_adaptive,libero_object__task_8,libero_object,10,10,1.0,169.5,,0,169.5,0.0,47.827,268.1,10
smolvla_libero,temporal_fusion_conservative_adaptive,libero_object__task_9,libero_object,10,9,0.9,150.3,,0,150.3,0.0,41.936,266.359,10
smolvla_libero,temporal_fusion_conservative_adaptive,libero_spatial__task_0,libero_spatial,10,9,0.9,89.0,,0,89.0,0.0,24.967,262.974,10
smolvla_libero,temporal_fusion_conservative_adaptive,libero_spatial__task_1,libero_spatial,10,9,0.9,114.5,,0,114.5,0.0,57.671,474.408,10
smolvla_libero,temporal_fusion_conservative_adaptive,libero_spatial__task_2,libero_spatial,10,7,0.7,138.4,,0,138.4,0.0,38.281,257.741,10
smolvla_libero,temporal_fusion_conservative_adaptive,libero_spatial__task_3,libero_spatial,10,7,0.7,126.5,,0,126.5,0.0,35.932,265.056,10
smolvla_libero,temporal_fusion_conservative_adaptive,libero_spatial__task_4,libero_spatial,10,9,0.9,138.0,,0,138.0,0.0,39.793,263.238,10
smolvla_libero,temporal_fusion_conservative_adaptive,libero_spatial__task_5,libero_spatial,10,10,1.0,95.9,,0,95.9,0.0,27.025,262.57,10
smolvla_libero,temporal_fusion_conservative_adaptive,libero_spatial__task_6,libero_spatial,10,9,0.9,121.5,,0,121.5,0.0,34.608,263.56,10
smolvla_libero,temporal_fusion_conservative_adaptive,libero_spatial__task_7,libero_spatial,10,9,0.9,149.1,,0,149.1,0.0,41.881,260.411,10
smolvla_libero,temporal_fusion_conservative_adaptive,libero_spatial__task_8,libero_spatial,10,9,0.9,100.9,,0,100.9,0.0,28.301,262.408,10
smolvla_libero,temporal_fusion_conservative_adaptive,libero_spatial__task_9,libero_spatial,10,4,0.4,183.3,,0,183.3,0.0,51.727,260.773,10
smolvla_libero,temporal_fusion_motion_entropy,libero_10__task_0,libero_10,10,1,0.1,495.1,,0,495.1,0.0,136.087,260.48,10
smolvla_libero,temporal_fusion_motion_entropy,libero_10__task_1,libero_10,10,6,0.6,390.2,,0,390.2,0.0,106.88,259.356,10
smolvla_libero,temporal_fusion_motion_entropy,libero_10__task_2,libero_10,10,4,0.4,412.1,,0,412.1,0.0,123.455,286.517,10
smolvla_libero,temporal_fusion_motion_entropy,libero_10__task_3,libero_10,10,8,0.8,295.4,,0,295.4,0.0,80.526,259.91,10
smolvla_libero,temporal_fusion_motion_entropy,libero_10__task_4,libero_10,10,0,0.0,520.0,,0,520.0,0.0,142.937,259.986,10
smolvla_libero,temporal_fusion_motion_entropy,libero_10__task_5,libero_10,10,9,0.9,289.4,,0,289.4,0.0,85.538,285.38,10
smolvla_libero,temporal_fusion_motion_entropy,libero_10__task_6,libero_10,10,7,0.7,328.4,,0,328.4,0.0,90.483,262.611,10
smolvla_libero,temporal_fusion_motion_entropy,libero_10__task_7,libero_10,10,2,0.2,474.5,,0,474.5,0.0,130.442,262.767,10
smolvla_libero,temporal_fusion_motion_entropy,libero_10__task_8,libero_10,10,3,0.3,506.7,,0,506.7,0.0,138.967,262.123,10
smolvla_libero,temporal_fusion_motion_entropy,libero_10__task_9,libero_10,10,4,0.4,442.7,,0,442.7,0.0,121.138,260.688,10
smolvla_libero,temporal_fusion_motion_entropy,libero_goal__task_0,libero_goal,10,8,0.8,171.5,,0,171.5,0.0,47.537,263.249,10
smolvla_libero,temporal_fusion_motion_entropy,libero_goal__task_1,libero_goal,10,8,0.8,132.3,,0,132.3,0.0,36.479,260.704,10
smolvla_libero,temporal_fusion_motion_entropy,libero_goal__task_2,libero_goal,10,8,0.8,141.0,,0,141.0,0.0,39.368,263.683,10
smolvla_libero,temporal_fusion_motion_entropy,libero_goal__task_3,libero_goal,10,3,0.3,267.8,,0,267.8,0.0,73.872,261.806,10
smolvla_libero,temporal_fusion_motion_entropy,libero_goal__task_4,libero_goal,10,9,0.9,111.5,,0,111.5,0.0,33.903,287.667,10
smolvla_libero,temporal_fusion_motion_entropy,libero_goal__task_5,libero_goal,10,9,0.9,145.3,,0,145.3,0.0,41.747,265.639,10
smolvla_libero,temporal_fusion_motion_entropy,libero_goal__task_6,libero_goal,10,6,0.6,177.8,,0,177.8,0.0,49.243,262.463,10
smolvla_libero,temporal_fusion_motion_entropy,libero_goal__task_7,libero_goal,10,10,1.0,71.3,,0,71.3,0.0,19.49,259.658,10
smolvla_libero,temporal_fusion_motion_entropy,libero_goal__task_8,libero_goal,10,10,1.0,79.8,,0,79.8,0.0,22.06,262.161,10
smolvla_libero,temporal_fusion_motion_entropy,libero_goal__task_9,libero_goal,10,6,0.6,207.8,,0,207.8,0.0,57.35,261.101,10
smolvla_libero,temporal_fusion_motion_entropy,libero_object__task_0,libero_object,10,8,0.8,182.4,,0,182.4,0.0,50.959,264.498,10
smolvla_libero,temporal_fusion_motion_entropy,libero_object__task_1,libero_object,10,9,0.9,165.7,,0,165.7,0.0,45.69,262.09,10
smolvla_libero,temporal_fusion_motion_entropy,libero_object__task_2,libero_object,10,10,1.0,130.5,,0,130.5,0.0,64.306,470.002,10
smolvla_libero,temporal_fusion_motion_entropy,libero_object__task_3,libero_object,10,10,1.0,143.3,,0,143.3,0.0,71.007,473.799,10
smolvla_libero,temporal_fusion_motion_entropy,libero_object__task_4,libero_object,10,8,0.8,176.7,,0,176.7,0.0,48.439,261.009,10
smolvla_libero,temporal_fusion_motion_entropy,libero_object__task_5,libero_object,10,7,0.7,182.9,,0,182.9,0.0,50.5,262.316,10
smolvla_libero,temporal_fusion_motion_entropy,libero_object__task_6,libero_object,10,9,0.9,184.5,,0,184.5,0.0,51.222,264.594,10
smolvla_libero,temporal_fusion_motion_entropy,libero_object__task_7,libero_object,10,9,0.9,163.0,,0,163.0,0.0,45.277,265.046,10
smolvla_libero,temporal_fusion_motion_entropy,libero_object__task_8,libero_object,10,10,1.0,170.8,,0,170.8,0.0,47.802,266.338,10
smolvla_libero,temporal_fusion_motion_entropy,libero_object__task_9,libero_object,10,10,1.0,133.4,,0,133.4,0.0,37.389,266.848,10
smolvla_libero,temporal_fusion_motion_entropy,libero_spatial__task_0,libero_spatial,10,9,0.9,93.9,,0,93.9,0.0,26.586,263.96,10
smolvla_libero,temporal_fusion_motion_entropy,libero_spatial__task_1,libero_spatial,10,9,0.9,115.2,,0,115.2,0.0,35.411,288.432,10
smolvla_libero,temporal_fusion_motion_entropy,libero_spatial__task_2,libero_spatial,10,7,0.7,138.8,,0,138.8,0.0,39.326,264.584,10
smolvla_libero,temporal_fusion_motion_entropy,libero_spatial__task_3,libero_spatial,10,7,0.7,127.0,,0,127.0,0.0,35.627,262.004,10
smolvla_libero,temporal_fusion_motion_entropy,libero_spatial__task_4,libero_spatial,10,8,0.8,148.3,,0,148.3,0.0,41.772,262.772,10
smolvla_libero,temporal_fusion_motion_entropy,libero_spatial__task_5,libero_spatial,10,10,1.0,97.6,,0,97.6,0.0,27.392,261.12,10
smolvla_libero,temporal_fusion_motion_entropy,libero_spatial__task_6,libero_spatial,10,9,0.9,121.0,,0,121.0,0.0,34.5,266.129,10
smolvla_libero,temporal_fusion_motion_entropy,libero_spatial__task_7,libero_spatial,10,9,0.9,147.8,,0,147.8,0.0,45.412,285.219,10
smolvla_libero,temporal_fusion_motion_entropy,libero_spatial__task_8,libero_spatial,10,7,0.7,128.8,,0,128.8,0.0,35.837,260.861,10
smolvla_libero,temporal_fusion_motion_entropy,libero_spatial__task_9,libero_spatial,10,5,0.5,173.3,,0,173.3,0.0,52.625,281.149,10
smolvla_libero,temporal_fusion_task_aware,libero_10__task_0,libero_10,10,1,0.1,505.0,,0,505.0,0.0,137.748,258.223,10
smolvla_libero,temporal_fusion_task_aware,libero_10__task_1,libero_10,10,5,0.5,406.5,,0,406.5,0.0,79.543,181.782,10
smolvla_libero,temporal_fusion_task_aware,libero_10__task_2,libero_10,10,3,0.3,436.9,,0,436.9,0.0,118.257,258.983,10
smolvla_libero,temporal_fusion_task_aware,libero_10__task_3,libero_10,10,6,0.6,352.1,,0,352.1,0.0,96.156,260.956,10
smolvla_libero,temporal_fusion_task_aware,libero_10__task_4,libero_10,10,0,0.0,520.0,,0,520.0,0.0,144.476,263.106,10
smolvla_libero,temporal_fusion_task_aware,libero_10__task_5,libero_10,10,8,0.8,307.1,,0,307.1,0.0,84.819,266.397,10
smolvla_libero,temporal_fusion_task_aware,libero_10__task_6,libero_10,10,9,0.9,300.5,,0,300.5,0.0,89.577,283.563,10
smolvla_libero,temporal_fusion_task_aware,libero_10__task_7,libero_10,10,3,0.3,456.4,,0,456.4,0.0,125.507,261.924,10
smolvla_libero,temporal_fusion_task_aware,libero_10__task_8,libero_10,10,3,0.3,487.4,,0,487.4,0.0,134.812,263.848,10
smolvla_libero,temporal_fusion_task_aware,libero_10__task_9,libero_10,10,3,0.3,455.9,,0,455.9,0.0,137.658,287.03,10
smolvla_libero,temporal_fusion_task_aware,libero_goal__task_0,libero_goal,10,8,0.8,173.9,,0,173.9,0.0,48.126,262.889,10
smolvla_libero,temporal_fusion_task_aware,libero_goal__task_1,libero_goal,10,8,0.8,131.9,,0,131.9,0.0,36.369,262.673,10
smolvla_libero,temporal_fusion_task_aware,libero_goal__task_2,libero_goal,10,8,0.8,141.1,,0,141.1,0.0,39.521,265.34,10
smolvla_libero,temporal_fusion_task_aware,libero_goal__task_3,libero_goal,10,4,0.4,254.3,,0,254.3,0.0,70.623,263.701,10
smolvla_libero,temporal_fusion_task_aware,libero_goal__task_4,libero_goal,10,6,0.6,174.6,,0,174.6,0.0,48.277,262.141,10
smolvla_libero,temporal_fusion_task_aware,libero_goal__task_5,libero_goal,10,10,1.0,133.4,,0,133.4,0.0,28.078,189.493,10
smolvla_libero,temporal_fusion_task_aware,libero_goal__task_6,libero_goal,10,5,0.5,196.5,,0,196.5,0.0,54.944,265.487,10
smolvla_libero,temporal_fusion_task_aware,libero_goal__task_7,libero_goal,10,10,1.0,71.2,,0,71.2,0.0,21.013,279.941,10
smolvla_libero,temporal_fusion_task_aware,libero_goal__task_8,libero_goal,10,9,0.9,102.3,,0,102.3,0.0,27.753,257.357,10
smolvla_libero,temporal_fusion_task_aware,libero_goal__task_9,libero_goal,10,6,0.6,209.0,,0,209.0,0.0,57.838,262.873,10
smolvla_libero,temporal_fusion_task_aware,libero_object__task_0,libero_object,10,8,0.8,182.1,,0,182.1,0.0,50.406,262.241,10
smolvla_libero,temporal_fusion_task_aware,libero_object__task_1,libero_object,10,9,0.9,171.2,,0,171.2,0.0,47.314,263.376,10
smolvla_libero,temporal_fusion_task_aware,libero_object__task_2,libero_object,10,10,1.0,129.5,,0,129.5,0.0,35.88,263.085,10
smolvla_libero,temporal_fusion_task_aware,libero_object__task_3,libero_object,10,10,1.0,142.6,,0,142.6,0.0,39.297,262.504,10
smolvla_libero,temporal_fusion_task_aware,libero_object__task_4,libero_object,10,8,0.8,180.4,,0,180.4,0.0,49.332,260.513,10
smolvla_libero,temporal_fusion_task_aware,libero_object__task_5,libero_object,10,7,0.7,184.6,,0,184.6,0.0,51.132,262.957,10
smolvla_libero,temporal_fusion_task_aware,libero_object__task_6,libero_object,10,9,0.9,176.7,,0,176.7,0.0,49.151,265.434,10
smolvla_libero,temporal_fusion_task_aware,libero_object__task_7,libero_object,10,9,0.9,155.9,,0,155.9,0.0,42.535,260.15,10
smolvla_libero,temporal_fusion_task_aware,libero_object__task_8,libero_object,10,10,1.0,169.7,,0,169.7,0.0,50.918,284.617,10
smolvla_libero,temporal_fusion_task_aware,libero_object__task_9,libero_object,10,10,1.0,132.4,,0,132.4,0.0,36.477,262.813,10
smolvla_libero,temporal_fusion_task_aware,libero_spatial__task_0,libero_spatial,10,8,0.8,104.8,,0,104.8,0.0,29.669,265.357,10
smolvla_libero,temporal_fusion_task_aware,libero_spatial__task_1,libero_spatial,10,9,0.9,115.0,,0,115.0,0.0,32.441,263.707,10
smolvla_libero,temporal_fusion_task_aware,libero_spatial__task_2,libero_spatial,10,7,0.7,139.0,,0,139.0,0.0,38.557,258.815,10
smolvla_libero,temporal_fusion_task_aware,libero_spatial__task_3,libero_spatial,10,7,0.7,126.7,,0,126.7,0.0,36.074,266.363,10
smolvla_libero,temporal_fusion_task_aware,libero_spatial__task_4,libero_spatial,10,8,0.8,148.1,,0,148.1,0.0,42.369,266.785,10
smolvla_libero,temporal_fusion_task_aware,libero_spatial__task_5,libero_spatial,10,9,0.9,107.4,,0,107.4,0.0,30.694,264.038,10
smolvla_libero,temporal_fusion_task_aware,libero_spatial__task_6,libero_spatial,10,8,0.8,132.6,,0,132.6,0.0,27.888,190.854,10
smolvla_libero,temporal_fusion_task_aware,libero_spatial__task_7,libero_spatial,10,9,0.9,145.0,,0,145.0,0.0,41.41,264.559,10
smolvla_libero,temporal_fusion_task_aware,libero_spatial__task_8,libero_spatial,10,9,0.9,104.8,,0,104.8,0.0,29.265,261.33,10
smolvla_libero,temporal_fusion_task_aware,libero_spatial__task_9,libero_spatial,10,6,0.6,163.8,,0,163.8,0.0,46.625,263.824,10
spatialvla_simplerenv_bridge,action_repeat2,widowx_carrot_on_plate,widowx_carrot_on_plate,50,2,0.04,58.76,0.96,50,29.4,0.0,13.64,383.919,50
spatialvla_simplerenv_bridge,action_repeat2,widowx_put_eggplant_in_basket,widowx_put_eggplant_in_basket,50,49,0.98,35.96,0.02,50,18.46,0.0,8.791,383.472,50
spatialvla_simplerenv_bridge,action_repeat2,widowx_spoon_on_towel,widowx_spoon_on_towel,50,20,0.4,48.74,0.6,50,24.5,0.0,11.365,385.066,50
spatialvla_simplerenv_bridge,action_repeat2,widowx_stack_cube,widowx_stack_cube,50,11,0.22,54.04,0.78,50,27.04,0.0,12.633,390.932,50
spatialvla_simplerenv_bridge,action_repeat4,widowx_carrot_on_plate,widowx_carrot_on_plate,50,6,0.12,59.16,0.88,50,14.84,0.0,7.993,381.064,50
spatialvla_simplerenv_bridge,action_repeat4,widowx_put_eggplant_in_basket,widowx_put_eggplant_in_basket,50,37,0.74,73.52,0.26,50,18.92,0.0,10.583,383.207,50
spatialvla_simplerenv_bridge,action_repeat4,widowx_spoon_on_towel,widowx_spoon_on_towel,50,9,0.18,58.24,0.82,50,14.64,0.0,7.996,385.755,50
spatialvla_simplerenv_bridge,action_repeat4,widowx_stack_cube,widowx_stack_cube,50,6,0.12,58.68,0.88,50,14.72,0.0,7.842,377.92,50
spatialvla_simplerenv_bridge,depth_pruning1,widowx_carrot_on_plate,widowx_carrot_on_plate,50,10,0.2,54.08,0.8,50,54.08,0.0,22.207,371.224,50
spatialvla_simplerenv_bridge,depth_pruning1,widowx_put_eggplant_in_basket,widowx_put_eggplant_in_basket,50,46,0.92,36.12,0.08,50,36.12,0.0,14.788,366.681,50
spatialvla_simplerenv_bridge,depth_pruning1,widowx_spoon_on_towel,widowx_spoon_on_towel,50,9,0.18,54.46,0.82,50,54.46,0.0,22.237,368.389,50
spatialvla_simplerenv_bridge,depth_pruning1,widowx_stack_cube,widowx_stack_cube,50,12,0.24,54.16,0.76,50,54.16,0.0,21.985,368.359,50
spatialvla_simplerenv_bridge,depth_pruning2,widowx_carrot_on_plate,widowx_carrot_on_plate,50,8,0.16,55.56,0.84,50,55.56,0.0,22.122,359.015,50
spatialvla_simplerenv_bridge,depth_pruning2,widowx_put_eggplant_in_basket,widowx_put_eggplant_in_basket,50,41,0.82,48.46,0.18,50,48.46,0.0,19.358,356.574,50
spatialvla_simplerenv_bridge,depth_pruning2,widowx_spoon_on_towel,widowx_spoon_on_towel,50,0,0.0,60.0,1.0,50,60.0,0.0,23.744,355.896,50
spatialvla_simplerenv_bridge,depth_pruning2,widowx_stack_cube,widowx_stack_cube,50,7,0.14,57.26,0.86,50,57.26,0.0,22.683,356.492,50
spatialvla_simplerenv_bridge,depth_pruning4,widowx_carrot_on_plate,widowx_carrot_on_plate,50,13,0.26,55.66,0.74,50,55.66,0.0,20.64,332.731,50
spatialvla_simplerenv_bridge,depth_pruning4,widowx_put_eggplant_in_basket,widowx_put_eggplant_in_basket,50,8,0.16,110.9,0.84,50,110.9,0.0,41.896,337.106,50
spatialvla_simplerenv_bridge,depth_pruning4,widowx_spoon_on_towel,widowx_spoon_on_towel,50,3,0.06,59.04,0.94,50,59.04,0.0,21.916,332.705,50
spatialvla_simplerenv_bridge,depth_pruning4,widowx_stack_cube,widowx_stack_cube,50,4,0.08,57.92,0.92,50,57.92,0.0,21.739,336.709,50
spatialvla_simplerenv_bridge,fixed_foveation_keep20,widowx_carrot_on_plate,widowx_carrot_on_plate,50,17,0.34,52.9,0.7,50,52.9,0.0,23.338,380.489,50
spatialvla_simplerenv_bridge,fixed_foveation_keep20,widowx_put_eggplant_in_basket,widowx_put_eggplant_in_basket,50,50,1.0,27.56,0.0,50,27.56,0.0,12.528,388.99,50
spatialvla_simplerenv_bridge,fixed_foveation_keep20,widowx_spoon_on_towel,widowx_spoon_on_towel,50,12,0.24,52.32,0.76,50,52.32,0.0,23.377,385.469,50
spatialvla_simplerenv_bridge,fixed_foveation_keep20,widowx_stack_cube,widowx_stack_cube,50,21,0.42,49.48,0.58,50,49.48,0.0,22.018,382.9,50
spatialvla_simplerenv_bridge,fixed_foveation_keep50,widowx_carrot_on_plate,widowx_carrot_on_plate,50,14,0.28,50.62,0.72,50,50.62,0.0,22.791,386.56,50
spatialvla_simplerenv_bridge,fixed_foveation_keep50,widowx_put_eggplant_in_basket,widowx_put_eggplant_in_basket,50,50,1.0,27.48,0.0,50,27.48,0.0,12.404,384.055,50
spatialvla_simplerenv_bridge,fixed_foveation_keep50,widowx_spoon_on_towel,widowx_spoon_on_towel,50,10,0.2,53.78,0.8,50,53.78,0.0,23.655,375.283,50
spatialvla_simplerenv_bridge,fixed_foveation_keep50,widowx_stack_cube,widowx_stack_cube,50,15,0.3,52.36,0.7,50,52.36,0.0,23.282,380.241,50
spatialvla_simplerenv_bridge,guarded_reuse_aggressive,widowx_carrot_on_plate,widowx_carrot_on_plate,50,13,0.26,51.8,0.74,50,51.44,0.36,21.986,382.033,50
spatialvla_simplerenv_bridge,guarded_reuse_aggressive,widowx_put_eggplant_in_basket,widowx_put_eggplant_in_basket,50,50,1.0,26.26,0.0,50,26.26,0.0,11.008,376.299,50
spatialvla_simplerenv_bridge,guarded_reuse_aggressive,widowx_spoon_on_towel,widowx_spoon_on_towel,50,10,0.2,52.82,0.8,50,52.54,0.28,22.314,383.878,50
spatialvla_simplerenv_bridge,guarded_reuse_aggressive,widowx_stack_cube,widowx_stack_cube,50,18,0.36,49.62,0.64,50,49.5,0.12,20.979,383.761,50
spatialvla_simplerenv_bridge,guarded_reuse_moderate,widowx_carrot_on_plate,widowx_carrot_on_plate,50,13,0.26,51.9,0.74,50,51.8,0.1,22.2,382.965,50
spatialvla_simplerenv_bridge,guarded_reuse_moderate,widowx_put_eggplant_in_basket,widowx_put_eggplant_in_basket,50,50,1.0,26.26,0.0,50,26.26,0.0,11.276,386.587,50
spatialvla_simplerenv_bridge,guarded_reuse_moderate,widowx_spoon_on_towel,widowx_spoon_on_towel,50,11,0.22,52.58,0.78,50,52.56,0.02,22.405,384.673,50
spatialvla_simplerenv_bridge,guarded_reuse_moderate,widowx_stack_cube,widowx_stack_cube,50,16,0.32,49.7,0.68,50,49.7,0.0,20.826,379.19,50
spatialvla_simplerenv_bridge,guarded_reuse_strict,widowx_carrot_on_plate,widowx_carrot_on_plate,50,13,0.26,51.9,0.74,50,51.86,0.04,21.834,376.027,50
spatialvla_simplerenv_bridge,guarded_reuse_strict,widowx_put_eggplant_in_basket,widowx_put_eggplant_in_basket,50,50,1.0,26.26,0.0,50,26.26,0.0,11.108,379.017,50
spatialvla_simplerenv_bridge,guarded_reuse_strict,widowx_spoon_on_towel,widowx_spoon_on_towel,50,11,0.22,52.72,0.78,50,52.72,0.0,22.199,381.36,50
spatialvla_simplerenv_bridge,guarded_reuse_strict,widowx_stack_cube,widowx_stack_cube,50,16,0.32,49.7,0.68,50,49.7,0.0,21.176,384.935,50
spatialvla_simplerenv_bridge,original,widowx_carrot_on_plate,widowx_carrot_on_plate,50,13,0.26,51.9,0.74,50,51.9,0.0,22.264,384.494,50
spatialvla_simplerenv_bridge,original,widowx_put_eggplant_in_basket,widowx_put_eggplant_in_basket,50,50,1.0,26.26,0.0,50,26.26,0.0,11.016,376.816,50
spatialvla_simplerenv_bridge,original,widowx_spoon_on_towel,widowx_spoon_on_towel,50,11,0.22,52.72,0.78,50,52.72,0.0,22.199,381.908,50
spatialvla_simplerenv_bridge,original,widowx_stack_cube,widowx_stack_cube,50,16,0.32,49.7,0.68,50,49.7,0.0,21.01,383.592,50
spatialvla_simplerenv_bridge,temporal_fusion_conservative_adaptive,widowx_carrot_on_plate,widowx_carrot_on_plate,50,13,0.26,51.9,0.74,50,51.9,0.0,22.036,378.625,50
spatialvla_simplerenv_bridge,temporal_fusion_conservative_adaptive,widowx_put_eggplant_in_basket,widowx_put_eggplant_in_basket,50,49,0.98,29.16,0.02,50,29.16,0.0,12.565,385.758,50
spatialvla_simplerenv_bridge,temporal_fusion_conservative_adaptive,widowx_spoon_on_towel,widowx_spoon_on_towel,50,12,0.24,52.0,0.76,50,52.0,0.0,22.096,383.712,50
spatialvla_simplerenv_bridge,temporal_fusion_conservative_adaptive,widowx_stack_cube,widowx_stack_cube,50,16,0.32,49.7,0.68,50,49.7,0.0,21.209,388.594,50
spatialvla_simplerenv_bridge,temporal_fusion_motion_entropy,widowx_carrot_on_plate,widowx_carrot_on_plate,50,15,0.3,50.04,0.7,50,50.04,0.0,21.423,382.33,50
spatialvla_simplerenv_bridge,temporal_fusion_motion_entropy,widowx_put_eggplant_in_basket,widowx_put_eggplant_in_basket,50,50,1.0,26.5,0.0,50,26.5,0.0,11.332,384.482,50
spatialvla_simplerenv_bridge,temporal_fusion_motion_entropy,widowx_spoon_on_towel,widowx_spoon_on_towel,50,10,0.2,53.36,0.8,50,53.36,0.0,22.995,391.093,50
spatialvla_simplerenv_bridge,temporal_fusion_motion_entropy,widowx_stack_cube,widowx_stack_cube,50,17,0.34,51.44,0.66,50,51.44,0.0,21.873,385.24,50
spatialvla_simplerenv_bridge,temporal_fusion_task_aware,widowx_carrot_on_plate,widowx_carrot_on_plate,50,11,0.22,53.34,0.78,50,53.34,0.0,22.845,389.801,50
spatialvla_simplerenv_bridge,temporal_fusion_task_aware,widowx_put_eggplant_in_basket,widowx_put_eggplant_in_basket,50,50,1.0,25.56,0.0,50,25.56,0.0,11.241,396.394,50
spatialvla_simplerenv_bridge,temporal_fusion_task_aware,widowx_spoon_on_towel,widowx_spoon_on_towel,50,10,0.2,52.5,0.8,50,52.5,0.0,22.114,381.794,50
spatialvla_simplerenv_bridge,temporal_fusion_task_aware,widowx_stack_cube,widowx_stack_cube,50,17,0.34,50.5,0.66,50,50.5,0.0,21.434,385.679,50
spatialvla_simplerenv_fractal,action_repeat2,google_robot_close_drawer,google_robot_close_drawer,50,37,0.74,48.24,0.0,50,24.38,0.0,13.123,376.407,50
spatialvla_simplerenv_fractal,action_repeat2,google_robot_move_near,google_robot_move_near,50,43,0.86,32.28,0.14,50,16.3,0.0,8.182,377.071,50
spatialvla_simplerenv_fractal,action_repeat2,google_robot_open_drawer,google_robot_open_drawer,50,25,0.5,60.58,0.0,50,30.38,0.0,16.159,379.337,50
spatialvla_simplerenv_fractal,action_repeat2,google_robot_pick_coke_can,google_robot_pick_coke_can,50,43,0.86,30.92,0.14,50,15.64,0.0,7.933,376.721,50
spatialvla_simplerenv_fractal,action_repeat2,google_robot_place_apple_in_closed_top_drawer,google_robot_place_apple_in_closed_top_drawer,50,0,0.0,80.0,0.0,50,40.0,0.0,20.863,375.223,50
spatialvla_simplerenv_fractal,action_repeat4,google_robot_close_drawer,google_robot_close_drawer,50,22,0.44,60.78,0.0,50,15.34,0.0,10.878,375.775,50
spatialvla_simplerenv_fractal,action_repeat4,google_robot_move_near,google_robot_move_near,50,24,0.48,54.02,0.52,50,13.72,0.0,8.463,374.331,50
spatialvla_simplerenv_fractal,action_repeat4,google_robot_open_drawer,google_robot_open_drawer,50,12,0.24,72.02,0.0,50,18.14,0.0,11.852,375.651,50
spatialvla_simplerenv_fractal,action_repeat4,google_robot_pick_coke_can,google_robot_pick_coke_can,50,16,0.32,62.58,0.68,50,15.8,0.0,10.198,380.334,50
spatialvla_simplerenv_fractal,action_repeat4,google_robot_place_apple_in_closed_top_drawer,google_robot_place_apple_in_closed_top_drawer,50,0,0.0,80.0,0.0,50,20.0,0.0,13.286,376.203,50
spatialvla_simplerenv_fractal,depth_pruning1,google_robot_close_drawer,google_robot_close_drawer,50,34,0.68,48.78,0.0,50,48.78,0.0,21.498,363.363,50
spatialvla_simplerenv_fractal,depth_pruning1,google_robot_move_near,google_robot_move_near,50,45,0.9,26.78,0.1,50,26.78,0.0,11.318,364.34,50
spatialvla_simplerenv_fractal,depth_pruning1,google_robot_open_drawer,google_robot_open_drawer,50,14,0.28,69.86,0.0,50,69.86,0.0,30.493,362.006,50
spatialvla_simplerenv_fractal,depth_pruning1,google_robot_pick_coke_can,google_robot_pick_coke_can,50,42,0.84,27.76,0.16,50,27.76,0.0,11.899,364.765,50
spatialvla_simplerenv_fractal,depth_pruning1,google_robot_place_apple_in_closed_top_drawer,google_robot_place_apple_in_closed_top_drawer,50,0,0.0,80.0,0.0,50,80.0,0.0,34.932,366.824,50
spatialvla_simplerenv_fractal,depth_pruning2,google_robot_close_drawer,google_robot_close_drawer,50,30,0.6,54.72,0.0,50,54.72,0.0,23.64,355.385,50
spatialvla_simplerenv_fractal,depth_pruning2,google_robot_move_near,google_robot_move_near,50,43,0.86,30.0,0.14,50,30.0,0.0,12.361,351.495,50
spatialvla_simplerenv_fractal,depth_pruning2,google_robot_open_drawer,google_robot_open_drawer,50,23,0.46,66.32,0.0,50,66.32,0.0,28.429,353.666,50
spatialvla_simplerenv_fractal,depth_pruning2,google_robot_pick_coke_can,google_robot_pick_coke_can,50,46,0.92,22.66,0.08,50,22.66,0.0,9.362,348.493,50
spatialvla_simplerenv_fractal,depth_pruning2,google_robot_place_apple_in_closed_top_drawer,google_robot_place_apple_in_closed_top_drawer,50,0,0.0,80.0,0.0,50,80.0,0.0,34.388,357.779,50
spatialvla_simplerenv_fractal,depth_pruning4,google_robot_close_drawer,google_robot_close_drawer,50,19,0.38,62.12,0.0,50,62.12,0.0,25.238,330.6,50
spatialvla_simplerenv_fractal,depth_pruning4,google_robot_move_near,google_robot_move_near,50,36,0.72,35.56,0.28,50,35.56,0.0,13.918,328.239,50
spatialvla_simplerenv_fractal,depth_pruning4,google_robot_open_drawer,google_robot_open_drawer,50,5,0.1,76.88,0.0,50,76.88,0.0,30.641,325.875,50
spatialvla_simplerenv_fractal,depth_pruning4,google_robot_pick_coke_can,google_robot_pick_coke_can,50,48,0.96,22.18,0.04,50,22.18,0.0,8.757,331.331,50
spatialvla_simplerenv_fractal,depth_pruning4,google_robot_place_apple_in_closed_top_drawer,google_robot_place_apple_in_closed_top_drawer,50,0,0.0,80.0,0.0,50,80.0,0.0,31.889,326.975,50
spatialvla_simplerenv_fractal,fixed_foveation_keep20,google_robot_close_drawer,google_robot_close_drawer,50,37,0.74,43.36,0.0,50,43.36,0.0,21.172,381.206,50
spatialvla_simplerenv_fractal,fixed_foveation_keep20,google_robot_move_near,google_robot_move_near,50,38,0.76,32.7,0.24,50,32.7,0.0,15.12,378.374,50
spatialvla_simplerenv_fractal,fixed_foveation_keep20,google_robot_open_drawer,google_robot_open_drawer,50,19,0.38,63.64,0.0,50,63.64,0.0,30.304,378.776,50
spatialvla_simplerenv_fractal,fixed_foveation_keep20,google_robot_pick_coke_can,google_robot_pick_coke_can,50,44,0.88,24.04,0.12,50,24.04,0.0,11.214,378.661,50
spatialvla_simplerenv_fractal,fixed_foveation_keep20,google_robot_place_apple_in_closed_top_drawer,google_robot_place_apple_in_closed_top_drawer,50,0,0.0,80.0,0.0,50,80.0,0.0,37.963,378.412,50
spatialvla_simplerenv_fractal,fixed_foveation_keep50,google_robot_close_drawer,google_robot_close_drawer,50,39,0.78,43.14,0.0,50,43.14,0.0,20.958,378.255,50
spatialvla_simplerenv_fractal,fixed_foveation_keep50,google_robot_move_near,google_robot_move_near,50,45,0.9,27.32,0.1,50,27.32,0.0,12.83,381.603,50
spatialvla_simplerenv_fractal,fixed_foveation_keep50,google_robot_open_drawer,google_robot_open_drawer,50,18,0.36,67.04,0.0,50,67.04,0.0,32.256,377.167,50
spatialvla_simplerenv_fractal,fixed_foveation_keep50,google_robot_pick_coke_can,google_robot_pick_coke_can,50,41,0.82,28.24,0.18,50,28.24,0.0,13.295,377.656,50
spatialvla_simplerenv_fractal,fixed_foveation_keep50,google_robot_place_apple_in_closed_top_drawer,google_robot_place_apple_in_closed_top_drawer,50,0,0.0,80.0,0.0,50,80.0,0.0,38.219,379.401,50
spatialvla_simplerenv_fractal,guarded_reuse_aggressive,google_robot_close_drawer,google_robot_close_drawer,50,29,0.58,54.32,0.0,50,52.28,2.04,23.778,374.528,50
spatialvla_simplerenv_fractal,guarded_reuse_aggressive,google_robot_move_near,google_robot_move_near,50,48,0.96,23.82,0.04,50,23.56,0.26,10.332,376.052,50
spatialvla_simplerenv_fractal,guarded_reuse_aggressive,google_robot_open_drawer,google_robot_open_drawer,50,27,0.54,64.72,0.0,50,62.3,2.42,28.322,376.664,50
spatialvla_simplerenv_fractal,guarded_reuse_aggressive,google_robot_pick_coke_can,google_robot_pick_coke_can,50,43,0.86,26.8,0.14,50,26.6,0.2,11.847,380.025,50
spatialvla_simplerenv_fractal,guarded_reuse_aggressive,google_robot_place_apple_in_closed_top_drawer,google_robot_place_apple_in_closed_top_drawer,50,0,0.0,80.0,0.0,50,78.92,1.08,35.824,381.933,50
spatialvla_simplerenv_fractal,guarded_reuse_moderate,google_robot_close_drawer,google_robot_close_drawer,50,31,0.62,53.58,0.0,50,52.64,0.94,24.017,377.018,50
spatialvla_simplerenv_fractal,guarded_reuse_moderate,google_robot_move_near,google_robot_move_near,50,47,0.94,23.82,0.06,50,23.8,0.02,10.408,376.187,50
spatialvla_simplerenv_fractal,guarded_reuse_moderate,google_robot_open_drawer,google_robot_open_drawer,50,29,0.58,63.02,0.0,50,62.12,0.9,28.394,381.149,50
spatialvla_simplerenv_fractal,guarded_reuse_moderate,google_robot_pick_coke_can,google_robot_pick_coke_can,50,43,0.86,26.76,0.14,50,26.74,0.02,11.888,377.618,50
spatialvla_simplerenv_fractal,guarded_reuse_moderate,google_robot_place_apple_in_closed_top_drawer,google_robot_place_apple_in_closed_top_drawer,50,0,0.0,80.0,0.0,50,79.82,0.18,35.755,376.402,50
spatialvla_simplerenv_fractal,guarded_reuse_strict,google_robot_close_drawer,google_robot_close_drawer,50,31,0.62,53.14,0.0,50,52.74,0.4,24.18,379.93,50
spatialvla_simplerenv_fractal,guarded_reuse_strict,google_robot_move_near,google_robot_move_near,50,46,0.92,24.56,0.08,50,24.56,0.0,10.728,376.589,50
spatialvla_simplerenv_fractal,guarded_reuse_strict,google_robot_open_drawer,google_robot_open_drawer,50,28,0.56,63.6,0.0,50,62.76,0.84,28.334,376.13,50
spatialvla_simplerenv_fractal,guarded_reuse_strict,google_robot_pick_coke_can,google_robot_pick_coke_can,50,43,0.86,26.76,0.14,50,26.76,0.0,11.934,379.146,50
spatialvla_simplerenv_fractal,guarded_reuse_strict,google_robot_place_apple_in_closed_top_drawer,google_robot_place_apple_in_closed_top_drawer,50,0,0.0,80.0,0.0,50,79.96,0.04,35.612,374.486,50
spatialvla_simplerenv_fractal,original,google_robot_close_drawer,google_robot_close_drawer,50,31,0.62,53.04,0.0,50,53.04,0.0,24.324,380.831,50
spatialvla_simplerenv_fractal,original,google_robot_move_near,google_robot_move_near,50,46,0.92,24.56,0.08,50,24.56,0.0,10.796,378.693,50
spatialvla_simplerenv_fractal,original,google_robot_open_drawer,google_robot_open_drawer,50,28,0.56,63.52,0.0,50,63.52,0.0,28.585,376.223,50
spatialvla_simplerenv_fractal,original,google_robot_pick_coke_can,google_robot_pick_coke_can,50,43,0.86,26.76,0.14,50,26.76,0.0,11.986,380.685,50
spatialvla_simplerenv_fractal,original,google_robot_place_apple_in_closed_top_drawer,google_robot_place_apple_in_closed_top_drawer,50,0,0.0,80.0,0.0,50,80.0,0.0,35.842,376.206,50
spatialvla_simplerenv_fractal,temporal_fusion_conservative_adaptive,google_robot_close_drawer,google_robot_close_drawer,50,31,0.62,52.9,0.0,50,52.9,0.0,24.237,378.419,50
spatialvla_simplerenv_fractal,temporal_fusion_conservative_adaptive,google_robot_move_near,google_robot_move_near,50,46,0.92,24.56,0.08,50,24.56,0.0,10.829,378.476,50
spatialvla_simplerenv_fractal,temporal_fusion_conservative_adaptive,google_robot_open_drawer,google_robot_open_drawer,50,28,0.56,64.08,0.0,50,64.08,0.0,29.256,381.212,50
spatialvla_simplerenv_fractal,temporal_fusion_conservative_adaptive,google_robot_pick_coke_can,google_robot_pick_coke_can,50,43,0.86,26.76,0.14,50,26.76,0.0,11.993,380.34,50
spatialvla_simplerenv_fractal,temporal_fusion_conservative_adaptive,google_robot_place_apple_in_closed_top_drawer,google_robot_place_apple_in_closed_top_drawer,50,0,0.0,80.0,0.0,50,80.0,0.0,36.043,378.216,50
spatialvla_simplerenv_fractal,temporal_fusion_motion_entropy,google_robot_close_drawer,google_robot_close_drawer,50,32,0.64,53.4,0.0,50,53.4,0.0,24.478,380.726,50
spatialvla_simplerenv_fractal,temporal_fusion_motion_entropy,google_robot_move_near,google_robot_move_near,50,48,0.96,23.66,0.04,50,23.66,0.0,10.477,383.317,50
spatialvla_simplerenv_fractal,temporal_fusion_motion_entropy,google_robot_open_drawer,google_robot_open_drawer,50,23,0.46,62.86,0.0,50,62.86,0.0,28.492,379.665,50
spatialvla_simplerenv_fractal,temporal_fusion_motion_entropy,google_robot_pick_coke_can,google_robot_pick_coke_can,50,42,0.84,27.16,0.16,50,27.16,0.0,12.17,383.414,50
spatialvla_simplerenv_fractal,temporal_fusion_motion_entropy,google_robot_place_apple_in_closed_top_drawer,google_robot_place_apple_in_closed_top_drawer,50,0,0.0,80.0,0.0,50,80.0,0.0,35.933,379.324,50
spatialvla_simplerenv_fractal,temporal_fusion_task_aware,google_robot_close_drawer,google_robot_close_drawer,50,31,0.62,51.06,0.0,50,51.06,0.0,23.529,384.518,50
spatialvla_simplerenv_fractal,temporal_fusion_task_aware,google_robot_move_near,google_robot_move_near,50,48,0.96,23.38,0.04,50,23.38,0.0,10.329,380.532,50
spatialvla_simplerenv_fractal,temporal_fusion_task_aware,google_robot_open_drawer,google_robot_open_drawer,50,26,0.52,60.82,0.0,50,60.82,0.0,27.835,382.484,50
spatialvla_simplerenv_fractal,temporal_fusion_task_aware,google_robot_pick_coke_can,google_robot_pick_coke_can,50,45,0.9,23.28,0.1,50,23.28,0.0,10.431,384.508,50
spatialvla_simplerenv_fractal,temporal_fusion_task_aware,google_robot_place_apple_in_closed_top_drawer,google_robot_place_apple_in_closed_top_drawer,50,0,0.0,80.0,0.0,50,80.0,0.0,36.037,379.516,50
univla_libero,action_repeat2,libero_10__task_0,libero_10,10,0,0.0,520.0,0.0,10,26.0,260.0,19.881,464.15,10
univla_libero,action_repeat2,libero_10__task_1,libero_10,10,4,0.4,476.8,0.0,10,24.0,240.0,18.813,485.615,10
univla_libero,action_repeat2,libero_10__task_2,libero_10,10,2,0.2,479.8,0.0,10,24.1,241.0,16.759,474.903,10
univla_libero,action_repeat2,libero_10__task_3,libero_10,10,6,0.6,383.2,0.0,10,19.4,194.0,13.842,467.205,10
univla_libero,action_repeat2,libero_10__task_4,libero_10,10,0,0.0,520.0,0.0,10,26.0,260.0,19.071,465.089,10
univla_libero,action_repeat2,libero_10__task_5,libero_10,10,8,0.8,290.7,0.0,10,15.0,150.0,9.697,436.593,10
univla_libero,action_repeat2,libero_10__task_6,libero_10,10,1,0.1,499.4,0.0,10,25.0,250.0,17.478,431.676,10
univla_libero,action_repeat2,libero_10__task_7,libero_10,10,2,0.2,492.3,0.0,10,24.8,248.0,17.899,481.684,10
univla_libero,action_repeat2,libero_10__task_8,libero_10,10,0,0.0,520.0,0.0,10,26.0,260.0,16.892,412.936,10
univla_libero,action_repeat2,libero_10__task_9,libero_10,10,4,0.4,472.8,0.0,10,23.9,239.0,16.816,466.409,10
univla_libero,action_repeat2,libero_goal__task_0,libero_goal,10,6,0.6,216.9,0.0,10,11.2,112.0,8.425,471.443,10
univla_libero,action_repeat2,libero_goal__task_1,libero_goal,10,1,0.1,286.0,0.0,10,14.3,143.0,11.36,491.622,10
univla_libero,action_repeat2,libero_goal__task_2,libero_goal,10,6,0.6,203.7,0.0,10,10.5,105.0,8.235,492.11,10
univla_libero,action_repeat2,libero_goal__task_3,libero_goal,10,0,0.0,300.0,0.0,10,15.0,150.0,11.33,492.294,10
univla_libero,action_repeat2,libero_goal__task_4,libero_goal,10,6,0.6,190.2,0.0,10,9.7,97.0,7.877,499.958,10
univla_libero,action_repeat2,libero_goal__task_5,libero_goal,10,4,0.4,249.8,0.0,10,12.6,126.0,9.777,474.705,10
univla_libero,action_repeat2,libero_goal__task_6,libero_goal,10,1,0.1,295.4,0.0,10,14.8,148.0,12.195,515.889,10
univla_libero,action_repeat2,libero_goal__task_7,libero_goal,10,9,0.9,112.1,0.0,10,5.9,59.0,4.203,447.548,10
univla_libero,action_repeat2,libero_goal__task_8,libero_goal,10,0,0.0,300.0,0.0,10,15.0,150.0,12.247,515.464,10
univla_libero,action_repeat2,libero_goal__task_9,libero_goal,10,1,0.1,286.4,0.0,10,14.4,144.0,11.334,497.365,10
univla_libero,action_repeat2,libero_object__task_0,libero_object,10,4,0.4,256.5,0.0,10,13.0,130.0,10.099,485.056,10
univla_libero,action_repeat2,libero_object__task_1,libero_object,10,1,0.1,273.2,0.0,10,13.7,137.0,10.473,482.275,10
univla_libero,action_repeat2,libero_object__task_2,libero_object,10,3,0.3,262.0,0.0,10,13.2,132.0,9.966,489.553,10
univla_libero,action_repeat2,libero_object__task_3,libero_object,10,1,0.1,276.3,0.0,10,13.9,139.0,10.29,489.509,10
univla_libero,action_repeat2,libero_object__task_4,libero_object,10,2,0.2,273.3,0.0,10,13.7,137.0,9.781,468.539,10
univla_libero,action_repeat2,libero_object__task_5,libero_object,10,2,0.2,264.8,0.0,10,13.4,134.0,9.869,485.009,10
univla_libero,action_repeat2,libero_object__task_6,libero_object,10,2,0.2,264.4,0.0,10,13.4,134.0,9.833,484.238,10
univla_libero,action_repeat2,libero_object__task_7,libero_object,10,2,0.2,262.8,0.0,10,13.2,132.0,9.846,485.355,10
univla_libero,action_repeat2,libero_object__task_8,libero_object,10,2,0.2,261.3,0.0,10,13.2,132.0,9.962,485.797,10
univla_libero,action_repeat2,libero_object__task_9,libero_object,10,2,0.2,266.6,0.0,10,13.4,134.0,9.947,473.618,10
univla_libero,action_repeat2,libero_spatial__task_0,libero_spatial,10,0,0.0,220.0,0.0,10,11.0,110.0,10.392,557.641,10
univla_libero,action_repeat2,libero_spatial__task_1,libero_spatial,10,2,0.2,216.3,0.0,10,10.9,109.0,9.77,515.405,10
univla_libero,action_repeat2,libero_spatial__task_2,libero_spatial,10,5,0.5,188.4,0.0,10,9.7,97.0,8.417,505.249,10
univla_libero,action_repeat2,libero_spatial__task_3,libero_spatial,10,0,0.0,220.0,0.0,10,11.0,110.0,10.28,552.659,10
univla_libero,action_repeat2,libero_spatial__task_4,libero_spatial,10,1,0.1,216.8,0.0,10,10.9,109.0,10.072,509.128,10
univla_libero,action_repeat2,libero_spatial__task_5,libero_spatial,10,1,0.1,219.0,0.0,10,11.0,110.0,10.294,537.155,10
univla_libero,action_repeat2,libero_spatial__task_6,libero_spatial,10,5,0.5,197.1,0.0,10,10.0,100.0,9.229,507.531,10
univla_libero,action_repeat2,libero_spatial__task_7,libero_spatial,10,8,0.8,184.9,0.0,10,9.6,96.0,8.501,483.743,10
univla_libero,action_repeat2,libero_spatial__task_8,libero_spatial,10,3,0.3,208.5,0.0,10,10.5,105.0,9.459,529.808,10
univla_libero,action_repeat2,libero_spatial__task_9,libero_spatial,10,2,0.2,215.3,0.0,10,10.9,109.0,10.414,543.499,10
univla_libero,action_repeat4,libero_10__task_0,libero_10,10,0,0.0,520.0,0.0,10,13.0,390.0,13.71,470.218,10
univla_libero,action_repeat4,libero_10__task_1,libero_10,10,0,0.0,520.0,0.0,10,13.0,390.0,13.964,504.852,10
univla_libero,action_repeat4,libero_10__task_2,libero_10,10,0,0.0,520.0,0.0,10,13.0,390.0,11.989,491.144,10
univla_libero,action_repeat4,libero_10__task_3,libero_10,10,0,0.0,520.0,0.0,10,13.0,390.0,12.259,453.143,10
univla_libero,action_repeat4,libero_10__task_4,libero_10,10,0,0.0,520.0,0.0,10,13.0,390.0,13.069,470.616,10
univla_libero,action_repeat4,libero_10__task_5,libero_10,10,1,0.1,494.2,0.0,10,12.4,372.0,10.586,453.881,10
univla_libero,action_repeat4,libero_10__task_6,libero_10,10,0,0.0,520.0,0.0,10,13.0,390.0,12.183,447.708,10
univla_libero,action_repeat4,libero_10__task_7,libero_10,10,0,0.0,520.0,0.0,10,13.0,390.0,12.985,500.995,10
univla_libero,action_repeat4,libero_10__task_8,libero_10,10,0,0.0,520.0,0.0,10,13.0,390.0,11.646,464.037,10
univla_libero,action_repeat4,libero_10__task_9,libero_10,10,0,0.0,520.0,0.0,10,13.0,390.0,12.193,498.225,10
univla_libero,action_repeat4,libero_goal__task_0,libero_goal,10,0,0.0,300.0,0.0,10,8.0,240.0,7.998,483.072,10
univla_libero,action_repeat4,libero_goal__task_1,libero_goal,10,0,0.0,300.0,0.0,10,8.0,240.0,7.887,477.618,10
univla_libero,action_repeat4,libero_goal__task_2,libero_goal,10,0,0.0,300.0,0.0,10,8.0,240.0,8.418,549.432,10
univla_libero,action_repeat4,libero_goal__task_3,libero_goal,10,0,0.0,300.0,0.0,10,8.0,240.0,8.042,496.762,10
univla_libero,action_repeat4,libero_goal__task_4,libero_goal,10,0,0.0,300.0,0.0,10,8.0,240.0,8.279,510.66,10
univla_libero,action_repeat4,libero_goal__task_5,libero_goal,10,0,0.0,300.0,0.0,10,8.0,240.0,8.156,495.862,10
univla_libero,action_repeat4,libero_goal__task_6,libero_goal,10,0,0.0,300.0,0.0,10,8.0,240.0,8.258,518.785,10
univla_libero,action_repeat4,libero_goal__task_7,libero_goal,10,0,0.0,300.0,0.0,10,8.0,240.0,7.855,473.114,10
univla_libero,action_repeat4,libero_goal__task_8,libero_goal,10,0,0.0,300.0,0.0,10,8.0,240.0,8.133,503.157,10
univla_libero,action_repeat4,libero_goal__task_9,libero_goal,10,0,0.0,300.0,0.0,10,8.0,240.0,7.987,487.112,10
univla_libero,action_repeat4,libero_object__task_0,libero_object,10,0,0.0,280.0,0.0,10,7.0,210.0,6.93,500.332,10
univla_libero,action_repeat4,libero_object__task_1,libero_object,10,0,0.0,280.0,0.0,10,7.0,210.0,6.975,473.604,10
univla_libero,action_repeat4,libero_object__task_2,libero_object,10,0,0.0,280.0,0.0,10,7.0,210.0,6.884,463.597,10
univla_libero,action_repeat4,libero_object__task_3,libero_object,10,0,0.0,280.0,0.0,10,7.0,210.0,7.027,475.987,10
univla_libero,action_repeat4,libero_object__task_4,libero_object,10,0,0.0,280.0,0.0,10,7.0,210.0,6.846,468.32,10
univla_libero,action_repeat4,libero_object__task_5,libero_object,10,1,0.1,279.0,0.0,10,7.0,210.0,7.006,487.835,10
univla_libero,action_repeat4,libero_object__task_6,libero_object,10,0,0.0,280.0,0.0,10,7.0,210.0,6.972,489.06,10
univla_libero,action_repeat4,libero_object__task_7,libero_object,10,0,0.0,280.0,0.0,10,7.0,210.0,6.991,499.951,10
univla_libero,action_repeat4,libero_object__task_8,libero_object,10,0,0.0,280.0,0.0,10,7.0,210.0,7.111,521.342,10
univla_libero,action_repeat4,libero_object__task_9,libero_object,10,0,0.0,280.0,0.0,10,7.0,210.0,6.836,466.598,10
univla_libero,action_repeat4,libero_spatial__task_0,libero_spatial,10,0,0.0,220.0,0.0,10,6.0,180.0,7.235,535.236,10
univla_libero,action_repeat4,libero_spatial__task_1,libero_spatial,10,0,0.0,220.0,0.0,10,6.0,180.0,6.854,518.74,10
univla_libero,action_repeat4,libero_spatial__task_2,libero_spatial,10,0,0.0,220.0,0.0,10,6.0,180.0,6.864,496.762,10
univla_libero,action_repeat4,libero_spatial__task_3,libero_spatial,10,0,0.0,220.0,0.0,10,6.0,180.0,7.316,540.891,10
univla_libero,action_repeat4,libero_spatial__task_4,libero_spatial,10,0,0.0,220.0,0.0,10,6.0,180.0,7.556,516.021,10
univla_libero,action_repeat4,libero_spatial__task_5,libero_spatial,10,0,0.0,220.0,0.0,10,6.0,180.0,7.462,536.253,10
univla_libero,action_repeat4,libero_spatial__task_6,libero_spatial,10,0,0.0,220.0,0.0,10,6.0,180.0,7.321,506.657,10
univla_libero,action_repeat4,libero_spatial__task_7,libero_spatial,10,0,0.0,220.0,0.0,10,6.0,180.0,7.345,501.94,10
univla_libero,action_repeat4,libero_spatial__task_8,libero_spatial,10,0,0.0,220.0,0.0,10,6.0,180.0,7.043,508.857,10
univla_libero,action_repeat4,libero_spatial__task_9,libero_spatial,10,0,0.0,220.0,0.0,10,6.0,180.0,7.817,551.339,10
univla_libero,depth_pruning1,libero_10__task_0,libero_10,10,9,0.9,292.4,0.0,10,29.8,0.0,18.051,442.416,10
univla_libero,depth_pruning1,libero_10__task_1,libero_10,10,10,1.0,252.4,0.0,10,25.7,0.0,15.949,472.494,10
univla_libero,depth_pruning1,libero_10__task_2,libero_10,10,9,0.9,263.6,0.0,10,26.7,0.0,15.055,436.618,10
univla_libero,depth_pruning1,libero_10__task_3,libero_10,10,10,1.0,227.1,0.0,10,23.0,0.0,13.185,443.75,10
univla_libero,depth_pruning1,libero_10__task_4,libero_10,10,9,0.9,267.5,0.0,10,27.3,0.0,16.014,443.342,10
univla_libero,depth_pruning1,libero_10__task_5,libero_10,10,9,0.9,193.4,0.0,10,19.8,0.0,10.224,404.825,10
univla_libero,depth_pruning1,libero_10__task_6,libero_10,10,8,0.8,321.3,0.0,10,32.5,0.0,17.943,411.254,10
univla_libero,depth_pruning1,libero_10__task_7,libero_10,10,8,0.8,296.6,0.0,10,30.0,0.0,17.824,475.762,10
univla_libero,depth_pruning1,libero_10__task_8,libero_10,10,8,0.8,413.7,0.0,10,41.7,0.0,22.133,403.649,10
univla_libero,depth_pruning1,libero_10__task_9,libero_10,10,8,0.8,333.2,0.0,10,33.7,0.0,19.665,459.537,10
univla_libero,depth_pruning1,libero_goal__task_0,libero_goal,10,9,0.9,141.9,0.0,10,14.7,0.0,8.429,444.137,10
univla_libero,depth_pruning1,libero_goal__task_1,libero_goal,10,10,1.0,89.9,0.0,10,9.4,0.0,5.699,467.919,10
univla_libero,depth_pruning1,libero_goal__task_2,libero_goal,10,10,1.0,88.8,0.0,10,9.3,0.0,5.964,506.836,10
univla_libero,depth_pruning1,libero_goal__task_3,libero_goal,10,8,0.8,208.4,0.0,10,21.2,0.0,13.185,473.796,10
univla_libero,depth_pruning1,libero_goal__task_4,libero_goal,10,9,0.9,104.7,0.0,10,10.9,0.0,7.102,488.682,10
univla_libero,depth_pruning1,libero_goal__task_5,libero_goal,10,9,0.9,165.9,0.0,10,16.9,0.0,9.793,441.219,10
univla_libero,depth_pruning1,libero_goal__task_6,libero_goal,10,10,1.0,96.5,0.0,10,9.9,0.0,6.438,498.28,10
univla_libero,depth_pruning1,libero_goal__task_7,libero_goal,10,10,1.0,76.7,0.0,10,8.1,0.0,4.632,442.21,10
univla_libero,depth_pruning1,libero_goal__task_8,libero_goal,10,10,1.0,78.5,0.0,10,8.1,0.0,5.083,475.413,10
univla_libero,depth_pruning1,libero_goal__task_9,libero_goal,10,8,0.8,165.6,0.0,10,16.8,0.0,10.586,487.612,10
univla_libero,depth_pruning1,libero_object__task_0,libero_object,10,10,1.0,159.0,0.0,10,16.3,0.0,9.963,460.669,10
univla_libero,depth_pruning1,libero_object__task_1,libero_object,10,10,1.0,136.7,0.0,10,14.3,0.0,8.649,459.155,10
univla_libero,depth_pruning1,libero_object__task_2,libero_object,10,10,1.0,116.3,0.0,10,12.2,0.0,7.198,444.869,10
univla_libero,depth_pruning1,libero_object__task_3,libero_object,10,10,1.0,143.3,0.0,10,14.8,0.0,8.63,444.361,10
univla_libero,depth_pruning1,libero_object__task_4,libero_object,10,10,1.0,140.9,0.0,10,14.3,0.0,8.366,434.829,10
univla_libero,depth_pruning1,libero_object__task_5,libero_object,10,10,1.0,132.5,0.0,10,13.8,0.0,8.404,445.471,10
univla_libero,depth_pruning1,libero_object__task_6,libero_object,10,9,0.9,194.5,0.0,10,19.8,0.0,12.278,475.86,10
univla_libero,depth_pruning1,libero_object__task_7,libero_object,10,10,1.0,131.8,0.0,10,13.7,0.0,8.011,443.953,10
univla_libero,depth_pruning1,libero_object__task_8,libero_object,10,10,1.0,163.5,0.0,10,16.8,0.0,9.985,460.455,10
univla_libero,depth_pruning1,libero_object__task_9,libero_object,10,10,1.0,113.8,0.0,10,11.8,0.0,6.795,435.942,10
univla_libero,depth_pruning1,libero_spatial__task_0,libero_spatial,10,7,0.7,120.7,0.0,10,12.4,0.0,9.303,552.024,10
univla_libero,depth_pruning1,libero_spatial__task_1,libero_spatial,10,10,1.0,104.7,0.0,10,10.8,0.0,7.152,490.408,10
univla_libero,depth_pruning1,libero_spatial__task_2,libero_spatial,10,10,1.0,93.1,0.0,10,9.8,0.0,6.473,479.746,10
univla_libero,depth_pruning1,libero_spatial__task_3,libero_spatial,10,10,1.0,83.7,0.0,10,8.7,0.0,6.004,504.72,10
univla_libero,depth_pruning1,libero_spatial__task_4,libero_spatial,10,10,1.0,126.6,0.0,10,13.0,0.0,8.749,482.249,10
univla_libero,depth_pruning1,libero_spatial__task_5,libero_spatial,10,10,1.0,96.5,0.0,10,10.0,0.0,7.007,511.073,10
univla_libero,depth_pruning1,libero_spatial__task_6,libero_spatial,10,10,1.0,102.8,0.0,10,10.8,0.0,7.406,475.237,10
univla_libero,depth_pruning1,libero_spatial__task_7,libero_spatial,10,10,1.0,119.9,0.0,10,12.4,0.0,8.538,483.203,10
univla_libero,depth_pruning1,libero_spatial__task_8,libero_spatial,10,9,0.9,109.6,0.0,10,11.4,0.0,7.886,497.77,10
univla_libero,depth_pruning1,libero_spatial__task_9,libero_spatial,10,10,1.0,120.7,0.0,10,12.5,0.0,8.677,489.792,10
univla_libero,depth_pruning2,libero_10__task_0,libero_10,10,8,0.8,323.1,0.0,10,32.7,0.0,19.931,436.707,10
univla_libero,depth_pruning2,libero_10__task_1,libero_10,10,10,1.0,255.8,0.0,10,26.1,0.0,15.952,455.828,10
univla_libero,depth_pruning2,libero_10__task_2,libero_10,10,10,1.0,245.4,0.0,10,25.1,0.0,13.704,414.535,10
univla_libero,depth_pruning2,libero_10__task_3,libero_10,10,10,1.0,236.5,0.0,10,24.1,0.0,13.518,432.407,10
univla_libero,depth_pruning2,libero_10__task_4,libero_10,10,9,0.9,251.9,0.0,10,25.6,0.0,14.855,432.539,10
univla_libero,depth_pruning2,libero_10__task_5,libero_10,10,9,0.9,200.3,0.0,10,20.3,0.0,10.482,398.402,10
univla_libero,depth_pruning2,libero_10__task_6,libero_10,10,8,0.8,283.6,0.0,10,28.7,0.0,15.371,398.848,10
univla_libero,depth_pruning2,libero_10__task_7,libero_10,10,9,0.9,280.9,0.0,10,28.5,0.0,16.756,457.047,10
univla_libero,depth_pruning2,libero_10__task_8,libero_10,10,7,0.7,440.1,0.0,10,44.3,0.0,22.881,391.72,10
univla_libero,depth_pruning2,libero_10__task_9,libero_10,10,9,0.9,308.5,0.0,10,31.2,0.0,18.223,461.732,10
univla_libero,depth_pruning2,libero_goal__task_0,libero_goal,10,7,0.7,176.3,0.0,10,18.0,0.0,10.441,439.044,10
univla_libero,depth_pruning2,libero_goal__task_1,libero_goal,10,8,0.8,134.2,0.0,10,13.8,0.0,8.501,460.952,10
univla_libero,depth_pruning2,libero_goal__task_2,libero_goal,10,10,1.0,86.1,0.0,10,9.1,0.0,5.671,466.246,10
univla_libero,depth_pruning2,libero_goal__task_3,libero_goal,10,7,0.7,214.6,0.0,10,21.8,0.0,13.116,450.667,10
univla_libero,depth_pruning2,libero_goal__task_4,libero_goal,10,10,1.0,84.5,0.0,10,8.9,0.0,5.591,465.177,10
univla_libero,depth_pruning2,libero_goal__task_5,libero_goal,10,10,1.0,159.1,0.0,10,16.5,0.0,9.476,420.616,10
univla_libero,depth_pruning2,libero_goal__task_6,libero_goal,10,9,0.9,114.4,0.0,10,11.9,0.0,7.652,480.12,10
univla_libero,depth_pruning2,libero_goal__task_7,libero_goal,10,10,1.0,75.6,0.0,10,8.1,0.0,4.563,430.855,10
univla_libero,depth_pruning2,libero_goal__task_8,libero_goal,10,10,1.0,77.6,0.0,10,8.2,0.0,5.075,476.599,10
univla_libero,depth_pruning2,libero_goal__task_9,libero_goal,10,8,0.8,167.7,0.0,10,17.1,0.0,10.478,461.855,10
univla_libero,depth_pruning2,libero_object__task_0,libero_object,10,10,1.0,160.3,0.0,10,16.4,0.0,9.941,444.322,10
univla_libero,depth_pruning2,libero_object__task_1,libero_object,10,10,1.0,126.4,0.0,10,13.2,0.0,7.565,432.245,10
univla_libero,depth_pruning2,libero_object__task_2,libero_object,10,10,1.0,116.7,0.0,10,12.2,0.0,7.084,429.243,10
univla_libero,depth_pruning2,libero_object__task_3,libero_object,10,9,0.9,149.8,0.0,10,15.2,0.0,8.946,437.67,10
univla_libero,depth_pruning2,libero_object__task_4,libero_object,10,9,0.9,157.1,0.0,10,16.1,0.0,9.122,430.331,10
univla_libero,depth_pruning2,libero_object__task_5,libero_object,10,9,0.9,145.6,0.0,10,15.0,0.0,8.935,442.262,10
univla_libero,depth_pruning2,libero_object__task_6,libero_object,10,10,1.0,153.2,0.0,10,15.8,0.0,9.339,450.654,10
univla_libero,depth_pruning2,libero_object__task_7,libero_object,10,9,0.9,141.3,0.0,10,14.6,0.0,8.376,436.581,10
univla_libero,depth_pruning2,libero_object__task_8,libero_object,10,9,0.9,174.6,0.0,10,17.9,0.0,10.797,449.929,10
univla_libero,depth_pruning2,libero_object__task_9,libero_object,10,9,0.9,134.5,0.0,10,13.9,0.0,7.886,430.396,10
univla_libero,depth_pruning2,libero_spatial__task_0,libero_spatial,10,8,0.8,111.3,0.0,10,11.4,0.0,8.024,524.422,10
univla_libero,depth_pruning2,libero_spatial__task_1,libero_spatial,10,10,1.0,108.6,0.0,10,11.2,0.0,7.251,477.868,10
univla_libero,depth_pruning2,libero_spatial__task_2,libero_spatial,10,10,1.0,94.0,0.0,10,9.9,0.0,6.438,467.141,10
univla_libero,depth_pruning2,libero_spatial__task_3,libero_spatial,10,10,1.0,82.0,0.0,10,8.7,0.0,5.892,505.402,10
univla_libero,depth_pruning2,libero_spatial__task_4,libero_spatial,10,8,0.8,146.2,0.0,10,15.1,0.0,10.024,475.946,10
univla_libero,depth_pruning2,libero_spatial__task_5,libero_spatial,10,9,0.9,111.7,0.0,10,11.5,0.0,8.169,497.723,10
univla_libero,depth_pruning2,libero_spatial__task_6,libero_spatial,10,10,1.0,105.2,0.0,10,10.9,0.0,7.197,463.357,10
univla_libero,depth_pruning2,libero_spatial__task_7,libero_spatial,10,10,1.0,117.5,0.0,10,12.1,0.0,8.032,467.928,10
univla_libero,depth_pruning2,libero_spatial__task_8,libero_spatial,10,10,1.0,106.2,0.0,10,11.1,0.0,7.471,490.602,10
univla_libero,depth_pruning2,libero_spatial__task_9,libero_spatial,10,9,0.9,131.9,0.0,10,13.8,0.0,9.687,498.879,10
univla_libero,depth_pruning4,libero_10__task_0,libero_10,10,9,0.9,297.8,0.0,10,30.3,0.0,17.047,404.762,10
univla_libero,depth_pruning4,libero_10__task_1,libero_10,10,10,1.0,252.5,0.0,10,25.7,0.0,15.064,436.414,10
univla_libero,depth_pruning4,libero_10__task_2,libero_10,10,10,1.0,246.0,0.0,10,25.0,0.0,13.117,396.496,10
univla_libero,depth_pruning4,libero_10__task_3,libero_10,10,9,0.9,259.5,0.0,10,26.3,0.0,13.845,394.895,10
univla_libero,depth_pruning4,libero_10__task_4,libero_10,10,10,1.0,240.3,0.0,10,24.5,0.0,13.527,405.931,10
univla_libero,depth_pruning4,libero_10__task_5,libero_10,10,8,0.8,264.3,0.0,10,26.8,0.0,13.272,378.206,10
univla_libero,depth_pruning4,libero_10__task_6,libero_10,10,7,0.7,338.2,0.0,10,34.2,0.0,17.794,380.242,10
univla_libero,depth_pruning4,libero_10__task_7,libero_10,10,7,0.7,336.1,0.0,10,33.8,0.0,19.121,438.374,10
univla_libero,depth_pruning4,libero_10__task_8,libero_10,10,9,0.9,421.9,0.0,10,42.6,0.0,21.068,365.305,10
univla_libero,depth_pruning4,libero_10__task_9,libero_10,10,7,0.7,388.3,0.0,10,39.0,0.0,21.706,423.883,10
univla_libero,depth_pruning4,libero_goal__task_0,libero_goal,10,8,0.8,172.8,0.0,10,17.7,0.0,9.946,417.538,10
univla_libero,depth_pruning4,libero_goal__task_1,libero_goal,10,10,1.0,90.7,0.0,10,9.6,0.0,5.521,422.536,10
univla_libero,depth_pruning4,libero_goal__task_2,libero_goal,10,9,0.9,110.9,0.0,10,11.4,0.0,6.963,453.848,10
univla_libero,depth_pruning4,libero_goal__task_3,libero_goal,10,10,1.0,197.4,0.0,10,20.1,0.0,11.597,430.07,10
univla_libero,depth_pruning4,libero_goal__task_4,libero_goal,10,10,1.0,97.1,0.0,10,10.3,0.0,6.167,440.443,10
univla_libero,depth_pruning4,libero_goal__task_5,libero_goal,10,6,0.6,226.3,0.0,10,22.9,0.0,12.882,420.427,10
univla_libero,depth_pruning4,libero_goal__task_6,libero_goal,10,7,0.7,154.4,0.0,10,15.7,0.0,9.757,453.017,10
univla_libero,depth_pruning4,libero_goal__task_7,libero_goal,10,10,1.0,77.4,0.0,10,8.1,0.0,4.373,406.514,10
univla_libero,depth_pruning4,libero_goal__task_8,libero_goal,10,10,1.0,77.6,0.0,10,8.2,0.0,4.74,434.211,10
univla_libero,depth_pruning4,libero_goal__task_9,libero_goal,10,4,0.4,232.5,0.0,10,23.4,0.0,13.913,449.584,10
univla_libero,depth_pruning4,libero_object__task_0,libero_object,10,10,1.0,150.4,0.0,10,15.5,0.0,8.902,423.198,10
univla_libero,depth_pruning4,libero_object__task_1,libero_object,10,8,0.8,163.4,0.0,10,16.7,0.0,9.624,419.614,10
univla_libero,depth_pruning4,libero_object__task_2,libero_object,10,10,1.0,118.5,0.0,10,12.3,0.0,6.796,402.305,10
univla_libero,depth_pruning4,libero_object__task_3,libero_object,10,8,0.8,175.4,0.0,10,17.8,0.0,9.965,417.765,10
univla_libero,depth_pruning4,libero_object__task_4,libero_object,10,10,1.0,144.2,0.0,10,14.8,0.0,8.053,405.845,10
univla_libero,depth_pruning4,libero_object__task_5,libero_object,10,7,0.7,186.0,0.0,10,18.9,0.0,11.056,427.654,10
univla_libero,depth_pruning4,libero_object__task_6,libero_object,10,10,1.0,168.0,0.0,10,17.2,0.0,10.039,434.995,10
univla_libero,depth_pruning4,libero_object__task_7,libero_object,10,10,1.0,131.2,0.0,10,13.4,0.0,7.377,411.003,10
univla_libero,depth_pruning4,libero_object__task_8,libero_object,10,9,0.9,174.6,0.0,10,17.9,0.0,10.183,424.189,10
univla_libero,depth_pruning4,libero_object__task_9,libero_object,10,10,1.0,123.0,0.0,10,12.8,0.0,6.863,392.183,10
univla_libero,depth_pruning4,libero_spatial__task_0,libero_spatial,10,9,0.9,91.4,0.0,10,9.6,0.0,6.417,489.935,10
univla_libero,depth_pruning4,libero_spatial__task_1,libero_spatial,10,9,0.9,114.7,0.0,10,11.9,0.0,7.506,451.308,10
univla_libero,depth_pruning4,libero_spatial__task_2,libero_spatial,10,10,1.0,90.9,0.0,10,9.4,0.0,5.821,432.965,10
univla_libero,depth_pruning4,libero_spatial__task_3,libero_spatial,10,10,1.0,83.3,0.0,10,8.8,0.0,5.717,457.793,10
univla_libero,depth_pruning4,libero_spatial__task_4,libero_spatial,10,9,0.9,135.4,0.0,10,14.0,0.0,8.858,447.968,10
univla_libero,depth_pruning4,libero_spatial__task_5,libero_spatial,10,10,1.0,93.0,0.0,10,9.8,0.0,6.496,476.323,10
univla_libero,depth_pruning4,libero_spatial__task_6,libero_spatial,10,10,1.0,106.4,0.0,10,11.1,0.0,7.111,441.179,10
univla_libero,depth_pruning4,libero_spatial__task_7,libero_spatial,10,10,1.0,117.2,0.0,10,12.1,0.0,7.701,423.938,10
univla_libero,depth_pruning4,libero_spatial__task_8,libero_spatial,10,9,0.9,111.0,0.0,10,11.5,0.0,7.605,480.059,10
univla_libero,depth_pruning4,libero_spatial__task_9,libero_spatial,10,8,0.8,148.4,0.0,10,15.2,0.0,10.229,464.199,10
univla_libero,fixed_foveation_keep20,libero_10__task_0,libero_10,10,10,1.0,255.2,0.0,10,25.9,0.0,16.342,453.122,10
univla_libero,fixed_foveation_keep20,libero_10__task_1,libero_10,10,10,1.0,238.8,0.0,10,24.3,0.0,15.547,483.5,10
univla_libero,fixed_foveation_keep20,libero_10__task_2,libero_10,10,8,0.8,281.8,0.0,10,28.5,0.0,16.66,452.967,10
univla_libero,fixed_foveation_keep20,libero_10__task_3,libero_10,10,10,1.0,226.1,0.0,10,23.3,0.0,13.705,459.697,10
univla_libero,fixed_foveation_keep20,libero_10__task_4,libero_10,10,10,1.0,229.7,0.0,10,23.6,0.0,14.362,450.387,10
univla_libero,fixed_foveation_keep20,libero_10__task_5,libero_10,10,10,1.0,153.9,0.0,10,15.8,0.0,8.314,415.383,10
univla_libero,fixed_foveation_keep20,libero_10__task_6,libero_10,10,8,0.8,299.0,0.0,10,30.2,0.0,17.179,430.569,10
univla_libero,fixed_foveation_keep20,libero_10__task_7,libero_10,10,8,0.8,299.5,0.0,10,30.3,0.0,18.569,482.065,10
univla_libero,fixed_foveation_keep20,libero_10__task_8,libero_10,10,2,0.2,487.2,0.0,10,48.8,0.0,27.102,414.096,10
univla_libero,fixed_foveation_keep20,libero_10__task_9,libero_10,10,10,1.0,286.2,0.0,10,29.1,0.0,17.904,478.001,10
univla_libero,fixed_foveation_keep20,libero_goal__task_0,libero_goal,10,7,0.7,174.5,0.0,10,17.7,0.0,10.999,466.686,10
univla_libero,fixed_foveation_keep20,libero_goal__task_1,libero_goal,10,9,0.9,107.2,0.0,10,11.0,0.0,7.248,483.091,10
univla_libero,fixed_foveation_keep20,libero_goal__task_2,libero_goal,10,10,1.0,89.8,0.0,10,9.3,0.0,6.148,504.496,10
univla_libero,fixed_foveation_keep20,libero_goal__task_3,libero_goal,10,9,0.9,188.6,0.0,10,19.3,0.0,11.964,467.203,10
univla_libero,fixed_foveation_keep20,libero_goal__task_4,libero_goal,10,9,0.9,107.7,0.0,10,11.1,0.0,7.462,502.286,10
univla_libero,fixed_foveation_keep20,libero_goal__task_5,libero_goal,10,8,0.8,166.1,0.0,10,17.1,0.0,10.278,450.67,10
univla_libero,fixed_foveation_keep20,libero_goal__task_6,libero_goal,10,9,0.9,113.9,0.0,10,11.6,0.0,7.813,504.51,10
univla_libero,fixed_foveation_keep20,libero_goal__task_7,libero_goal,10,10,1.0,76.0,0.0,10,8.1,0.0,4.74,452.504,10
univla_libero,fixed_foveation_keep20,libero_goal__task_8,libero_goal,10,10,1.0,74.2,0.0,10,7.9,0.0,5.023,495.032,10
univla_libero,fixed_foveation_keep20,libero_goal__task_9,libero_goal,10,6,0.6,200.0,0.0,10,20.3,0.0,12.827,489.145,10
univla_libero,fixed_foveation_keep20,libero_object__task_0,libero_object,10,10,1.0,138.1,0.0,10,14.3,0.0,8.965,469.442,10
univla_libero,fixed_foveation_keep20,libero_object__task_1,libero_object,10,10,1.0,131.7,0.0,10,13.4,0.0,8.223,457.277,10
univla_libero,fixed_foveation_keep20,libero_object__task_2,libero_object,10,10,1.0,114.7,0.0,10,11.9,0.0,7.344,462.489,10
univla_libero,fixed_foveation_keep20,libero_object__task_3,libero_object,10,10,1.0,143.3,0.0,10,14.7,0.0,9.227,466.361,10
univla_libero,fixed_foveation_keep20,libero_object__task_4,libero_object,10,10,1.0,138.4,0.0,10,14.1,0.0,8.563,455.09,10
univla_libero,fixed_foveation_keep20,libero_object__task_5,libero_object,10,10,1.0,126.3,0.0,10,13.1,0.0,8.237,474.855,10
univla_libero,fixed_foveation_keep20,libero_object__task_6,libero_object,10,10,1.0,164.0,0.0,10,16.9,0.0,10.322,456.892,10
univla_libero,fixed_foveation_keep20,libero_object__task_7,libero_object,10,10,1.0,127.7,0.0,10,13.2,0.0,7.866,455.423,10
univla_libero,fixed_foveation_keep20,libero_object__task_8,libero_object,10,10,1.0,153.9,0.0,10,15.7,0.0,9.556,460.599,10
univla_libero,fixed_foveation_keep20,libero_object__task_9,libero_object,10,10,1.0,122.3,0.0,10,12.5,0.0,7.376,449.894,10
univla_libero,fixed_foveation_keep20,libero_spatial__task_0,libero_spatial,10,7,0.7,128.5,0.0,10,13.1,0.0,10.293,587.866,10
univla_libero,fixed_foveation_keep20,libero_spatial__task_1,libero_spatial,10,9,0.9,115.2,0.0,10,12.0,0.0,8.281,498.807,10
univla_libero,fixed_foveation_keep20,libero_spatial__task_2,libero_spatial,10,10,1.0,91.5,0.0,10,9.4,0.0,6.356,486.347,10
univla_libero,fixed_foveation_keep20,libero_spatial__task_3,libero_spatial,10,9,0.9,98.2,0.0,10,10.0,0.0,7.345,530.588,10
univla_libero,fixed_foveation_keep20,libero_spatial__task_4,libero_spatial,10,10,1.0,126.3,0.0,10,12.9,0.0,9.001,493.145,10
univla_libero,fixed_foveation_keep20,libero_spatial__task_5,libero_spatial,10,9,0.9,110.0,0.0,10,11.4,0.0,8.506,523.82,10
univla_libero,fixed_foveation_keep20,libero_spatial__task_6,libero_spatial,10,10,1.0,105.2,0.0,10,11.0,0.0,7.829,495.34,10
univla_libero,fixed_foveation_keep20,libero_spatial__task_7,libero_spatial,10,10,1.0,112.6,0.0,10,11.8,0.0,8.362,495.702,10
univla_libero,fixed_foveation_keep20,libero_spatial__task_8,libero_spatial,10,9,0.9,117.0,0.0,10,12.2,0.0,8.711,522.006,10
univla_libero,fixed_foveation_keep20,libero_spatial__task_9,libero_spatial,10,8,0.8,139.7,0.0,10,14.3,0.0,10.618,522.979,10
univla_libero,fixed_foveation_keep50,libero_10__task_0,libero_10,10,9,0.9,301.0,0.0,10,30.5,0.0,19.307,461.253,10
univla_libero,fixed_foveation_keep50,libero_10__task_1,libero_10,10,10,1.0,239.8,0.0,10,24.4,0.0,15.667,484.723,10
univla_libero,fixed_foveation_keep50,libero_10__task_2,libero_10,10,9,0.9,257.6,0.0,10,26.3,0.0,15.444,456.237,10
univla_libero,fixed_foveation_keep50,libero_10__task_3,libero_10,10,10,1.0,222.7,0.0,10,22.8,0.0,13.369,444.802,10
univla_libero,fixed_foveation_keep50,libero_10__task_4,libero_10,10,10,1.0,229.8,0.0,10,23.5,0.0,14.342,457.031,10
univla_libero,fixed_foveation_keep50,libero_10__task_5,libero_10,10,10,1.0,169.8,0.0,10,17.2,0.0,9.193,418.451,10
univla_libero,fixed_foveation_keep50,libero_10__task_6,libero_10,10,10,1.0,214.4,0.0,10,21.9,0.0,12.431,427.845,10
univla_libero,fixed_foveation_keep50,libero_10__task_7,libero_10,10,8,0.8,303.9,0.0,10,30.9,0.0,19.338,491.344,10
univla_libero,fixed_foveation_keep50,libero_10__task_8,libero_10,10,6,0.6,444.0,0.0,10,44.6,0.0,24.911,418.737,10
univla_libero,fixed_foveation_keep50,libero_10__task_9,libero_10,10,8,0.8,305.8,0.0,10,31.1,0.0,18.914,470.497,10
univla_libero,fixed_foveation_keep50,libero_goal__task_0,libero_goal,10,10,1.0,134.5,0.0,10,14.1,0.0,8.48,455.332,10
univla_libero,fixed_foveation_keep50,libero_goal__task_1,libero_goal,10,10,1.0,87.0,0.0,10,9.0,0.0,5.72,470.759,10
univla_libero,fixed_foveation_keep50,libero_goal__task_2,libero_goal,10,10,1.0,88.2,0.0,10,9.3,0.0,6.13,485.45,10
univla_libero,fixed_foveation_keep50,libero_goal__task_3,libero_goal,10,10,1.0,185.3,0.0,10,18.9,0.0,11.838,468.081,10
univla_libero,fixed_foveation_keep50,libero_goal__task_4,libero_goal,10,10,1.0,88.4,0.0,10,9.3,0.0,6.167,487.651,10
univla_libero,fixed_foveation_keep50,libero_goal__task_5,libero_goal,10,10,1.0,161.7,0.0,10,16.7,0.0,10.064,459.992,10
univla_libero,fixed_foveation_keep50,libero_goal__task_6,libero_goal,10,10,1.0,100.7,0.0,10,10.3,0.0,6.904,504.147,10
univla_libero,fixed_foveation_keep50,libero_goal__task_7,libero_goal,10,10,1.0,75.5,0.0,10,8.1,0.0,4.791,452.602,10
univla_libero,fixed_foveation_keep50,libero_goal__task_8,libero_goal,10,10,1.0,75.2,0.0,10,7.9,0.0,5.097,486.283,10
univla_libero,fixed_foveation_keep50,libero_goal__task_9,libero_goal,10,9,0.9,147.2,0.0,10,15.0,0.0,9.702,495.669,10
univla_libero,fixed_foveation_keep50,libero_object__task_0,libero_object,10,10,1.0,148.7,0.0,10,15.5,0.0,9.739,469.563,10
univla_libero,fixed_foveation_keep50,libero_object__task_1,libero_object,10,10,1.0,135.0,0.0,10,14.0,0.0,8.622,461.64,10
univla_libero,fixed_foveation_keep50,libero_object__task_2,libero_object,10,9,0.9,130.5,0.0,10,13.5,0.0,8.426,468.371,10
univla_libero,fixed_foveation_keep50,libero_object__task_3,libero_object,10,10,1.0,140.1,0.0,10,14.4,0.0,8.6,447.215,10
univla_libero,fixed_foveation_keep50,libero_object__task_4,libero_object,10,10,1.0,139.6,0.0,10,14.2,0.0,8.489,458.732,10
univla_libero,fixed_foveation_keep50,libero_object__task_5,libero_object,10,10,1.0,124.8,0.0,10,12.9,0.0,8.009,470.289,10
univla_libero,fixed_foveation_keep50,libero_object__task_6,libero_object,10,8,0.8,182.1,0.0,10,18.6,0.0,11.333,460.603,10
univla_libero,fixed_foveation_keep50,libero_object__task_7,libero_object,10,10,1.0,127.6,0.0,10,13.0,0.0,7.814,464.008,10
univla_libero,fixed_foveation_keep50,libero_object__task_8,libero_object,10,10,1.0,149.3,0.0,10,15.3,0.0,9.273,466.336,10
univla_libero,fixed_foveation_keep50,libero_object__task_9,libero_object,10,10,1.0,122.0,0.0,10,12.7,0.0,7.545,452.429,10
univla_libero,fixed_foveation_keep50,libero_spatial__task_0,libero_spatial,10,9,0.9,95.0,0.0,10,9.7,0.0,7.353,557.463,10
univla_libero,fixed_foveation_keep50,libero_spatial__task_1,libero_spatial,10,10,1.0,103.2,0.0,10,10.7,0.0,7.364,508.7,10
univla_libero,fixed_foveation_keep50,libero_spatial__task_2,libero_spatial,10,9,0.9,105.6,0.0,10,10.9,0.0,7.366,475.97,10
univla_libero,fixed_foveation_keep50,libero_spatial__task_3,libero_spatial,10,10,1.0,83.2,0.0,10,8.7,0.0,6.271,526.097,10
univla_libero,fixed_foveation_keep50,libero_spatial__task_4,libero_spatial,10,10,1.0,124.0,0.0,10,12.9,0.0,9.001,503.149,10
univla_libero,fixed_foveation_keep50,libero_spatial__task_5,libero_spatial,10,10,1.0,93.4,0.0,10,9.9,0.0,7.087,520.951,10
univla_libero,fixed_foveation_keep50,libero_spatial__task_6,libero_spatial,10,10,1.0,110.8,0.0,10,11.6,0.0,8.178,491.738,10
univla_libero,fixed_foveation_keep50,libero_spatial__task_7,libero_spatial,10,10,1.0,120.3,0.0,10,12.5,0.0,8.918,489.759,10
univla_libero,fixed_foveation_keep50,libero_spatial__task_8,libero_spatial,10,8,0.8,126.2,0.0,10,12.9,0.0,9.331,526.616,10
univla_libero,fixed_foveation_keep50,libero_spatial__task_9,libero_spatial,10,10,1.0,127.6,0.0,10,13.1,0.0,9.607,515.25,10
univla_libero,guarded_reuse_aggressive,libero_10__task_0,libero_10,10,10,1.0,259.8,0.0,10,26.2,0.2,16.116,452.828,10
univla_libero,guarded_reuse_aggressive,libero_10__task_1,libero_10,10,9,0.9,265.7,0.0,10,27.1,0.0,17.142,486.985,10
univla_libero,guarded_reuse_aggressive,libero_10__task_2,libero_10,10,10,1.0,246.7,0.0,10,25.2,0.0,14.124,442.979,10
univla_libero,guarded_reuse_aggressive,libero_10__task_3,libero_10,10,10,1.0,226.5,0.0,10,23.1,0.0,13.251,452.228,10
univla_libero,guarded_reuse_aggressive,libero_10__task_4,libero_10,10,9,0.9,256.7,0.0,10,26.0,0.0,15.341,450.735,10
univla_libero,guarded_reuse_aggressive,libero_10__task_5,libero_10,10,9,0.9,196.2,0.0,10,19.7,0.3,10.341,415.229,10
univla_libero,guarded_reuse_aggressive,libero_10__task_6,libero_10,10,8,0.8,282.2,0.0,10,28.1,0.5,15.748,424.488,10
univla_libero,guarded_reuse_aggressive,libero_10__task_7,libero_10,10,8,0.8,297.4,0.0,10,29.3,0.7,17.698,472.064,10
univla_libero,guarded_reuse_aggressive,libero_10__task_8,libero_10,10,6,0.6,438.7,0.0,10,44.2,0.0,23.514,399.955,10
univla_libero,guarded_reuse_aggressive,libero_10__task_9,libero_10,10,7,0.7,342.4,0.0,10,34.5,0.0,20.464,471.815,10
univla_libero,guarded_reuse_aggressive,libero_goal__task_0,libero_goal,10,7,0.7,178.0,0.0,10,18.3,0.0,11.204,447.696,10
univla_libero,guarded_reuse_aggressive,libero_goal__task_1,libero_goal,10,10,1.0,90.3,0.0,10,9.4,0.0,5.853,467.809,10
univla_libero,guarded_reuse_aggressive,libero_goal__task_2,libero_goal,10,10,1.0,89.4,0.0,10,9.4,0.0,6.104,493.799,10
univla_libero,guarded_reuse_aggressive,libero_goal__task_3,libero_goal,10,9,0.9,202.5,0.0,10,20.7,0.0,12.807,472.054,10
univla_libero,guarded_reuse_aggressive,libero_goal__task_4,libero_goal,10,10,1.0,82.4,0.0,10,8.7,0.0,5.621,490.347,10
univla_libero,guarded_reuse_aggressive,libero_goal__task_5,libero_goal,10,8,0.8,175.9,0.0,10,17.8,0.0,10.64,450.182,10
univla_libero,guarded_reuse_aggressive,libero_goal__task_6,libero_goal,10,10,1.0,91.9,0.0,10,9.4,0.0,6.033,495.392,10
univla_libero,guarded_reuse_aggressive,libero_goal__task_7,libero_goal,10,10,1.0,75.2,0.0,10,8.0,0.0,4.686,445.115,10
univla_libero,guarded_reuse_aggressive,libero_goal__task_8,libero_goal,10,10,1.0,75.3,0.0,10,7.9,0.0,5.025,485.533,10
univla_libero,guarded_reuse_aggressive,libero_goal__task_9,libero_goal,10,8,0.8,164.7,0.0,10,16.9,0.0,10.716,496.069,10
univla_libero,guarded_reuse_aggressive,libero_object__task_0,libero_object,10,10,1.0,148.6,0.0,10,15.2,0.0,9.425,466.999,10
univla_libero,guarded_reuse_aggressive,libero_object__task_1,libero_object,10,10,1.0,140.9,0.0,10,14.6,0.0,9.027,461.253,10
univla_libero,guarded_reuse_aggressive,libero_object__task_2,libero_object,10,10,1.0,114.3,0.0,10,11.9,0.0,7.225,449.5,10
univla_libero,guarded_reuse_aggressive,libero_object__task_3,libero_object,10,9,0.9,161.5,0.0,10,16.6,0.0,10.019,460.493,10
univla_libero,guarded_reuse_aggressive,libero_object__task_4,libero_object,10,9,0.9,153.4,0.0,10,15.6,0.0,9.139,449.016,10
univla_libero,guarded_reuse_aggressive,libero_object__task_5,libero_object,10,10,1.0,152.4,0.0,10,15.7,0.0,9.986,473.969,10
univla_libero,guarded_reuse_aggressive,libero_object__task_6,libero_object,10,8,0.8,180.4,0.0,10,18.2,0.0,11.228,473.988,10
univla_libero,guarded_reuse_aggressive,libero_object__task_7,libero_object,10,10,1.0,127.1,0.0,10,13.2,0.0,7.823,470.091,10
univla_libero,guarded_reuse_aggressive,libero_object__task_8,libero_object,10,10,1.0,160.1,0.0,10,16.5,0.0,9.866,470.174,10
univla_libero,guarded_reuse_aggressive,libero_object__task_9,libero_object,10,10,1.0,119.5,0.0,10,12.3,0.0,7.053,434.971,10
univla_libero,guarded_reuse_aggressive,libero_spatial__task_0,libero_spatial,10,9,0.9,91.5,0.0,10,9.5,0.0,7.056,542.433,10
univla_libero,guarded_reuse_aggressive,libero_spatial__task_1,libero_spatial,10,10,1.0,107.7,0.0,10,11.3,0.0,7.564,489.216,10
univla_libero,guarded_reuse_aggressive,libero_spatial__task_2,libero_spatial,10,10,1.0,91.8,0.0,10,9.5,0.0,6.235,478.447,10
univla_libero,guarded_reuse_aggressive,libero_spatial__task_3,libero_spatial,10,9,0.9,96.8,0.0,10,10.0,0.0,7.051,506.484,10
univla_libero,guarded_reuse_aggressive,libero_spatial__task_4,libero_spatial,10,10,1.0,123.6,0.0,10,12.8,0.0,8.759,498.505,10
univla_libero,guarded_reuse_aggressive,libero_spatial__task_5,libero_spatial,10,9,0.9,108.5,0.0,10,11.3,0.0,8.113,517.237,10
univla_libero,guarded_reuse_aggressive,libero_spatial__task_6,libero_spatial,10,10,1.0,103.0,0.0,10,10.8,0.0,7.391,487.51,10
univla_libero,guarded_reuse_aggressive,libero_spatial__task_7,libero_spatial,10,10,1.0,119.9,0.0,10,12.5,0.0,8.628,480.293,10
univla_libero,guarded_reuse_aggressive,libero_spatial__task_8,libero_spatial,10,9,0.9,109.8,0.0,10,11.5,0.0,7.994,509.533,10
univla_libero,guarded_reuse_aggressive,libero_spatial__task_9,libero_spatial,10,9,0.9,130.5,0.0,10,13.5,0.0,9.807,510.294,10
univla_libero,guarded_reuse_moderate,libero_10__task_0,libero_10,10,10,1.0,259.1,0.0,10,26.2,0.1,16.398,455.591,10
univla_libero,guarded_reuse_moderate,libero_10__task_1,libero_10,10,9,0.9,265.7,0.0,10,27.1,0.0,17.41,488.886,10
univla_libero,guarded_reuse_moderate,libero_10__task_2,libero_10,10,10,1.0,246.7,0.0,10,25.2,0.0,14.463,450.045,10
univla_libero,guarded_reuse_moderate,libero_10__task_3,libero_10,10,10,1.0,226.3,0.0,10,23.1,0.0,13.455,453.316,10
univla_libero,guarded_reuse_moderate,libero_10__task_4,libero_10,10,9,0.9,256.7,0.0,10,26.0,0.0,15.742,457.864,10
univla_libero,guarded_reuse_moderate,libero_10__task_5,libero_10,10,9,0.9,194.7,0.0,10,19.9,0.0,10.753,423.904,10
univla_libero,guarded_reuse_moderate,libero_10__task_6,libero_10,10,8,0.8,281.4,0.0,10,28.2,0.3,16.233,439.148,10
univla_libero,guarded_reuse_moderate,libero_10__task_7,libero_10,10,8,0.8,297.4,0.0,10,29.8,0.2,18.515,485.992,10
univla_libero,guarded_reuse_moderate,libero_10__task_8,libero_10,10,6,0.6,438.7,0.0,10,44.2,0.0,24.219,406.715,10
univla_libero,guarded_reuse_moderate,libero_10__task_9,libero_10,10,7,0.7,342.2,0.0,10,34.5,0.0,20.925,475.645,10
univla_libero,guarded_reuse_moderate,libero_goal__task_0,libero_goal,10,7,0.7,178.0,0.0,10,18.3,0.0,11.252,450.606,10
univla_libero,guarded_reuse_moderate,libero_goal__task_1,libero_goal,10,10,1.0,90.3,0.0,10,9.4,0.0,5.831,469.168,10
univla_libero,guarded_reuse_moderate,libero_goal__task_2,libero_goal,10,10,1.0,89.5,0.0,10,9.4,0.0,6.093,494.888,10
univla_libero,guarded_reuse_moderate,libero_goal__task_3,libero_goal,10,9,0.9,202.5,0.0,10,20.7,0.0,12.78,474.393,10
univla_libero,guarded_reuse_moderate,libero_goal__task_4,libero_goal,10,10,1.0,82.4,0.0,10,8.7,0.0,5.599,492.228,10
univla_libero,guarded_reuse_moderate,libero_goal__task_5,libero_goal,10,8,0.8,175.9,0.0,10,17.8,0.0,10.592,450.885,10
univla_libero,guarded_reuse_moderate,libero_goal__task_6,libero_goal,10,10,1.0,91.9,0.0,10,9.4,0.0,6.041,500.6,10
univla_libero,guarded_reuse_moderate,libero_goal__task_7,libero_goal,10,10,1.0,75.2,0.0,10,8.0,0.0,4.674,445.696,10
univla_libero,guarded_reuse_moderate,libero_goal__task_8,libero_goal,10,10,1.0,75.3,0.0,10,7.9,0.0,5.0,488.32,10
univla_libero,guarded_reuse_moderate,libero_goal__task_9,libero_goal,10,9,0.9,154.4,0.0,10,16.0,0.0,10.067,497.552,10
univla_libero,guarded_reuse_moderate,libero_object__task_0,libero_object,10,10,1.0,148.6,0.0,10,15.2,0.0,9.493,469.687,10
univla_libero,guarded_reuse_moderate,libero_object__task_1,libero_object,10,10,1.0,140.9,0.0,10,14.6,0.0,8.933,459.403,10
univla_libero,guarded_reuse_moderate,libero_object__task_2,libero_object,10,10,1.0,114.3,0.0,10,11.9,0.0,7.223,453.733,10
univla_libero,guarded_reuse_moderate,libero_object__task_3,libero_object,10,9,0.9,161.5,0.0,10,16.6,0.0,10.04,469.798,10
univla_libero,guarded_reuse_moderate,libero_object__task_4,libero_object,10,9,0.9,153.4,0.0,10,15.6,0.0,9.209,454.184,10
univla_libero,guarded_reuse_moderate,libero_object__task_5,libero_object,10,10,1.0,152.4,0.0,10,15.7,0.0,9.995,471.454,10
univla_libero,guarded_reuse_moderate,libero_object__task_6,libero_object,10,8,0.8,180.4,0.0,10,18.2,0.0,11.36,480.786,10
univla_libero,guarded_reuse_moderate,libero_object__task_7,libero_object,10,10,1.0,127.1,0.0,10,13.2,0.0,7.962,475.946,10
univla_libero,guarded_reuse_moderate,libero_object__task_8,libero_object,10,10,1.0,160.1,0.0,10,16.5,0.0,10.131,479.263,10
univla_libero,guarded_reuse_moderate,libero_object__task_9,libero_object,10,10,1.0,119.5,0.0,10,12.3,0.0,7.244,440.996,10
univla_libero,guarded_reuse_moderate,libero_spatial__task_0,libero_spatial,10,9,0.9,91.5,0.0,10,9.5,0.0,7.109,545.007,10
univla_libero,guarded_reuse_moderate,libero_spatial__task_1,libero_spatial,10,10,1.0,107.7,0.0,10,11.3,0.0,7.631,489.744,10
univla_libero,guarded_reuse_moderate,libero_spatial__task_2,libero_spatial,10,10,1.0,91.8,0.0,10,9.5,0.0,6.283,477.858,10
univla_libero,guarded_reuse_moderate,libero_spatial__task_3,libero_spatial,10,9,0.9,96.8,0.0,10,10.0,0.0,7.051,506.634,10
univla_libero,guarded_reuse_moderate,libero_spatial__task_4,libero_spatial,10,10,1.0,123.6,0.0,10,12.8,0.0,8.801,498.251,10
univla_libero,guarded_reuse_moderate,libero_spatial__task_5,libero_spatial,10,9,0.9,108.5,0.0,10,11.3,0.0,8.186,521.691,10
univla_libero,guarded_reuse_moderate,libero_spatial__task_6,libero_spatial,10,10,1.0,103.0,0.0,10,10.8,0.0,7.423,487.38,10
univla_libero,guarded_reuse_moderate,libero_spatial__task_7,libero_spatial,10,10,1.0,119.9,0.0,10,12.5,0.0,8.648,485.098,10
univla_libero,guarded_reuse_moderate,libero_spatial__task_8,libero_spatial,10,9,0.9,109.8,0.0,10,11.5,0.0,8.066,514.268,10
univla_libero,guarded_reuse_moderate,libero_spatial__task_9,libero_spatial,10,9,0.9,130.5,0.0,10,13.5,0.0,9.873,519.718,10
univla_libero,guarded_reuse_strict,libero_10__task_0,libero_10,10,10,1.0,259.1,0.0,10,26.2,0.1,16.296,451.413,10
univla_libero,guarded_reuse_strict,libero_10__task_1,libero_10,10,9,0.9,265.7,0.0,10,27.1,0.0,17.307,487.362,10
univla_libero,guarded_reuse_strict,libero_10__task_2,libero_10,10,10,1.0,246.7,0.0,10,25.2,0.0,14.447,446.859,10
univla_libero,guarded_reuse_strict,libero_10__task_3,libero_10,10,10,1.0,226.3,0.0,10,23.1,0.0,13.49,454.22,10
univla_libero,guarded_reuse_strict,libero_10__task_4,libero_10,10,9,0.9,256.7,0.0,10,26.0,0.0,15.676,453.537,10
univla_libero,guarded_reuse_strict,libero_10__task_5,libero_10,10,9,0.9,194.7,0.0,10,19.9,0.0,10.738,419.444,10
univla_libero,guarded_reuse_strict,libero_10__task_6,libero_10,10,8,0.8,281.4,0.0,10,28.3,0.2,16.084,426.682,10
univla_libero,guarded_reuse_strict,libero_10__task_7,libero_10,10,8,0.8,297.4,0.0,10,29.8,0.2,18.342,477.423,10
univla_libero,guarded_reuse_strict,libero_10__task_8,libero_10,10,6,0.6,438.7,0.0,10,44.2,0.0,23.968,409.06,10
univla_libero,guarded_reuse_strict,libero_10__task_9,libero_10,10,7,0.7,339.1,0.0,10,34.2,0.0,20.519,473.202,10
univla_libero,guarded_reuse_strict,libero_goal__task_0,libero_goal,10,7,0.7,178.0,0.0,10,18.3,0.0,11.362,453.742,10
univla_libero,guarded_reuse_strict,libero_goal__task_1,libero_goal,10,10,1.0,90.3,0.0,10,9.4,0.0,5.884,469.962,10
univla_libero,guarded_reuse_strict,libero_goal__task_2,libero_goal,10,10,1.0,89.4,0.0,10,9.4,0.0,6.131,496.325,10
univla_libero,guarded_reuse_strict,libero_goal__task_3,libero_goal,10,9,0.9,202.5,0.0,10,20.7,0.0,12.886,475.867,10
univla_libero,guarded_reuse_strict,libero_goal__task_4,libero_goal,10,10,1.0,82.4,0.0,10,8.7,0.0,5.691,496.041,10
univla_libero,guarded_reuse_strict,libero_goal__task_5,libero_goal,10,8,0.8,175.9,0.0,10,17.8,0.0,10.756,454.943,10
univla_libero,guarded_reuse_strict,libero_goal__task_6,libero_goal,10,10,1.0,91.9,0.0,10,9.4,0.0,6.11,504.2,10
univla_libero,guarded_reuse_strict,libero_goal__task_7,libero_goal,10,10,1.0,75.2,0.0,10,8.0,0.0,4.697,450.025,10
univla_libero,guarded_reuse_strict,libero_goal__task_8,libero_goal,10,10,1.0,75.3,0.0,10,7.9,0.0,5.068,493.781,10
univla_libero,guarded_reuse_strict,libero_goal__task_9,libero_goal,10,9,0.9,152.5,0.0,10,15.7,0.0,9.885,496.47,10
univla_libero,guarded_reuse_strict,libero_object__task_0,libero_object,10,10,1.0,148.6,0.0,10,15.2,0.0,9.425,466.001,10
univla_libero,guarded_reuse_strict,libero_object__task_1,libero_object,10,10,1.0,140.9,0.0,10,14.6,0.0,8.996,460.374,10
univla_libero,guarded_reuse_strict,libero_object__task_2,libero_object,10,10,1.0,114.3,0.0,10,11.9,0.0,7.199,451.223,10
univla_libero,guarded_reuse_strict,libero_object__task_3,libero_object,10,9,0.9,161.5,0.0,10,16.6,0.0,9.997,466.059,10
univla_libero,guarded_reuse_strict,libero_object__task_4,libero_object,10,9,0.9,153.4,0.0,10,15.6,0.0,9.207,452.897,10
univla_libero,guarded_reuse_strict,libero_object__task_5,libero_object,10,10,1.0,152.4,0.0,10,15.7,0.0,10.101,482.216,10
univla_libero,guarded_reuse_strict,libero_object__task_6,libero_object,10,8,0.8,180.4,0.0,10,18.2,0.0,11.324,481.676,10
univla_libero,guarded_reuse_strict,libero_object__task_7,libero_object,10,10,1.0,127.1,0.0,10,13.2,0.0,7.963,475.443,10
univla_libero,guarded_reuse_strict,libero_object__task_8,libero_object,10,10,1.0,160.1,0.0,10,16.5,0.0,10.068,480.736,10
univla_libero,guarded_reuse_strict,libero_object__task_9,libero_object,10,10,1.0,119.5,0.0,10,12.3,0.0,7.167,447.85,10
univla_libero,guarded_reuse_strict,libero_spatial__task_0,libero_spatial,10,9,0.9,91.5,0.0,10,9.5,0.0,7.131,550.681,10
univla_libero,guarded_reuse_strict,libero_spatial__task_1,libero_spatial,10,10,1.0,107.7,0.0,10,11.3,0.0,7.629,496.092,10
univla_libero,guarded_reuse_strict,libero_spatial__task_2,libero_spatial,10,10,1.0,91.8,0.0,10,9.5,0.0,6.265,481.524,10
univla_libero,guarded_reuse_strict,libero_spatial__task_3,libero_spatial,10,9,0.9,96.8,0.0,10,10.0,0.0,7.091,514.501,10
univla_libero,guarded_reuse_strict,libero_spatial__task_4,libero_spatial,10,10,1.0,123.6,0.0,10,12.8,0.0,8.843,505.614,10
univla_libero,guarded_reuse_strict,libero_spatial__task_5,libero_spatial,10,9,0.9,108.5,0.0,10,11.3,0.0,8.229,528.541,10
univla_libero,guarded_reuse_strict,libero_spatial__task_6,libero_spatial,10,10,1.0,103.0,0.0,10,10.8,0.0,7.432,493.14,10
univla_libero,guarded_reuse_strict,libero_spatial__task_7,libero_spatial,10,10,1.0,119.9,0.0,10,12.5,0.0,8.712,488.617,10
univla_libero,guarded_reuse_strict,libero_spatial__task_8,libero_spatial,10,9,0.9,109.8,0.0,10,11.5,0.0,8.116,512.881,10
univla_libero,guarded_reuse_strict,libero_spatial__task_9,libero_spatial,10,9,0.9,130.5,0.0,10,13.5,0.0,9.908,525.98,10
univla_libero,original,libero_10__task_0,libero_10,10,10,1.0,256.6,0.0,10,26.1,0.0,16.274,456.033,10
univla_libero,original,libero_10__task_1,libero_10,10,9,0.9,265.7,0.0,10,27.1,0.0,17.459,490.923,10
univla_libero,original,libero_10__task_2,libero_10,10,10,1.0,246.7,0.0,10,25.2,0.0,14.44,445.377,10
univla_libero,original,libero_10__task_3,libero_10,10,10,1.0,225.3,0.0,10,23.1,0.0,13.504,455.539,10
univla_libero,original,libero_10__task_4,libero_10,10,9,0.9,256.7,0.0,10,26.0,0.0,15.832,459.76,10
univla_libero,original,libero_10__task_5,libero_10,10,9,0.9,194.7,0.0,10,19.9,0.0,10.709,420.83,10
univla_libero,original,libero_10__task_6,libero_10,10,8,0.8,281.4,0.0,10,28.5,0.0,16.179,435.603,10
univla_libero,original,libero_10__task_7,libero_10,10,8,0.8,295.5,0.0,10,29.8,0.0,18.38,478.652,10
univla_libero,original,libero_10__task_8,libero_10,10,6,0.6,438.7,0.0,10,44.2,0.0,24.13,419.038,10
univla_libero,original,libero_10__task_9,libero_10,10,7,0.7,342.3,0.0,10,34.5,0.0,20.905,484.098,10
univla_libero,original,libero_goal__task_0,libero_goal,10,7,0.7,178.0,0.0,10,18.3,0.0,11.322,453.395,10
univla_libero,original,libero_goal__task_1,libero_goal,10,10,1.0,90.3,0.0,10,9.4,0.0,5.919,478.8,10
univla_libero,original,libero_goal__task_2,libero_goal,10,10,1.0,89.4,0.0,10,9.4,0.0,6.212,504.636,10
univla_libero,original,libero_goal__task_3,libero_goal,10,9,0.9,202.5,0.0,10,20.7,0.0,13.073,480.848,10
univla_libero,original,libero_goal__task_4,libero_goal,10,10,1.0,82.4,0.0,10,8.7,0.0,5.714,500.032,10
univla_libero,original,libero_goal__task_5,libero_goal,10,8,0.8,175.9,0.0,10,17.8,0.0,10.735,453.069,10
univla_libero,original,libero_goal__task_6,libero_goal,10,10,1.0,91.9,0.0,10,9.4,0.0,6.08,497.244,10
univla_libero,original,libero_goal__task_7,libero_goal,10,10,1.0,75.2,0.0,10,8.0,0.0,4.733,451.032,10
univla_libero,original,libero_goal__task_8,libero_goal,10,10,1.0,75.3,0.0,10,7.9,0.0,5.125,499.25,10
univla_libero,original,libero_goal__task_9,libero_goal,10,8,0.8,164.9,0.0,10,17.0,0.0,10.937,507.149,10
univla_libero,original,libero_object__task_0,libero_object,10,10,1.0,148.6,0.0,10,15.2,0.0,9.463,462.138,10
univla_libero,original,libero_object__task_1,libero_object,10,10,1.0,140.9,0.0,10,14.6,0.0,8.86,453.494,10
univla_libero,original,libero_object__task_2,libero_object,10,10,1.0,114.3,0.0,10,11.9,0.0,7.135,444.297,10
univla_libero,original,libero_object__task_3,libero_object,10,9,0.9,161.5,0.0,10,16.6,0.0,9.876,454.797,10
univla_libero,original,libero_object__task_4,libero_object,10,9,0.9,153.4,0.0,10,15.6,0.0,9.137,444.336,10
univla_libero,original,libero_object__task_5,libero_object,10,10,1.0,152.4,0.0,10,15.7,0.0,9.925,468.603,10
univla_libero,original,libero_object__task_6,libero_object,10,8,0.8,180.4,0.0,10,18.2,0.0,11.403,477.118,10
univla_libero,original,libero_object__task_7,libero_object,10,10,1.0,127.1,0.0,10,13.2,0.0,7.971,473.295,10
univla_libero,original,libero_object__task_8,libero_object,10,10,1.0,160.1,0.0,10,16.5,0.0,10.047,472.638,10
univla_libero,original,libero_object__task_9,libero_object,10,10,1.0,119.5,0.0,10,12.3,0.0,7.188,441.461,10
univla_libero,original,libero_spatial__task_0,libero_spatial,10,9,0.9,91.5,0.0,10,9.5,0.0,6.995,532.747,10
univla_libero,original,libero_spatial__task_1,libero_spatial,10,10,1.0,107.7,0.0,10,11.3,0.0,7.513,481.859,10
univla_libero,original,libero_spatial__task_2,libero_spatial,10,10,1.0,91.8,0.0,10,9.5,0.0,6.187,470.919,10
univla_libero,original,libero_spatial__task_3,libero_spatial,10,9,0.9,96.8,0.0,10,10.0,0.0,6.963,504.975,10
univla_libero,original,libero_spatial__task_4,libero_spatial,10,10,1.0,123.6,0.0,10,12.8,0.0,8.651,489.982,10
univla_libero,original,libero_spatial__task_5,libero_spatial,10,9,0.9,108.5,0.0,10,11.3,0.0,8.043,511.558,10
univla_libero,original,libero_spatial__task_6,libero_spatial,10,10,1.0,103.0,0.0,10,10.8,0.0,7.298,478.433,10
univla_libero,original,libero_spatial__task_7,libero_spatial,10,10,1.0,119.9,0.0,10,12.5,0.0,8.676,481.271,10
univla_libero,original,libero_spatial__task_8,libero_spatial,10,9,0.9,109.8,0.0,10,11.5,0.0,8.03,501.141,10
univla_libero,original,libero_spatial__task_9,libero_spatial,10,9,0.9,130.5,0.0,10,13.5,0.0,9.898,516.473,10
univla_libero,temporal_fusion_conservative_adaptive,libero_10__task_0,libero_10,10,10,1.0,256.6,0.0,10,26.1,0.0,16.011,453.124,10
univla_libero,temporal_fusion_conservative_adaptive,libero_10__task_1,libero_10,10,9,0.9,265.7,0.0,10,27.1,0.0,17.115,485.448,10
univla_libero,temporal_fusion_conservative_adaptive,libero_10__task_2,libero_10,10,10,1.0,246.7,0.0,10,25.2,0.0,14.162,442.442,10
univla_libero,temporal_fusion_conservative_adaptive,libero_10__task_3,libero_10,10,10,1.0,226.3,0.0,10,23.1,0.0,13.227,451.275,10
univla_libero,temporal_fusion_conservative_adaptive,libero_10__task_4,libero_10,10,9,0.9,256.7,0.0,10,26.0,0.0,15.379,451.835,10
univla_libero,temporal_fusion_conservative_adaptive,libero_10__task_5,libero_10,10,9,0.9,194.7,0.0,10,19.9,0.0,10.44,416.382,10
univla_libero,temporal_fusion_conservative_adaptive,libero_10__task_6,libero_10,10,8,0.8,281.4,0.0,10,28.5,0.0,15.906,424.212,10
univla_libero,temporal_fusion_conservative_adaptive,libero_10__task_7,libero_10,10,8,0.8,295.5,0.0,10,29.8,0.0,18.0,470.135,10
univla_libero,temporal_fusion_conservative_adaptive,libero_10__task_8,libero_10,10,6,0.6,438.7,0.0,10,44.2,0.0,23.513,399.649,10
univla_libero,temporal_fusion_conservative_adaptive,libero_10__task_9,libero_10,10,7,0.7,342.2,0.0,10,34.5,0.0,20.361,469.085,10
univla_libero,temporal_fusion_conservative_adaptive,libero_goal__task_0,libero_goal,10,7,0.7,178.0,0.0,10,18.3,0.0,11.225,448.013,10
univla_libero,temporal_fusion_conservative_adaptive,libero_goal__task_1,libero_goal,10,10,1.0,90.3,0.0,10,9.4,0.0,5.834,467.78,10
univla_libero,temporal_fusion_conservative_adaptive,libero_goal__task_2,libero_goal,10,10,1.0,89.5,0.0,10,9.4,0.0,6.094,494.01,10
univla_libero,temporal_fusion_conservative_adaptive,libero_goal__task_3,libero_goal,10,9,0.9,202.5,0.0,10,20.7,0.0,12.884,476.133,10
univla_libero,temporal_fusion_conservative_adaptive,libero_goal__task_4,libero_goal,10,10,1.0,82.4,0.0,10,8.7,0.0,5.663,498.279,10
univla_libero,temporal_fusion_conservative_adaptive,libero_goal__task_5,libero_goal,10,8,0.8,175.9,0.0,10,17.8,0.0,10.718,454.125,10
univla_libero,temporal_fusion_conservative_adaptive,libero_goal__task_6,libero_goal,10,10,1.0,91.9,0.0,10,9.4,0.0,6.085,498.057,10
univla_libero,temporal_fusion_conservative_adaptive,libero_goal__task_7,libero_goal,10,10,1.0,75.2,0.0,10,8.0,0.0,4.709,449.659,10
univla_libero,temporal_fusion_conservative_adaptive,libero_goal__task_8,libero_goal,10,10,1.0,75.3,0.0,10,7.9,0.0,5.059,489.53,10
univla_libero,temporal_fusion_conservative_adaptive,libero_goal__task_9,libero_goal,10,8,0.8,165.7,0.0,10,17.0,0.0,10.781,497.136,10
univla_libero,temporal_fusion_conservative_adaptive,libero_object__task_0,libero_object,10,10,1.0,148.6,0.0,10,15.2,0.0,9.246,461.041,10
univla_libero,temporal_fusion_conservative_adaptive,libero_object__task_1,libero_object,10,10,1.0,140.9,0.0,10,14.6,0.0,8.766,454.877,10
univla_libero,temporal_fusion_conservative_adaptive,libero_object__task_2,libero_object,10,10,1.0,114.3,0.0,10,11.9,0.0,7.02,446.24,10
univla_libero,temporal_fusion_conservative_adaptive,libero_object__task_3,libero_object,10,9,0.9,161.5,0.0,10,16.6,0.0,9.891,458.842,10
univla_libero,temporal_fusion_conservative_adaptive,libero_object__task_4,libero_object,10,9,0.9,153.4,0.0,10,15.6,0.0,9.032,448.822,10
univla_libero,temporal_fusion_conservative_adaptive,libero_object__task_5,libero_object,10,10,1.0,152.4,0.0,10,15.7,0.0,9.839,469.94,10
univla_libero,temporal_fusion_conservative_adaptive,libero_object__task_6,libero_object,10,8,0.8,180.4,0.0,10,18.2,0.0,11.042,469.68,10
univla_libero,temporal_fusion_conservative_adaptive,libero_object__task_7,libero_object,10,10,1.0,127.1,0.0,10,13.2,0.0,7.76,468.89,10
univla_libero,temporal_fusion_conservative_adaptive,libero_object__task_8,libero_object,10,10,1.0,160.1,0.0,10,16.5,0.0,9.852,468.716,10
univla_libero,temporal_fusion_conservative_adaptive,libero_object__task_9,libero_object,10,10,1.0,119.5,0.0,10,12.3,0.0,7.045,435.308,10
univla_libero,temporal_fusion_conservative_adaptive,libero_spatial__task_0,libero_spatial,10,9,0.9,91.5,0.0,10,9.5,0.0,7.002,535.4,10
univla_libero,temporal_fusion_conservative_adaptive,libero_spatial__task_1,libero_spatial,10,10,1.0,107.7,0.0,10,11.3,0.0,7.507,482.871,10
univla_libero,temporal_fusion_conservative_adaptive,libero_spatial__task_2,libero_spatial,10,10,1.0,91.8,0.0,10,9.5,0.0,6.174,474.26,10
univla_libero,temporal_fusion_conservative_adaptive,libero_spatial__task_3,libero_spatial,10,9,0.9,96.8,0.0,10,10.0,0.0,6.97,500.856,10
univla_libero,temporal_fusion_conservative_adaptive,libero_spatial__task_4,libero_spatial,10,10,1.0,123.6,0.0,10,12.8,0.0,8.718,493.815,10
univla_libero,temporal_fusion_conservative_adaptive,libero_spatial__task_5,libero_spatial,10,9,0.9,108.5,0.0,10,11.3,0.0,8.088,514.706,10
univla_libero,temporal_fusion_conservative_adaptive,libero_spatial__task_6,libero_spatial,10,10,1.0,103.0,0.0,10,10.8,0.0,7.354,481.972,10
univla_libero,temporal_fusion_conservative_adaptive,libero_spatial__task_7,libero_spatial,10,10,1.0,119.9,0.0,10,12.5,0.0,8.579,477.448,10
univla_libero,temporal_fusion_conservative_adaptive,libero_spatial__task_8,libero_spatial,10,9,0.9,109.8,0.0,10,11.5,0.0,7.975,499.163,10
univla_libero,temporal_fusion_conservative_adaptive,libero_spatial__task_9,libero_spatial,10,9,0.9,130.5,0.0,10,13.5,0.0,9.799,508.85,10
univla_libero,temporal_fusion_motion_entropy,libero_10__task_0,libero_10,10,10,1.0,266.4,0.0,10,27.2,0.0,16.591,462.558,10
univla_libero,temporal_fusion_motion_entropy,libero_10__task_1,libero_10,10,8,0.8,303.4,0.0,10,30.8,0.0,19.23,480.407,10
univla_libero,temporal_fusion_motion_entropy,libero_10__task_2,libero_10,10,9,0.9,276.8,0.0,10,28.0,0.0,15.842,437.154,10
univla_libero,temporal_fusion_motion_entropy,libero_10__task_3,libero_10,10,10,1.0,241.2,0.0,10,24.6,0.0,13.779,445.136,10
univla_libero,temporal_fusion_motion_entropy,libero_10__task_4,libero_10,10,8,0.8,287.5,0.0,10,29.2,0.0,17.858,451.906,10
univla_libero,temporal_fusion_motion_entropy,libero_10__task_5,libero_10,10,10,1.0,168.2,0.0,10,17.1,0.0,8.825,414.82,10
univla_libero,temporal_fusion_motion_entropy,libero_10__task_6,libero_10,10,8,0.8,284.7,0.0,10,29.0,0.0,16.387,418.789,10
univla_libero,temporal_fusion_motion_entropy,libero_10__task_7,libero_10,10,8,0.8,309.1,0.0,10,31.3,0.0,18.814,485.082,10
univla_libero,temporal_fusion_motion_entropy,libero_10__task_8,libero_10,10,4,0.4,461.0,0.0,10,46.3,0.0,24.495,414.052,10
univla_libero,temporal_fusion_motion_entropy,libero_10__task_9,libero_10,10,8,0.8,322.6,0.0,10,32.6,0.0,19.142,468.93,10
univla_libero,temporal_fusion_motion_entropy,libero_goal__task_0,libero_goal,10,9,0.9,151.2,0.0,10,15.5,0.0,9.175,451.245,10
univla_libero,temporal_fusion_motion_entropy,libero_goal__task_1,libero_goal,10,10,1.0,84.5,0.0,10,8.8,0.0,5.421,463.582,10
univla_libero,temporal_fusion_motion_entropy,libero_goal__task_2,libero_goal,10,9,0.9,107.9,0.0,10,11.2,0.0,7.416,512.788,10
univla_libero,temporal_fusion_motion_entropy,libero_goal__task_3,libero_goal,10,10,1.0,186.6,0.0,10,19.2,0.0,11.926,480.857,10
univla_libero,temporal_fusion_motion_entropy,libero_goal__task_4,libero_goal,10,9,0.9,105.3,0.0,10,10.9,0.0,7.263,498.399,10
univla_libero,temporal_fusion_motion_entropy,libero_goal__task_5,libero_goal,10,10,1.0,157.9,0.0,10,16.3,0.0,9.703,449.346,10
univla_libero,temporal_fusion_motion_entropy,libero_goal__task_6,libero_goal,10,9,0.9,114.6,0.0,10,11.8,0.0,8.009,518.884,10
univla_libero,temporal_fusion_motion_entropy,libero_goal__task_7,libero_goal,10,10,1.0,75.8,0.0,10,8.0,0.0,4.622,438.043,10
univla_libero,temporal_fusion_motion_entropy,libero_goal__task_8,libero_goal,10,10,1.0,74.9,0.0,10,8.1,0.0,5.13,487.059,10
univla_libero,temporal_fusion_motion_entropy,libero_goal__task_9,libero_goal,10,9,0.9,162.0,0.0,10,16.5,0.0,10.595,492.015,10
univla_libero,temporal_fusion_motion_entropy,libero_object__task_0,libero_object,10,10,1.0,157.1,0.0,10,16.1,0.0,9.837,464.273,10
univla_libero,temporal_fusion_motion_entropy,libero_object__task_1,libero_object,10,10,1.0,152.8,0.0,10,15.8,0.0,9.542,456.475,10
univla_libero,temporal_fusion_motion_entropy,libero_object__task_2,libero_object,10,10,1.0,115.8,0.0,10,12.0,0.0,7.069,452.088,10
univla_libero,temporal_fusion_motion_entropy,libero_object__task_3,libero_object,10,10,1.0,135.9,0.0,10,13.9,0.0,8.147,450.222,10
univla_libero,temporal_fusion_motion_entropy,libero_object__task_4,libero_object,10,10,1.0,139.3,0.0,10,14.4,0.0,8.424,440.262,10
univla_libero,temporal_fusion_motion_entropy,libero_object__task_5,libero_object,10,9,0.9,159.0,0.0,10,16.4,0.0,10.188,468.992,10
univla_libero,temporal_fusion_motion_entropy,libero_object__task_6,libero_object,10,9,0.9,164.2,0.0,10,16.7,0.0,10.12,474.902,10
univla_libero,temporal_fusion_motion_entropy,libero_object__task_7,libero_object,10,10,1.0,126.0,0.0,10,12.9,0.0,7.548,464.28,10
univla_libero,temporal_fusion_motion_entropy,libero_object__task_8,libero_object,10,10,1.0,155.2,0.0,10,15.9,0.0,9.555,477.695,10
univla_libero,temporal_fusion_motion_entropy,libero_object__task_9,libero_object,10,10,1.0,120.3,0.0,10,12.3,0.0,7.076,451.234,10
univla_libero,temporal_fusion_motion_entropy,libero_spatial__task_0,libero_spatial,10,8,0.8,105.1,0.0,10,10.9,0.0,8.318,574.574,10
univla_libero,temporal_fusion_motion_entropy,libero_spatial__task_1,libero_spatial,10,10,1.0,107.1,0.0,10,11.2,0.0,7.619,501.07,10
univla_libero,temporal_fusion_motion_entropy,libero_spatial__task_2,libero_spatial,10,10,1.0,92.4,0.0,10,9.6,0.0,6.3,478.802,10
univla_libero,temporal_fusion_motion_entropy,libero_spatial__task_3,libero_spatial,10,8,0.8,110.1,0.0,10,11.3,0.0,8.07,517.074,10
univla_libero,temporal_fusion_motion_entropy,libero_spatial__task_4,libero_spatial,10,9,0.9,131.9,0.0,10,13.4,0.0,9.297,491.356,10
univla_libero,temporal_fusion_motion_entropy,libero_spatial__task_5,libero_spatial,10,9,0.9,107.8,0.0,10,11.2,0.0,8.102,534.207,10
univla_libero,temporal_fusion_motion_entropy,libero_spatial__task_6,libero_spatial,10,9,0.9,122.9,0.0,10,12.6,0.0,8.975,493.47,10
univla_libero,temporal_fusion_motion_entropy,libero_spatial__task_7,libero_spatial,10,9,0.9,125.4,0.0,10,12.9,0.0,9.076,488.203,10
univla_libero,temporal_fusion_motion_entropy,libero_spatial__task_8,libero_spatial,10,9,0.9,112.0,0.0,10,11.5,0.0,8.131,512.161,10
univla_libero,temporal_fusion_motion_entropy,libero_spatial__task_9,libero_spatial,10,10,1.0,121.9,0.0,10,12.6,0.0,9.19,514.576,10
univla_libero,temporal_fusion_task_aware,libero_10__task_0,libero_10,10,10,1.0,277.1,0.0,10,28.0,0.0,18.723,512.107,10
univla_libero,temporal_fusion_task_aware,libero_10__task_1,libero_10,10,9,0.9,273.3,0.0,10,28.0,0.0,19.346,551.048,10
univla_libero,temporal_fusion_task_aware,libero_10__task_2,libero_10,10,10,1.0,238.8,0.0,10,24.3,0.0,15.161,496.487,10
univla_libero,temporal_fusion_task_aware,libero_10__task_3,libero_10,10,10,1.0,225.3,0.0,10,23.1,0.0,14.743,517.248,10
univla_libero,temporal_fusion_task_aware,libero_10__task_4,libero_10,10,6,0.6,344.3,0.0,10,34.7,0.0,23.502,510.662,10
univla_libero,temporal_fusion_task_aware,libero_10__task_5,libero_10,10,10,1.0,153.8,0.0,10,15.8,0.0,9.101,476.36,10
univla_libero,temporal_fusion_task_aware,libero_10__task_6,libero_10,10,9,0.9,262.5,0.0,10,26.7,0.0,16.579,492.251,10
univla_libero,temporal_fusion_task_aware,libero_10__task_7,libero_10,10,9,0.9,284.8,0.0,10,28.7,0.0,19.142,552.277,10
univla_libero,temporal_fusion_task_aware,libero_10__task_8,libero_10,10,6,0.6,440.4,0.0,10,44.2,0.0,25.761,467.217,10
univla_libero,temporal_fusion_task_aware,libero_10__task_9,libero_10,10,8,0.8,318.8,0.0,10,32.1,0.0,20.883,530.775,10
univla_libero,temporal_fusion_task_aware,libero_goal__task_0,libero_goal,10,10,1.0,135.8,0.0,10,14.0,0.0,9.134,502.301,10
univla_libero,temporal_fusion_task_aware,libero_goal__task_1,libero_goal,10,9,0.9,107.3,0.0,10,11.1,0.0,7.824,533.685,10
univla_libero,temporal_fusion_task_aware,libero_goal__task_2,libero_goal,10,10,1.0,88.6,0.0,10,9.4,0.0,6.847,579.961,10
univla_libero,temporal_fusion_task_aware,libero_goal__task_3,libero_goal,10,8,0.8,210.1,0.0,10,21.4,0.0,14.863,543.462,10
univla_libero,temporal_fusion_task_aware,libero_goal__task_4,libero_goal,10,9,0.9,106.3,0.0,10,11.2,0.0,8.168,550.834,10
univla_libero,temporal_fusion_task_aware,libero_goal__task_5,libero_goal,10,8,0.8,172.3,0.0,10,17.6,0.0,11.717,516.446,10
univla_libero,temporal_fusion_task_aware,libero_goal__task_6,libero_goal,10,10,1.0,96.6,0.0,10,10.0,0.0,7.262,565.418,10
univla_libero,temporal_fusion_task_aware,libero_goal__task_7,libero_goal,10,10,1.0,75.6,0.0,10,8.1,0.0,5.218,511.801,10
univla_libero,temporal_fusion_task_aware,libero_goal__task_8,libero_goal,10,10,1.0,76.4,0.0,10,8.2,0.0,5.861,560.822,10
univla_libero,temporal_fusion_task_aware,libero_goal__task_9,libero_goal,10,9,0.9,163.6,0.0,10,16.7,0.0,11.681,556.016,10
univla_libero,temporal_fusion_task_aware,libero_object__task_0,libero_object,10,10,1.0,145.0,0.0,10,14.9,0.0,9.956,529.496,10
univla_libero,temporal_fusion_task_aware,libero_object__task_1,libero_object,10,10,1.0,145.8,0.0,10,15.0,0.0,10.084,526.992,10
univla_libero,temporal_fusion_task_aware,libero_object__task_2,libero_object,10,10,1.0,120.9,0.0,10,12.5,0.0,8.18,518.456,10
univla_libero,temporal_fusion_task_aware,libero_object__task_3,libero_object,10,10,1.0,141.1,0.0,10,14.3,0.0,9.364,511.666,10
univla_libero,temporal_fusion_task_aware,libero_object__task_4,libero_object,10,10,1.0,139.8,0.0,10,14.2,0.0,9.143,498.362,10
univla_libero,temporal_fusion_task_aware,libero_object__task_5,libero_object,10,9,0.9,163.1,0.0,10,16.7,0.0,11.671,531.804,10
univla_libero,temporal_fusion_task_aware,libero_object__task_6,libero_object,10,9,0.9,164.1,0.0,10,16.6,0.0,10.955,527.171,10
univla_libero,temporal_fusion_task_aware,libero_object__task_7,libero_object,10,10,1.0,128.0,0.0,10,13.1,0.0,8.441,518.303,10
univla_libero,temporal_fusion_task_aware,libero_object__task_8,libero_object,10,9,0.9,163.0,0.0,10,16.6,0.0,11.105,533.765,10
univla_libero,temporal_fusion_task_aware,libero_object__task_9,libero_object,10,10,1.0,119.5,0.0,10,12.5,0.0,7.843,510.517,10
univla_libero,temporal_fusion_task_aware,libero_spatial__task_0,libero_spatial,10,8,0.8,108.2,0.0,10,11.2,0.0,9.454,628.348,10
univla_libero,temporal_fusion_task_aware,libero_spatial__task_1,libero_spatial,10,10,1.0,108.1,0.0,10,11.3,0.0,8.465,575.129,10
univla_libero,temporal_fusion_task_aware,libero_spatial__task_2,libero_spatial,10,10,1.0,93.0,0.0,10,9.6,0.0,6.956,551.137,10
univla_libero,temporal_fusion_task_aware,libero_spatial__task_3,libero_spatial,10,8,0.8,111.6,0.0,10,11.5,0.0,9.117,595.589,10
univla_libero,temporal_fusion_task_aware,libero_spatial__task_4,libero_spatial,10,10,1.0,125.0,0.0,10,12.9,0.0,9.805,567.407,10
univla_libero,temporal_fusion_task_aware,libero_spatial__task_5,libero_spatial,10,9,0.9,106.6,0.0,10,11.2,0.0,8.848,602.806,10
univla_libero,temporal_fusion_task_aware,libero_spatial__task_6,libero_spatial,10,10,1.0,103.3,0.0,10,10.7,0.0,8.184,558.011,10
univla_libero,temporal_fusion_task_aware,libero_spatial__task_7,libero_spatial,10,8,0.8,136.2,0.0,10,13.8,0.0,10.533,551.196,10
univla_libero,temporal_fusion_task_aware,libero_spatial__task_8,libero_spatial,10,9,0.9,111.9,0.0,10,11.8,0.0,9.288,615.637,10
univla_libero,temporal_fusion_task_aware,libero_spatial__task_9,libero_spatial,10,10,1.0,124.1,0.0,10,13.0,0.0,10.607,606.807,10
univla_simplerenv_bridge,action_repeat2,widowx_carrot_on_plate,widowx_carrot_on_plate,50,12,0.24,55.16,0.76,50,5.64,28.2,6.242,717.583,50
univla_simplerenv_bridge,action_repeat2,widowx_put_eggplant_in_basket,widowx_put_eggplant_in_basket,50,3,0.06,115.68,0.94,50,11.58,57.9,13.188,712.314,50
univla_simplerenv_bridge,action_repeat2,widowx_spoon_on_towel,widowx_spoon_on_towel,50,6,0.12,57.28,0.88,50,5.78,28.9,6.591,731.081,50
univla_simplerenv_bridge,action_repeat2,widowx_stack_cube,widowx_stack_cube,50,4,0.08,59.6,0.92,50,6.0,30.0,6.622,711.819,50
univla_simplerenv_bridge,action_repeat4,widowx_carrot_on_plate,widowx_carrot_on_plate,50,2,0.04,59.64,0.96,50,3.0,45.0,4.427,729.094,50
univla_simplerenv_bridge,action_repeat4,widowx_put_eggplant_in_basket,widowx_put_eggplant_in_basket,50,1,0.02,118.88,0.98,50,5.96,89.4,10.082,722.487,50
univla_simplerenv_bridge,action_repeat4,widowx_spoon_on_towel,widowx_spoon_on_towel,50,3,0.06,59.54,0.94,50,3.0,45.0,4.476,752.911,50
univla_simplerenv_bridge,action_repeat4,widowx_stack_cube,widowx_stack_cube,50,0,0.0,60.0,1.0,50,3.0,45.0,4.434,711.96,50
univla_simplerenv_bridge,depth_pruning1,widowx_carrot_on_plate,widowx_carrot_on_plate,50,38,0.76,34.24,0.24,50,7.08,0.0,6.316,695.807,50
univla_simplerenv_bridge,depth_pruning1,widowx_put_eggplant_in_basket,widowx_put_eggplant_in_basket,50,49,0.98,30.22,0.02,50,6.42,0.0,5.669,680.553,50
univla_simplerenv_bridge,depth_pruning1,widowx_spoon_on_towel,widowx_spoon_on_towel,50,40,0.8,31.84,0.2,50,6.68,0.0,6.0,717.201,50
univla_simplerenv_bridge,depth_pruning1,widowx_stack_cube,widowx_stack_cube,50,37,0.74,33.5,0.26,50,7.06,0.0,6.054,681.739,50
univla_simplerenv_bridge,depth_pruning2,widowx_carrot_on_plate,widowx_carrot_on_plate,50,36,0.72,34.8,0.28,50,7.22,0.0,6.257,686.338,50
univla_simplerenv_bridge,depth_pruning2,widowx_put_eggplant_in_basket,widowx_put_eggplant_in_basket,50,49,0.98,28.96,0.02,50,6.28,0.0,5.442,669.899,50
univla_simplerenv_bridge,depth_pruning2,widowx_spoon_on_towel,widowx_spoon_on_towel,50,38,0.76,31.78,0.24,50,6.58,0.0,5.9,703.614,50
univla_simplerenv_bridge,depth_pruning2,widowx_stack_cube,widowx_stack_cube,50,41,0.82,31.0,0.18,50,6.46,0.0,5.502,671.695,50
univla_simplerenv_bridge,depth_pruning4,widowx_carrot_on_plate,widowx_carrot_on_plate,50,42,0.84,33.12,0.16,50,6.9,0.0,5.682,652.333,50
univla_simplerenv_bridge,depth_pruning4,widowx_put_eggplant_in_basket,widowx_put_eggplant_in_basket,50,49,0.98,29.12,0.02,50,6.26,0.0,5.265,642.353,50
univla_simplerenv_bridge,depth_pruning4,widowx_spoon_on_towel,widowx_spoon_on_towel,50,37,0.74,32.4,0.26,50,6.72,0.0,5.632,653.666,50
univla_simplerenv_bridge,depth_pruning4,widowx_stack_cube,widowx_stack_cube,50,35,0.7,34.62,0.3,50,7.18,0.0,5.794,641.817,50
univla_simplerenv_bridge,fixed_foveation_keep20,widowx_carrot_on_plate,widowx_carrot_on_plate,50,34,0.68,38.74,0.32,50,8.04,0.0,7.383,723.733,50
univla_simplerenv_bridge,fixed_foveation_keep20,widowx_put_eggplant_in_basket,widowx_put_eggplant_in_basket,50,48,0.96,31.04,0.04,50,6.46,0.0,5.927,697.204,50
univla_simplerenv_bridge,fixed_foveation_keep20,widowx_spoon_on_towel,widowx_spoon_on_towel,50,40,0.8,33.04,0.2,50,6.88,0.0,6.613,746.219,50
univla_simplerenv_bridge,fixed_foveation_keep20,widowx_stack_cube,widowx_stack_cube,50,36,0.72,35.44,0.28,50,7.36,0.0,6.602,702.419,50
univla_simplerenv_bridge,fixed_foveation_keep50,widowx_carrot_on_plate,widowx_carrot_on_plate,50,31,0.62,40.18,0.38,50,8.24,0.0,7.551,718.856,50
univla_simplerenv_bridge,fixed_foveation_keep50,widowx_put_eggplant_in_basket,widowx_put_eggplant_in_basket,50,48,0.96,32.34,0.04,50,6.84,0.0,6.394,710.253,50
univla_simplerenv_bridge,fixed_foveation_keep50,widowx_spoon_on_towel,widowx_spoon_on_towel,50,40,0.8,33.58,0.22,50,7.06,0.0,6.484,726.457,50
univla_simplerenv_bridge,fixed_foveation_keep50,widowx_stack_cube,widowx_stack_cube,50,27,0.54,43.36,0.46,50,8.86,0.0,7.909,694.539,50
univla_simplerenv_bridge,guarded_reuse_aggressive,widowx_carrot_on_plate,widowx_carrot_on_plate,50,42,0.84,31.16,0.16,50,6.54,0.0,5.906,732.728,50
univla_simplerenv_bridge,guarded_reuse_aggressive,widowx_put_eggplant_in_basket,widowx_put_eggplant_in_basket,50,49,0.98,29.3,0.02,50,6.24,0.0,5.626,696.651,50
univla_simplerenv_bridge,guarded_reuse_aggressive,widowx_spoon_on_towel,widowx_spoon_on_towel,50,42,0.84,29.16,0.16,50,6.06,0.04,5.576,733.628,50
univla_simplerenv_bridge,guarded_reuse_aggressive,widowx_stack_cube,widowx_stack_cube,50,40,0.8,32.62,0.2,50,6.9,0.0,6.19,708.009,50
univla_simplerenv_bridge,guarded_reuse_moderate,widowx_carrot_on_plate,widowx_carrot_on_plate,50,42,0.84,31.16,0.16,50,6.54,0.0,5.892,730.032,50
univla_simplerenv_bridge,guarded_reuse_moderate,widowx_put_eggplant_in_basket,widowx_put_eggplant_in_basket,50,49,0.98,29.3,0.02,50,6.24,0.0,5.623,705.17,50
univla_simplerenv_bridge,guarded_reuse_moderate,widowx_spoon_on_towel,widowx_spoon_on_towel,50,44,0.88,27.18,0.12,50,5.7,0.02,5.215,733.564,50
univla_simplerenv_bridge,guarded_reuse_moderate,widowx_stack_cube,widowx_stack_cube,50,40,0.8,32.62,0.2,50,6.9,0.0,6.066,697.638,50
univla_simplerenv_bridge,guarded_reuse_strict,widowx_carrot_on_plate,widowx_carrot_on_plate,50,42,0.84,31.16,0.16,50,6.54,0.0,5.843,717.231,50
univla_simplerenv_bridge,guarded_reuse_strict,widowx_put_eggplant_in_basket,widowx_put_eggplant_in_basket,50,49,0.98,29.3,0.02,50,6.24,0.0,5.705,709.835,50
univla_simplerenv_bridge,guarded_reuse_strict,widowx_spoon_on_towel,widowx_spoon_on_towel,50,44,0.88,27.76,0.12,50,5.82,0.0,5.373,731.407,50
univla_simplerenv_bridge,guarded_reuse_strict,widowx_stack_cube,widowx_stack_cube,50,40,0.8,32.62,0.2,50,6.9,0.0,6.167,710.045,50
univla_simplerenv_bridge,original,widowx_carrot_on_plate,widowx_carrot_on_plate,50,42,0.84,31.16,0.16,50,6.54,0.0,5.92,731.295,50
univla_simplerenv_bridge,original,widowx_put_eggplant_in_basket,widowx_put_eggplant_in_basket,50,49,0.98,29.3,0.02,50,6.24,0.0,5.632,694.452,50
univla_simplerenv_bridge,original,widowx_spoon_on_towel,widowx_spoon_on_towel,50,44,0.88,27.76,0.12,50,5.82,0.0,5.329,731.404,50
univla_simplerenv_bridge,original,widowx_stack_cube,widowx_stack_cube,50,40,0.8,32.62,0.2,50,6.9,0.0,6.183,707.612,50
univla_simplerenv_bridge,temporal_fusion_conservative_adaptive,widowx_carrot_on_plate,widowx_carrot_on_plate,50,42,0.84,31.16,0.16,50,6.54,0.0,5.883,728.174,50
univla_simplerenv_bridge,temporal_fusion_conservative_adaptive,widowx_put_eggplant_in_basket,widowx_put_eggplant_in_basket,50,49,0.98,29.3,0.02,50,6.24,0.0,5.753,718.927,50
univla_simplerenv_bridge,temporal_fusion_conservative_adaptive,widowx_spoon_on_towel,widowx_spoon_on_towel,50,44,0.88,27.76,0.12,50,5.82,0.0,5.362,736.252,50
univla_simplerenv_bridge,temporal_fusion_conservative_adaptive,widowx_stack_cube,widowx_stack_cube,50,40,0.8,32.62,0.2,50,6.9,0.0,6.153,706.218,50
univla_simplerenv_bridge,temporal_fusion_motion_entropy,widowx_carrot_on_plate,widowx_carrot_on_plate,50,38,0.76,32.94,0.24,50,6.92,0.0,6.225,719.781,50
univla_simplerenv_bridge,temporal_fusion_motion_entropy,widowx_put_eggplant_in_basket,widowx_put_eggplant_in_basket,50,49,0.98,29.44,0.02,50,6.3,0.0,5.675,706.282,50
univla_simplerenv_bridge,temporal_fusion_motion_entropy,widowx_spoon_on_towel,widowx_spoon_on_towel,50,38,0.76,32.22,0.24,50,6.66,0.0,6.158,739.394,50
univla_simplerenv_bridge,temporal_fusion_motion_entropy,widowx_stack_cube,widowx_stack_cube,50,39,0.78,31.88,0.22,50,6.62,0.0,5.804,701.808,50
univla_simplerenv_bridge,temporal_fusion_task_aware,widowx_carrot_on_plate,widowx_carrot_on_plate,50,36,0.72,33.94,0.28,50,7.14,0.0,7.417,889.57,50
univla_simplerenv_bridge,temporal_fusion_task_aware,widowx_put_eggplant_in_basket,widowx_put_eggplant_in_basket,50,8,0.16,11.2,0.0,50,2.26,0.0,2.588,771.976,50
univla_simplerenv_bridge,temporal_fusion_task_aware,widowx_spoon_on_towel,widowx_spoon_on_towel,50,44,0.88,29.28,0.12,50,6.26,0.0,6.627,891.717,50
univla_simplerenv_bridge,temporal_fusion_task_aware,widowx_stack_cube,widowx_stack_cube,50,8,0.16,15.7,0.06,50,3.18,0.0,3.494,786.347,50
