path,backbone_dir,configuration,task_or_suite,status,condition,model_name,config_name,task_suite_name,episodes,successes,success_rate,average_reuses,average_policy_calls,len_episode_errors,episode_errors_raw_type,episode_errors_first,claim_scope,implementation_versions,policy_setup,action_statistics_key_top,fusion_is_null,fusion_absent,checkpoint_manifest_absent,depth_calibration.selected_layers,arguments.action_repeat,arguments.action_tokenizer,arguments.attn_backend,arguments.base_model_metadata,arguments.cfg_scale,arguments.checkpoint,arguments.condition,arguments.config_name,arguments.depth_calibration_seed,arguments.depth_calibration_tasks,arguments.depth_indices,arguments.depth_layers,arguments.device,arguments.environment_action_format,arguments.fovea_keep_ratio,arguments.fusion_collect_relevance,arguments.fusion_entropy_protect_fraction,arguments.fusion_event_motion_threshold,arguments.fusion_keyframe_interval,arguments.fusion_max_reuse_fraction,arguments.fusion_motion_threshold,arguments.fusion_protect_radius,arguments.fusion_task_protect_fraction,arguments.max_steps,arguments.model_name,arguments.normalizer,arguments.normalizer_key,arguments.num_ddim_steps,arguments.num_trials_per_task,arguments.output_dir,arguments.predict_action_frames,arguments.resume,arguments.reuse_max_consecutive,arguments.reuse_max_frame_mae,arguments.reuse_max_local_patch_mae,arguments.reuse_min_action_cosine,arguments.reuse_min_translation_norm,arguments.seed,arguments.suite,arguments.tasks,arguments.trials,arguments.vision_checkpoint,arguments.vlm_checkpoint,checkpoint_manifest.action_ensemble_temperature,checkpoint_manifest.action_statistics_key,checkpoint_manifest.attention_backend,checkpoint_manifest.base_vlm,checkpoint_manifest.center_crop,checkpoint_manifest.checkpoint_size_bytes,checkpoint_manifest.image_resolution,checkpoint_manifest.lerobot,checkpoint_manifest.libero_root,checkpoint_manifest.model_id,checkpoint_manifest.native_action_chunk_size,checkpoint_manifest.policy,checkpoint_manifest.policy_setup,checkpoint_manifest.requested_checkpoint,checkpoint_manifest.resolved_checkpoint,checkpoint_manifest.resolved_checkpoint_size_bytes,checkpoint_manifest.task_suite,checkpoint_manifest.transformers,checkpoint_manifest.vision_checkpoint,checkpoint_manifest.vlm,depth_calibration.calibrated,depth_calibration.influence,depth_calibration.mode,depth_calibration.rules.min_gap,depth_calibration.rules.min_layer_fraction,depth_calibration.rules.protect_last,depth_calibration.seed,depth_calibration.tasks,fusion.collect_relevance,fusion.keyframes,fusion.median_reusable_visual_tokens,fusion.representation,fusion.task_relevance_supported
/home/user/BiVLA/artifacts/results/mentor_2026-09-11/results/cogact_base_simplerenv_bridge/action_repeat2/summary.json,cogact_base_simplerenv_bridge,action_repeat2,,completed,action_repeat,cogact_base_simplerenv_bridge,action_repeat2,simpler_widowx,200,24,0.12,0.0,35.33,0,int,,Paired SimpleWidowX Bridge rollouts with CogACT-Base. The 14 controls are evaluated as runtime/task conditions; synthetic action agreement is not used as an accuracy result.,<absent>,<absent>,<absent>,False,False,True,[],2,,,/home/soumyara004/soumyaratnadebnath/VisionLanguageAction/models/CogACT/weights/llama2-7b-base,1.5,/home/soumyara004/soumyaratnadebnath/VisionLanguageAction/models/CogACT/weights/CogACT-Base/checkpoints/CogACT-Base.pt,action_repeat,action_repeat2,,,,1,cuda:0,,0.2,,0.15,,3,0.5,0.01,1,0.2,150,cogact_base_simplerenv_bridge,,,10,50,/home/soumyara004/soumyaratnadebnath/VisionLanguageAction/artifacts/results/cogact_base_simplerenv_bridge/action_repeat2,,,1,0.01,0.03,0.995,0.01,42,,"widowx_spoon_on_towel,widowx_carrot_on_plate,widowx_stack_cube,widowx_put_eggplant_in_basket",,,,,,,,,,,,,,,,,,,,,,,,,,,,,,,,,0,0.0,CogACT projected visual tokens before Llama cognition-token generation,False
/home/user/BiVLA/artifacts/results/mentor_2026-09-11/results/cogact_base_simplerenv_bridge/action_repeat4/summary.json,cogact_base_simplerenv_bridge,action_repeat4,,completed,action_repeat,cogact_base_simplerenv_bridge,action_repeat4,simpler_widowx,200,9,0.045,0.0,18.575,0,int,,Paired SimpleWidowX Bridge rollouts with CogACT-Base. The 14 controls are evaluated as runtime/task conditions; synthetic action agreement is not used as an accuracy result.,<absent>,<absent>,<absent>,False,False,True,[],4,,,/home/soumyara004/soumyaratnadebnath/VisionLanguageAction/models/CogACT/weights/llama2-7b-base,1.5,/home/soumyara004/soumyaratnadebnath/VisionLanguageAction/models/CogACT/weights/CogACT-Base/checkpoints/CogACT-Base.pt,action_repeat,action_repeat4,,,,1,cuda:0,,0.2,,0.15,,3,0.5,0.01,1,0.2,150,cogact_base_simplerenv_bridge,,,10,50,/home/soumyara004/soumyaratnadebnath/VisionLanguageAction/artifacts/results/cogact_base_simplerenv_bridge/action_repeat4,,,1,0.01,0.03,0.995,0.01,42,,"widowx_spoon_on_towel,widowx_carrot_on_plate,widowx_stack_cube,widowx_put_eggplant_in_basket",,,,,,,,,,,,,,,,,,,,,,,,,,,,,,,,,0,0.0,CogACT projected visual tokens before Llama cognition-token generation,False
/home/user/BiVLA/artifacts/results/mentor_2026-09-11/results/cogact_base_simplerenv_bridge/depth_pruning1/summary.json,cogact_base_simplerenv_bridge,depth_pruning1,,completed,depth_pruning,cogact_base_simplerenv_bridge,depth_pruning1,simpler_widowx,200,114,0.57,0.0,47.575,0,int,,Paired SimpleWidowX Bridge rollouts with CogACT-Base. The 14 controls are evaluated as runtime/task conditions; synthetic action agreement is not used as an accuracy result.,<absent>,<absent>,<absent>,False,False,True,[17],2,,,/home/soumyara004/soumyaratnadebnath/VisionLanguageAction/models/CogACT/weights/llama2-7b-base,1.5,/home/soumyara004/soumyaratnadebnath/VisionLanguageAction/models/CogACT/weights/CogACT-Base/checkpoints/CogACT-Base.pt,depth_pruning,depth_pruning1,,,,1,cuda:0,,0.2,,0.15,,3,0.5,0.01,1,0.2,150,cogact_base_simplerenv_bridge,,,10,50,/home/soumyara004/soumyaratnadebnath/VisionLanguageAction/artifacts/results/cogact_base_simplerenv_bridge/depth_pruning1,,,1,0.01,0.03,0.995,0.01,42,,"widowx_spoon_on_towel,widowx_carrot_on_plate,widowx_stack_cube,widowx_put_eggplant_in_basket",,,,,,,,,,,,,,,,,,,,,,,,,"[0.048134177923202515, 0.05354234576225281, 0.009928733110427856, 0.006527319550514221, 0.013876780867576599, 0.009815484285354614, 0.015215426683425903, 0.024237945675849915, 0.027325987815856934, 0.026195377111434937, 0.03061261773109436, 0.029778003692626953, 0.019207581877708435, 0.01715843379497528, 0.023772835731506348, 0.022366434335708618, 0.02564603090286255, 0.013540834188461304, 0.019007444381713867, 0.018872663378715515, 0.014453500509262085, 0.015857964754104614, 0.017497599124908447, 0.014382123947143555, 0.01773412525653839, 0.01598602533340454, 0.021748259663581848, 0.0161123126745224, 0.018685877323150635, 0.024841323494911194, 0.029001310467720032, 0.07253992557525635]",,,,,,,,0,0.0,CogACT projected visual tokens before Llama cognition-token generation,False
/home/user/BiVLA/artifacts/results/mentor_2026-09-11/results/cogact_base_simplerenv_bridge/depth_pruning2/summary.json,cogact_base_simplerenv_bridge,depth_pruning2,,completed,depth_pruning,cogact_base_simplerenv_bridge,depth_pruning2,simpler_widowx,200,119,0.595,0.0,47.135,0,int,,Paired SimpleWidowX Bridge rollouts with CogACT-Base. The 14 controls are evaluated as runtime/task conditions; synthetic action agreement is not used as an accuracy result.,<absent>,<absent>,<absent>,False,False,True,"[17, 23]",2,,,/home/soumyara004/soumyaratnadebnath/VisionLanguageAction/models/CogACT/weights/llama2-7b-base,1.5,/home/soumyara004/soumyaratnadebnath/VisionLanguageAction/models/CogACT/weights/CogACT-Base/checkpoints/CogACT-Base.pt,depth_pruning,depth_pruning2,,,,2,cuda:0,,0.2,,0.15,,3,0.5,0.01,1,0.2,150,cogact_base_simplerenv_bridge,,,10,50,/home/soumyara004/soumyaratnadebnath/VisionLanguageAction/artifacts/results/cogact_base_simplerenv_bridge/depth_pruning2,,,1,0.01,0.03,0.995,0.01,42,,"widowx_spoon_on_towel,widowx_carrot_on_plate,widowx_stack_cube,widowx_put_eggplant_in_basket",,,,,,,,,,,,,,,,,,,,,,,,,"[0.048134177923202515, 0.05354234576225281, 0.009928733110427856, 0.006527319550514221, 0.013876780867576599, 0.009815484285354614, 0.015215426683425903, 0.024237945675849915, 0.027325987815856934, 0.026195377111434937, 0.03061261773109436, 0.029778003692626953, 0.019207581877708435, 0.01715843379497528, 0.023772835731506348, 0.022366434335708618, 0.02564603090286255, 0.013540834188461304, 0.019007444381713867, 0.018872663378715515, 0.014453500509262085, 0.015857964754104614, 0.017497599124908447, 0.014382123947143555, 0.01773412525653839, 0.01598602533340454, 0.021748259663581848, 0.0161123126745224, 0.018685877323150635, 0.024841323494911194, 0.029001310467720032, 0.07253992557525635]",,,,,,,,0,0.0,CogACT projected visual tokens before Llama cognition-token generation,False
/home/user/BiVLA/artifacts/results/mentor_2026-09-11/results/cogact_base_simplerenv_bridge/depth_pruning4/summary.json,cogact_base_simplerenv_bridge,depth_pruning4,,completed,depth_pruning,cogact_base_simplerenv_bridge,depth_pruning4,simpler_widowx,200,105,0.525,0.0,49.84,0,int,,Paired SimpleWidowX Bridge rollouts with CogACT-Base. The 14 controls are evaluated as runtime/task conditions; synthetic action agreement is not used as an accuracy result.,<absent>,<absent>,<absent>,False,False,True,"[17, 20, 23, 25]",2,,,/home/soumyara004/soumyaratnadebnath/VisionLanguageAction/models/CogACT/weights/llama2-7b-base,1.5,/home/soumyara004/soumyaratnadebnath/VisionLanguageAction/models/CogACT/weights/CogACT-Base/checkpoints/CogACT-Base.pt,depth_pruning,depth_pruning4,,,,4,cuda:0,,0.2,,0.15,,3,0.5,0.01,1,0.2,150,cogact_base_simplerenv_bridge,,,10,50,/home/soumyara004/soumyaratnadebnath/VisionLanguageAction/artifacts/results/cogact_base_simplerenv_bridge/depth_pruning4,,,1,0.01,0.03,0.995,0.01,42,,"widowx_spoon_on_towel,widowx_carrot_on_plate,widowx_stack_cube,widowx_put_eggplant_in_basket",,,,,,,,,,,,,,,,,,,,,,,,,"[0.048134177923202515, 0.05354234576225281, 0.009928733110427856, 0.006527319550514221, 0.013876780867576599, 0.009815484285354614, 0.015215426683425903, 0.024237945675849915, 0.027325987815856934, 0.026195377111434937, 0.03061261773109436, 0.029778003692626953, 0.019207581877708435, 0.01715843379497528, 0.023772835731506348, 0.022366434335708618, 0.02564603090286255, 0.013540834188461304, 0.019007444381713867, 0.018872663378715515, 0.014453500509262085, 0.015857964754104614, 0.017497599124908447, 0.014382123947143555, 0.01773412525653839, 0.01598602533340454, 0.021748259663581848, 0.0161123126745224, 0.018685877323150635, 0.024841323494911194, 0.029001310467720032, 0.07253992557525635]",,,,,,,,0,0.0,CogACT projected visual tokens before Llama cognition-token generation,False
/home/user/BiVLA/artifacts/results/mentor_2026-09-11/results/cogact_base_simplerenv_bridge/fixed_foveation_keep20/summary.json,cogact_base_simplerenv_bridge,fixed_foveation_keep20,,completed,fixed_foveation,cogact_base_simplerenv_bridge,fixed_foveation_keep20,simpler_widowx,200,105,0.525,0.0,46.57,0,int,,Paired SimpleWidowX Bridge rollouts with CogACT-Base. The 14 controls are evaluated as runtime/task conditions; synthetic action agreement is not used as an accuracy result.,<absent>,<absent>,<absent>,False,False,True,[],2,,,/home/soumyara004/soumyaratnadebnath/VisionLanguageAction/models/CogACT/weights/llama2-7b-base,1.5,/home/soumyara004/soumyaratnadebnath/VisionLanguageAction/models/CogACT/weights/CogACT-Base/checkpoints/CogACT-Base.pt,fixed_foveation,fixed_foveation_keep20,,,,1,cuda:0,,0.2,,0.15,,3,0.5,0.01,1,0.2,150,cogact_base_simplerenv_bridge,,,10,50,/home/soumyara004/soumyaratnadebnath/VisionLanguageAction/artifacts/results/cogact_base_simplerenv_bridge/fixed_foveation_keep20,,,1,0.01,0.03,0.995,0.01,42,,"widowx_spoon_on_towel,widowx_carrot_on_plate,widowx_stack_cube,widowx_put_eggplant_in_basket",,,,,,,,,,,,,,,,,,,,,,,,,,,,,,,,,0,0.0,CogACT projected visual tokens before Llama cognition-token generation,False
/home/user/BiVLA/artifacts/results/mentor_2026-09-11/results/cogact_base_simplerenv_bridge/fixed_foveation_keep50/summary.json,cogact_base_simplerenv_bridge,fixed_foveation_keep50,,completed,fixed_foveation,cogact_base_simplerenv_bridge,fixed_foveation_keep50,simpler_widowx,200,105,0.525,0.0,48.36,0,int,,Paired SimpleWidowX Bridge rollouts with CogACT-Base. The 14 controls are evaluated as runtime/task conditions; synthetic action agreement is not used as an accuracy result.,<absent>,<absent>,<absent>,False,False,True,[],2,,,/home/soumyara004/soumyaratnadebnath/VisionLanguageAction/models/CogACT/weights/llama2-7b-base,1.5,/home/soumyara004/soumyaratnadebnath/VisionLanguageAction/models/CogACT/weights/CogACT-Base/checkpoints/CogACT-Base.pt,fixed_foveation,fixed_foveation_keep50,,,,1,cuda:0,,0.5,,0.15,,3,0.5,0.01,1,0.2,150,cogact_base_simplerenv_bridge,,,10,50,/home/soumyara004/soumyaratnadebnath/VisionLanguageAction/artifacts/results/cogact_base_simplerenv_bridge/fixed_foveation_keep50,,,1,0.01,0.03,0.995,0.01,42,,"widowx_spoon_on_towel,widowx_carrot_on_plate,widowx_stack_cube,widowx_put_eggplant_in_basket",,,,,,,,,,,,,,,,,,,,,,,,,,,,,,,,,0,0.0,CogACT projected visual tokens before Llama cognition-token generation,False
/home/user/BiVLA/artifacts/results/mentor_2026-09-11/results/cogact_base_simplerenv_bridge/guarded_reuse_aggressive/summary.json,cogact_base_simplerenv_bridge,guarded_reuse_aggressive,,completed,guarded_action_reuse,cogact_base_simplerenv_bridge,guarded_reuse_aggressive,simpler_widowx,200,106,0.53,1.355,48.415,0,int,,Paired SimpleWidowX Bridge rollouts with CogACT-Base. The 14 controls are evaluated as runtime/task conditions; synthetic action agreement is not used as an accuracy result.,<absent>,<absent>,<absent>,False,False,True,[],2,,,/home/soumyara004/soumyaratnadebnath/VisionLanguageAction/models/CogACT/weights/llama2-7b-base,1.5,/home/soumyara004/soumyaratnadebnath/VisionLanguageAction/models/CogACT/weights/CogACT-Base/checkpoints/CogACT-Base.pt,guarded_action_reuse,guarded_reuse_aggressive,,,,1,cuda:0,,0.2,,0.15,,3,0.5,0.01,1,0.2,150,cogact_base_simplerenv_bridge,,,10,50,/home/soumyara004/soumyaratnadebnath/VisionLanguageAction/artifacts/results/cogact_base_simplerenv_bridge/guarded_reuse_aggressive,,,2,0.02,0.05,0.98,0.01,42,,"widowx_spoon_on_towel,widowx_carrot_on_plate,widowx_stack_cube,widowx_put_eggplant_in_basket",,,,,,,,,,,,,,,,,,,,,,,,,,,,,,,,,0,0.0,CogACT projected visual tokens before Llama cognition-token generation,False
/home/user/BiVLA/artifacts/results/mentor_2026-09-11/results/cogact_base_simplerenv_bridge/guarded_reuse_moderate/summary.json,cogact_base_simplerenv_bridge,guarded_reuse_moderate,,completed,guarded_action_reuse,cogact_base_simplerenv_bridge,guarded_reuse_moderate,simpler_widowx,200,100,0.5,0.485,51.35,0,int,,Paired SimpleWidowX Bridge rollouts with CogACT-Base. The 14 controls are evaluated as runtime/task conditions; synthetic action agreement is not used as an accuracy result.,<absent>,<absent>,<absent>,False,False,True,[],2,,,/home/soumyara004/soumyaratnadebnath/VisionLanguageAction/models/CogACT/weights/llama2-7b-base,1.5,/home/soumyara004/soumyaratnadebnath/VisionLanguageAction/models/CogACT/weights/CogACT-Base/checkpoints/CogACT-Base.pt,guarded_action_reuse,guarded_reuse_moderate,,,,1,cuda:0,,0.2,,0.15,,3,0.5,0.01,1,0.2,150,cogact_base_simplerenv_bridge,,,10,50,/home/soumyara004/soumyaratnadebnath/VisionLanguageAction/artifacts/results/cogact_base_simplerenv_bridge/guarded_reuse_moderate,,,1,0.015,0.04,0.99,0.01,42,,"widowx_spoon_on_towel,widowx_carrot_on_plate,widowx_stack_cube,widowx_put_eggplant_in_basket",,,,,,,,,,,,,,,,,,,,,,,,,,,,,,,,,0,0.0,CogACT projected visual tokens before Llama cognition-token generation,False
/home/user/BiVLA/artifacts/results/mentor_2026-09-11/results/cogact_base_simplerenv_bridge/guarded_reuse_strict/summary.json,cogact_base_simplerenv_bridge,guarded_reuse_strict,,completed,guarded_action_reuse,cogact_base_simplerenv_bridge,guarded_reuse_strict,simpler_widowx,200,103,0.515,0.16,50.17,0,int,,Paired SimpleWidowX Bridge rollouts with CogACT-Base. The 14 controls are evaluated as runtime/task conditions; synthetic action agreement is not used as an accuracy result.,<absent>,<absent>,<absent>,False,False,True,[],2,,,/home/soumyara004/soumyaratnadebnath/VisionLanguageAction/models/CogACT/weights/llama2-7b-base,1.5,/home/soumyara004/soumyaratnadebnath/VisionLanguageAction/models/CogACT/weights/CogACT-Base/checkpoints/CogACT-Base.pt,guarded_action_reuse,guarded_reuse_strict,,,,1,cuda:0,,0.2,,0.15,,3,0.5,0.01,1,0.2,150,cogact_base_simplerenv_bridge,,,10,50,/home/soumyara004/soumyaratnadebnath/VisionLanguageAction/artifacts/results/cogact_base_simplerenv_bridge/guarded_reuse_strict,,,1,0.01,0.03,0.995,0.01,42,,"widowx_spoon_on_towel,widowx_carrot_on_plate,widowx_stack_cube,widowx_put_eggplant_in_basket",,,,,,,,,,,,,,,,,,,,,,,,,,,,,,,,,0,0.0,CogACT projected visual tokens before Llama cognition-token generation,False
/home/user/BiVLA/artifacts/results/mentor_2026-09-11/results/cogact_base_simplerenv_bridge/original/summary.json,cogact_base_simplerenv_bridge,original,,completed,original,cogact_base_simplerenv_bridge,original,simpler_widowx,200,100,0.5,0.0,50.845,0,int,,Paired SimpleWidowX Bridge rollouts with CogACT-Base. The 14 controls are evaluated as runtime/task conditions; synthetic action agreement is not used as an accuracy result.,<absent>,<absent>,<absent>,False,False,True,[],2,,,/home/soumyara004/soumyaratnadebnath/VisionLanguageAction/models/CogACT/weights/llama2-7b-base,1.5,/home/soumyara004/soumyaratnadebnath/VisionLanguageAction/models/CogACT/weights/CogACT-Base/checkpoints/CogACT-Base.pt,original,original,,,,1,cuda:0,,0.2,,0.15,,3,0.5,0.01,1,0.2,150,cogact_base_simplerenv_bridge,,,10,50,/home/soumyara004/soumyaratnadebnath/VisionLanguageAction/artifacts/results/cogact_base_simplerenv_bridge/original,,,1,0.01,0.03,0.995,0.01,42,,"widowx_spoon_on_towel,widowx_carrot_on_plate,widowx_stack_cube,widowx_put_eggplant_in_basket",,,,,,,,,,,,,,,,,,,,,,,,,,,,,,,,,0,0.0,CogACT projected visual tokens before Llama cognition-token generation,False
/home/user/BiVLA/artifacts/results/mentor_2026-09-11/results/cogact_base_simplerenv_bridge/temporal_fusion_conservative_adaptive/summary.json,cogact_base_simplerenv_bridge,temporal_fusion_conservative_adaptive,,completed,temporal_fusion,cogact_base_simplerenv_bridge,temporal_fusion_conservative_adaptive,simpler_widowx,200,104,0.52,0.0,48.93,0,int,,Paired SimpleWidowX Bridge rollouts with CogACT-Base. The 14 controls are evaluated as runtime/task conditions; synthetic action agreement is not used as an accuracy result.,<absent>,<absent>,<absent>,False,False,True,[],2,,,/home/soumyara004/soumyaratnadebnath/VisionLanguageAction/models/CogACT/weights/llama2-7b-base,1.5,/home/soumyara004/soumyaratnadebnath/VisionLanguageAction/models/CogACT/weights/CogACT-Base/checkpoints/CogACT-Base.pt,temporal_fusion,temporal_fusion_conservative_adaptive,,,,1,cuda:0,,0.2,,0.15,0.03,2,0.25,0.01,1,0.2,150,cogact_base_simplerenv_bridge,,,10,50,/home/soumyara004/soumyaratnadebnath/VisionLanguageAction/artifacts/results/cogact_base_simplerenv_bridge/temporal_fusion_conservative_adaptive,,,1,0.01,0.03,0.995,0.01,42,,"widowx_spoon_on_towel,widowx_carrot_on_plate,widowx_stack_cube,widowx_put_eggplant_in_basket",,,,,,,,,,,,,,,,,,,,,,,,,,,,,,,,,9080,64.0,CogACT projected visual tokens before Llama cognition-token generation,False
/home/user/BiVLA/artifacts/results/mentor_2026-09-11/results/cogact_base_simplerenv_bridge/temporal_fusion_motion_entropy/summary.json,cogact_base_simplerenv_bridge,temporal_fusion_motion_entropy,,completed,temporal_fusion,cogact_base_simplerenv_bridge,temporal_fusion_motion_entropy,simpler_widowx,200,116,0.58,0.0,47.41,0,int,,Paired SimpleWidowX Bridge rollouts with CogACT-Base. The 14 controls are evaluated as runtime/task conditions; synthetic action agreement is not used as an accuracy result.,<absent>,<absent>,<absent>,False,False,True,[],2,,,/home/soumyara004/soumyaratnadebnath/VisionLanguageAction/models/CogACT/weights/llama2-7b-base,1.5,/home/soumyara004/soumyaratnadebnath/VisionLanguageAction/models/CogACT/weights/CogACT-Base/checkpoints/CogACT-Base.pt,temporal_fusion,temporal_fusion_motion_entropy,,,,1,cuda:0,,0.2,,0.15,,3,0.5,0.01,1,0.2,150,cogact_base_simplerenv_bridge,,,10,50,/home/soumyara004/soumyaratnadebnath/VisionLanguageAction/artifacts/results/cogact_base_simplerenv_bridge/temporal_fusion_motion_entropy,,,1,0.01,0.03,0.995,0.01,42,,"widowx_spoon_on_towel,widowx_carrot_on_plate,widowx_stack_cube,widowx_put_eggplant_in_basket",,,,,,,,,,,,,,,,,,,,,,,,,,,,,,,,,3200,108.0,CogACT projected visual tokens before Llama cognition-token generation,False
/home/user/BiVLA/artifacts/results/mentor_2026-09-11/results/cogact_base_simplerenv_bridge/temporal_fusion_task_aware/summary.json,cogact_base_simplerenv_bridge,temporal_fusion_task_aware,,completed,temporal_fusion,cogact_base_simplerenv_bridge,temporal_fusion_task_aware,simpler_widowx,200,116,0.58,0.0,47.41,0,int,,Paired SimpleWidowX Bridge rollouts with CogACT-Base. The 14 controls are evaluated as runtime/task conditions; synthetic action agreement is not used as an accuracy result.,<absent>,<absent>,<absent>,False,False,True,[],2,,,/home/soumyara004/soumyaratnadebnath/VisionLanguageAction/models/CogACT/weights/llama2-7b-base,1.5,/home/soumyara004/soumyaratnadebnath/VisionLanguageAction/models/CogACT/weights/CogACT-Base/checkpoints/CogACT-Base.pt,temporal_fusion,temporal_fusion_task_aware,,,,1,cuda:0,,0.2,,0.15,,3,0.5,0.01,1,0.2,150,cogact_base_simplerenv_bridge,,,10,50,/home/soumyara004/soumyaratnadebnath/VisionLanguageAction/artifacts/results/cogact_base_simplerenv_bridge/temporal_fusion_task_aware,,,1,0.01,0.03,0.995,0.01,42,,"widowx_spoon_on_towel,widowx_carrot_on_plate,widowx_stack_cube,widowx_put_eggplant_in_basket",,,,,,,,,,,,,,,,,,,,,,,,,,,,,,,,,3200,108.0,CogACT projected visual tokens before Llama cognition-token generation,False
/home/user/BiVLA/artifacts/results/mentor_2026-09-11/results/cogact_base_simplerenv_fractal/action_repeat2/google_robot_close_drawer/summary.json,cogact_base_simplerenv_fractal,action_repeat2,google_robot_close_drawer,completed,action_repeat,cogact_base_simplerenv_fractal,action_repeat2,simpler_google_robot_fractal,50,37,0.74,0.0,21.26,0,int,,Google Robot/Fractal SimplerEnv setup; report only completed paired rollouts.,<absent>,<absent>,<absent>,False,False,False,[],2,,,models/CogACT/weights/llama2-7b-base,1.5,models/CogACT/weights/CogACT-Base/checkpoints/CogACT-Base.pt,action_repeat,action_repeat2,,,,1,cuda:0,,0.2,,0.15,,3,0.5,0.01,1,0.2,80,cogact_base_simplerenv_fractal,,,10,50,artifacts/results/cogact_base_simplerenv_fractal/action_repeat2/google_robot_close_drawer,,,1,0.01,0.03,0.995,0.01,42,,google_robot_close_drawer,,,,,fractal20220817_data,,,,,,,,,,,google_robot,,,,,,,,,,,,,,,,,0,0.0,CogACT projected visual tokens before Llama cognition-token generation,False
/home/user/BiVLA/artifacts/results/mentor_2026-09-11/results/cogact_base_simplerenv_fractal/action_repeat2/google_robot_move_near/summary.json,cogact_base_simplerenv_fractal,action_repeat2,google_robot_move_near,completed,action_repeat,cogact_base_simplerenv_fractal,action_repeat2,simpler_google_robot_fractal,50,41,0.82,0.0,16.22,0,int,,Google Robot/Fractal SimplerEnv setup; report only completed paired rollouts.,<absent>,<absent>,<absent>,False,False,False,[],2,,,models/CogACT/weights/llama2-7b-base,1.5,models/CogACT/weights/CogACT-Base/checkpoints/CogACT-Base.pt,action_repeat,action_repeat2,,,,1,cuda:0,,0.2,,0.15,,3,0.5,0.01,1,0.2,80,cogact_base_simplerenv_fractal,,,10,50,artifacts/results/cogact_base_simplerenv_fractal/action_repeat2/google_robot_move_near,,,1,0.01,0.03,0.995,0.01,42,,google_robot_move_near,,,,,fractal20220817_data,,,,,,,,,,,google_robot,,,,,,,,,,,,,,,,,0,0.0,CogACT projected visual tokens before Llama cognition-token generation,False
/home/user/BiVLA/artifacts/results/mentor_2026-09-11/results/cogact_base_simplerenv_fractal/action_repeat2/google_robot_open_drawer/summary.json,cogact_base_simplerenv_fractal,action_repeat2,google_robot_open_drawer,completed,action_repeat,cogact_base_simplerenv_fractal,action_repeat2,simpler_google_robot_fractal,50,42,0.84,0.0,23.2,0,int,,Google Robot/Fractal SimplerEnv setup; report only completed paired rollouts.,<absent>,<absent>,<absent>,False,False,False,[],2,,,models/CogACT/weights/llama2-7b-base,1.5,models/CogACT/weights/CogACT-Base/checkpoints/CogACT-Base.pt,action_repeat,action_repeat2,,,,1,cuda:0,,0.2,,0.15,,3,0.5,0.01,1,0.2,80,cogact_base_simplerenv_fractal,,,10,50,artifacts/results/cogact_base_simplerenv_fractal/action_repeat2/google_robot_open_drawer,,,1,0.01,0.03,0.995,0.01,42,,google_robot_open_drawer,,,,,fractal20220817_data,,,,,,,,,,,google_robot,,,,,,,,,,,,,,,,,0,0.0,CogACT projected visual tokens before Llama cognition-token generation,False
/home/user/BiVLA/artifacts/results/mentor_2026-09-11/results/cogact_base_simplerenv_fractal/action_repeat2/google_robot_pick_coke_can/summary.json,cogact_base_simplerenv_fractal,action_repeat2,google_robot_pick_coke_can,completed,action_repeat,cogact_base_simplerenv_fractal,action_repeat2,simpler_google_robot_fractal,50,44,0.88,0.0,16.82,0,int,,Google Robot/Fractal SimplerEnv setup; report only completed paired rollouts.,<absent>,<absent>,<absent>,False,False,False,[],2,,,models/CogACT/weights/llama2-7b-base,1.5,models/CogACT/weights/CogACT-Base/checkpoints/CogACT-Base.pt,action_repeat,action_repeat2,,,,1,cuda:0,,0.2,,0.15,,3,0.5,0.01,1,0.2,80,cogact_base_simplerenv_fractal,,,10,50,artifacts/results/cogact_base_simplerenv_fractal/action_repeat2/google_robot_pick_coke_can,,,1,0.01,0.03,0.995,0.01,42,,google_robot_pick_coke_can,,,,,fractal20220817_data,,,,,,,,,,,google_robot,,,,,,,,,,,,,,,,,0,0.0,CogACT projected visual tokens before Llama cognition-token generation,False
/home/user/BiVLA/artifacts/results/mentor_2026-09-11/results/cogact_base_simplerenv_fractal/action_repeat2/google_robot_place_apple_in_closed_top_drawer/summary.json,cogact_base_simplerenv_fractal,action_repeat2,google_robot_place_apple_in_closed_top_drawer,completed,action_repeat,cogact_base_simplerenv_fractal,action_repeat2,simpler_google_robot_fractal,50,0,0.0,0.0,40.0,0,int,,Google Robot/Fractal SimplerEnv setup; report only completed paired rollouts.,<absent>,<absent>,<absent>,False,False,False,[],2,,,models/CogACT/weights/llama2-7b-base,1.5,models/CogACT/weights/CogACT-Base/checkpoints/CogACT-Base.pt,action_repeat,action_repeat2,,,,1,cuda:0,,0.2,,0.15,,3,0.5,0.01,1,0.2,80,cogact_base_simplerenv_fractal,,,10,50,artifacts/results/cogact_base_simplerenv_fractal/action_repeat2/google_robot_place_apple_in_closed_top_drawer,,,1,0.01,0.03,0.995,0.01,42,,google_robot_place_apple_in_closed_top_drawer,,,,,fractal20220817_data,,,,,,,,,,,google_robot,,,,,,,,,,,,,,,,,0,0.0,CogACT projected visual tokens before Llama cognition-token generation,False
/home/user/BiVLA/artifacts/results/mentor_2026-09-11/results/cogact_base_simplerenv_fractal/action_repeat4/google_robot_close_drawer/summary.json,cogact_base_simplerenv_fractal,action_repeat4,google_robot_close_drawer,completed,action_repeat,cogact_base_simplerenv_fractal,action_repeat4,simpler_google_robot_fractal,50,44,0.88,0.0,10.06,0,int,,Google Robot/Fractal SimplerEnv setup; report only completed paired rollouts.,<absent>,<absent>,<absent>,False,False,False,[],4,,,models/CogACT/weights/llama2-7b-base,1.5,models/CogACT/weights/CogACT-Base/checkpoints/CogACT-Base.pt,action_repeat,action_repeat4,,,,1,cuda:0,,0.2,,0.15,,3,0.5,0.01,1,0.2,80,cogact_base_simplerenv_fractal,,,10,50,artifacts/results/cogact_base_simplerenv_fractal/action_repeat4/google_robot_close_drawer,,,1,0.01,0.03,0.995,0.01,42,,google_robot_close_drawer,,,,,fractal20220817_data,,,,,,,,,,,google_robot,,,,,,,,,,,,,,,,,0,0.0,CogACT projected visual tokens before Llama cognition-token generation,False
/home/user/BiVLA/artifacts/results/mentor_2026-09-11/results/cogact_base_simplerenv_fractal/action_repeat4/google_robot_move_near/summary.json,cogact_base_simplerenv_fractal,action_repeat4,google_robot_move_near,completed,action_repeat,cogact_base_simplerenv_fractal,action_repeat4,simpler_google_robot_fractal,50,25,0.5,0.0,13.74,0,int,,Google Robot/Fractal SimplerEnv setup; report only completed paired rollouts.,<absent>,<absent>,<absent>,False,False,False,[],4,,,models/CogACT/weights/llama2-7b-base,1.5,models/CogACT/weights/CogACT-Base/checkpoints/CogACT-Base.pt,action_repeat,action_repeat4,,,,1,cuda:0,,0.2,,0.15,,3,0.5,0.01,1,0.2,80,cogact_base_simplerenv_fractal,,,10,50,artifacts/results/cogact_base_simplerenv_fractal/action_repeat4/google_robot_move_near,,,1,0.01,0.03,0.995,0.01,42,,google_robot_move_near,,,,,fractal20220817_data,,,,,,,,,,,google_robot,,,,,,,,,,,,,,,,,0,0.0,CogACT projected visual tokens before Llama cognition-token generation,False
/home/user/BiVLA/artifacts/results/mentor_2026-09-11/results/cogact_base_simplerenv_fractal/action_repeat4/google_robot_open_drawer/summary.json,cogact_base_simplerenv_fractal,action_repeat4,google_robot_open_drawer,completed,action_repeat,cogact_base_simplerenv_fractal,action_repeat4,simpler_google_robot_fractal,50,21,0.42,0.0,16.64,0,int,,Google Robot/Fractal SimplerEnv setup; report only completed paired rollouts.,<absent>,<absent>,<absent>,False,False,False,[],4,,,models/CogACT/weights/llama2-7b-base,1.5,models/CogACT/weights/CogACT-Base/checkpoints/CogACT-Base.pt,action_repeat,action_repeat4,,,,1,cuda:0,,0.2,,0.15,,3,0.5,0.01,1,0.2,80,cogact_base_simplerenv_fractal,,,10,50,artifacts/results/cogact_base_simplerenv_fractal/action_repeat4/google_robot_open_drawer,,,1,0.01,0.03,0.995,0.01,42,,google_robot_open_drawer,,,,,fractal20220817_data,,,,,,,,,,,google_robot,,,,,,,,,,,,,,,,,0,0.0,CogACT projected visual tokens before Llama cognition-token generation,False
/home/user/BiVLA/artifacts/results/mentor_2026-09-11/results/cogact_base_simplerenv_fractal/action_repeat4/google_robot_pick_coke_can/summary.json,cogact_base_simplerenv_fractal,action_repeat4,google_robot_pick_coke_can,completed,action_repeat,cogact_base_simplerenv_fractal,action_repeat4,simpler_google_robot_fractal,50,30,0.6,0.0,13.16,0,int,,Google Robot/Fractal SimplerEnv setup; report only completed paired rollouts.,<absent>,<absent>,<absent>,False,False,False,[],4,,,models/CogACT/weights/llama2-7b-base,1.5,models/CogACT/weights/CogACT-Base/checkpoints/CogACT-Base.pt,action_repeat,action_repeat4,,,,1,cuda:0,,0.2,,0.15,,3,0.5,0.01,1,0.2,80,cogact_base_simplerenv_fractal,,,10,50,artifacts/results/cogact_base_simplerenv_fractal/action_repeat4/google_robot_pick_coke_can,,,1,0.01,0.03,0.995,0.01,42,,google_robot_pick_coke_can,,,,,fractal20220817_data,,,,,,,,,,,google_robot,,,,,,,,,,,,,,,,,0,0.0,CogACT projected visual tokens before Llama cognition-token generation,False
/home/user/BiVLA/artifacts/results/mentor_2026-09-11/results/cogact_base_simplerenv_fractal/action_repeat4/google_robot_place_apple_in_closed_top_drawer/summary.json,cogact_base_simplerenv_fractal,action_repeat4,google_robot_place_apple_in_closed_top_drawer,completed,action_repeat,cogact_base_simplerenv_fractal,action_repeat4,simpler_google_robot_fractal,50,0,0.0,0.0,20.0,0,int,,Google Robot/Fractal SimplerEnv setup; report only completed paired rollouts.,<absent>,<absent>,<absent>,False,False,False,[],4,,,models/CogACT/weights/llama2-7b-base,1.5,models/CogACT/weights/CogACT-Base/checkpoints/CogACT-Base.pt,action_repeat,action_repeat4,,,,1,cuda:0,,0.2,,0.15,,3,0.5,0.01,1,0.2,80,cogact_base_simplerenv_fractal,,,10,50,artifacts/results/cogact_base_simplerenv_fractal/action_repeat4/google_robot_place_apple_in_closed_top_drawer,,,1,0.01,0.03,0.995,0.01,42,,google_robot_place_apple_in_closed_top_drawer,,,,,fractal20220817_data,,,,,,,,,,,google_robot,,,,,,,,,,,,,,,,,0,0.0,CogACT projected visual tokens before Llama cognition-token generation,False
/home/user/BiVLA/artifacts/results/mentor_2026-09-11/results/cogact_base_simplerenv_fractal/depth_pruning1/google_robot_close_drawer/summary.json,cogact_base_simplerenv_fractal,depth_pruning1,google_robot_close_drawer,completed,depth_pruning,cogact_base_simplerenv_fractal,depth_pruning1,simpler_google_robot_fractal,50,29,0.58,0.0,48.72,0,int,,Google Robot/Fractal SimplerEnv setup; report only completed paired rollouts.,<absent>,<absent>,<absent>,False,False,False,[23],2,,,models/CogACT/weights/llama2-7b-base,1.5,models/CogACT/weights/CogACT-Base/checkpoints/CogACT-Base.pt,depth_pruning,depth_pruning1,,,,1,cuda:0,,0.2,,0.15,,3,0.5,0.01,1,0.2,80,cogact_base_simplerenv_fractal,,,10,50,artifacts/results/cogact_base_simplerenv_fractal/depth_pruning1/google_robot_close_drawer,,,1,0.01,0.03,0.995,0.01,42,,google_robot_close_drawer,,,,,fractal20220817_data,,,,,,,,,,,google_robot,,,,,,,,,"[0.047943365573883054, 0.05588090419769287, 0.008357715606689454, 0.008505940437316895, 0.012510693073272705, 0.013736438751220704, 0.01811920404434204, 0.02434030771255493, 0.028671848773956298, 0.03333789110183716, 0.03548507690429688, 0.03151068687438965, 0.02124614715576172, 0.022596681118011476, 0.027403008937835694, 0.026511645317077635, 0.02932804822921753, 0.01792665719985962, 0.020727169513702393, 0.018936824798583985, 0.019047999382019044, 0.02120276689529419, 0.020900511741638185, 0.01648789644241333, 0.019890141487121583, 0.018745231628417968, 0.022805118560791017, 0.01941903829574585, 0.022969579696655272, 0.029162871837615966, 0.030289173126220703, 0.0848733901977539]",,,,,,,,0,0.0,CogACT projected visual tokens before Llama cognition-token generation,False
/home/user/BiVLA/artifacts/results/mentor_2026-09-11/results/cogact_base_simplerenv_fractal/depth_pruning1/google_robot_move_near/summary.json,cogact_base_simplerenv_fractal,depth_pruning1,google_robot_move_near,completed,depth_pruning,cogact_base_simplerenv_fractal,depth_pruning1,simpler_google_robot_fractal,50,48,0.96,0.0,21.32,0,int,,Google Robot/Fractal SimplerEnv setup; report only completed paired rollouts.,<absent>,<absent>,<absent>,False,False,False,[23],2,,,models/CogACT/weights/llama2-7b-base,1.5,models/CogACT/weights/CogACT-Base/checkpoints/CogACT-Base.pt,depth_pruning,depth_pruning1,,,,1,cuda:0,,0.2,,0.15,,3,0.5,0.01,1,0.2,80,cogact_base_simplerenv_fractal,,,10,50,artifacts/results/cogact_base_simplerenv_fractal/depth_pruning1/google_robot_move_near,,,1,0.01,0.03,0.995,0.01,42,,google_robot_move_near,,,,,fractal20220817_data,,,,,,,,,,,google_robot,,,,,,,,,"[0.047943365573883054, 0.05588090419769287, 0.008357715606689454, 0.008505940437316895, 0.012510693073272705, 0.013736438751220704, 0.01811920404434204, 0.02434030771255493, 0.028671848773956298, 0.03333789110183716, 0.03548507690429688, 0.03151068687438965, 0.02124614715576172, 0.022596681118011476, 0.027403008937835694, 0.026511645317077635, 0.02932804822921753, 0.01792665719985962, 0.020727169513702393, 0.018936824798583985, 0.019047999382019044, 0.02120276689529419, 0.020900511741638185, 0.01648789644241333, 0.019890141487121583, 0.018745231628417968, 0.022805118560791017, 0.01941903829574585, 0.022969579696655272, 0.029162871837615966, 0.030289173126220703, 0.0848733901977539]",,,,,,,,0,0.0,CogACT projected visual tokens before Llama cognition-token generation,False
/home/user/BiVLA/artifacts/results/mentor_2026-09-11/results/cogact_base_simplerenv_fractal/depth_pruning1/google_robot_open_drawer/summary.json,cogact_base_simplerenv_fractal,depth_pruning1,google_robot_open_drawer,completed,depth_pruning,cogact_base_simplerenv_fractal,depth_pruning1,simpler_google_robot_fractal,50,36,0.72,0.0,51.74,0,int,,Google Robot/Fractal SimplerEnv setup; report only completed paired rollouts.,<absent>,<absent>,<absent>,False,False,False,[23],2,,,models/CogACT/weights/llama2-7b-base,1.5,models/CogACT/weights/CogACT-Base/checkpoints/CogACT-Base.pt,depth_pruning,depth_pruning1,,,,1,cuda:0,,0.2,,0.15,,3,0.5,0.01,1,0.2,80,cogact_base_simplerenv_fractal,,,10,50,artifacts/results/cogact_base_simplerenv_fractal/depth_pruning1/google_robot_open_drawer,,,1,0.01,0.03,0.995,0.01,42,,google_robot_open_drawer,,,,,fractal20220817_data,,,,,,,,,,,google_robot,,,,,,,,,"[0.047943365573883054, 0.05588090419769287, 0.008357715606689454, 0.008505940437316895, 0.012510693073272705, 0.013736438751220704, 0.01811920404434204, 0.02434030771255493, 0.028671848773956298, 0.03333789110183716, 0.03548507690429688, 0.03151068687438965, 0.02124614715576172, 0.022596681118011476, 0.027403008937835694, 0.026511645317077635, 0.02932804822921753, 0.01792665719985962, 0.020727169513702393, 0.018936824798583985, 0.019047999382019044, 0.02120276689529419, 0.020900511741638185, 0.01648789644241333, 0.019890141487121583, 0.018745231628417968, 0.022805118560791017, 0.01941903829574585, 0.022969579696655272, 0.029162871837615966, 0.030289173126220703, 0.0848733901977539]",,,,,,,,0,0.0,CogACT projected visual tokens before Llama cognition-token generation,False
/home/user/BiVLA/artifacts/results/mentor_2026-09-11/results/cogact_base_simplerenv_fractal/depth_pruning1/google_robot_pick_coke_can/summary.json,cogact_base_simplerenv_fractal,depth_pruning1,google_robot_pick_coke_can,completed,depth_pruning,cogact_base_simplerenv_fractal,depth_pruning1,simpler_google_robot_fractal,50,50,1.0,0.0,19.12,0,int,,Google Robot/Fractal SimplerEnv setup; report only completed paired rollouts.,<absent>,<absent>,<absent>,False,False,False,[23],2,,,models/CogACT/weights/llama2-7b-base,1.5,models/CogACT/weights/CogACT-Base/checkpoints/CogACT-Base.pt,depth_pruning,depth_pruning1,,,,1,cuda:0,,0.2,,0.15,,3,0.5,0.01,1,0.2,80,cogact_base_simplerenv_fractal,,,10,50,artifacts/results/cogact_base_simplerenv_fractal/depth_pruning1/google_robot_pick_coke_can,,,1,0.01,0.03,0.995,0.01,42,,google_robot_pick_coke_can,,,,,fractal20220817_data,,,,,,,,,,,google_robot,,,,,,,,,"[0.047943365573883054, 0.05588090419769287, 0.008357715606689454, 0.008505940437316895, 0.012510693073272705, 0.013736438751220704, 0.01811920404434204, 0.02434030771255493, 0.028671848773956298, 0.03333789110183716, 0.03548507690429688, 0.03151068687438965, 0.02124614715576172, 0.022596681118011476, 0.027403008937835694, 0.026511645317077635, 0.02932804822921753, 0.01792665719985962, 0.020727169513702393, 0.018936824798583985, 0.019047999382019044, 0.02120276689529419, 0.020900511741638185, 0.01648789644241333, 0.019890141487121583, 0.018745231628417968, 0.022805118560791017, 0.01941903829574585, 0.022969579696655272, 0.029162871837615966, 0.030289173126220703, 0.0848733901977539]",,,,,,,,0,0.0,CogACT projected visual tokens before Llama cognition-token generation,False
/home/user/BiVLA/artifacts/results/mentor_2026-09-11/results/cogact_base_simplerenv_fractal/depth_pruning1/google_robot_place_apple_in_closed_top_drawer/summary.json,cogact_base_simplerenv_fractal,depth_pruning1,google_robot_place_apple_in_closed_top_drawer,completed,depth_pruning,cogact_base_simplerenv_fractal,depth_pruning1,simpler_google_robot_fractal,50,0,0.0,0.0,80.0,0,int,,Google Robot/Fractal SimplerEnv setup; report only completed paired rollouts.,<absent>,<absent>,<absent>,False,False,False,[23],2,,,models/CogACT/weights/llama2-7b-base,1.5,models/CogACT/weights/CogACT-Base/checkpoints/CogACT-Base.pt,depth_pruning,depth_pruning1,,,,1,cuda:0,,0.2,,0.15,,3,0.5,0.01,1,0.2,80,cogact_base_simplerenv_fractal,,,10,50,artifacts/results/cogact_base_simplerenv_fractal/depth_pruning1/google_robot_place_apple_in_closed_top_drawer,,,1,0.01,0.03,0.995,0.01,42,,google_robot_place_apple_in_closed_top_drawer,,,,,fractal20220817_data,,,,,,,,,,,google_robot,,,,,,,,,"[0.047943365573883054, 0.05588090419769287, 0.008357715606689454, 0.008505940437316895, 0.012510693073272705, 0.013736438751220704, 0.01811920404434204, 0.02434030771255493, 0.028671848773956298, 0.03333789110183716, 0.03548507690429688, 0.03151068687438965, 0.02124614715576172, 0.022596681118011476, 0.027403008937835694, 0.026511645317077635, 0.02932804822921753, 0.01792665719985962, 0.020727169513702393, 0.018936824798583985, 0.019047999382019044, 0.02120276689529419, 0.020900511741638185, 0.01648789644241333, 0.019890141487121583, 0.018745231628417968, 0.022805118560791017, 0.01941903829574585, 0.022969579696655272, 0.029162871837615966, 0.030289173126220703, 0.0848733901977539]",,,,,,,,0,0.0,CogACT projected visual tokens before Llama cognition-token generation,False
/home/user/BiVLA/artifacts/results/mentor_2026-09-11/results/cogact_base_simplerenv_fractal/depth_pruning2/google_robot_close_drawer/summary.json,cogact_base_simplerenv_fractal,depth_pruning2,google_robot_close_drawer,completed,depth_pruning,cogact_base_simplerenv_fractal,depth_pruning2,simpler_google_robot_fractal,50,30,0.6,0.0,49.38,0,int,,Google Robot/Fractal SimplerEnv setup; report only completed paired rollouts.,<absent>,<absent>,<absent>,False,False,False,"[17, 23]",2,,,models/CogACT/weights/llama2-7b-base,1.5,models/CogACT/weights/CogACT-Base/checkpoints/CogACT-Base.pt,depth_pruning,depth_pruning2,,,,2,cuda:0,,0.2,,0.15,,3,0.5,0.01,1,0.2,80,cogact_base_simplerenv_fractal,,,10,50,artifacts/results/cogact_base_simplerenv_fractal/depth_pruning2/google_robot_close_drawer,,,1,0.01,0.03,0.995,0.01,42,,google_robot_close_drawer,,,,,fractal20220817_data,,,,,,,,,,,google_robot,,,,,,,,,"[0.047943365573883054, 0.05588090419769287, 0.008357715606689454, 0.008505940437316895, 0.012510693073272705, 0.013736438751220704, 0.01811920404434204, 0.02434030771255493, 0.028671848773956298, 0.03333789110183716, 0.03548507690429688, 0.03151068687438965, 0.02124614715576172, 0.022596681118011476, 0.027403008937835694, 0.026511645317077635, 0.02932804822921753, 0.01792665719985962, 0.020727169513702393, 0.018936824798583985, 0.019047999382019044, 0.02120276689529419, 0.020900511741638185, 0.01648789644241333, 0.019890141487121583, 0.018745231628417968, 0.022805118560791017, 0.01941903829574585, 0.022969579696655272, 0.029162871837615966, 0.030289173126220703, 0.0848733901977539]",,,,,,,,0,0.0,CogACT projected visual tokens before Llama cognition-token generation,False
/home/user/BiVLA/artifacts/results/mentor_2026-09-11/results/cogact_base_simplerenv_fractal/depth_pruning2/google_robot_move_near/summary.json,cogact_base_simplerenv_fractal,depth_pruning2,google_robot_move_near,completed,depth_pruning,cogact_base_simplerenv_fractal,depth_pruning2,simpler_google_robot_fractal,50,47,0.94,0.0,23.28,0,int,,Google Robot/Fractal SimplerEnv setup; report only completed paired rollouts.,<absent>,<absent>,<absent>,False,False,False,"[17, 23]",2,,,models/CogACT/weights/llama2-7b-base,1.5,models/CogACT/weights/CogACT-Base/checkpoints/CogACT-Base.pt,depth_pruning,depth_pruning2,,,,2,cuda:0,,0.2,,0.15,,3,0.5,0.01,1,0.2,80,cogact_base_simplerenv_fractal,,,10,50,artifacts/results/cogact_base_simplerenv_fractal/depth_pruning2/google_robot_move_near,,,1,0.01,0.03,0.995,0.01,42,,google_robot_move_near,,,,,fractal20220817_data,,,,,,,,,,,google_robot,,,,,,,,,"[0.047943365573883054, 0.05588090419769287, 0.008357715606689454, 0.008505940437316895, 0.012510693073272705, 0.013736438751220704, 0.01811920404434204, 0.02434030771255493, 0.028671848773956298, 0.03333789110183716, 0.03548507690429688, 0.03151068687438965, 0.02124614715576172, 0.022596681118011476, 0.027403008937835694, 0.026511645317077635, 0.02932804822921753, 0.01792665719985962, 0.020727169513702393, 0.018936824798583985, 0.019047999382019044, 0.02120276689529419, 0.020900511741638185, 0.01648789644241333, 0.019890141487121583, 0.018745231628417968, 0.022805118560791017, 0.01941903829574585, 0.022969579696655272, 0.029162871837615966, 0.030289173126220703, 0.0848733901977539]",,,,,,,,0,0.0,CogACT projected visual tokens before Llama cognition-token generation,False
/home/user/BiVLA/artifacts/results/mentor_2026-09-11/results/cogact_base_simplerenv_fractal/depth_pruning2/google_robot_open_drawer/summary.json,cogact_base_simplerenv_fractal,depth_pruning2,google_robot_open_drawer,completed,depth_pruning,cogact_base_simplerenv_fractal,depth_pruning2,simpler_google_robot_fractal,50,39,0.78,0.0,46.5,0,int,,Google Robot/Fractal SimplerEnv setup; report only completed paired rollouts.,<absent>,<absent>,<absent>,False,False,False,"[17, 23]",2,,,models/CogACT/weights/llama2-7b-base,1.5,models/CogACT/weights/CogACT-Base/checkpoints/CogACT-Base.pt,depth_pruning,depth_pruning2,,,,2,cuda:0,,0.2,,0.15,,3,0.5,0.01,1,0.2,80,cogact_base_simplerenv_fractal,,,10,50,artifacts/results/cogact_base_simplerenv_fractal/depth_pruning2/google_robot_open_drawer,,,1,0.01,0.03,0.995,0.01,42,,google_robot_open_drawer,,,,,fractal20220817_data,,,,,,,,,,,google_robot,,,,,,,,,"[0.047943365573883054, 0.05588090419769287, 0.008357715606689454, 0.008505940437316895, 0.012510693073272705, 0.013736438751220704, 0.01811920404434204, 0.02434030771255493, 0.028671848773956298, 0.03333789110183716, 0.03548507690429688, 0.03151068687438965, 0.02124614715576172, 0.022596681118011476, 0.027403008937835694, 0.026511645317077635, 0.02932804822921753, 0.01792665719985962, 0.020727169513702393, 0.018936824798583985, 0.019047999382019044, 0.02120276689529419, 0.020900511741638185, 0.01648789644241333, 0.019890141487121583, 0.018745231628417968, 0.022805118560791017, 0.01941903829574585, 0.022969579696655272, 0.029162871837615966, 0.030289173126220703, 0.0848733901977539]",,,,,,,,0,0.0,CogACT projected visual tokens before Llama cognition-token generation,False
/home/user/BiVLA/artifacts/results/mentor_2026-09-11/results/cogact_base_simplerenv_fractal/depth_pruning2/google_robot_pick_coke_can/summary.json,cogact_base_simplerenv_fractal,depth_pruning2,google_robot_pick_coke_can,completed,depth_pruning,cogact_base_simplerenv_fractal,depth_pruning2,simpler_google_robot_fractal,50,48,0.96,0.0,20.5,0,int,,Google Robot/Fractal SimplerEnv setup; report only completed paired rollouts.,<absent>,<absent>,<absent>,False,False,False,"[17, 23]",2,,,models/CogACT/weights/llama2-7b-base,1.5,models/CogACT/weights/CogACT-Base/checkpoints/CogACT-Base.pt,depth_pruning,depth_pruning2,,,,2,cuda:0,,0.2,,0.15,,3,0.5,0.01,1,0.2,80,cogact_base_simplerenv_fractal,,,10,50,artifacts/results/cogact_base_simplerenv_fractal/depth_pruning2/google_robot_pick_coke_can,,,1,0.01,0.03,0.995,0.01,42,,google_robot_pick_coke_can,,,,,fractal20220817_data,,,,,,,,,,,google_robot,,,,,,,,,"[0.047943365573883054, 0.05588090419769287, 0.008357715606689454, 0.008505940437316895, 0.012510693073272705, 0.013736438751220704, 0.01811920404434204, 0.02434030771255493, 0.028671848773956298, 0.03333789110183716, 0.03548507690429688, 0.03151068687438965, 0.02124614715576172, 0.022596681118011476, 0.027403008937835694, 0.026511645317077635, 0.02932804822921753, 0.01792665719985962, 0.020727169513702393, 0.018936824798583985, 0.019047999382019044, 0.02120276689529419, 0.020900511741638185, 0.01648789644241333, 0.019890141487121583, 0.018745231628417968, 0.022805118560791017, 0.01941903829574585, 0.022969579696655272, 0.029162871837615966, 0.030289173126220703, 0.0848733901977539]",,,,,,,,0,0.0,CogACT projected visual tokens before Llama cognition-token generation,False
/home/user/BiVLA/artifacts/results/mentor_2026-09-11/results/cogact_base_simplerenv_fractal/depth_pruning2/google_robot_place_apple_in_closed_top_drawer/summary.json,cogact_base_simplerenv_fractal,depth_pruning2,google_robot_place_apple_in_closed_top_drawer,completed,depth_pruning,cogact_base_simplerenv_fractal,depth_pruning2,simpler_google_robot_fractal,50,0,0.0,0.0,80.0,0,int,,Google Robot/Fractal SimplerEnv setup; report only completed paired rollouts.,<absent>,<absent>,<absent>,False,False,False,"[17, 23]",2,,,models/CogACT/weights/llama2-7b-base,1.5,models/CogACT/weights/CogACT-Base/checkpoints/CogACT-Base.pt,depth_pruning,depth_pruning2,,,,2,cuda:0,,0.2,,0.15,,3,0.5,0.01,1,0.2,80,cogact_base_simplerenv_fractal,,,10,50,artifacts/results/cogact_base_simplerenv_fractal/depth_pruning2/google_robot_place_apple_in_closed_top_drawer,,,1,0.01,0.03,0.995,0.01,42,,google_robot_place_apple_in_closed_top_drawer,,,,,fractal20220817_data,,,,,,,,,,,google_robot,,,,,,,,,"[0.047943365573883054, 0.05588090419769287, 0.008357715606689454, 0.008505940437316895, 0.012510693073272705, 0.013736438751220704, 0.01811920404434204, 0.02434030771255493, 0.028671848773956298, 0.03333789110183716, 0.03548507690429688, 0.03151068687438965, 0.02124614715576172, 0.022596681118011476, 0.027403008937835694, 0.026511645317077635, 0.02932804822921753, 0.01792665719985962, 0.020727169513702393, 0.018936824798583985, 0.019047999382019044, 0.02120276689529419, 0.020900511741638185, 0.01648789644241333, 0.019890141487121583, 0.018745231628417968, 0.022805118560791017, 0.01941903829574585, 0.022969579696655272, 0.029162871837615966, 0.030289173126220703, 0.0848733901977539]",,,,,,,,0,0.0,CogACT projected visual tokens before Llama cognition-token generation,False
/home/user/BiVLA/artifacts/results/mentor_2026-09-11/results/cogact_base_simplerenv_fractal/depth_pruning4/google_robot_close_drawer/summary.json,cogact_base_simplerenv_fractal,depth_pruning4,google_robot_close_drawer,completed,depth_pruning,cogact_base_simplerenv_fractal,depth_pruning4,simpler_google_robot_fractal,50,34,0.68,0.0,45.58,0,int,,Google Robot/Fractal SimplerEnv setup; report only completed paired rollouts.,<absent>,<absent>,<absent>,False,False,False,"[17, 19, 23, 25]",2,,,models/CogACT/weights/llama2-7b-base,1.5,models/CogACT/weights/CogACT-Base/checkpoints/CogACT-Base.pt,depth_pruning,depth_pruning4,,,,4,cuda:0,,0.2,,0.15,,3,0.5,0.01,1,0.2,80,cogact_base_simplerenv_fractal,,,10,50,artifacts/results/cogact_base_simplerenv_fractal/depth_pruning4/google_robot_close_drawer,,,1,0.01,0.03,0.995,0.01,42,,google_robot_close_drawer,,,,,fractal20220817_data,,,,,,,,,,,google_robot,,,,,,,,,"[0.047943365573883054, 0.05588090419769287, 0.008357715606689454, 0.008505940437316895, 0.012510693073272705, 0.013736438751220704, 0.01811920404434204, 0.02434030771255493, 0.028671848773956298, 0.03333789110183716, 0.03548507690429688, 0.03151068687438965, 0.02124614715576172, 0.022596681118011476, 0.027403008937835694, 0.026511645317077635, 0.02932804822921753, 0.01792665719985962, 0.020727169513702393, 0.018936824798583985, 0.019047999382019044, 0.02120276689529419, 0.020900511741638185, 0.01648789644241333, 0.019890141487121583, 0.018745231628417968, 0.022805118560791017, 0.01941903829574585, 0.022969579696655272, 0.029162871837615966, 0.030289173126220703, 0.0848733901977539]",,,,,,,,0,0.0,CogACT projected visual tokens before Llama cognition-token generation,False
/home/user/BiVLA/artifacts/results/mentor_2026-09-11/results/cogact_base_simplerenv_fractal/depth_pruning4/google_robot_move_near/summary.json,cogact_base_simplerenv_fractal,depth_pruning4,google_robot_move_near,completed,depth_pruning,cogact_base_simplerenv_fractal,depth_pruning4,simpler_google_robot_fractal,50,46,0.92,0.0,23.42,0,int,,Google Robot/Fractal SimplerEnv setup; report only completed paired rollouts.,<absent>,<absent>,<absent>,False,False,False,"[17, 19, 23, 25]",2,,,models/CogACT/weights/llama2-7b-base,1.5,models/CogACT/weights/CogACT-Base/checkpoints/CogACT-Base.pt,depth_pruning,depth_pruning4,,,,4,cuda:0,,0.2,,0.15,,3,0.5,0.01,1,0.2,80,cogact_base_simplerenv_fractal,,,10,50,artifacts/results/cogact_base_simplerenv_fractal/depth_pruning4/google_robot_move_near,,,1,0.01,0.03,0.995,0.01,42,,google_robot_move_near,,,,,fractal20220817_data,,,,,,,,,,,google_robot,,,,,,,,,"[0.047943365573883054, 0.05588090419769287, 0.008357715606689454, 0.008505940437316895, 0.012510693073272705, 0.013736438751220704, 0.01811920404434204, 0.02434030771255493, 0.028671848773956298, 0.03333789110183716, 0.03548507690429688, 0.03151068687438965, 0.02124614715576172, 0.022596681118011476, 0.027403008937835694, 0.026511645317077635, 0.02932804822921753, 0.01792665719985962, 0.020727169513702393, 0.018936824798583985, 0.019047999382019044, 0.02120276689529419, 0.020900511741638185, 0.01648789644241333, 0.019890141487121583, 0.018745231628417968, 0.022805118560791017, 0.01941903829574585, 0.022969579696655272, 0.029162871837615966, 0.030289173126220703, 0.0848733901977539]",,,,,,,,0,0.0,CogACT projected visual tokens before Llama cognition-token generation,False
/home/user/BiVLA/artifacts/results/mentor_2026-09-11/results/cogact_base_simplerenv_fractal/depth_pruning4/google_robot_open_drawer/summary.json,cogact_base_simplerenv_fractal,depth_pruning4,google_robot_open_drawer,completed,depth_pruning,cogact_base_simplerenv_fractal,depth_pruning4,simpler_google_robot_fractal,50,38,0.76,0.0,50.22,0,int,,Google Robot/Fractal SimplerEnv setup; report only completed paired rollouts.,<absent>,<absent>,<absent>,False,False,False,"[17, 19, 23, 25]",2,,,models/CogACT/weights/llama2-7b-base,1.5,models/CogACT/weights/CogACT-Base/checkpoints/CogACT-Base.pt,depth_pruning,depth_pruning4,,,,4,cuda:0,,0.2,,0.15,,3,0.5,0.01,1,0.2,80,cogact_base_simplerenv_fractal,,,10,50,artifacts/results/cogact_base_simplerenv_fractal/depth_pruning4/google_robot_open_drawer,,,1,0.01,0.03,0.995,0.01,42,,google_robot_open_drawer,,,,,fractal20220817_data,,,,,,,,,,,google_robot,,,,,,,,,"[0.047943365573883054, 0.05588090419769287, 0.008357715606689454, 0.008505940437316895, 0.012510693073272705, 0.013736438751220704, 0.01811920404434204, 0.02434030771255493, 0.028671848773956298, 0.03333789110183716, 0.03548507690429688, 0.03151068687438965, 0.02124614715576172, 0.022596681118011476, 0.027403008937835694, 0.026511645317077635, 0.02932804822921753, 0.01792665719985962, 0.020727169513702393, 0.018936824798583985, 0.019047999382019044, 0.02120276689529419, 0.020900511741638185, 0.01648789644241333, 0.019890141487121583, 0.018745231628417968, 0.022805118560791017, 0.01941903829574585, 0.022969579696655272, 0.029162871837615966, 0.030289173126220703, 0.0848733901977539]",,,,,,,,0,0.0,CogACT projected visual tokens before Llama cognition-token generation,False
/home/user/BiVLA/artifacts/results/mentor_2026-09-11/results/cogact_base_simplerenv_fractal/depth_pruning4/google_robot_pick_coke_can/summary.json,cogact_base_simplerenv_fractal,depth_pruning4,google_robot_pick_coke_can,completed,depth_pruning,cogact_base_simplerenv_fractal,depth_pruning4,simpler_google_robot_fractal,50,49,0.98,0.0,20.38,0,int,,Google Robot/Fractal SimplerEnv setup; report only completed paired rollouts.,<absent>,<absent>,<absent>,False,False,False,"[17, 19, 23, 25]",2,,,models/CogACT/weights/llama2-7b-base,1.5,models/CogACT/weights/CogACT-Base/checkpoints/CogACT-Base.pt,depth_pruning,depth_pruning4,,,,4,cuda:0,,0.2,,0.15,,3,0.5,0.01,1,0.2,80,cogact_base_simplerenv_fractal,,,10,50,artifacts/results/cogact_base_simplerenv_fractal/depth_pruning4/google_robot_pick_coke_can,,,1,0.01,0.03,0.995,0.01,42,,google_robot_pick_coke_can,,,,,fractal20220817_data,,,,,,,,,,,google_robot,,,,,,,,,"[0.047943365573883054, 0.05588090419769287, 0.008357715606689454, 0.008505940437316895, 0.012510693073272705, 0.013736438751220704, 0.01811920404434204, 0.02434030771255493, 0.028671848773956298, 0.03333789110183716, 0.03548507690429688, 0.03151068687438965, 0.02124614715576172, 0.022596681118011476, 0.027403008937835694, 0.026511645317077635, 0.02932804822921753, 0.01792665719985962, 0.020727169513702393, 0.018936824798583985, 0.019047999382019044, 0.02120276689529419, 0.020900511741638185, 0.01648789644241333, 0.019890141487121583, 0.018745231628417968, 0.022805118560791017, 0.01941903829574585, 0.022969579696655272, 0.029162871837615966, 0.030289173126220703, 0.0848733901977539]",,,,,,,,0,0.0,CogACT projected visual tokens before Llama cognition-token generation,False
/home/user/BiVLA/artifacts/results/mentor_2026-09-11/results/cogact_base_simplerenv_fractal/depth_pruning4/google_robot_place_apple_in_closed_top_drawer/summary.json,cogact_base_simplerenv_fractal,depth_pruning4,google_robot_place_apple_in_closed_top_drawer,completed,depth_pruning,cogact_base_simplerenv_fractal,depth_pruning4,simpler_google_robot_fractal,50,0,0.0,0.0,80.0,0,int,,Google Robot/Fractal SimplerEnv setup; report only completed paired rollouts.,<absent>,<absent>,<absent>,False,False,False,"[17, 19, 23, 25]",2,,,models/CogACT/weights/llama2-7b-base,1.5,models/CogACT/weights/CogACT-Base/checkpoints/CogACT-Base.pt,depth_pruning,depth_pruning4,,,,4,cuda:0,,0.2,,0.15,,3,0.5,0.01,1,0.2,80,cogact_base_simplerenv_fractal,,,10,50,artifacts/results/cogact_base_simplerenv_fractal/depth_pruning4/google_robot_place_apple_in_closed_top_drawer,,,1,0.01,0.03,0.995,0.01,42,,google_robot_place_apple_in_closed_top_drawer,,,,,fractal20220817_data,,,,,,,,,,,google_robot,,,,,,,,,"[0.047943365573883054, 0.05588090419769287, 0.008357715606689454, 0.008505940437316895, 0.012510693073272705, 0.013736438751220704, 0.01811920404434204, 0.02434030771255493, 0.028671848773956298, 0.03333789110183716, 0.03548507690429688, 0.03151068687438965, 0.02124614715576172, 0.022596681118011476, 0.027403008937835694, 0.026511645317077635, 0.02932804822921753, 0.01792665719985962, 0.020727169513702393, 0.018936824798583985, 0.019047999382019044, 0.02120276689529419, 0.020900511741638185, 0.01648789644241333, 0.019890141487121583, 0.018745231628417968, 0.022805118560791017, 0.01941903829574585, 0.022969579696655272, 0.029162871837615966, 0.030289173126220703, 0.0848733901977539]",,,,,,,,0,0.0,CogACT projected visual tokens before Llama cognition-token generation,False
/home/user/BiVLA/artifacts/results/mentor_2026-09-11/results/cogact_base_simplerenv_fractal/fixed_foveation_keep20/google_robot_close_drawer/summary.json,cogact_base_simplerenv_fractal,fixed_foveation_keep20,google_robot_close_drawer,completed,fixed_foveation,cogact_base_simplerenv_fractal,fixed_foveation_keep20,simpler_google_robot_fractal,50,29,0.58,0.0,51.2,0,int,,Google Robot/Fractal SimplerEnv setup; report only completed paired rollouts.,<absent>,<absent>,<absent>,False,False,False,[],2,,,models/CogACT/weights/llama2-7b-base,1.5,models/CogACT/weights/CogACT-Base/checkpoints/CogACT-Base.pt,fixed_foveation,fixed_foveation_keep20,,,,1,cuda:0,,0.2,,0.15,,3,0.5,0.01,1,0.2,80,cogact_base_simplerenv_fractal,,,10,50,artifacts/results/cogact_base_simplerenv_fractal/fixed_foveation_keep20/google_robot_close_drawer,,,1,0.01,0.03,0.995,0.01,42,,google_robot_close_drawer,,,,,fractal20220817_data,,,,,,,,,,,google_robot,,,,,,,,,,,,,,,,,0,0.0,CogACT projected visual tokens before Llama cognition-token generation,False
/home/user/BiVLA/artifacts/results/mentor_2026-09-11/results/cogact_base_simplerenv_fractal/fixed_foveation_keep20/google_robot_move_near/summary.json,cogact_base_simplerenv_fractal,fixed_foveation_keep20,google_robot_move_near,completed,fixed_foveation,cogact_base_simplerenv_fractal,fixed_foveation_keep20,simpler_google_robot_fractal,50,47,0.94,0.0,22.2,0,int,,Google Robot/Fractal SimplerEnv setup; report only completed paired rollouts.,<absent>,<absent>,<absent>,False,False,False,[],2,,,models/CogACT/weights/llama2-7b-base,1.5,models/CogACT/weights/CogACT-Base/checkpoints/CogACT-Base.pt,fixed_foveation,fixed_foveation_keep20,,,,1,cuda:0,,0.2,,0.15,,3,0.5,0.01,1,0.2,80,cogact_base_simplerenv_fractal,,,10,50,artifacts/results/cogact_base_simplerenv_fractal/fixed_foveation_keep20/google_robot_move_near,,,1,0.01,0.03,0.995,0.01,42,,google_robot_move_near,,,,,fractal20220817_data,,,,,,,,,,,google_robot,,,,,,,,,,,,,,,,,0,0.0,CogACT projected visual tokens before Llama cognition-token generation,False
/home/user/BiVLA/artifacts/results/mentor_2026-09-11/results/cogact_base_simplerenv_fractal/fixed_foveation_keep20/google_robot_open_drawer/summary.json,cogact_base_simplerenv_fractal,fixed_foveation_keep20,google_robot_open_drawer,completed,fixed_foveation,cogact_base_simplerenv_fractal,fixed_foveation_keep20,simpler_google_robot_fractal,50,36,0.72,0.0,54.3,0,int,,Google Robot/Fractal SimplerEnv setup; report only completed paired rollouts.,<absent>,<absent>,<absent>,False,False,False,[],2,,,models/CogACT/weights/llama2-7b-base,1.5,models/CogACT/weights/CogACT-Base/checkpoints/CogACT-Base.pt,fixed_foveation,fixed_foveation_keep20,,,,1,cuda:0,,0.2,,0.15,,3,0.5,0.01,1,0.2,80,cogact_base_simplerenv_fractal,,,10,50,artifacts/results/cogact_base_simplerenv_fractal/fixed_foveation_keep20/google_robot_open_drawer,,,1,0.01,0.03,0.995,0.01,42,,google_robot_open_drawer,,,,,fractal20220817_data,,,,,,,,,,,google_robot,,,,,,,,,,,,,,,,,0,0.0,CogACT projected visual tokens before Llama cognition-token generation,False
/home/user/BiVLA/artifacts/results/mentor_2026-09-11/results/cogact_base_simplerenv_fractal/fixed_foveation_keep20/google_robot_pick_coke_can/summary.json,cogact_base_simplerenv_fractal,fixed_foveation_keep20,google_robot_pick_coke_can,completed,fixed_foveation,cogact_base_simplerenv_fractal,fixed_foveation_keep20,simpler_google_robot_fractal,50,50,1.0,0.0,18.9,0,int,,Google Robot/Fractal SimplerEnv setup; report only completed paired rollouts.,<absent>,<absent>,<absent>,False,False,False,[],2,,,models/CogACT/weights/llama2-7b-base,1.5,models/CogACT/weights/CogACT-Base/checkpoints/CogACT-Base.pt,fixed_foveation,fixed_foveation_keep20,,,,1,cuda:0,,0.2,,0.15,,3,0.5,0.01,1,0.2,80,cogact_base_simplerenv_fractal,,,10,50,artifacts/results/cogact_base_simplerenv_fractal/fixed_foveation_keep20/google_robot_pick_coke_can,,,1,0.01,0.03,0.995,0.01,42,,google_robot_pick_coke_can,,,,,fractal20220817_data,,,,,,,,,,,google_robot,,,,,,,,,,,,,,,,,0,0.0,CogACT projected visual tokens before Llama cognition-token generation,False
/home/user/BiVLA/artifacts/results/mentor_2026-09-11/results/cogact_base_simplerenv_fractal/fixed_foveation_keep20/google_robot_place_apple_in_closed_top_drawer/summary.json,cogact_base_simplerenv_fractal,fixed_foveation_keep20,google_robot_place_apple_in_closed_top_drawer,completed,fixed_foveation,cogact_base_simplerenv_fractal,fixed_foveation_keep20,simpler_google_robot_fractal,50,0,0.0,0.0,80.0,0,int,,Google Robot/Fractal SimplerEnv setup; report only completed paired rollouts.,<absent>,<absent>,<absent>,False,False,False,[],2,,,models/CogACT/weights/llama2-7b-base,1.5,models/CogACT/weights/CogACT-Base/checkpoints/CogACT-Base.pt,fixed_foveation,fixed_foveation_keep20,,,,1,cuda:0,,0.2,,0.15,,3,0.5,0.01,1,0.2,80,cogact_base_simplerenv_fractal,,,10,50,artifacts/results/cogact_base_simplerenv_fractal/fixed_foveation_keep20/google_robot_place_apple_in_closed_top_drawer,,,1,0.01,0.03,0.995,0.01,42,,google_robot_place_apple_in_closed_top_drawer,,,,,fractal20220817_data,,,,,,,,,,,google_robot,,,,,,,,,,,,,,,,,0,0.0,CogACT projected visual tokens before Llama cognition-token generation,False
/home/user/BiVLA/artifacts/results/mentor_2026-09-11/results/cogact_base_simplerenv_fractal/fixed_foveation_keep50/google_robot_close_drawer/summary.json,cogact_base_simplerenv_fractal,fixed_foveation_keep50,google_robot_close_drawer,completed,fixed_foveation,cogact_base_simplerenv_fractal,fixed_foveation_keep50,simpler_google_robot_fractal,50,34,0.68,0.0,46.74,0,int,,Google Robot/Fractal SimplerEnv setup; report only completed paired rollouts.,<absent>,<absent>,<absent>,False,False,False,[],2,,,models/CogACT/weights/llama2-7b-base,1.5,models/CogACT/weights/CogACT-Base/checkpoints/CogACT-Base.pt,fixed_foveation,fixed_foveation_keep50,,,,1,cuda:0,,0.5,,0.15,,3,0.5,0.01,1,0.2,80,cogact_base_simplerenv_fractal,,,10,50,artifacts/results/cogact_base_simplerenv_fractal/fixed_foveation_keep50/google_robot_close_drawer,,,1,0.01,0.03,0.995,0.01,42,,google_robot_close_drawer,,,,,fractal20220817_data,,,,,,,,,,,google_robot,,,,,,,,,,,,,,,,,0,0.0,CogACT projected visual tokens before Llama cognition-token generation,False
/home/user/BiVLA/artifacts/results/mentor_2026-09-11/results/cogact_base_simplerenv_fractal/fixed_foveation_keep50/google_robot_move_near/summary.json,cogact_base_simplerenv_fractal,fixed_foveation_keep50,google_robot_move_near,completed,fixed_foveation,cogact_base_simplerenv_fractal,fixed_foveation_keep50,simpler_google_robot_fractal,50,46,0.92,0.0,23.14,0,int,,Google Robot/Fractal SimplerEnv setup; report only completed paired rollouts.,<absent>,<absent>,<absent>,False,False,False,[],2,,,models/CogACT/weights/llama2-7b-base,1.5,models/CogACT/weights/CogACT-Base/checkpoints/CogACT-Base.pt,fixed_foveation,fixed_foveation_keep50,,,,1,cuda:0,,0.5,,0.15,,3,0.5,0.01,1,0.2,80,cogact_base_simplerenv_fractal,,,10,50,artifacts/results/cogact_base_simplerenv_fractal/fixed_foveation_keep50/google_robot_move_near,,,1,0.01,0.03,0.995,0.01,42,,google_robot_move_near,,,,,fractal20220817_data,,,,,,,,,,,google_robot,,,,,,,,,,,,,,,,,0,0.0,CogACT projected visual tokens before Llama cognition-token generation,False
/home/user/BiVLA/artifacts/results/mentor_2026-09-11/results/cogact_base_simplerenv_fractal/fixed_foveation_keep50/google_robot_open_drawer/summary.json,cogact_base_simplerenv_fractal,fixed_foveation_keep50,google_robot_open_drawer,completed,fixed_foveation,cogact_base_simplerenv_fractal,fixed_foveation_keep50,simpler_google_robot_fractal,50,40,0.8,0.0,50.22,0,int,,Google Robot/Fractal SimplerEnv setup; report only completed paired rollouts.,<absent>,<absent>,<absent>,False,False,False,[],2,,,models/CogACT/weights/llama2-7b-base,1.5,models/CogACT/weights/CogACT-Base/checkpoints/CogACT-Base.pt,fixed_foveation,fixed_foveation_keep50,,,,1,cuda:0,,0.5,,0.15,,3,0.5,0.01,1,0.2,80,cogact_base_simplerenv_fractal,,,10,50,artifacts/results/cogact_base_simplerenv_fractal/fixed_foveation_keep50/google_robot_open_drawer,,,1,0.01,0.03,0.995,0.01,42,,google_robot_open_drawer,,,,,fractal20220817_data,,,,,,,,,,,google_robot,,,,,,,,,,,,,,,,,0,0.0,CogACT projected visual tokens before Llama cognition-token generation,False
/home/user/BiVLA/artifacts/results/mentor_2026-09-11/results/cogact_base_simplerenv_fractal/fixed_foveation_keep50/google_robot_pick_coke_can/summary.json,cogact_base_simplerenv_fractal,fixed_foveation_keep50,google_robot_pick_coke_can,completed,fixed_foveation,cogact_base_simplerenv_fractal,fixed_foveation_keep50,simpler_google_robot_fractal,50,48,0.96,0.0,21.6,0,int,,Google Robot/Fractal SimplerEnv setup; report only completed paired rollouts.,<absent>,<absent>,<absent>,False,False,False,[],2,,,models/CogACT/weights/llama2-7b-base,1.5,models/CogACT/weights/CogACT-Base/checkpoints/CogACT-Base.pt,fixed_foveation,fixed_foveation_keep50,,,,1,cuda:0,,0.5,,0.15,,3,0.5,0.01,1,0.2,80,cogact_base_simplerenv_fractal,,,10,50,artifacts/results/cogact_base_simplerenv_fractal/fixed_foveation_keep50/google_robot_pick_coke_can,,,1,0.01,0.03,0.995,0.01,42,,google_robot_pick_coke_can,,,,,fractal20220817_data,,,,,,,,,,,google_robot,,,,,,,,,,,,,,,,,0,0.0,CogACT projected visual tokens before Llama cognition-token generation,False
/home/user/BiVLA/artifacts/results/mentor_2026-09-11/results/cogact_base_simplerenv_fractal/fixed_foveation_keep50/google_robot_place_apple_in_closed_top_drawer/summary.json,cogact_base_simplerenv_fractal,fixed_foveation_keep50,google_robot_place_apple_in_closed_top_drawer,completed,fixed_foveation,cogact_base_simplerenv_fractal,fixed_foveation_keep50,simpler_google_robot_fractal,50,0,0.0,0.0,80.0,0,int,,Google Robot/Fractal SimplerEnv setup; report only completed paired rollouts.,<absent>,<absent>,<absent>,False,False,False,[],2,,,models/CogACT/weights/llama2-7b-base,1.5,models/CogACT/weights/CogACT-Base/checkpoints/CogACT-Base.pt,fixed_foveation,fixed_foveation_keep50,,,,1,cuda:0,,0.5,,0.15,,3,0.5,0.01,1,0.2,80,cogact_base_simplerenv_fractal,,,10,50,artifacts/results/cogact_base_simplerenv_fractal/fixed_foveation_keep50/google_robot_place_apple_in_closed_top_drawer,,,1,0.01,0.03,0.995,0.01,42,,google_robot_place_apple_in_closed_top_drawer,,,,,fractal20220817_data,,,,,,,,,,,google_robot,,,,,,,,,,,,,,,,,0,0.0,CogACT projected visual tokens before Llama cognition-token generation,False
/home/user/BiVLA/artifacts/results/mentor_2026-09-11/results/cogact_base_simplerenv_fractal/guarded_reuse_aggressive/google_robot_close_drawer/summary.json,cogact_base_simplerenv_fractal,guarded_reuse_aggressive,google_robot_close_drawer,completed,guarded_action_reuse,cogact_base_simplerenv_fractal,guarded_reuse_aggressive,simpler_google_robot_fractal,50,31,0.62,0.58,46.88,0,int,,Google Robot/Fractal SimplerEnv setup; report only completed paired rollouts.,<absent>,<absent>,<absent>,False,False,False,[],2,,,models/CogACT/weights/llama2-7b-base,1.5,models/CogACT/weights/CogACT-Base/checkpoints/CogACT-Base.pt,guarded_action_reuse,guarded_reuse_aggressive,,,,1,cuda:0,,0.2,,0.15,,3,0.5,0.01,1,0.2,80,cogact_base_simplerenv_fractal,,,10,50,artifacts/results/cogact_base_simplerenv_fractal/guarded_reuse_aggressive/google_robot_close_drawer,,,2,0.02,0.05,0.98,0.01,42,,google_robot_close_drawer,,,,,fractal20220817_data,,,,,,,,,,,google_robot,,,,,,,,,,,,,,,,,0,0.0,CogACT projected visual tokens before Llama cognition-token generation,False
/home/user/BiVLA/artifacts/results/mentor_2026-09-11/results/cogact_base_simplerenv_fractal/guarded_reuse_aggressive/google_robot_move_near/summary.json,cogact_base_simplerenv_fractal,guarded_reuse_aggressive,google_robot_move_near,completed,guarded_action_reuse,cogact_base_simplerenv_fractal,guarded_reuse_aggressive,simpler_google_robot_fractal,50,47,0.94,0.04,22.5,0,int,,Google Robot/Fractal SimplerEnv setup; report only completed paired rollouts.,<absent>,<absent>,<absent>,False,False,False,[],2,,,models/CogACT/weights/llama2-7b-base,1.5,models/CogACT/weights/CogACT-Base/checkpoints/CogACT-Base.pt,guarded_action_reuse,guarded_reuse_aggressive,,,,1,cuda:0,,0.2,,0.15,,3,0.5,0.01,1,0.2,80,cogact_base_simplerenv_fractal,,,10,50,artifacts/results/cogact_base_simplerenv_fractal/guarded_reuse_aggressive/google_robot_move_near,,,2,0.02,0.05,0.98,0.01,42,,google_robot_move_near,,,,,fractal20220817_data,,,,,,,,,,,google_robot,,,,,,,,,,,,,,,,,0,0.0,CogACT projected visual tokens before Llama cognition-token generation,False
/home/user/BiVLA/artifacts/results/mentor_2026-09-11/results/cogact_base_simplerenv_fractal/guarded_reuse_aggressive/google_robot_open_drawer/summary.json,cogact_base_simplerenv_fractal,guarded_reuse_aggressive,google_robot_open_drawer,completed,guarded_action_reuse,cogact_base_simplerenv_fractal,guarded_reuse_aggressive,simpler_google_robot_fractal,50,40,0.8,0.56,47.14,0,int,,Google Robot/Fractal SimplerEnv setup; report only completed paired rollouts.,<absent>,<absent>,<absent>,False,False,False,[],2,,,models/CogACT/weights/llama2-7b-base,1.5,models/CogACT/weights/CogACT-Base/checkpoints/CogACT-Base.pt,guarded_action_reuse,guarded_reuse_aggressive,,,,1,cuda:0,,0.2,,0.15,,3,0.5,0.01,1,0.2,80,cogact_base_simplerenv_fractal,,,10,50,artifacts/results/cogact_base_simplerenv_fractal/guarded_reuse_aggressive/google_robot_open_drawer,,,2,0.02,0.05,0.98,0.01,42,,google_robot_open_drawer,,,,,fractal20220817_data,,,,,,,,,,,google_robot,,,,,,,,,,,,,,,,,0,0.0,CogACT projected visual tokens before Llama cognition-token generation,False
/home/user/BiVLA/artifacts/results/mentor_2026-09-11/results/cogact_base_simplerenv_fractal/guarded_reuse_aggressive/google_robot_pick_coke_can/summary.json,cogact_base_simplerenv_fractal,guarded_reuse_aggressive,google_robot_pick_coke_can,completed,guarded_action_reuse,cogact_base_simplerenv_fractal,guarded_reuse_aggressive,simpler_google_robot_fractal,50,49,0.98,0.0,20.46,0,int,,Google Robot/Fractal SimplerEnv setup; report only completed paired rollouts.,<absent>,<absent>,<absent>,False,False,False,[],2,,,models/CogACT/weights/llama2-7b-base,1.5,models/CogACT/weights/CogACT-Base/checkpoints/CogACT-Base.pt,guarded_action_reuse,guarded_reuse_aggressive,,,,1,cuda:0,,0.2,,0.15,,3,0.5,0.01,1,0.2,80,cogact_base_simplerenv_fractal,,,10,50,artifacts/results/cogact_base_simplerenv_fractal/guarded_reuse_aggressive/google_robot_pick_coke_can,,,2,0.02,0.05,0.98,0.01,42,,google_robot_pick_coke_can,,,,,fractal20220817_data,,,,,,,,,,,google_robot,,,,,,,,,,,,,,,,,0,0.0,CogACT projected visual tokens before Llama cognition-token generation,False
/home/user/BiVLA/artifacts/results/mentor_2026-09-11/results/cogact_base_simplerenv_fractal/guarded_reuse_aggressive/google_robot_place_apple_in_closed_top_drawer/summary.json,cogact_base_simplerenv_fractal,guarded_reuse_aggressive,google_robot_place_apple_in_closed_top_drawer,completed,guarded_action_reuse,cogact_base_simplerenv_fractal,guarded_reuse_aggressive,simpler_google_robot_fractal,50,0,0.0,0.06,79.94,0,int,,Google Robot/Fractal SimplerEnv setup; report only completed paired rollouts.,<absent>,<absent>,<absent>,False,False,False,[],2,,,models/CogACT/weights/llama2-7b-base,1.5,models/CogACT/weights/CogACT-Base/checkpoints/CogACT-Base.pt,guarded_action_reuse,guarded_reuse_aggressive,,,,1,cuda:0,,0.2,,0.15,,3,0.5,0.01,1,0.2,80,cogact_base_simplerenv_fractal,,,10,50,artifacts/results/cogact_base_simplerenv_fractal/guarded_reuse_aggressive/google_robot_place_apple_in_closed_top_drawer,,,2,0.02,0.05,0.98,0.01,42,,google_robot_place_apple_in_closed_top_drawer,,,,,fractal20220817_data,,,,,,,,,,,google_robot,,,,,,,,,,,,,,,,,0,0.0,CogACT projected visual tokens before Llama cognition-token generation,False
/home/user/BiVLA/artifacts/results/mentor_2026-09-11/results/cogact_base_simplerenv_fractal/guarded_reuse_moderate/google_robot_close_drawer/summary.json,cogact_base_simplerenv_fractal,guarded_reuse_moderate,google_robot_close_drawer,completed,guarded_action_reuse,cogact_base_simplerenv_fractal,guarded_reuse_moderate,simpler_google_robot_fractal,50,31,0.62,0.08,50.26,0,int,,Google Robot/Fractal SimplerEnv setup; report only completed paired rollouts.,<absent>,<absent>,<absent>,False,False,False,[],2,,,models/CogACT/weights/llama2-7b-base,1.5,models/CogACT/weights/CogACT-Base/checkpoints/CogACT-Base.pt,guarded_action_reuse,guarded_reuse_moderate,,,,1,cuda:0,,0.2,,0.15,,3,0.5,0.01,1,0.2,80,cogact_base_simplerenv_fractal,,,10,50,artifacts/results/cogact_base_simplerenv_fractal/guarded_reuse_moderate/google_robot_close_drawer,,,1,0.015,0.04,0.99,0.01,42,,google_robot_close_drawer,,,,,fractal20220817_data,,,,,,,,,,,google_robot,,,,,,,,,,,,,,,,,0,0.0,CogACT projected visual tokens before Llama cognition-token generation,False
/home/user/BiVLA/artifacts/results/mentor_2026-09-11/results/cogact_base_simplerenv_fractal/guarded_reuse_moderate/google_robot_move_near/summary.json,cogact_base_simplerenv_fractal,guarded_reuse_moderate,google_robot_move_near,completed,guarded_action_reuse,cogact_base_simplerenv_fractal,guarded_reuse_moderate,simpler_google_robot_fractal,50,47,0.94,0.0,22.5,0,int,,Google Robot/Fractal SimplerEnv setup; report only completed paired rollouts.,<absent>,<absent>,<absent>,False,False,False,[],2,,,models/CogACT/weights/llama2-7b-base,1.5,models/CogACT/weights/CogACT-Base/checkpoints/CogACT-Base.pt,guarded_action_reuse,guarded_reuse_moderate,,,,1,cuda:0,,0.2,,0.15,,3,0.5,0.01,1,0.2,80,cogact_base_simplerenv_fractal,,,10,50,artifacts/results/cogact_base_simplerenv_fractal/guarded_reuse_moderate/google_robot_move_near,,,1,0.015,0.04,0.99,0.01,42,,google_robot_move_near,,,,,fractal20220817_data,,,,,,,,,,,google_robot,,,,,,,,,,,,,,,,,0,0.0,CogACT projected visual tokens before Llama cognition-token generation,False
/home/user/BiVLA/artifacts/results/mentor_2026-09-11/results/cogact_base_simplerenv_fractal/guarded_reuse_moderate/google_robot_open_drawer/summary.json,cogact_base_simplerenv_fractal,guarded_reuse_moderate,google_robot_open_drawer,completed,guarded_action_reuse,cogact_base_simplerenv_fractal,guarded_reuse_moderate,simpler_google_robot_fractal,50,41,0.82,0.16,48.68,0,int,,Google Robot/Fractal SimplerEnv setup; report only completed paired rollouts.,<absent>,<absent>,<absent>,False,False,False,[],2,,,models/CogACT/weights/llama2-7b-base,1.5,models/CogACT/weights/CogACT-Base/checkpoints/CogACT-Base.pt,guarded_action_reuse,guarded_reuse_moderate,,,,1,cuda:0,,0.2,,0.15,,3,0.5,0.01,1,0.2,80,cogact_base_simplerenv_fractal,,,10,50,artifacts/results/cogact_base_simplerenv_fractal/guarded_reuse_moderate/google_robot_open_drawer,,,1,0.015,0.04,0.99,0.01,42,,google_robot_open_drawer,,,,,fractal20220817_data,,,,,,,,,,,google_robot,,,,,,,,,,,,,,,,,0,0.0,CogACT projected visual tokens before Llama cognition-token generation,False
/home/user/BiVLA/artifacts/results/mentor_2026-09-11/results/cogact_base_simplerenv_fractal/guarded_reuse_moderate/google_robot_pick_coke_can/summary.json,cogact_base_simplerenv_fractal,guarded_reuse_moderate,google_robot_pick_coke_can,completed,guarded_action_reuse,cogact_base_simplerenv_fractal,guarded_reuse_moderate,simpler_google_robot_fractal,50,49,0.98,0.0,20.46,0,int,,Google Robot/Fractal SimplerEnv setup; report only completed paired rollouts.,<absent>,<absent>,<absent>,False,False,False,[],2,,,models/CogACT/weights/llama2-7b-base,1.5,models/CogACT/weights/CogACT-Base/checkpoints/CogACT-Base.pt,guarded_action_reuse,guarded_reuse_moderate,,,,1,cuda:0,,0.2,,0.15,,3,0.5,0.01,1,0.2,80,cogact_base_simplerenv_fractal,,,10,50,artifacts/results/cogact_base_simplerenv_fractal/guarded_reuse_moderate/google_robot_pick_coke_can,,,1,0.015,0.04,0.99,0.01,42,,google_robot_pick_coke_can,,,,,fractal20220817_data,,,,,,,,,,,google_robot,,,,,,,,,,,,,,,,,0,0.0,CogACT projected visual tokens before Llama cognition-token generation,False
/home/user/BiVLA/artifacts/results/mentor_2026-09-11/results/cogact_base_simplerenv_fractal/guarded_reuse_moderate/google_robot_place_apple_in_closed_top_drawer/summary.json,cogact_base_simplerenv_fractal,guarded_reuse_moderate,google_robot_place_apple_in_closed_top_drawer,completed,guarded_action_reuse,cogact_base_simplerenv_fractal,guarded_reuse_moderate,simpler_google_robot_fractal,50,0,0.0,0.0,80.0,0,int,,Google Robot/Fractal SimplerEnv setup; report only completed paired rollouts.,<absent>,<absent>,<absent>,False,False,False,[],2,,,models/CogACT/weights/llama2-7b-base,1.5,models/CogACT/weights/CogACT-Base/checkpoints/CogACT-Base.pt,guarded_action_reuse,guarded_reuse_moderate,,,,1,cuda:0,,0.2,,0.15,,3,0.5,0.01,1,0.2,80,cogact_base_simplerenv_fractal,,,10,50,artifacts/results/cogact_base_simplerenv_fractal/guarded_reuse_moderate/google_robot_place_apple_in_closed_top_drawer,,,1,0.015,0.04,0.99,0.01,42,,google_robot_place_apple_in_closed_top_drawer,,,,,fractal20220817_data,,,,,,,,,,,google_robot,,,,,,,,,,,,,,,,,0,0.0,CogACT projected visual tokens before Llama cognition-token generation,False
/home/user/BiVLA/artifacts/results/mentor_2026-09-11/results/cogact_base_simplerenv_fractal/guarded_reuse_strict/google_robot_close_drawer/summary.json,cogact_base_simplerenv_fractal,guarded_reuse_strict,google_robot_close_drawer,completed,guarded_action_reuse,cogact_base_simplerenv_fractal,guarded_reuse_strict,simpler_google_robot_fractal,50,31,0.62,0.0,48.96,0,int,,Google Robot/Fractal SimplerEnv setup; report only completed paired rollouts.,<absent>,<absent>,<absent>,False,False,False,[],2,,,models/CogACT/weights/llama2-7b-base,1.5,models/CogACT/weights/CogACT-Base/checkpoints/CogACT-Base.pt,guarded_action_reuse,guarded_reuse_strict,,,,1,cuda:0,,0.2,,0.15,,3,0.5,0.01,1,0.2,80,cogact_base_simplerenv_fractal,,,10,50,artifacts/results/cogact_base_simplerenv_fractal/guarded_reuse_strict/google_robot_close_drawer,,,1,0.01,0.03,0.995,0.01,42,,google_robot_close_drawer,,,,,fractal20220817_data,,,,,,,,,,,google_robot,,,,,,,,,,,,,,,,,0,0.0,CogACT projected visual tokens before Llama cognition-token generation,False
/home/user/BiVLA/artifacts/results/mentor_2026-09-11/results/cogact_base_simplerenv_fractal/guarded_reuse_strict/google_robot_move_near/summary.json,cogact_base_simplerenv_fractal,guarded_reuse_strict,google_robot_move_near,completed,guarded_action_reuse,cogact_base_simplerenv_fractal,guarded_reuse_strict,simpler_google_robot_fractal,50,47,0.94,0.0,22.5,0,int,,Google Robot/Fractal SimplerEnv setup; report only completed paired rollouts.,<absent>,<absent>,<absent>,False,False,False,[],2,,,models/CogACT/weights/llama2-7b-base,1.5,models/CogACT/weights/CogACT-Base/checkpoints/CogACT-Base.pt,guarded_action_reuse,guarded_reuse_strict,,,,1,cuda:0,,0.2,,0.15,,3,0.5,0.01,1,0.2,80,cogact_base_simplerenv_fractal,,,10,50,artifacts/results/cogact_base_simplerenv_fractal/guarded_reuse_strict/google_robot_move_near,,,1,0.01,0.03,0.995,0.01,42,,google_robot_move_near,,,,,fractal20220817_data,,,,,,,,,,,google_robot,,,,,,,,,,,,,,,,,0,0.0,CogACT projected visual tokens before Llama cognition-token generation,False
/home/user/BiVLA/artifacts/results/mentor_2026-09-11/results/cogact_base_simplerenv_fractal/guarded_reuse_strict/google_robot_open_drawer/summary.json,cogact_base_simplerenv_fractal,guarded_reuse_strict,google_robot_open_drawer,completed,guarded_action_reuse,cogact_base_simplerenv_fractal,guarded_reuse_strict,simpler_google_robot_fractal,50,40,0.8,0.02,51.58,0,int,,Google Robot/Fractal SimplerEnv setup; report only completed paired rollouts.,<absent>,<absent>,<absent>,False,False,False,[],2,,,models/CogACT/weights/llama2-7b-base,1.5,models/CogACT/weights/CogACT-Base/checkpoints/CogACT-Base.pt,guarded_action_reuse,guarded_reuse_strict,,,,1,cuda:0,,0.2,,0.15,,3,0.5,0.01,1,0.2,80,cogact_base_simplerenv_fractal,,,10,50,artifacts/results/cogact_base_simplerenv_fractal/guarded_reuse_strict/google_robot_open_drawer,,,1,0.01,0.03,0.995,0.01,42,,google_robot_open_drawer,,,,,fractal20220817_data,,,,,,,,,,,google_robot,,,,,,,,,,,,,,,,,0,0.0,CogACT projected visual tokens before Llama cognition-token generation,False
/home/user/BiVLA/artifacts/results/mentor_2026-09-11/results/cogact_base_simplerenv_fractal/guarded_reuse_strict/google_robot_pick_coke_can/summary.json,cogact_base_simplerenv_fractal,guarded_reuse_strict,google_robot_pick_coke_can,completed,guarded_action_reuse,cogact_base_simplerenv_fractal,guarded_reuse_strict,simpler_google_robot_fractal,50,49,0.98,0.0,20.46,0,int,,Google Robot/Fractal SimplerEnv setup; report only completed paired rollouts.,<absent>,<absent>,<absent>,False,False,False,[],2,,,models/CogACT/weights/llama2-7b-base,1.5,models/CogACT/weights/CogACT-Base/checkpoints/CogACT-Base.pt,guarded_action_reuse,guarded_reuse_strict,,,,1,cuda:0,,0.2,,0.15,,3,0.5,0.01,1,0.2,80,cogact_base_simplerenv_fractal,,,10,50,artifacts/results/cogact_base_simplerenv_fractal/guarded_reuse_strict/google_robot_pick_coke_can,,,1,0.01,0.03,0.995,0.01,42,,google_robot_pick_coke_can,,,,,fractal20220817_data,,,,,,,,,,,google_robot,,,,,,,,,,,,,,,,,0,0.0,CogACT projected visual tokens before Llama cognition-token generation,False
/home/user/BiVLA/artifacts/results/mentor_2026-09-11/results/cogact_base_simplerenv_fractal/guarded_reuse_strict/google_robot_place_apple_in_closed_top_drawer/summary.json,cogact_base_simplerenv_fractal,guarded_reuse_strict,google_robot_place_apple_in_closed_top_drawer,completed,guarded_action_reuse,cogact_base_simplerenv_fractal,guarded_reuse_strict,simpler_google_robot_fractal,50,0,0.0,0.0,80.0,0,int,,Google Robot/Fractal SimplerEnv setup; report only completed paired rollouts.,<absent>,<absent>,<absent>,False,False,False,[],2,,,models/CogACT/weights/llama2-7b-base,1.5,models/CogACT/weights/CogACT-Base/checkpoints/CogACT-Base.pt,guarded_action_reuse,guarded_reuse_strict,,,,1,cuda:0,,0.2,,0.15,,3,0.5,0.01,1,0.2,80,cogact_base_simplerenv_fractal,,,10,50,artifacts/results/cogact_base_simplerenv_fractal/guarded_reuse_strict/google_robot_place_apple_in_closed_top_drawer,,,1,0.01,0.03,0.995,0.01,42,,google_robot_place_apple_in_closed_top_drawer,,,,,fractal20220817_data,,,,,,,,,,,google_robot,,,,,,,,,,,,,,,,,0,0.0,CogACT projected visual tokens before Llama cognition-token generation,False
/home/user/BiVLA/artifacts/results/mentor_2026-09-11/results/cogact_base_simplerenv_fractal/original/google_robot_close_drawer/summary.json,cogact_base_simplerenv_fractal,original,google_robot_close_drawer,completed,original,cogact_base_simplerenv_fractal,original,simpler_google_robot_fractal,50,31,0.62,0.0,48.96,0,int,,Google Robot/Fractal SimplerEnv setup; report only completed paired rollouts.,<absent>,<absent>,<absent>,False,False,False,[],2,,,models/CogACT/weights/llama2-7b-base,1.5,models/CogACT/weights/CogACT-Base/checkpoints/CogACT-Base.pt,original,original,,,,1,cuda:0,,0.2,,0.15,,3,0.5,0.01,1,0.2,80,cogact_base_simplerenv_fractal,,,10,50,artifacts/results/cogact_base_simplerenv_fractal/original/google_robot_close_drawer,,,1,0.01,0.03,0.995,0.01,42,,google_robot_close_drawer,,,,,fractal20220817_data,,,,,,,,,,,google_robot,,,,,,,,,,,,,,,,,0,0.0,CogACT projected visual tokens before Llama cognition-token generation,False
/home/user/BiVLA/artifacts/results/mentor_2026-09-11/results/cogact_base_simplerenv_fractal/original/google_robot_move_near/summary.json,cogact_base_simplerenv_fractal,original,google_robot_move_near,completed,original,cogact_base_simplerenv_fractal,original,simpler_google_robot_fractal,50,47,0.94,0.0,22.5,0,int,,Google Robot/Fractal SimplerEnv setup; report only completed paired rollouts.,<absent>,<absent>,<absent>,False,False,False,[],2,,,models/CogACT/weights/llama2-7b-base,1.5,models/CogACT/weights/CogACT-Base/checkpoints/CogACT-Base.pt,original,original,,,,1,cuda:0,,0.2,,0.15,,3,0.5,0.01,1,0.2,80,cogact_base_simplerenv_fractal,,,10,50,artifacts/results/cogact_base_simplerenv_fractal/original/google_robot_move_near,,,1,0.01,0.03,0.995,0.01,42,,google_robot_move_near,,,,,fractal20220817_data,,,,,,,,,,,google_robot,,,,,,,,,,,,,,,,,0,0.0,CogACT projected visual tokens before Llama cognition-token generation,False
/home/user/BiVLA/artifacts/results/mentor_2026-09-11/results/cogact_base_simplerenv_fractal/original/google_robot_open_drawer/summary.json,cogact_base_simplerenv_fractal,original,google_robot_open_drawer,completed,original,cogact_base_simplerenv_fractal,original,simpler_google_robot_fractal,50,40,0.8,0.0,51.96,0,int,,Google Robot/Fractal SimplerEnv setup; report only completed paired rollouts.,<absent>,<absent>,<absent>,False,False,False,[],2,,,models/CogACT/weights/llama2-7b-base,1.5,models/CogACT/weights/CogACT-Base/checkpoints/CogACT-Base.pt,original,original,,,,1,cuda:0,,0.2,,0.15,,3,0.5,0.01,1,0.2,80,cogact_base_simplerenv_fractal,,,10,50,artifacts/results/cogact_base_simplerenv_fractal/original/google_robot_open_drawer,,,1,0.01,0.03,0.995,0.01,42,,google_robot_open_drawer,,,,,fractal20220817_data,,,,,,,,,,,google_robot,,,,,,,,,,,,,,,,,0,0.0,CogACT projected visual tokens before Llama cognition-token generation,False
/home/user/BiVLA/artifacts/results/mentor_2026-09-11/results/cogact_base_simplerenv_fractal/original/google_robot_pick_coke_can/summary.json,cogact_base_simplerenv_fractal,original,google_robot_pick_coke_can,completed,original,cogact_base_simplerenv_fractal,original,simpler_google_robot_fractal,50,49,0.98,0.0,20.46,0,int,,Google Robot/Fractal SimplerEnv setup; report only completed paired rollouts.,<absent>,<absent>,<absent>,False,False,False,[],2,,,models/CogACT/weights/llama2-7b-base,1.5,models/CogACT/weights/CogACT-Base/checkpoints/CogACT-Base.pt,original,original,,,,1,cuda:0,,0.2,,0.15,,3,0.5,0.01,1,0.2,80,cogact_base_simplerenv_fractal,,,10,50,artifacts/results/cogact_base_simplerenv_fractal/original/google_robot_pick_coke_can,,,1,0.01,0.03,0.995,0.01,42,,google_robot_pick_coke_can,,,,,fractal20220817_data,,,,,,,,,,,google_robot,,,,,,,,,,,,,,,,,0,0.0,CogACT projected visual tokens before Llama cognition-token generation,False
/home/user/BiVLA/artifacts/results/mentor_2026-09-11/results/cogact_base_simplerenv_fractal/original/google_robot_place_apple_in_closed_top_drawer/summary.json,cogact_base_simplerenv_fractal,original,google_robot_place_apple_in_closed_top_drawer,completed,original,cogact_base_simplerenv_fractal,original,simpler_google_robot_fractal,50,0,0.0,0.0,80.0,0,int,,Google Robot/Fractal SimplerEnv setup; report only completed paired rollouts.,<absent>,<absent>,<absent>,False,False,False,[],2,,,models/CogACT/weights/llama2-7b-base,1.5,models/CogACT/weights/CogACT-Base/checkpoints/CogACT-Base.pt,original,original,,,,1,cuda:0,,0.2,,0.15,,3,0.5,0.01,1,0.2,80,cogact_base_simplerenv_fractal,,,10,50,artifacts/results/cogact_base_simplerenv_fractal/original/google_robot_place_apple_in_closed_top_drawer,,,1,0.01,0.03,0.995,0.01,42,,google_robot_place_apple_in_closed_top_drawer,,,,,fractal20220817_data,,,,,,,,,,,google_robot,,,,,,,,,,,,,,,,,0,0.0,CogACT projected visual tokens before Llama cognition-token generation,False
/home/user/BiVLA/artifacts/results/mentor_2026-09-11/results/cogact_base_simplerenv_fractal/temporal_fusion_conservative_adaptive/google_robot_close_drawer/summary.json,cogact_base_simplerenv_fractal,temporal_fusion_conservative_adaptive,google_robot_close_drawer,completed,temporal_fusion,cogact_base_simplerenv_fractal,temporal_fusion_conservative_adaptive,simpler_google_robot_fractal,50,31,0.62,0.0,49.14,0,int,,Google Robot/Fractal SimplerEnv setup; report only completed paired rollouts.,<absent>,<absent>,<absent>,False,False,False,[],2,,,models/CogACT/weights/llama2-7b-base,1.5,models/CogACT/weights/CogACT-Base/checkpoints/CogACT-Base.pt,temporal_fusion,temporal_fusion_conservative_adaptive,,,,1,cuda:0,,0.2,,0.15,0.03,2,0.25,0.01,1,0.2,80,cogact_base_simplerenv_fractal,,,10,50,artifacts/results/cogact_base_simplerenv_fractal/temporal_fusion_conservative_adaptive/google_robot_close_drawer,,,1,0.01,0.03,0.995,0.01,42,,google_robot_close_drawer,,,,,fractal20220817_data,,,,,,,,,,,google_robot,,,,,,,,,,,,,,,,,2435,64.0,CogACT projected visual tokens before Llama cognition-token generation,False
/home/user/BiVLA/artifacts/results/mentor_2026-09-11/results/cogact_base_simplerenv_fractal/temporal_fusion_conservative_adaptive/google_robot_move_near/summary.json,cogact_base_simplerenv_fractal,temporal_fusion_conservative_adaptive,google_robot_move_near,completed,temporal_fusion,cogact_base_simplerenv_fractal,temporal_fusion_conservative_adaptive,simpler_google_robot_fractal,50,47,0.94,0.0,22.5,0,int,,Google Robot/Fractal SimplerEnv setup; report only completed paired rollouts.,<absent>,<absent>,<absent>,False,False,False,[],2,,,models/CogACT/weights/llama2-7b-base,1.5,models/CogACT/weights/CogACT-Base/checkpoints/CogACT-Base.pt,temporal_fusion,temporal_fusion_conservative_adaptive,,,,1,cuda:0,,0.2,,0.15,0.03,2,0.25,0.01,1,0.2,80,cogact_base_simplerenv_fractal,,,10,50,artifacts/results/cogact_base_simplerenv_fractal/temporal_fusion_conservative_adaptive/google_robot_move_near,,,1,0.01,0.03,0.995,0.01,42,,google_robot_move_near,,,,,fractal20220817_data,,,,,,,,,,,google_robot,,,,,,,,,,,,,,,,,1120,64.0,CogACT projected visual tokens before Llama cognition-token generation,False
/home/user/BiVLA/artifacts/results/mentor_2026-09-11/results/cogact_base_simplerenv_fractal/temporal_fusion_conservative_adaptive/google_robot_open_drawer/summary.json,cogact_base_simplerenv_fractal,temporal_fusion_conservative_adaptive,google_robot_open_drawer,completed,temporal_fusion,cogact_base_simplerenv_fractal,temporal_fusion_conservative_adaptive,simpler_google_robot_fractal,50,37,0.74,0.0,50.62,0,int,,Google Robot/Fractal SimplerEnv setup; report only completed paired rollouts.,<absent>,<absent>,<absent>,False,False,False,[],2,,,models/CogACT/weights/llama2-7b-base,1.5,models/CogACT/weights/CogACT-Base/checkpoints/CogACT-Base.pt,temporal_fusion,temporal_fusion_conservative_adaptive,,,,1,cuda:0,,0.2,,0.15,0.03,2,0.25,0.01,1,0.2,80,cogact_base_simplerenv_fractal,,,10,50,artifacts/results/cogact_base_simplerenv_fractal/temporal_fusion_conservative_adaptive/google_robot_open_drawer,,,1,0.01,0.03,0.995,0.01,42,,google_robot_open_drawer,,,,,fractal20220817_data,,,,,,,,,,,google_robot,,,,,,,,,,,,,,,,,2518,64.0,CogACT projected visual tokens before Llama cognition-token generation,False
/home/user/BiVLA/artifacts/results/mentor_2026-09-11/results/cogact_base_simplerenv_fractal/temporal_fusion_conservative_adaptive/google_robot_pick_coke_can/summary.json,cogact_base_simplerenv_fractal,temporal_fusion_conservative_adaptive,google_robot_pick_coke_can,completed,temporal_fusion,cogact_base_simplerenv_fractal,temporal_fusion_conservative_adaptive,simpler_google_robot_fractal,50,49,0.98,0.0,20.46,0,int,,Google Robot/Fractal SimplerEnv setup; report only completed paired rollouts.,<absent>,<absent>,<absent>,False,False,False,[],2,,,models/CogACT/weights/llama2-7b-base,1.5,models/CogACT/weights/CogACT-Base/checkpoints/CogACT-Base.pt,temporal_fusion,temporal_fusion_conservative_adaptive,,,,1,cuda:0,,0.2,,0.15,0.03,2,0.25,0.01,1,0.2,80,cogact_base_simplerenv_fractal,,,10,50,artifacts/results/cogact_base_simplerenv_fractal/temporal_fusion_conservative_adaptive/google_robot_pick_coke_can,,,1,0.01,0.03,0.995,0.01,42,,google_robot_pick_coke_can,,,,,fractal20220817_data,,,,,,,,,,,google_robot,,,,,,,,,,,,,,,,,997,64.0,CogACT projected visual tokens before Llama cognition-token generation,False
/home/user/BiVLA/artifacts/results/mentor_2026-09-11/results/cogact_base_simplerenv_fractal/temporal_fusion_conservative_adaptive/google_robot_place_apple_in_closed_top_drawer/summary.json,cogact_base_simplerenv_fractal,temporal_fusion_conservative_adaptive,google_robot_place_apple_in_closed_top_drawer,completed,temporal_fusion,cogact_base_simplerenv_fractal,temporal_fusion_conservative_adaptive,simpler_google_robot_fractal,50,0,0.0,0.0,80.0,0,int,,Google Robot/Fractal SimplerEnv setup; report only completed paired rollouts.,<absent>,<absent>,<absent>,False,False,False,[],2,,,models/CogACT/weights/llama2-7b-base,1.5,models/CogACT/weights/CogACT-Base/checkpoints/CogACT-Base.pt,temporal_fusion,temporal_fusion_conservative_adaptive,,,,1,cuda:0,,0.2,,0.15,0.03,2,0.25,0.01,1,0.2,80,cogact_base_simplerenv_fractal,,,10,50,artifacts/results/cogact_base_simplerenv_fractal/temporal_fusion_conservative_adaptive/google_robot_place_apple_in_closed_top_drawer,,,1,0.01,0.03,0.995,0.01,42,,google_robot_place_apple_in_closed_top_drawer,,,,,fractal20220817_data,,,,,,,,,,,google_robot,,,,,,,,,,,,,,,,,3108,64.0,CogACT projected visual tokens before Llama cognition-token generation,False
/home/user/BiVLA/artifacts/results/mentor_2026-09-11/results/cogact_base_simplerenv_fractal/temporal_fusion_motion_entropy/google_robot_close_drawer/summary.json,cogact_base_simplerenv_fractal,temporal_fusion_motion_entropy,google_robot_close_drawer,completed,temporal_fusion,cogact_base_simplerenv_fractal,temporal_fusion_motion_entropy,simpler_google_robot_fractal,50,31,0.62,0.0,48.42,0,int,,Google Robot/Fractal SimplerEnv setup; report only completed paired rollouts.,<absent>,<absent>,<absent>,False,False,False,[],2,,,models/CogACT/weights/llama2-7b-base,1.5,models/CogACT/weights/CogACT-Base/checkpoints/CogACT-Base.pt,temporal_fusion,temporal_fusion_motion_entropy,,,,1,cuda:0,,0.2,,0.15,,3,0.5,0.01,1,0.2,80,cogact_base_simplerenv_fractal,,,10,50,artifacts/results/cogact_base_simplerenv_fractal/temporal_fusion_motion_entropy/google_robot_close_drawer,,,1,0.01,0.03,0.995,0.01,42,,google_robot_close_drawer,,,,,fractal20220817_data,,,,,,,,,,,google_robot,,,,,,,,,,,,,,,,,824,116.0,CogACT projected visual tokens before Llama cognition-token generation,False
/home/user/BiVLA/artifacts/results/mentor_2026-09-11/results/cogact_base_simplerenv_fractal/temporal_fusion_motion_entropy/google_robot_move_near/summary.json,cogact_base_simplerenv_fractal,temporal_fusion_motion_entropy,google_robot_move_near,completed,temporal_fusion,cogact_base_simplerenv_fractal,temporal_fusion_motion_entropy,simpler_google_robot_fractal,50,46,0.92,0.0,22.76,0,int,,Google Robot/Fractal SimplerEnv setup; report only completed paired rollouts.,<absent>,<absent>,<absent>,False,False,False,[],2,,,models/CogACT/weights/llama2-7b-base,1.5,models/CogACT/weights/CogACT-Base/checkpoints/CogACT-Base.pt,temporal_fusion,temporal_fusion_motion_entropy,,,,1,cuda:0,,0.2,,0.15,,3,0.5,0.01,1,0.2,80,cogact_base_simplerenv_fractal,,,10,50,artifacts/results/cogact_base_simplerenv_fractal/temporal_fusion_motion_entropy/google_robot_move_near,,,1,0.01,0.03,0.995,0.01,42,,google_robot_move_near,,,,,fractal20220817_data,,,,,,,,,,,google_robot,,,,,,,,,,,,,,,,,394,85.0,CogACT projected visual tokens before Llama cognition-token generation,False
/home/user/BiVLA/artifacts/results/mentor_2026-09-11/results/cogact_base_simplerenv_fractal/temporal_fusion_motion_entropy/google_robot_open_drawer/summary.json,cogact_base_simplerenv_fractal,temporal_fusion_motion_entropy,google_robot_open_drawer,completed,temporal_fusion,cogact_base_simplerenv_fractal,temporal_fusion_motion_entropy,simpler_google_robot_fractal,50,37,0.74,0.0,50.96,0,int,,Google Robot/Fractal SimplerEnv setup; report only completed paired rollouts.,<absent>,<absent>,<absent>,False,False,False,[],2,,,models/CogACT/weights/llama2-7b-base,1.5,models/CogACT/weights/CogACT-Base/checkpoints/CogACT-Base.pt,temporal_fusion,temporal_fusion_motion_entropy,,,,1,cuda:0,,0.2,,0.15,,3,0.5,0.01,1,0.2,80,cogact_base_simplerenv_fractal,,,10,50,artifacts/results/cogact_base_simplerenv_fractal/temporal_fusion_motion_entropy/google_robot_open_drawer,,,1,0.01,0.03,0.995,0.01,42,,google_robot_open_drawer,,,,,fractal20220817_data,,,,,,,,,,,google_robot,,,,,,,,,,,,,,,,,866,112.0,CogACT projected visual tokens before Llama cognition-token generation,False
/home/user/BiVLA/artifacts/results/mentor_2026-09-11/results/cogact_base_simplerenv_fractal/temporal_fusion_motion_entropy/google_robot_pick_coke_can/summary.json,cogact_base_simplerenv_fractal,temporal_fusion_motion_entropy,google_robot_pick_coke_can,completed,temporal_fusion,cogact_base_simplerenv_fractal,temporal_fusion_motion_entropy,simpler_google_robot_fractal,50,48,0.96,0.0,21.22,0,int,,Google Robot/Fractal SimplerEnv setup; report only completed paired rollouts.,<absent>,<absent>,<absent>,False,False,False,[],2,,,models/CogACT/weights/llama2-7b-base,1.5,models/CogACT/weights/CogACT-Base/checkpoints/CogACT-Base.pt,temporal_fusion,temporal_fusion_motion_entropy,,,,1,cuda:0,,0.2,,0.15,,3,0.5,0.01,1,0.2,80,cogact_base_simplerenv_fractal,,,10,50,artifacts/results/cogact_base_simplerenv_fractal/temporal_fusion_motion_entropy/google_robot_pick_coke_can,,,1,0.01,0.03,0.995,0.01,42,,google_robot_pick_coke_can,,,,,fractal20220817_data,,,,,,,,,,,google_robot,,,,,,,,,,,,,,,,,369,96.0,CogACT projected visual tokens before Llama cognition-token generation,False
/home/user/BiVLA/artifacts/results/mentor_2026-09-11/results/cogact_base_simplerenv_fractal/temporal_fusion_motion_entropy/google_robot_place_apple_in_closed_top_drawer/summary.json,cogact_base_simplerenv_fractal,temporal_fusion_motion_entropy,google_robot_place_apple_in_closed_top_drawer,completed,temporal_fusion,cogact_base_simplerenv_fractal,temporal_fusion_motion_entropy,simpler_google_robot_fractal,50,0,0.0,0.0,80.0,0,int,,Google Robot/Fractal SimplerEnv setup; report only completed paired rollouts.,<absent>,<absent>,<absent>,False,False,False,[],2,,,models/CogACT/weights/llama2-7b-base,1.5,models/CogACT/weights/CogACT-Base/checkpoints/CogACT-Base.pt,temporal_fusion,temporal_fusion_motion_entropy,,,,1,cuda:0,,0.2,,0.15,,3,0.5,0.01,1,0.2,80,cogact_base_simplerenv_fractal,,,10,50,artifacts/results/cogact_base_simplerenv_fractal/temporal_fusion_motion_entropy/google_robot_place_apple_in_closed_top_drawer,,,1,0.01,0.03,0.995,0.01,42,,google_robot_place_apple_in_closed_top_drawer,,,,,fractal20220817_data,,,,,,,,,,,google_robot,,,,,,,,,,,,,,,,,1350,128.0,CogACT projected visual tokens before Llama cognition-token generation,False
/home/user/BiVLA/artifacts/results/mentor_2026-09-11/results/cogact_base_simplerenv_fractal/temporal_fusion_task_aware/google_robot_close_drawer/summary.json,cogact_base_simplerenv_fractal,temporal_fusion_task_aware,google_robot_close_drawer,completed,temporal_fusion,cogact_base_simplerenv_fractal,temporal_fusion_task_aware,simpler_google_robot_fractal,50,31,0.62,0.0,48.42,0,int,,Google Robot/Fractal SimplerEnv setup; report only completed paired rollouts.,<absent>,<absent>,<absent>,False,False,False,[],2,,,models/CogACT/weights/llama2-7b-base,1.5,models/CogACT/weights/CogACT-Base/checkpoints/CogACT-Base.pt,temporal_fusion,temporal_fusion_task_aware,,,,1,cuda:0,,0.2,,0.15,,3,0.5,0.01,1,0.2,80,cogact_base_simplerenv_fractal,,,10,50,artifacts/results/cogact_base_simplerenv_fractal/temporal_fusion_task_aware/google_robot_close_drawer,,,1,0.01,0.03,0.995,0.01,42,,google_robot_close_drawer,,,,,fractal20220817_data,,,,,,,,,,,google_robot,,,,,,,,,,,,,,,,,824,116.0,CogACT projected visual tokens before Llama cognition-token generation,False
/home/user/BiVLA/artifacts/results/mentor_2026-09-11/results/cogact_base_simplerenv_fractal/temporal_fusion_task_aware/google_robot_move_near/summary.json,cogact_base_simplerenv_fractal,temporal_fusion_task_aware,google_robot_move_near,completed,temporal_fusion,cogact_base_simplerenv_fractal,temporal_fusion_task_aware,simpler_google_robot_fractal,50,46,0.92,0.0,22.76,0,int,,Google Robot/Fractal SimplerEnv setup; report only completed paired rollouts.,<absent>,<absent>,<absent>,False,False,False,[],2,,,models/CogACT/weights/llama2-7b-base,1.5,models/CogACT/weights/CogACT-Base/checkpoints/CogACT-Base.pt,temporal_fusion,temporal_fusion_task_aware,,,,1,cuda:0,,0.2,,0.15,,3,0.5,0.01,1,0.2,80,cogact_base_simplerenv_fractal,,,10,50,artifacts/results/cogact_base_simplerenv_fractal/temporal_fusion_task_aware/google_robot_move_near,,,1,0.01,0.03,0.995,0.01,42,,google_robot_move_near,,,,,fractal20220817_data,,,,,,,,,,,google_robot,,,,,,,,,,,,,,,,,394,85.0,CogACT projected visual tokens before Llama cognition-token generation,False
/home/user/BiVLA/artifacts/results/mentor_2026-09-11/results/cogact_base_simplerenv_fractal/temporal_fusion_task_aware/google_robot_open_drawer/summary.json,cogact_base_simplerenv_fractal,temporal_fusion_task_aware,google_robot_open_drawer,completed,temporal_fusion,cogact_base_simplerenv_fractal,temporal_fusion_task_aware,simpler_google_robot_fractal,50,37,0.74,0.0,50.96,0,int,,Google Robot/Fractal SimplerEnv setup; report only completed paired rollouts.,<absent>,<absent>,<absent>,False,False,False,[],2,,,models/CogACT/weights/llama2-7b-base,1.5,models/CogACT/weights/CogACT-Base/checkpoints/CogACT-Base.pt,temporal_fusion,temporal_fusion_task_aware,,,,1,cuda:0,,0.2,,0.15,,3,0.5,0.01,1,0.2,80,cogact_base_simplerenv_fractal,,,10,50,artifacts/results/cogact_base_simplerenv_fractal/temporal_fusion_task_aware/google_robot_open_drawer,,,1,0.01,0.03,0.995,0.01,42,,google_robot_open_drawer,,,,,fractal20220817_data,,,,,,,,,,,google_robot,,,,,,,,,,,,,,,,,866,112.0,CogACT projected visual tokens before Llama cognition-token generation,False
/home/user/BiVLA/artifacts/results/mentor_2026-09-11/results/cogact_base_simplerenv_fractal/temporal_fusion_task_aware/google_robot_pick_coke_can/summary.json,cogact_base_simplerenv_fractal,temporal_fusion_task_aware,google_robot_pick_coke_can,completed,temporal_fusion,cogact_base_simplerenv_fractal,temporal_fusion_task_aware,simpler_google_robot_fractal,50,48,0.96,0.0,21.22,0,int,,Google Robot/Fractal SimplerEnv setup; report only completed paired rollouts.,<absent>,<absent>,<absent>,False,False,False,[],2,,,models/CogACT/weights/llama2-7b-base,1.5,models/CogACT/weights/CogACT-Base/checkpoints/CogACT-Base.pt,temporal_fusion,temporal_fusion_task_aware,,,,1,cuda:0,,0.2,,0.15,,3,0.5,0.01,1,0.2,80,cogact_base_simplerenv_fractal,,,10,50,artifacts/results/cogact_base_simplerenv_fractal/temporal_fusion_task_aware/google_robot_pick_coke_can,,,1,0.01,0.03,0.995,0.01,42,,google_robot_pick_coke_can,,,,,fractal20220817_data,,,,,,,,,,,google_robot,,,,,,,,,,,,,,,,,369,96.0,CogACT projected visual tokens before Llama cognition-token generation,False
/home/user/BiVLA/artifacts/results/mentor_2026-09-11/results/cogact_base_simplerenv_fractal/temporal_fusion_task_aware/google_robot_place_apple_in_closed_top_drawer/summary.json,cogact_base_simplerenv_fractal,temporal_fusion_task_aware,google_robot_place_apple_in_closed_top_drawer,completed,temporal_fusion,cogact_base_simplerenv_fractal,temporal_fusion_task_aware,simpler_google_robot_fractal,50,0,0.0,0.0,80.0,0,int,,Google Robot/Fractal SimplerEnv setup; report only completed paired rollouts.,<absent>,<absent>,<absent>,False,False,False,[],2,,,models/CogACT/weights/llama2-7b-base,1.5,models/CogACT/weights/CogACT-Base/checkpoints/CogACT-Base.pt,temporal_fusion,temporal_fusion_task_aware,,,,1,cuda:0,,0.2,,0.15,,3,0.5,0.01,1,0.2,80,cogact_base_simplerenv_fractal,,,10,50,artifacts/results/cogact_base_simplerenv_fractal/temporal_fusion_task_aware/google_robot_place_apple_in_closed_top_drawer,,,1,0.01,0.03,0.995,0.01,42,,google_robot_place_apple_in_closed_top_drawer,,,,,fractal20220817_data,,,,,,,,,,,google_robot,,,,,,,,,,,,,,,,,1350,128.0,CogACT projected visual tokens before Llama cognition-token generation,False
/home/user/BiVLA/artifacts/results/mentor_2026-09-11/results/cronusvla_simplerenv_bridge/action_repeat2/widowx_carrot_on_plate/summary.json,cronusvla_simplerenv_bridge,action_repeat2,widowx_carrot_on_plate,completed,action_repeat,,action_repeat2,,50,2,,,,0,int,,,<absent>,<absent>,<absent>,False,True,True,<absent>,2,,,,,/home/shriram003/soumya/VisionLanguageAction/models/cronusvla_0.5B_bridge_rt_1/checkpoints/step-042500-epoch-07-loss=0.0587.pt,action_repeat,action_repeat2,,,,,,,0.2,,,,,,,,,,,,,,,artifacts/results/cronusvla_simplerenv_bridge_corrected/action_repeat2/widowx_carrot_on_plate,,,1,0.01,0.03,0.995,0.01,42,,widowx_carrot_on_plate,50,,,,,,,,,,,,,,,,,,,,,,,,,,,,,,,,,,,
/home/user/BiVLA/artifacts/results/mentor_2026-09-11/results/cronusvla_simplerenv_bridge/action_repeat2/widowx_put_eggplant_in_basket/summary.json,cronusvla_simplerenv_bridge,action_repeat2,widowx_put_eggplant_in_basket,completed,action_repeat,,action_repeat2,,50,4,,,,0,int,,,<absent>,<absent>,<absent>,False,True,True,<absent>,2,,,,,/home/shriram003/soumya/VisionLanguageAction/models/cronusvla_0.5B_bridge_rt_1/checkpoints/step-042500-epoch-07-loss=0.0587.pt,action_repeat,action_repeat2,,,,,,,0.2,,,,,,,,,,,,,,,artifacts/results/cronusvla_simplerenv_bridge_corrected/action_repeat2/widowx_put_eggplant_in_basket,,,1,0.01,0.03,0.995,0.01,42,,widowx_put_eggplant_in_basket,50,,,,,,,,,,,,,,,,,,,,,,,,,,,,,,,,,,,
/home/user/BiVLA/artifacts/results/mentor_2026-09-11/results/cronusvla_simplerenv_bridge/action_repeat2/widowx_spoon_on_towel/summary.json,cronusvla_simplerenv_bridge,action_repeat2,widowx_spoon_on_towel,completed,action_repeat,,action_repeat2,,50,1,,,,0,int,,,<absent>,<absent>,<absent>,False,True,True,<absent>,2,,,,,/home/shriram003/soumya/VisionLanguageAction/models/cronusvla_0.5B_bridge_rt_1/checkpoints/step-042500-epoch-07-loss=0.0587.pt,action_repeat,action_repeat2,,,,,,,0.2,,,,,,,,,,,,,,,artifacts/results/cronusvla_simplerenv_bridge_corrected/action_repeat2/widowx_spoon_on_towel,,,1,0.01,0.03,0.995,0.01,42,,widowx_spoon_on_towel,50,,,,,,,,,,,,,,,,,,,,,,,,,,,,,,,,,,,
/home/user/BiVLA/artifacts/results/mentor_2026-09-11/results/cronusvla_simplerenv_bridge/action_repeat2/widowx_stack_cube/summary.json,cronusvla_simplerenv_bridge,action_repeat2,widowx_stack_cube,completed,action_repeat,,action_repeat2,,50,0,,,,0,int,,,<absent>,<absent>,<absent>,False,True,True,<absent>,2,,,,,/home/shriram003/soumya/VisionLanguageAction/models/cronusvla_0.5B_bridge_rt_1/checkpoints/step-042500-epoch-07-loss=0.0587.pt,action_repeat,action_repeat2,,,,,,,0.2,,,,,,,,,,,,,,,artifacts/results/cronusvla_simplerenv_bridge_corrected/action_repeat2/widowx_stack_cube,,,1,0.01,0.03,0.995,0.01,42,,widowx_stack_cube,50,,,,,,,,,,,,,,,,,,,,,,,,,,,,,,,,,,,
/home/user/BiVLA/artifacts/results/mentor_2026-09-11/results/cronusvla_simplerenv_bridge/action_repeat4/widowx_carrot_on_plate/summary.json,cronusvla_simplerenv_bridge,action_repeat4,widowx_carrot_on_plate,completed,action_repeat,,action_repeat4,,50,0,,,,0,int,,,<absent>,<absent>,<absent>,False,True,True,<absent>,4,,,,,/home/shriram003/soumya/VisionLanguageAction/models/cronusvla_0.5B_bridge_rt_1/checkpoints/step-042500-epoch-07-loss=0.0587.pt,action_repeat,action_repeat4,,,,,,,0.2,,,,,,,,,,,,,,,artifacts/results/cronusvla_simplerenv_bridge_corrected/action_repeat4/widowx_carrot_on_plate,,,1,0.01,0.03,0.995,0.01,42,,widowx_carrot_on_plate,50,,,,,,,,,,,,,,,,,,,,,,,,,,,,,,,,,,,
/home/user/BiVLA/artifacts/results/mentor_2026-09-11/results/cronusvla_simplerenv_bridge/action_repeat4/widowx_put_eggplant_in_basket/summary.json,cronusvla_simplerenv_bridge,action_repeat4,widowx_put_eggplant_in_basket,completed,action_repeat,,action_repeat4,,50,0,,,,0,int,,,<absent>,<absent>,<absent>,False,True,True,<absent>,4,,,,,/home/shriram003/soumya/VisionLanguageAction/models/cronusvla_0.5B_bridge_rt_1/checkpoints/step-042500-epoch-07-loss=0.0587.pt,action_repeat,action_repeat4,,,,,,,0.2,,,,,,,,,,,,,,,artifacts/results/cronusvla_simplerenv_bridge_corrected/action_repeat4/widowx_put_eggplant_in_basket,,,1,0.01,0.03,0.995,0.01,42,,widowx_put_eggplant_in_basket,50,,,,,,,,,,,,,,,,,,,,,,,,,,,,,,,,,,,
/home/user/BiVLA/artifacts/results/mentor_2026-09-11/results/cronusvla_simplerenv_bridge/action_repeat4/widowx_spoon_on_towel/summary.json,cronusvla_simplerenv_bridge,action_repeat4,widowx_spoon_on_towel,completed,action_repeat,,action_repeat4,,50,0,,,,0,int,,,<absent>,<absent>,<absent>,False,True,True,<absent>,4,,,,,/home/shriram003/soumya/VisionLanguageAction/models/cronusvla_0.5B_bridge_rt_1/checkpoints/step-042500-epoch-07-loss=0.0587.pt,action_repeat,action_repeat4,,,,,,,0.2,,,,,,,,,,,,,,,artifacts/results/cronusvla_simplerenv_bridge_corrected/action_repeat4/widowx_spoon_on_towel,,,1,0.01,0.03,0.995,0.01,42,,widowx_spoon_on_towel,50,,,,,,,,,,,,,,,,,,,,,,,,,,,,,,,,,,,
/home/user/BiVLA/artifacts/results/mentor_2026-09-11/results/cronusvla_simplerenv_bridge/action_repeat4/widowx_stack_cube/summary.json,cronusvla_simplerenv_bridge,action_repeat4,widowx_stack_cube,completed,action_repeat,,action_repeat4,,50,0,,,,0,int,,,<absent>,<absent>,<absent>,False,True,True,<absent>,4,,,,,/home/shriram003/soumya/VisionLanguageAction/models/cronusvla_0.5B_bridge_rt_1/checkpoints/step-042500-epoch-07-loss=0.0587.pt,action_repeat,action_repeat4,,,,,,,0.2,,,,,,,,,,,,,,,artifacts/results/cronusvla_simplerenv_bridge_corrected/action_repeat4/widowx_stack_cube,,,1,0.01,0.03,0.995,0.01,42,,widowx_stack_cube,50,,,,,,,,,,,,,,,,,,,,,,,,,,,,,,,,,,,
/home/user/BiVLA/artifacts/results/mentor_2026-09-11/results/cronusvla_simplerenv_bridge/depth_pruning1/widowx_carrot_on_plate/summary.json,cronusvla_simplerenv_bridge,depth_pruning1,widowx_carrot_on_plate,completed,depth_pruning,,depth_pruning1,,50,6,,,,0,int,,,<absent>,<absent>,<absent>,False,True,True,[10],2,,,,,models/cronusvla_0.5B_bridge_rt_1/checkpoints/step-042500-epoch-07-loss=0.0587.pt,depth_pruning,depth_pruning1,10000,"widowx_spoon_on_towel,widowx_carrot_on_plate,widowx_stack_cube,widowx_put_eggplant_in_basket",,1,,,0.2,,,,,,,,,,,,,,,/home/soumyara004/soumyaratnadebnath/VisionLanguageAction/artifacts/results/cronusvla_simplerenv_bridge_protected/depth_pruning1/widowx_carrot_on_plate,,,1,0.01,0.03,0.995,0.01,42,,widowx_carrot_on_plate,50,,,,,,,,,,,,,,,,,,,,,,,,"[0.8067812770605087, 0.09067235887050629, 0.05383691191673279, 0.03292873501777649, 0.028842300176620483, 0.016044214367866516, 0.01408374309539795, 0.012240573763847351, 0.009275346994400024, 0.008230209350585938, 0.004366591572761536, 0.006381601095199585]",protected_calibrated,1,0.25,1,10000,"[""widowx_spoon_on_towel"", ""widowx_carrot_on_plate"", ""widowx_stack_cube"", ""widowx_put_eggplant_in_basket""]",,,,,
/home/user/BiVLA/artifacts/results/mentor_2026-09-11/results/cronusvla_simplerenv_bridge/depth_pruning1/widowx_put_eggplant_in_basket/summary.json,cronusvla_simplerenv_bridge,depth_pruning1,widowx_put_eggplant_in_basket,completed,depth_pruning,,depth_pruning1,,50,49,,,,0,int,,,<absent>,<absent>,<absent>,False,True,True,[10],2,,,,,models/cronusvla_0.5B_bridge_rt_1/checkpoints/step-042500-epoch-07-loss=0.0587.pt,depth_pruning,depth_pruning1,10000,"widowx_spoon_on_towel,widowx_carrot_on_plate,widowx_stack_cube,widowx_put_eggplant_in_basket",,1,,,0.2,,,,,,,,,,,,,,,/home/soumyara004/soumyaratnadebnath/VisionLanguageAction/artifacts/results/cronusvla_simplerenv_bridge_protected/depth_pruning1/widowx_put_eggplant_in_basket,,,1,0.01,0.03,0.995,0.01,42,,widowx_put_eggplant_in_basket,50,,,,,,,,,,,,,,,,,,,,,,,,"[0.8067812770605087, 0.09067235887050629, 0.05383691191673279, 0.03292873501777649, 0.028842300176620483, 0.016044214367866516, 0.01408374309539795, 0.012240573763847351, 0.009275346994400024, 0.008230209350585938, 0.004366591572761536, 0.006381601095199585]",protected_calibrated,1,0.25,1,10000,"[""widowx_spoon_on_towel"", ""widowx_carrot_on_plate"", ""widowx_stack_cube"", ""widowx_put_eggplant_in_basket""]",,,,,
/home/user/BiVLA/artifacts/results/mentor_2026-09-11/results/cronusvla_simplerenv_bridge/depth_pruning1/widowx_spoon_on_towel/summary.json,cronusvla_simplerenv_bridge,depth_pruning1,widowx_spoon_on_towel,completed,depth_pruning,,depth_pruning1,,50,15,,,,0,int,,,<absent>,<absent>,<absent>,False,True,True,[10],2,,,,,models/cronusvla_0.5B_bridge_rt_1/checkpoints/step-042500-epoch-07-loss=0.0587.pt,depth_pruning,depth_pruning1,10000,"widowx_spoon_on_towel,widowx_carrot_on_plate,widowx_stack_cube,widowx_put_eggplant_in_basket",,1,,,0.2,,,,,,,,,,,,,,,/home/soumyara004/soumyaratnadebnath/VisionLanguageAction/artifacts/results/cronusvla_simplerenv_bridge_protected/depth_pruning1/widowx_spoon_on_towel,,,1,0.01,0.03,0.995,0.01,42,,widowx_spoon_on_towel,50,,,,,,,,,,,,,,,,,,,,,,,,"[0.8067812770605087, 0.09067235887050629, 0.05383691191673279, 0.03292873501777649, 0.028842300176620483, 0.016044214367866516, 0.01408374309539795, 0.012240573763847351, 0.009275346994400024, 0.008230209350585938, 0.004366591572761536, 0.006381601095199585]",protected_calibrated,1,0.25,1,10000,"[""widowx_spoon_on_towel"", ""widowx_carrot_on_plate"", ""widowx_stack_cube"", ""widowx_put_eggplant_in_basket""]",,,,,
/home/user/BiVLA/artifacts/results/mentor_2026-09-11/results/cronusvla_simplerenv_bridge/depth_pruning1/widowx_stack_cube/summary.json,cronusvla_simplerenv_bridge,depth_pruning1,widowx_stack_cube,completed,depth_pruning,,depth_pruning1,,50,1,,,,0,int,,,<absent>,<absent>,<absent>,False,True,True,[10],2,,,,,models/cronusvla_0.5B_bridge_rt_1/checkpoints/step-042500-epoch-07-loss=0.0587.pt,depth_pruning,depth_pruning1,10000,"widowx_spoon_on_towel,widowx_carrot_on_plate,widowx_stack_cube,widowx_put_eggplant_in_basket",,1,,,0.2,,,,,,,,,,,,,,,/home/soumyara004/soumyaratnadebnath/VisionLanguageAction/artifacts/results/cronusvla_simplerenv_bridge_protected/depth_pruning1/widowx_stack_cube,,,1,0.01,0.03,0.995,0.01,42,,widowx_stack_cube,50,,,,,,,,,,,,,,,,,,,,,,,,"[0.8067812770605087, 0.09067235887050629, 0.05383691191673279, 0.03292873501777649, 0.028842300176620483, 0.016044214367866516, 0.01408374309539795, 0.012240573763847351, 0.009275346994400024, 0.008230209350585938, 0.004366591572761536, 0.006381601095199585]",protected_calibrated,1,0.25,1,10000,"[""widowx_spoon_on_towel"", ""widowx_carrot_on_plate"", ""widowx_stack_cube"", ""widowx_put_eggplant_in_basket""]",,,,,
/home/user/BiVLA/artifacts/results/mentor_2026-09-11/results/cronusvla_simplerenv_bridge/depth_pruning2/widowx_carrot_on_plate/summary.json,cronusvla_simplerenv_bridge,depth_pruning2,widowx_carrot_on_plate,completed,depth_pruning,,depth_pruning2,,50,8,,,,0,int,,,<absent>,<absent>,<absent>,False,True,True,"[8, 10]",2,,,,,models/cronusvla_0.5B_bridge_rt_1/checkpoints/step-042500-epoch-07-loss=0.0587.pt,depth_pruning,depth_pruning2,10000,"widowx_spoon_on_towel,widowx_carrot_on_plate,widowx_stack_cube,widowx_put_eggplant_in_basket",,2,,,0.2,,,,,,,,,,,,,,,/home/soumyara004/soumyaratnadebnath/VisionLanguageAction/artifacts/results/cronusvla_simplerenv_bridge_protected/depth_pruning2/widowx_carrot_on_plate,,,1,0.01,0.03,0.995,0.01,42,,widowx_carrot_on_plate,50,,,,,,,,,,,,,,,,,,,,,,,,"[0.8067812770605087, 0.09067235887050629, 0.05383691191673279, 0.03292873501777649, 0.028842300176620483, 0.016044214367866516, 0.01408374309539795, 0.012240573763847351, 0.009275346994400024, 0.008230209350585938, 0.004366591572761536, 0.006381601095199585]",protected_calibrated,1,0.25,1,10000,"[""widowx_spoon_on_towel"", ""widowx_carrot_on_plate"", ""widowx_stack_cube"", ""widowx_put_eggplant_in_basket""]",,,,,
/home/user/BiVLA/artifacts/results/mentor_2026-09-11/results/cronusvla_simplerenv_bridge/depth_pruning2/widowx_put_eggplant_in_basket/summary.json,cronusvla_simplerenv_bridge,depth_pruning2,widowx_put_eggplant_in_basket,completed,depth_pruning,,depth_pruning2,,50,48,,,,0,int,,,<absent>,<absent>,<absent>,False,True,True,"[8, 10]",2,,,,,models/cronusvla_0.5B_bridge_rt_1/checkpoints/step-042500-epoch-07-loss=0.0587.pt,depth_pruning,depth_pruning2,10000,"widowx_spoon_on_towel,widowx_carrot_on_plate,widowx_stack_cube,widowx_put_eggplant_in_basket",,2,,,0.2,,,,,,,,,,,,,,,/home/soumyara004/soumyaratnadebnath/VisionLanguageAction/artifacts/results/cronusvla_simplerenv_bridge_protected/depth_pruning2/widowx_put_eggplant_in_basket,,,1,0.01,0.03,0.995,0.01,42,,widowx_put_eggplant_in_basket,50,,,,,,,,,,,,,,,,,,,,,,,,"[0.8067812770605087, 0.09067235887050629, 0.05383691191673279, 0.03292873501777649, 0.028842300176620483, 0.016044214367866516, 0.01408374309539795, 0.012240573763847351, 0.009275346994400024, 0.008230209350585938, 0.004366591572761536, 0.006381601095199585]",protected_calibrated,1,0.25,1,10000,"[""widowx_spoon_on_towel"", ""widowx_carrot_on_plate"", ""widowx_stack_cube"", ""widowx_put_eggplant_in_basket""]",,,,,
/home/user/BiVLA/artifacts/results/mentor_2026-09-11/results/cronusvla_simplerenv_bridge/depth_pruning2/widowx_spoon_on_towel/summary.json,cronusvla_simplerenv_bridge,depth_pruning2,widowx_spoon_on_towel,completed,depth_pruning,,depth_pruning2,,50,16,,,,0,int,,,<absent>,<absent>,<absent>,False,True,True,"[8, 10]",2,,,,,models/cronusvla_0.5B_bridge_rt_1/checkpoints/step-042500-epoch-07-loss=0.0587.pt,depth_pruning,depth_pruning2,10000,"widowx_spoon_on_towel,widowx_carrot_on_plate,widowx_stack_cube,widowx_put_eggplant_in_basket",,2,,,0.2,,,,,,,,,,,,,,,/home/soumyara004/soumyaratnadebnath/VisionLanguageAction/artifacts/results/cronusvla_simplerenv_bridge_protected/depth_pruning2/widowx_spoon_on_towel,,,1,0.01,0.03,0.995,0.01,42,,widowx_spoon_on_towel,50,,,,,,,,,,,,,,,,,,,,,,,,"[0.8067812770605087, 0.09067235887050629, 0.05383691191673279, 0.03292873501777649, 0.028842300176620483, 0.016044214367866516, 0.01408374309539795, 0.012240573763847351, 0.009275346994400024, 0.008230209350585938, 0.004366591572761536, 0.006381601095199585]",protected_calibrated,1,0.25,1,10000,"[""widowx_spoon_on_towel"", ""widowx_carrot_on_plate"", ""widowx_stack_cube"", ""widowx_put_eggplant_in_basket""]",,,,,
/home/user/BiVLA/artifacts/results/mentor_2026-09-11/results/cronusvla_simplerenv_bridge/depth_pruning2/widowx_stack_cube/summary.json,cronusvla_simplerenv_bridge,depth_pruning2,widowx_stack_cube,completed,depth_pruning,,depth_pruning2,,50,0,,,,0,int,,,<absent>,<absent>,<absent>,False,True,True,"[8, 10]",2,,,,,models/cronusvla_0.5B_bridge_rt_1/checkpoints/step-042500-epoch-07-loss=0.0587.pt,depth_pruning,depth_pruning2,10000,"widowx_spoon_on_towel,widowx_carrot_on_plate,widowx_stack_cube,widowx_put_eggplant_in_basket",,2,,,0.2,,,,,,,,,,,,,,,/home/soumyara004/soumyaratnadebnath/VisionLanguageAction/artifacts/results/cronusvla_simplerenv_bridge_protected/depth_pruning2/widowx_stack_cube,,,1,0.01,0.03,0.995,0.01,42,,widowx_stack_cube,50,,,,,,,,,,,,,,,,,,,,,,,,"[0.8067812770605087, 0.09067235887050629, 0.05383691191673279, 0.03292873501777649, 0.028842300176620483, 0.016044214367866516, 0.01408374309539795, 0.012240573763847351, 0.009275346994400024, 0.008230209350585938, 0.004366591572761536, 0.006381601095199585]",protected_calibrated,1,0.25,1,10000,"[""widowx_spoon_on_towel"", ""widowx_carrot_on_plate"", ""widowx_stack_cube"", ""widowx_put_eggplant_in_basket""]",,,,,
/home/user/BiVLA/artifacts/results/mentor_2026-09-11/results/cronusvla_simplerenv_bridge/depth_pruning4/widowx_carrot_on_plate/summary.json,cronusvla_simplerenv_bridge,depth_pruning4,widowx_carrot_on_plate,completed,depth_pruning,,depth_pruning4,,50,7,,,,0,int,,,<absent>,<absent>,<absent>,False,True,True,"[4, 6, 8, 10]",2,,,,,models/cronusvla_0.5B_bridge_rt_1/checkpoints/step-042500-epoch-07-loss=0.0587.pt,depth_pruning,depth_pruning4,10000,"widowx_spoon_on_towel,widowx_carrot_on_plate,widowx_stack_cube,widowx_put_eggplant_in_basket",,4,,,0.2,,,,,,,,,,,,,,,/home/soumyara004/soumyaratnadebnath/VisionLanguageAction/artifacts/results/cronusvla_simplerenv_bridge_protected/depth_pruning4/widowx_carrot_on_plate,,,1,0.01,0.03,0.995,0.01,42,,widowx_carrot_on_plate,50,,,,,,,,,,,,,,,,,,,,,,,,"[0.8067812770605087, 0.09067235887050629, 0.05383691191673279, 0.03292873501777649, 0.028842300176620483, 0.016044214367866516, 0.01408374309539795, 0.012240573763847351, 0.009275346994400024, 0.008230209350585938, 0.004366591572761536, 0.006381601095199585]",protected_calibrated,1,0.25,1,10000,"[""widowx_spoon_on_towel"", ""widowx_carrot_on_plate"", ""widowx_stack_cube"", ""widowx_put_eggplant_in_basket""]",,,,,
/home/user/BiVLA/artifacts/results/mentor_2026-09-11/results/cronusvla_simplerenv_bridge/depth_pruning4/widowx_put_eggplant_in_basket/summary.json,cronusvla_simplerenv_bridge,depth_pruning4,widowx_put_eggplant_in_basket,completed,depth_pruning,,depth_pruning4,,50,47,,,,0,int,,,<absent>,<absent>,<absent>,False,True,True,"[4, 6, 8, 10]",2,,,,,models/cronusvla_0.5B_bridge_rt_1/checkpoints/step-042500-epoch-07-loss=0.0587.pt,depth_pruning,depth_pruning4,10000,"widowx_spoon_on_towel,widowx_carrot_on_plate,widowx_stack_cube,widowx_put_eggplant_in_basket",,4,,,0.2,,,,,,,,,,,,,,,/home/soumyara004/soumyaratnadebnath/VisionLanguageAction/artifacts/results/cronusvla_simplerenv_bridge_protected/depth_pruning4/widowx_put_eggplant_in_basket,,,1,0.01,0.03,0.995,0.01,42,,widowx_put_eggplant_in_basket,50,,,,,,,,,,,,,,,,,,,,,,,,"[0.8067812770605087, 0.09067235887050629, 0.05383691191673279, 0.03292873501777649, 0.028842300176620483, 0.016044214367866516, 0.01408374309539795, 0.012240573763847351, 0.009275346994400024, 0.008230209350585938, 0.004366591572761536, 0.006381601095199585]",protected_calibrated,1,0.25,1,10000,"[""widowx_spoon_on_towel"", ""widowx_carrot_on_plate"", ""widowx_stack_cube"", ""widowx_put_eggplant_in_basket""]",,,,,
/home/user/BiVLA/artifacts/results/mentor_2026-09-11/results/cronusvla_simplerenv_bridge/depth_pruning4/widowx_spoon_on_towel/summary.json,cronusvla_simplerenv_bridge,depth_pruning4,widowx_spoon_on_towel,completed,depth_pruning,,depth_pruning4,,50,3,,,,0,int,,,<absent>,<absent>,<absent>,False,True,True,"[4, 6, 8, 10]",2,,,,,models/cronusvla_0.5B_bridge_rt_1/checkpoints/step-042500-epoch-07-loss=0.0587.pt,depth_pruning,depth_pruning4,10000,"widowx_spoon_on_towel,widowx_carrot_on_plate,widowx_stack_cube,widowx_put_eggplant_in_basket",,4,,,0.2,,,,,,,,,,,,,,,/home/soumyara004/soumyaratnadebnath/VisionLanguageAction/artifacts/results/cronusvla_simplerenv_bridge_protected/depth_pruning4/widowx_spoon_on_towel,,,1,0.01,0.03,0.995,0.01,42,,widowx_spoon_on_towel,50,,,,,,,,,,,,,,,,,,,,,,,,"[0.8067812770605087, 0.09067235887050629, 0.05383691191673279, 0.03292873501777649, 0.028842300176620483, 0.016044214367866516, 0.01408374309539795, 0.012240573763847351, 0.009275346994400024, 0.008230209350585938, 0.004366591572761536, 0.006381601095199585]",protected_calibrated,1,0.25,1,10000,"[""widowx_spoon_on_towel"", ""widowx_carrot_on_plate"", ""widowx_stack_cube"", ""widowx_put_eggplant_in_basket""]",,,,,
/home/user/BiVLA/artifacts/results/mentor_2026-09-11/results/cronusvla_simplerenv_bridge/depth_pruning4/widowx_stack_cube/summary.json,cronusvla_simplerenv_bridge,depth_pruning4,widowx_stack_cube,completed,depth_pruning,,depth_pruning4,,50,0,,,,0,int,,,<absent>,<absent>,<absent>,False,True,True,"[4, 6, 8, 10]",2,,,,,models/cronusvla_0.5B_bridge_rt_1/checkpoints/step-042500-epoch-07-loss=0.0587.pt,depth_pruning,depth_pruning4,10000,"widowx_spoon_on_towel,widowx_carrot_on_plate,widowx_stack_cube,widowx_put_eggplant_in_basket",,4,,,0.2,,,,,,,,,,,,,,,/home/soumyara004/soumyaratnadebnath/VisionLanguageAction/artifacts/results/cronusvla_simplerenv_bridge_protected/depth_pruning4/widowx_stack_cube,,,1,0.01,0.03,0.995,0.01,42,,widowx_stack_cube,50,,,,,,,,,,,,,,,,,,,,,,,,"[0.8067812770605087, 0.09067235887050629, 0.05383691191673279, 0.03292873501777649, 0.028842300176620483, 0.016044214367866516, 0.01408374309539795, 0.012240573763847351, 0.009275346994400024, 0.008230209350585938, 0.004366591572761536, 0.006381601095199585]",protected_calibrated,1,0.25,1,10000,"[""widowx_spoon_on_towel"", ""widowx_carrot_on_plate"", ""widowx_stack_cube"", ""widowx_put_eggplant_in_basket""]",,,,,
/home/user/BiVLA/artifacts/results/mentor_2026-09-11/results/cronusvla_simplerenv_bridge/fixed_foveation_keep20/widowx_carrot_on_plate/summary.json,cronusvla_simplerenv_bridge,fixed_foveation_keep20,widowx_carrot_on_plate,completed,fixed_foveation,,fixed_foveation_keep20,,50,5,,,,0,int,,,<absent>,<absent>,<absent>,False,True,True,<absent>,2,,,,,/home/shriram003/soumya/VisionLanguageAction/models/cronusvla_0.5B_bridge_rt_1/checkpoints/step-042500-epoch-07-loss=0.0587.pt,fixed_foveation,fixed_foveation_keep20,,,,,,,0.2,,,,,,,,,,,,,,,artifacts/results/cronusvla_simplerenv_bridge_corrected/fixed_foveation_keep20/widowx_carrot_on_plate,,,1,0.01,0.03,0.995,0.01,42,,widowx_carrot_on_plate,50,,,,,,,,,,,,,,,,,,,,,,,,,,,,,,,,,,,
/home/user/BiVLA/artifacts/results/mentor_2026-09-11/results/cronusvla_simplerenv_bridge/fixed_foveation_keep20/widowx_put_eggplant_in_basket/summary.json,cronusvla_simplerenv_bridge,fixed_foveation_keep20,widowx_put_eggplant_in_basket,completed,fixed_foveation,,fixed_foveation_keep20,,50,50,,,,0,int,,,<absent>,<absent>,<absent>,False,True,True,<absent>,2,,,,,/home/shriram003/soumya/VisionLanguageAction/models/cronusvla_0.5B_bridge_rt_1/checkpoints/step-042500-epoch-07-loss=0.0587.pt,fixed_foveation,fixed_foveation_keep20,,,,,,,0.2,,,,,,,,,,,,,,,artifacts/results/cronusvla_simplerenv_bridge_corrected/fixed_foveation_keep20/widowx_put_eggplant_in_basket,,,1,0.01,0.03,0.995,0.01,42,,widowx_put_eggplant_in_basket,50,,,,,,,,,,,,,,,,,,,,,,,,,,,,,,,,,,,
/home/user/BiVLA/artifacts/results/mentor_2026-09-11/results/cronusvla_simplerenv_bridge/fixed_foveation_keep20/widowx_spoon_on_towel/summary.json,cronusvla_simplerenv_bridge,fixed_foveation_keep20,widowx_spoon_on_towel,completed,fixed_foveation,,fixed_foveation_keep20,,50,18,,,,0,int,,,<absent>,<absent>,<absent>,False,True,True,<absent>,2,,,,,/home/shriram003/soumya/VisionLanguageAction/models/cronusvla_0.5B_bridge_rt_1/checkpoints/step-042500-epoch-07-loss=0.0587.pt,fixed_foveation,fixed_foveation_keep20,,,,,,,0.2,,,,,,,,,,,,,,,artifacts/results/cronusvla_simplerenv_bridge_corrected/fixed_foveation_keep20/widowx_spoon_on_towel,,,1,0.01,0.03,0.995,0.01,42,,widowx_spoon_on_towel,50,,,,,,,,,,,,,,,,,,,,,,,,,,,,,,,,,,,
/home/user/BiVLA/artifacts/results/mentor_2026-09-11/results/cronusvla_simplerenv_bridge/fixed_foveation_keep20/widowx_stack_cube/summary.json,cronusvla_simplerenv_bridge,fixed_foveation_keep20,widowx_stack_cube,completed,fixed_foveation,,fixed_foveation_keep20,,50,0,,,,0,int,,,<absent>,<absent>,<absent>,False,True,True,<absent>,2,,,,,/home/shriram003/soumya/VisionLanguageAction/models/cronusvla_0.5B_bridge_rt_1/checkpoints/step-042500-epoch-07-loss=0.0587.pt,fixed_foveation,fixed_foveation_keep20,,,,,,,0.2,,,,,,,,,,,,,,,artifacts/results/cronusvla_simplerenv_bridge_corrected/fixed_foveation_keep20/widowx_stack_cube,,,1,0.01,0.03,0.995,0.01,42,,widowx_stack_cube,50,,,,,,,,,,,,,,,,,,,,,,,,,,,,,,,,,,,
/home/user/BiVLA/artifacts/results/mentor_2026-09-11/results/cronusvla_simplerenv_bridge/fixed_foveation_keep50/widowx_carrot_on_plate/summary.json,cronusvla_simplerenv_bridge,fixed_foveation_keep50,widowx_carrot_on_plate,completed,fixed_foveation,,fixed_foveation_keep50,,50,4,,,,0,int,,,<absent>,<absent>,<absent>,False,True,True,<absent>,2,,,,,/home/shriram003/soumya/VisionLanguageAction/models/cronusvla_0.5B_bridge_rt_1/checkpoints/step-042500-epoch-07-loss=0.0587.pt,fixed_foveation,fixed_foveation_keep50,,,,,,,0.5,,,,,,,,,,,,,,,artifacts/results/cronusvla_simplerenv_bridge_corrected/fixed_foveation_keep50/widowx_carrot_on_plate,,,1,0.01,0.03,0.995,0.01,42,,widowx_carrot_on_plate,50,,,,,,,,,,,,,,,,,,,,,,,,,,,,,,,,,,,
/home/user/BiVLA/artifacts/results/mentor_2026-09-11/results/cronusvla_simplerenv_bridge/fixed_foveation_keep50/widowx_put_eggplant_in_basket/summary.json,cronusvla_simplerenv_bridge,fixed_foveation_keep50,widowx_put_eggplant_in_basket,completed,fixed_foveation,,fixed_foveation_keep50,,50,49,,,,0,int,,,<absent>,<absent>,<absent>,False,True,True,<absent>,2,,,,,/home/shriram003/soumya/VisionLanguageAction/models/cronusvla_0.5B_bridge_rt_1/checkpoints/step-042500-epoch-07-loss=0.0587.pt,fixed_foveation,fixed_foveation_keep50,,,,,,,0.5,,,,,,,,,,,,,,,artifacts/results/cronusvla_simplerenv_bridge_corrected/fixed_foveation_keep50/widowx_put_eggplant_in_basket,,,1,0.01,0.03,0.995,0.01,42,,widowx_put_eggplant_in_basket,50,,,,,,,,,,,,,,,,,,,,,,,,,,,,,,,,,,,
/home/user/BiVLA/artifacts/results/mentor_2026-09-11/results/cronusvla_simplerenv_bridge/fixed_foveation_keep50/widowx_spoon_on_towel/summary.json,cronusvla_simplerenv_bridge,fixed_foveation_keep50,widowx_spoon_on_towel,completed,fixed_foveation,,fixed_foveation_keep50,,50,15,,,,0,int,,,<absent>,<absent>,<absent>,False,True,True,<absent>,2,,,,,/home/shriram003/soumya/VisionLanguageAction/models/cronusvla_0.5B_bridge_rt_1/checkpoints/step-042500-epoch-07-loss=0.0587.pt,fixed_foveation,fixed_foveation_keep50,,,,,,,0.5,,,,,,,,,,,,,,,artifacts/results/cronusvla_simplerenv_bridge_corrected/fixed_foveation_keep50/widowx_spoon_on_towel,,,1,0.01,0.03,0.995,0.01,42,,widowx_spoon_on_towel,50,,,,,,,,,,,,,,,,,,,,,,,,,,,,,,,,,,,
/home/user/BiVLA/artifacts/results/mentor_2026-09-11/results/cronusvla_simplerenv_bridge/fixed_foveation_keep50/widowx_stack_cube/summary.json,cronusvla_simplerenv_bridge,fixed_foveation_keep50,widowx_stack_cube,completed,fixed_foveation,,fixed_foveation_keep50,,50,0,,,,0,int,,,<absent>,<absent>,<absent>,False,True,True,<absent>,2,,,,,/home/shriram003/soumya/VisionLanguageAction/models/cronusvla_0.5B_bridge_rt_1/checkpoints/step-042500-epoch-07-loss=0.0587.pt,fixed_foveation,fixed_foveation_keep50,,,,,,,0.5,,,,,,,,,,,,,,,artifacts/results/cronusvla_simplerenv_bridge_corrected/fixed_foveation_keep50/widowx_stack_cube,,,1,0.01,0.03,0.995,0.01,42,,widowx_stack_cube,50,,,,,,,,,,,,,,,,,,,,,,,,,,,,,,,,,,,
/home/user/BiVLA/artifacts/results/mentor_2026-09-11/results/cronusvla_simplerenv_bridge/guarded_reuse_aggressive/widowx_carrot_on_plate/summary.json,cronusvla_simplerenv_bridge,guarded_reuse_aggressive,widowx_carrot_on_plate,completed,guarded_action_reuse,,guarded_reuse_aggressive,,50,7,,,,0,int,,,<absent>,<absent>,<absent>,False,True,True,<absent>,2,,,,,/home/shriram003/soumya/VisionLanguageAction/models/cronusvla_0.5B_bridge_rt_1/checkpoints/step-042500-epoch-07-loss=0.0587.pt,guarded_action_reuse,guarded_reuse_aggressive,,,,,,,0.2,,,,,,,,,,,,,,,artifacts/results/cronusvla_simplerenv_bridge_corrected/guarded_reuse_aggressive/widowx_carrot_on_plate,,,1,0.01,0.03,0.995,0.01,42,,widowx_carrot_on_plate,50,,,,,,,,,,,,,,,,,,,,,,,,,,,,,,,,,,,
/home/user/BiVLA/artifacts/results/mentor_2026-09-11/results/cronusvla_simplerenv_bridge/guarded_reuse_aggressive/widowx_put_eggplant_in_basket/summary.json,cronusvla_simplerenv_bridge,guarded_reuse_aggressive,widowx_put_eggplant_in_basket,completed,guarded_action_reuse,,guarded_reuse_aggressive,,50,49,,,,0,int,,,<absent>,<absent>,<absent>,False,True,True,<absent>,2,,,,,/home/shriram003/soumya/VisionLanguageAction/models/cronusvla_0.5B_bridge_rt_1/checkpoints/step-042500-epoch-07-loss=0.0587.pt,guarded_action_reuse,guarded_reuse_aggressive,,,,,,,0.2,,,,,,,,,,,,,,,artifacts/results/cronusvla_simplerenv_bridge_corrected/guarded_reuse_aggressive/widowx_put_eggplant_in_basket,,,1,0.01,0.03,0.995,0.01,42,,widowx_put_eggplant_in_basket,50,,,,,,,,,,,,,,,,,,,,,,,,,,,,,,,,,,,
/home/user/BiVLA/artifacts/results/mentor_2026-09-11/results/cronusvla_simplerenv_bridge/guarded_reuse_aggressive/widowx_spoon_on_towel/summary.json,cronusvla_simplerenv_bridge,guarded_reuse_aggressive,widowx_spoon_on_towel,completed,guarded_action_reuse,,guarded_reuse_aggressive,,50,16,,,,0,int,,,<absent>,<absent>,<absent>,False,True,True,<absent>,2,,,,,/home/shriram003/soumya/VisionLanguageAction/models/cronusvla_0.5B_bridge_rt_1/checkpoints/step-042500-epoch-07-loss=0.0587.pt,guarded_action_reuse,guarded_reuse_aggressive,,,,,,,0.2,,,,,,,,,,,,,,,artifacts/results/cronusvla_simplerenv_bridge_corrected/guarded_reuse_aggressive/widowx_spoon_on_towel,,,1,0.01,0.03,0.995,0.01,42,,widowx_spoon_on_towel,50,,,,,,,,,,,,,,,,,,,,,,,,,,,,,,,,,,,
/home/user/BiVLA/artifacts/results/mentor_2026-09-11/results/cronusvla_simplerenv_bridge/guarded_reuse_aggressive/widowx_stack_cube/summary.json,cronusvla_simplerenv_bridge,guarded_reuse_aggressive,widowx_stack_cube,completed,guarded_action_reuse,,guarded_reuse_aggressive,,50,0,,,,0,int,,,<absent>,<absent>,<absent>,False,True,True,<absent>,2,,,,,/home/shriram003/soumya/VisionLanguageAction/models/cronusvla_0.5B_bridge_rt_1/checkpoints/step-042500-epoch-07-loss=0.0587.pt,guarded_action_reuse,guarded_reuse_aggressive,,,,,,,0.2,,,,,,,,,,,,,,,artifacts/results/cronusvla_simplerenv_bridge_corrected/guarded_reuse_aggressive/widowx_stack_cube,,,1,0.01,0.03,0.995,0.01,42,,widowx_stack_cube,50,,,,,,,,,,,,,,,,,,,,,,,,,,,,,,,,,,,
/home/user/BiVLA/artifacts/results/mentor_2026-09-11/results/cronusvla_simplerenv_bridge/guarded_reuse_moderate/widowx_carrot_on_plate/summary.json,cronusvla_simplerenv_bridge,guarded_reuse_moderate,widowx_carrot_on_plate,completed,guarded_action_reuse,,guarded_reuse_moderate,,50,7,,,,0,int,,,<absent>,<absent>,<absent>,False,True,True,<absent>,2,,,,,/home/shriram003/soumya/VisionLanguageAction/models/cronusvla_0.5B_bridge_rt_1/checkpoints/step-042500-epoch-07-loss=0.0587.pt,guarded_action_reuse,guarded_reuse_moderate,,,,,,,0.2,,,,,,,,,,,,,,,artifacts/results/cronusvla_simplerenv_bridge_corrected/guarded_reuse_moderate/widowx_carrot_on_plate,,,1,0.01,0.03,0.995,0.01,42,,widowx_carrot_on_plate,50,,,,,,,,,,,,,,,,,,,,,,,,,,,,,,,,,,,
/home/user/BiVLA/artifacts/results/mentor_2026-09-11/results/cronusvla_simplerenv_bridge/guarded_reuse_moderate/widowx_put_eggplant_in_basket/summary.json,cronusvla_simplerenv_bridge,guarded_reuse_moderate,widowx_put_eggplant_in_basket,completed,guarded_action_reuse,,guarded_reuse_moderate,,50,49,,,,0,int,,,<absent>,<absent>,<absent>,False,True,True,<absent>,2,,,,,/home/shriram003/soumya/VisionLanguageAction/models/cronusvla_0.5B_bridge_rt_1/checkpoints/step-042500-epoch-07-loss=0.0587.pt,guarded_action_reuse,guarded_reuse_moderate,,,,,,,0.2,,,,,,,,,,,,,,,artifacts/results/cronusvla_simplerenv_bridge_corrected/guarded_reuse_moderate/widowx_put_eggplant_in_basket,,,1,0.01,0.03,0.995,0.01,42,,widowx_put_eggplant_in_basket,50,,,,,,,,,,,,,,,,,,,,,,,,,,,,,,,,,,,
/home/user/BiVLA/artifacts/results/mentor_2026-09-11/results/cronusvla_simplerenv_bridge/guarded_reuse_moderate/widowx_spoon_on_towel/summary.json,cronusvla_simplerenv_bridge,guarded_reuse_moderate,widowx_spoon_on_towel,completed,guarded_action_reuse,,guarded_reuse_moderate,,50,16,,,,0,int,,,<absent>,<absent>,<absent>,False,True,True,<absent>,2,,,,,/home/shriram003/soumya/VisionLanguageAction/models/cronusvla_0.5B_bridge_rt_1/checkpoints/step-042500-epoch-07-loss=0.0587.pt,guarded_action_reuse,guarded_reuse_moderate,,,,,,,0.2,,,,,,,,,,,,,,,artifacts/results/cronusvla_simplerenv_bridge_corrected/guarded_reuse_moderate/widowx_spoon_on_towel,,,1,0.01,0.03,0.995,0.01,42,,widowx_spoon_on_towel,50,,,,,,,,,,,,,,,,,,,,,,,,,,,,,,,,,,,
/home/user/BiVLA/artifacts/results/mentor_2026-09-11/results/cronusvla_simplerenv_bridge/guarded_reuse_moderate/widowx_stack_cube/summary.json,cronusvla_simplerenv_bridge,guarded_reuse_moderate,widowx_stack_cube,completed,guarded_action_reuse,,guarded_reuse_moderate,,50,0,,,,0,int,,,<absent>,<absent>,<absent>,False,True,True,<absent>,2,,,,,/home/shriram003/soumya/VisionLanguageAction/models/cronusvla_0.5B_bridge_rt_1/checkpoints/step-042500-epoch-07-loss=0.0587.pt,guarded_action_reuse,guarded_reuse_moderate,,,,,,,0.2,,,,,,,,,,,,,,,artifacts/results/cronusvla_simplerenv_bridge_corrected/guarded_reuse_moderate/widowx_stack_cube,,,1,0.01,0.03,0.995,0.01,42,,widowx_stack_cube,50,,,,,,,,,,,,,,,,,,,,,,,,,,,,,,,,,,,
/home/user/BiVLA/artifacts/results/mentor_2026-09-11/results/cronusvla_simplerenv_bridge/guarded_reuse_strict/widowx_carrot_on_plate/summary.json,cronusvla_simplerenv_bridge,guarded_reuse_strict,widowx_carrot_on_plate,completed,guarded_action_reuse,,guarded_reuse_strict,,50,7,,,,0,int,,,<absent>,<absent>,<absent>,False,True,True,<absent>,2,,,,,/home/shriram003/soumya/VisionLanguageAction/models/cronusvla_0.5B_bridge_rt_1/checkpoints/step-042500-epoch-07-loss=0.0587.pt,guarded_action_reuse,guarded_reuse_strict,,,,,,,0.2,,,,,,,,,,,,,,,artifacts/results/cronusvla_simplerenv_bridge_corrected/guarded_reuse_strict/widowx_carrot_on_plate,,,1,0.01,0.03,0.995,0.01,42,,widowx_carrot_on_plate,50,,,,,,,,,,,,,,,,,,,,,,,,,,,,,,,,,,,
/home/user/BiVLA/artifacts/results/mentor_2026-09-11/results/cronusvla_simplerenv_bridge/guarded_reuse_strict/widowx_put_eggplant_in_basket/summary.json,cronusvla_simplerenv_bridge,guarded_reuse_strict,widowx_put_eggplant_in_basket,completed,guarded_action_reuse,,guarded_reuse_strict,,50,49,,,,0,int,,,<absent>,<absent>,<absent>,False,True,True,<absent>,2,,,,,/home/shriram003/soumya/VisionLanguageAction/models/cronusvla_0.5B_bridge_rt_1/checkpoints/step-042500-epoch-07-loss=0.0587.pt,guarded_action_reuse,guarded_reuse_strict,,,,,,,0.2,,,,,,,,,,,,,,,artifacts/results/cronusvla_simplerenv_bridge_corrected/guarded_reuse_strict/widowx_put_eggplant_in_basket,,,1,0.01,0.03,0.995,0.01,42,,widowx_put_eggplant_in_basket,50,,,,,,,,,,,,,,,,,,,,,,,,,,,,,,,,,,,
/home/user/BiVLA/artifacts/results/mentor_2026-09-11/results/cronusvla_simplerenv_bridge/guarded_reuse_strict/widowx_spoon_on_towel/summary.json,cronusvla_simplerenv_bridge,guarded_reuse_strict,widowx_spoon_on_towel,completed,guarded_action_reuse,,guarded_reuse_strict,,50,16,,,,0,int,,,<absent>,<absent>,<absent>,False,True,True,<absent>,2,,,,,/home/shriram003/soumya/VisionLanguageAction/models/cronusvla_0.5B_bridge_rt_1/checkpoints/step-042500-epoch-07-loss=0.0587.pt,guarded_action_reuse,guarded_reuse_strict,,,,,,,0.2,,,,,,,,,,,,,,,artifacts/results/cronusvla_simplerenv_bridge_corrected/guarded_reuse_strict/widowx_spoon_on_towel,,,1,0.01,0.03,0.995,0.01,42,,widowx_spoon_on_towel,50,,,,,,,,,,,,,,,,,,,,,,,,,,,,,,,,,,,
/home/user/BiVLA/artifacts/results/mentor_2026-09-11/results/cronusvla_simplerenv_bridge/guarded_reuse_strict/widowx_stack_cube/summary.json,cronusvla_simplerenv_bridge,guarded_reuse_strict,widowx_stack_cube,completed,guarded_action_reuse,,guarded_reuse_strict,,50,0,,,,0,int,,,<absent>,<absent>,<absent>,False,True,True,<absent>,2,,,,,/home/shriram003/soumya/VisionLanguageAction/models/cronusvla_0.5B_bridge_rt_1/checkpoints/step-042500-epoch-07-loss=0.0587.pt,guarded_action_reuse,guarded_reuse_strict,,,,,,,0.2,,,,,,,,,,,,,,,artifacts/results/cronusvla_simplerenv_bridge_corrected/guarded_reuse_strict/widowx_stack_cube,,,1,0.01,0.03,0.995,0.01,42,,widowx_stack_cube,50,,,,,,,,,,,,,,,,,,,,,,,,,,,,,,,,,,,
/home/user/BiVLA/artifacts/results/mentor_2026-09-11/results/cronusvla_simplerenv_bridge/original/widowx_carrot_on_plate/summary.json,cronusvla_simplerenv_bridge,original,widowx_carrot_on_plate,completed,original,,original,,50,8,,,,0,int,,,<absent>,<absent>,<absent>,False,True,True,<absent>,2,,,,,/home/shriram003/soumya/VisionLanguageAction/models/cronusvla_0.5B_bridge_rt_1/checkpoints/step-042500-epoch-07-loss=0.0587.pt,original,original,,,,,,,0.2,,,,,,,,,,,,,,,artifacts/results/cronusvla_simplerenv_bridge_corrected/original/widowx_carrot_on_plate,,,1,0.01,0.03,0.995,0.01,42,,widowx_carrot_on_plate,50,,,,,,,,,,,,,,,,,,,,,,,,,,,,,,,,,,,
/home/user/BiVLA/artifacts/results/mentor_2026-09-11/results/cronusvla_simplerenv_bridge/original/widowx_put_eggplant_in_basket/summary.json,cronusvla_simplerenv_bridge,original,widowx_put_eggplant_in_basket,completed,original,,original,,50,48,,,,0,int,,,<absent>,<absent>,<absent>,False,True,True,<absent>,2,,,,,/home/shriram003/soumya/VisionLanguageAction/models/cronusvla_0.5B_bridge_rt_1/checkpoints/step-042500-epoch-07-loss=0.0587.pt,original,original,,,,,,,0.2,,,,,,,,,,,,,,,artifacts/results/cronusvla_simplerenv_bridge_corrected/original/widowx_put_eggplant_in_basket,,,1,0.01,0.03,0.995,0.01,42,,widowx_put_eggplant_in_basket,50,,,,,,,,,,,,,,,,,,,,,,,,,,,,,,,,,,,
/home/user/BiVLA/artifacts/results/mentor_2026-09-11/results/cronusvla_simplerenv_bridge/original/widowx_spoon_on_towel/summary.json,cronusvla_simplerenv_bridge,original,widowx_spoon_on_towel,completed,original,,original,,50,12,,,,0,int,,,<absent>,<absent>,<absent>,False,True,True,<absent>,2,,,,,/home/shriram003/soumya/VisionLanguageAction/models/cronusvla_0.5B_bridge_rt_1/checkpoints/step-042500-epoch-07-loss=0.0587.pt,original,original,,,,,,,0.2,,,,,,,,,,,,,,,artifacts/results/cronusvla_simplerenv_bridge_corrected/original/widowx_spoon_on_towel,,,1,0.01,0.03,0.995,0.01,42,,widowx_spoon_on_towel,50,,,,,,,,,,,,,,,,,,,,,,,,,,,,,,,,,,,
/home/user/BiVLA/artifacts/results/mentor_2026-09-11/results/cronusvla_simplerenv_bridge/original/widowx_stack_cube/summary.json,cronusvla_simplerenv_bridge,original,widowx_stack_cube,completed,original,,original,,50,0,,,,0,int,,,<absent>,<absent>,<absent>,False,True,True,<absent>,2,,,,,/home/shriram003/soumya/VisionLanguageAction/models/cronusvla_0.5B_bridge_rt_1/checkpoints/step-042500-epoch-07-loss=0.0587.pt,original,original,,,,,,,0.2,,,,,,,,,,,,,,,artifacts/results/cronusvla_simplerenv_bridge_corrected/original/widowx_stack_cube,,,1,0.01,0.03,0.995,0.01,42,,widowx_stack_cube,50,,,,,,,,,,,,,,,,,,,,,,,,,,,,,,,,,,,
/home/user/BiVLA/artifacts/results/mentor_2026-09-11/results/cronusvla_simplerenv_bridge/temporal_fusion_conservative_adaptive/widowx_carrot_on_plate/summary.json,cronusvla_simplerenv_bridge,temporal_fusion_conservative_adaptive,widowx_carrot_on_plate,completed,temporal_fusion,,temporal_fusion_conservative_adaptive,,50,5,,,,0,int,,,<absent>,<absent>,<absent>,False,True,True,<absent>,2,,,,,/home/shriram003/soumya/VisionLanguageAction/models/cronusvla_0.5B_bridge_rt_1/checkpoints/step-042500-epoch-07-loss=0.0587.pt,temporal_fusion,temporal_fusion_conservative_adaptive,,,,,,,0.2,,,,,,,,,,,,,,,artifacts/results/cronusvla_simplerenv_bridge_corrected/temporal_fusion_conservative_adaptive/widowx_carrot_on_plate,,,1,0.01,0.03,0.995,0.01,42,,widowx_carrot_on_plate,50,,,,,,,,,,,,,,,,,,,,,,,,,,,,,,,,,,,
/home/user/BiVLA/artifacts/results/mentor_2026-09-11/results/cronusvla_simplerenv_bridge/temporal_fusion_conservative_adaptive/widowx_put_eggplant_in_basket/summary.json,cronusvla_simplerenv_bridge,temporal_fusion_conservative_adaptive,widowx_put_eggplant_in_basket,completed,temporal_fusion,,temporal_fusion_conservative_adaptive,,50,48,,,,0,int,,,<absent>,<absent>,<absent>,False,True,True,<absent>,2,,,,,/home/shriram003/soumya/VisionLanguageAction/models/cronusvla_0.5B_bridge_rt_1/checkpoints/step-042500-epoch-07-loss=0.0587.pt,temporal_fusion,temporal_fusion_conservative_adaptive,,,,,,,0.2,,,,,,,,,,,,,,,artifacts/results/cronusvla_simplerenv_bridge_corrected/temporal_fusion_conservative_adaptive/widowx_put_eggplant_in_basket,,,1,0.01,0.03,0.995,0.01,42,,widowx_put_eggplant_in_basket,50,,,,,,,,,,,,,,,,,,,,,,,,,,,,,,,,,,,
/home/user/BiVLA/artifacts/results/mentor_2026-09-11/results/cronusvla_simplerenv_bridge/temporal_fusion_conservative_adaptive/widowx_spoon_on_towel/summary.json,cronusvla_simplerenv_bridge,temporal_fusion_conservative_adaptive,widowx_spoon_on_towel,completed,temporal_fusion,,temporal_fusion_conservative_adaptive,,50,14,,,,0,int,,,<absent>,<absent>,<absent>,False,True,True,<absent>,2,,,,,/home/shriram003/soumya/VisionLanguageAction/models/cronusvla_0.5B_bridge_rt_1/checkpoints/step-042500-epoch-07-loss=0.0587.pt,temporal_fusion,temporal_fusion_conservative_adaptive,,,,,,,0.2,,,,,,,,,,,,,,,artifacts/results/cronusvla_simplerenv_bridge_corrected/temporal_fusion_conservative_adaptive/widowx_spoon_on_towel,,,1,0.01,0.03,0.995,0.01,42,,widowx_spoon_on_towel,50,,,,,,,,,,,,,,,,,,,,,,,,,,,,,,,,,,,
/home/user/BiVLA/artifacts/results/mentor_2026-09-11/results/cronusvla_simplerenv_bridge/temporal_fusion_conservative_adaptive/widowx_stack_cube/summary.json,cronusvla_simplerenv_bridge,temporal_fusion_conservative_adaptive,widowx_stack_cube,completed,temporal_fusion,,temporal_fusion_conservative_adaptive,,50,0,,,,0,int,,,<absent>,<absent>,<absent>,False,True,True,<absent>,2,,,,,/home/shriram003/soumya/VisionLanguageAction/models/cronusvla_0.5B_bridge_rt_1/checkpoints/step-042500-epoch-07-loss=0.0587.pt,temporal_fusion,temporal_fusion_conservative_adaptive,,,,,,,0.2,,,,,,,,,,,,,,,artifacts/results/cronusvla_simplerenv_bridge_corrected/temporal_fusion_conservative_adaptive/widowx_stack_cube,,,1,0.01,0.03,0.995,0.01,42,,widowx_stack_cube,50,,,,,,,,,,,,,,,,,,,,,,,,,,,,,,,,,,,
/home/user/BiVLA/artifacts/results/mentor_2026-09-11/results/cronusvla_simplerenv_bridge/temporal_fusion_motion_entropy/widowx_carrot_on_plate/summary.json,cronusvla_simplerenv_bridge,temporal_fusion_motion_entropy,widowx_carrot_on_plate,completed,temporal_fusion,,temporal_fusion_motion_entropy,,50,5,,,,0,int,,,<absent>,<absent>,<absent>,False,True,True,<absent>,2,,,,,/home/shriram003/soumya/VisionLanguageAction/models/cronusvla_0.5B_bridge_rt_1/checkpoints/step-042500-epoch-07-loss=0.0587.pt,temporal_fusion,temporal_fusion_motion_entropy,,,,,,,0.2,,,,,,,,,,,,,,,artifacts/results/cronusvla_simplerenv_bridge_corrected/temporal_fusion_motion_entropy/widowx_carrot_on_plate,,,1,0.01,0.03,0.995,0.01,42,,widowx_carrot_on_plate,50,,,,,,,,,,,,,,,,,,,,,,,,,,,,,,,,,,,
/home/user/BiVLA/artifacts/results/mentor_2026-09-11/results/cronusvla_simplerenv_bridge/temporal_fusion_motion_entropy/widowx_put_eggplant_in_basket/summary.json,cronusvla_simplerenv_bridge,temporal_fusion_motion_entropy,widowx_put_eggplant_in_basket,completed,temporal_fusion,,temporal_fusion_motion_entropy,,50,48,,,,0,int,,,<absent>,<absent>,<absent>,False,True,True,<absent>,2,,,,,/home/shriram003/soumya/VisionLanguageAction/models/cronusvla_0.5B_bridge_rt_1/checkpoints/step-042500-epoch-07-loss=0.0587.pt,temporal_fusion,temporal_fusion_motion_entropy,,,,,,,0.2,,,,,,,,,,,,,,,artifacts/results/cronusvla_simplerenv_bridge_corrected/temporal_fusion_motion_entropy/widowx_put_eggplant_in_basket,,,1,0.01,0.03,0.995,0.01,42,,widowx_put_eggplant_in_basket,50,,,,,,,,,,,,,,,,,,,,,,,,,,,,,,,,,,,
/home/user/BiVLA/artifacts/results/mentor_2026-09-11/results/cronusvla_simplerenv_bridge/temporal_fusion_motion_entropy/widowx_spoon_on_towel/summary.json,cronusvla_simplerenv_bridge,temporal_fusion_motion_entropy,widowx_spoon_on_towel,completed,temporal_fusion,,temporal_fusion_motion_entropy,,50,14,,,,0,int,,,<absent>,<absent>,<absent>,False,True,True,<absent>,2,,,,,/home/shriram003/soumya/VisionLanguageAction/models/cronusvla_0.5B_bridge_rt_1/checkpoints/step-042500-epoch-07-loss=0.0587.pt,temporal_fusion,temporal_fusion_motion_entropy,,,,,,,0.2,,,,,,,,,,,,,,,artifacts/results/cronusvla_simplerenv_bridge_corrected/temporal_fusion_motion_entropy/widowx_spoon_on_towel,,,1,0.01,0.03,0.995,0.01,42,,widowx_spoon_on_towel,50,,,,,,,,,,,,,,,,,,,,,,,,,,,,,,,,,,,
/home/user/BiVLA/artifacts/results/mentor_2026-09-11/results/cronusvla_simplerenv_bridge/temporal_fusion_motion_entropy/widowx_stack_cube/summary.json,cronusvla_simplerenv_bridge,temporal_fusion_motion_entropy,widowx_stack_cube,completed,temporal_fusion,,temporal_fusion_motion_entropy,,50,0,,,,0,int,,,<absent>,<absent>,<absent>,False,True,True,<absent>,2,,,,,/home/shriram003/soumya/VisionLanguageAction/models/cronusvla_0.5B_bridge_rt_1/checkpoints/step-042500-epoch-07-loss=0.0587.pt,temporal_fusion,temporal_fusion_motion_entropy,,,,,,,0.2,,,,,,,,,,,,,,,artifacts/results/cronusvla_simplerenv_bridge_corrected/temporal_fusion_motion_entropy/widowx_stack_cube,,,1,0.01,0.03,0.995,0.01,42,,widowx_stack_cube,50,,,,,,,,,,,,,,,,,,,,,,,,,,,,,,,,,,,
/home/user/BiVLA/artifacts/results/mentor_2026-09-11/results/cronusvla_simplerenv_bridge/temporal_fusion_task_aware/widowx_carrot_on_plate/summary.json,cronusvla_simplerenv_bridge,temporal_fusion_task_aware,widowx_carrot_on_plate,completed,temporal_fusion,,temporal_fusion_task_aware,,50,5,,,,0,int,,,<absent>,<absent>,<absent>,False,True,True,<absent>,2,,,,,/home/shriram003/soumya/VisionLanguageAction/models/cronusvla_0.5B_bridge_rt_1/checkpoints/step-042500-epoch-07-loss=0.0587.pt,temporal_fusion,temporal_fusion_task_aware,,,,,,,0.2,,,,,,,,,,,,,,,artifacts/results/cronusvla_simplerenv_bridge_corrected/temporal_fusion_task_aware/widowx_carrot_on_plate,,,1,0.01,0.03,0.995,0.01,42,,widowx_carrot_on_plate,50,,,,,,,,,,,,,,,,,,,,,,,,,,,,,,,,,,,
/home/user/BiVLA/artifacts/results/mentor_2026-09-11/results/cronusvla_simplerenv_bridge/temporal_fusion_task_aware/widowx_put_eggplant_in_basket/summary.json,cronusvla_simplerenv_bridge,temporal_fusion_task_aware,widowx_put_eggplant_in_basket,completed,temporal_fusion,,temporal_fusion_task_aware,,50,48,,,,0,int,,,<absent>,<absent>,<absent>,False,True,True,<absent>,2,,,,,/home/shriram003/soumya/VisionLanguageAction/models/cronusvla_0.5B_bridge_rt_1/checkpoints/step-042500-epoch-07-loss=0.0587.pt,temporal_fusion,temporal_fusion_task_aware,,,,,,,0.2,,,,,,,,,,,,,,,artifacts/results/cronusvla_simplerenv_bridge_corrected/temporal_fusion_task_aware/widowx_put_eggplant_in_basket,,,1,0.01,0.03,0.995,0.01,42,,widowx_put_eggplant_in_basket,50,,,,,,,,,,,,,,,,,,,,,,,,,,,,,,,,,,,
/home/user/BiVLA/artifacts/results/mentor_2026-09-11/results/cronusvla_simplerenv_bridge/temporal_fusion_task_aware/widowx_spoon_on_towel/summary.json,cronusvla_simplerenv_bridge,temporal_fusion_task_aware,widowx_spoon_on_towel,completed,temporal_fusion,,temporal_fusion_task_aware,,50,14,,,,0,int,,,<absent>,<absent>,<absent>,False,True,True,<absent>,2,,,,,/home/shriram003/soumya/VisionLanguageAction/models/cronusvla_0.5B_bridge_rt_1/checkpoints/step-042500-epoch-07-loss=0.0587.pt,temporal_fusion,temporal_fusion_task_aware,,,,,,,0.2,,,,,,,,,,,,,,,artifacts/results/cronusvla_simplerenv_bridge_corrected/temporal_fusion_task_aware/widowx_spoon_on_towel,,,1,0.01,0.03,0.995,0.01,42,,widowx_spoon_on_towel,50,,,,,,,,,,,,,,,,,,,,,,,,,,,,,,,,,,,
/home/user/BiVLA/artifacts/results/mentor_2026-09-11/results/cronusvla_simplerenv_bridge/temporal_fusion_task_aware/widowx_stack_cube/summary.json,cronusvla_simplerenv_bridge,temporal_fusion_task_aware,widowx_stack_cube,completed,temporal_fusion,,temporal_fusion_task_aware,,50,0,,,,0,int,,,<absent>,<absent>,<absent>,False,True,True,<absent>,2,,,,,/home/shriram003/soumya/VisionLanguageAction/models/cronusvla_0.5B_bridge_rt_1/checkpoints/step-042500-epoch-07-loss=0.0587.pt,temporal_fusion,temporal_fusion_task_aware,,,,,,,0.2,,,,,,,,,,,,,,,artifacts/results/cronusvla_simplerenv_bridge_corrected/temporal_fusion_task_aware/widowx_stack_cube,,,1,0.01,0.03,0.995,0.01,42,,widowx_stack_cube,50,,,,,,,,,,,,,,,,,,,,,,,,,,,,,,,,,,,
/home/user/BiVLA/artifacts/results/mentor_2026-09-11/results/cronusvla_simplerenv_fractal/action_repeat2/google_robot_close_drawer/summary.json,cronusvla_simplerenv_fractal,action_repeat2,google_robot_close_drawer,completed,action_repeat,,action_repeat2,simpler_google_robot_fractal,50,24,,,,0,int,,Google Robot/Fractal SimplerEnv setup; report only completed paired rollouts.,<absent>,google_robot,fractal20220817_data,False,True,True,<absent>,2,,,,,models/cronusvla_0.5B_bridge_rt_1/checkpoints/step-042500-epoch-07-loss=0.0587.pt,action_repeat,action_repeat2,,,,,,,0.2,,,,,,,,,,,,,,,artifacts/results/cronusvla_simplerenv_fractal/action_repeat2/google_robot_close_drawer,,,1,0.01,0.03,0.995,0.01,42,,google_robot_close_drawer,50,,,,,,,,,,,,,,,,,,,,,,,,,,,,,,,,,,,
/home/user/BiVLA/artifacts/results/mentor_2026-09-11/results/cronusvla_simplerenv_fractal/action_repeat2/google_robot_move_near/summary.json,cronusvla_simplerenv_fractal,action_repeat2,google_robot_move_near,completed,action_repeat,,action_repeat2,simpler_google_robot_fractal,50,50,,,,0,int,,Google Robot/Fractal SimplerEnv setup; report only completed paired rollouts.,<absent>,google_robot,fractal20220817_data,False,True,True,<absent>,2,,,,,models/cronusvla_0.5B_bridge_rt_1/checkpoints/step-042500-epoch-07-loss=0.0587.pt,action_repeat,action_repeat2,,,,,,,0.2,,,,,,,,,,,,,,,artifacts/results/cronusvla_simplerenv_fractal/action_repeat2/google_robot_move_near,,,1,0.01,0.03,0.995,0.01,42,,google_robot_move_near,50,,,,,,,,,,,,,,,,,,,,,,,,,,,,,,,,,,,
/home/user/BiVLA/artifacts/results/mentor_2026-09-11/results/cronusvla_simplerenv_fractal/action_repeat2/google_robot_open_drawer/summary.json,cronusvla_simplerenv_fractal,action_repeat2,google_robot_open_drawer,completed,action_repeat,,action_repeat2,simpler_google_robot_fractal,50,22,,,,0,int,,Google Robot/Fractal SimplerEnv setup; report only completed paired rollouts.,<absent>,google_robot,fractal20220817_data,False,True,True,<absent>,2,,,,,models/cronusvla_0.5B_bridge_rt_1/checkpoints/step-042500-epoch-07-loss=0.0587.pt,action_repeat,action_repeat2,,,,,,,0.2,,,,,,,,,,,,,,,artifacts/results/cronusvla_simplerenv_fractal/action_repeat2/google_robot_open_drawer,,,1,0.01,0.03,0.995,0.01,42,,google_robot_open_drawer,50,,,,,,,,,,,,,,,,,,,,,,,,,,,,,,,,,,,
/home/user/BiVLA/artifacts/results/mentor_2026-09-11/results/cronusvla_simplerenv_fractal/action_repeat2/google_robot_pick_coke_can/summary.json,cronusvla_simplerenv_fractal,action_repeat2,google_robot_pick_coke_can,completed,action_repeat,,action_repeat2,simpler_google_robot_fractal,50,50,,,,0,int,,Google Robot/Fractal SimplerEnv setup; report only completed paired rollouts.,<absent>,google_robot,fractal20220817_data,False,True,True,<absent>,2,,,,,models/cronusvla_0.5B_bridge_rt_1/checkpoints/step-042500-epoch-07-loss=0.0587.pt,action_repeat,action_repeat2,,,,,,,0.2,,,,,,,,,,,,,,,artifacts/results/cronusvla_simplerenv_fractal/action_repeat2/google_robot_pick_coke_can,,,1,0.01,0.03,0.995,0.01,42,,google_robot_pick_coke_can,50,,,,,,,,,,,,,,,,,,,,,,,,,,,,,,,,,,,
/home/user/BiVLA/artifacts/results/mentor_2026-09-11/results/cronusvla_simplerenv_fractal/action_repeat2/google_robot_place_apple_in_closed_top_drawer/summary.json,cronusvla_simplerenv_fractal,action_repeat2,google_robot_place_apple_in_closed_top_drawer,completed,action_repeat,,action_repeat2,simpler_google_robot_fractal,50,0,,,,0,int,,Google Robot/Fractal SimplerEnv setup; report only completed paired rollouts.,<absent>,google_robot,fractal20220817_data,False,True,True,<absent>,2,,,,,models/cronusvla_0.5B_bridge_rt_1/checkpoints/step-042500-epoch-07-loss=0.0587.pt,action_repeat,action_repeat2,,,,,,,0.2,,,,,,,,,,,,,,,artifacts/results/cronusvla_simplerenv_fractal/action_repeat2/google_robot_place_apple_in_closed_top_drawer,,,1,0.01,0.03,0.995,0.01,42,,google_robot_place_apple_in_closed_top_drawer,50,,,,,,,,,,,,,,,,,,,,,,,,,,,,,,,,,,,
/home/user/BiVLA/artifacts/results/mentor_2026-09-11/results/cronusvla_simplerenv_fractal/action_repeat4/google_robot_close_drawer/summary.json,cronusvla_simplerenv_fractal,action_repeat4,google_robot_close_drawer,completed,action_repeat,,action_repeat4,simpler_google_robot_fractal,50,10,,,,0,int,,Google Robot/Fractal SimplerEnv setup; report only completed paired rollouts.,<absent>,google_robot,fractal20220817_data,False,True,True,<absent>,4,,,,,models/cronusvla_0.5B_bridge_rt_1/checkpoints/step-042500-epoch-07-loss=0.0587.pt,action_repeat,action_repeat4,,,,,,,0.2,,,,,,,,,,,,,,,artifacts/results/cronusvla_simplerenv_fractal/action_repeat4/google_robot_close_drawer,,,1,0.01,0.03,0.995,0.01,42,,google_robot_close_drawer,50,,,,,,,,,,,,,,,,,,,,,,,,,,,,,,,,,,,
/home/user/BiVLA/artifacts/results/mentor_2026-09-11/results/cronusvla_simplerenv_fractal/action_repeat4/google_robot_move_near/summary.json,cronusvla_simplerenv_fractal,action_repeat4,google_robot_move_near,completed,action_repeat,,action_repeat4,simpler_google_robot_fractal,50,50,,,,0,int,,Google Robot/Fractal SimplerEnv setup; report only completed paired rollouts.,<absent>,google_robot,fractal20220817_data,False,True,True,<absent>,4,,,,,models/cronusvla_0.5B_bridge_rt_1/checkpoints/step-042500-epoch-07-loss=0.0587.pt,action_repeat,action_repeat4,,,,,,,0.2,,,,,,,,,,,,,,,artifacts/results/cronusvla_simplerenv_fractal/action_repeat4/google_robot_move_near,,,1,0.01,0.03,0.995,0.01,42,,google_robot_move_near,50,,,,,,,,,,,,,,,,,,,,,,,,,,,,,,,,,,,
/home/user/BiVLA/artifacts/results/mentor_2026-09-11/results/cronusvla_simplerenv_fractal/action_repeat4/google_robot_open_drawer/summary.json,cronusvla_simplerenv_fractal,action_repeat4,google_robot_open_drawer,completed,action_repeat,,action_repeat4,simpler_google_robot_fractal,50,5,,,,0,int,,Google Robot/Fractal SimplerEnv setup; report only completed paired rollouts.,<absent>,google_robot,fractal20220817_data,False,True,True,<absent>,4,,,,,models/cronusvla_0.5B_bridge_rt_1/checkpoints/step-042500-epoch-07-loss=0.0587.pt,action_repeat,action_repeat4,,,,,,,0.2,,,,,,,,,,,,,,,artifacts/results/cronusvla_simplerenv_fractal/action_repeat4/google_robot_open_drawer,,,1,0.01,0.03,0.995,0.01,42,,google_robot_open_drawer,50,,,,,,,,,,,,,,,,,,,,,,,,,,,,,,,,,,,
/home/user/BiVLA/artifacts/results/mentor_2026-09-11/results/cronusvla_simplerenv_fractal/action_repeat4/google_robot_pick_coke_can/summary.json,cronusvla_simplerenv_fractal,action_repeat4,google_robot_pick_coke_can,completed,action_repeat,,action_repeat4,simpler_google_robot_fractal,50,50,,,,0,int,,Google Robot/Fractal SimplerEnv setup; report only completed paired rollouts.,<absent>,google_robot,fractal20220817_data,False,True,True,<absent>,4,,,,,models/cronusvla_0.5B_bridge_rt_1/checkpoints/step-042500-epoch-07-loss=0.0587.pt,action_repeat,action_repeat4,,,,,,,0.2,,,,,,,,,,,,,,,artifacts/results/cronusvla_simplerenv_fractal/action_repeat4/google_robot_pick_coke_can,,,1,0.01,0.03,0.995,0.01,42,,google_robot_pick_coke_can,50,,,,,,,,,,,,,,,,,,,,,,,,,,,,,,,,,,,
/home/user/BiVLA/artifacts/results/mentor_2026-09-11/results/cronusvla_simplerenv_fractal/action_repeat4/google_robot_place_apple_in_closed_top_drawer/summary.json,cronusvla_simplerenv_fractal,action_repeat4,google_robot_place_apple_in_closed_top_drawer,completed,action_repeat,,action_repeat4,simpler_google_robot_fractal,50,0,,,,0,int,,Google Robot/Fractal SimplerEnv setup; report only completed paired rollouts.,<absent>,google_robot,fractal20220817_data,False,True,True,<absent>,4,,,,,models/cronusvla_0.5B_bridge_rt_1/checkpoints/step-042500-epoch-07-loss=0.0587.pt,action_repeat,action_repeat4,,,,,,,0.2,,,,,,,,,,,,,,,artifacts/results/cronusvla_simplerenv_fractal/action_repeat4/google_robot_place_apple_in_closed_top_drawer,,,1,0.01,0.03,0.995,0.01,42,,google_robot_place_apple_in_closed_top_drawer,50,,,,,,,,,,,,,,,,,,,,,,,,,,,,,,,,,,,
/home/user/BiVLA/artifacts/results/mentor_2026-09-11/results/cronusvla_simplerenv_fractal/depth_pruning1/google_robot_close_drawer/summary.json,cronusvla_simplerenv_fractal,depth_pruning1,google_robot_close_drawer,completed,depth_pruning,,depth_pruning1,simpler_google_robot_fractal,50,24,,,,0,int,,Google Robot/Fractal SimplerEnv setup; report only completed paired rollouts.,<absent>,google_robot,fractal20220817_data,False,True,True,[10],2,,,,,models/cronusvla_0.5B_bridge_rt_1/checkpoints/step-042500-epoch-07-loss=0.0587.pt,depth_pruning,depth_pruning1,10000,"google_robot_pick_coke_can,google_robot_move_near,google_robot_open_drawer,google_robot_close_drawer,google_robot_place_apple_in_closed_top_drawer",,1,,,0.2,,,,,,,,,,,,,,,/home/soumyara004/soumyaratnadebnath/VisionLanguageAction/artifacts/results/cronusvla_simplerenv_fractal_protected/depth_pruning1/google_robot_close_drawer,,,1,0.01,0.03,0.995,0.01,42,,google_robot_close_drawer,50,,,,,,,,,,,,,,,,,,,,,,,,"[0.8015000402927399, 0.08469567298889161, 0.04843822717666626, 0.03145034313201904, 0.03185138702392578, 0.015004706382751466, 0.013990426063537597, 0.01204911470413208, 0.009467983245849609, 0.008374297618865966, 0.004326999187469482, 0.0064571619033813475]",protected_calibrated,1,0.25,1,10000,"[""google_robot_pick_coke_can"", ""google_robot_move_near"", ""google_robot_open_drawer"", ""google_robot_close_drawer"", ""google_robot_place_apple_in_closed_top_drawer""]",,,,,
/home/user/BiVLA/artifacts/results/mentor_2026-09-11/results/cronusvla_simplerenv_fractal/depth_pruning1/google_robot_move_near/summary.json,cronusvla_simplerenv_fractal,depth_pruning1,google_robot_move_near,completed,depth_pruning,,depth_pruning1,simpler_google_robot_fractal,50,48,,,,0,int,,Google Robot/Fractal SimplerEnv setup; report only completed paired rollouts.,<absent>,google_robot,fractal20220817_data,False,True,True,[10],2,,,,,models/cronusvla_0.5B_bridge_rt_1/checkpoints/step-042500-epoch-07-loss=0.0587.pt,depth_pruning,depth_pruning1,10000,"google_robot_pick_coke_can,google_robot_move_near,google_robot_open_drawer,google_robot_close_drawer,google_robot_place_apple_in_closed_top_drawer",,1,,,0.2,,,,,,,,,,,,,,,/home/soumyara004/soumyaratnadebnath/VisionLanguageAction/artifacts/results/cronusvla_simplerenv_fractal_protected/depth_pruning1/google_robot_move_near,,,1,0.01,0.03,0.995,0.01,42,,google_robot_move_near,50,,,,,,,,,,,,,,,,,,,,,,,,"[0.8015000402927399, 0.08469567298889161, 0.04843822717666626, 0.03145034313201904, 0.03185138702392578, 0.015004706382751466, 0.013990426063537597, 0.01204911470413208, 0.009467983245849609, 0.008374297618865966, 0.004326999187469482, 0.0064571619033813475]",protected_calibrated,1,0.25,1,10000,"[""google_robot_pick_coke_can"", ""google_robot_move_near"", ""google_robot_open_drawer"", ""google_robot_close_drawer"", ""google_robot_place_apple_in_closed_top_drawer""]",,,,,
/home/user/BiVLA/artifacts/results/mentor_2026-09-11/results/cronusvla_simplerenv_fractal/depth_pruning1/google_robot_open_drawer/summary.json,cronusvla_simplerenv_fractal,depth_pruning1,google_robot_open_drawer,completed,depth_pruning,,depth_pruning1,simpler_google_robot_fractal,50,20,,,,0,int,,Google Robot/Fractal SimplerEnv setup; report only completed paired rollouts.,<absent>,google_robot,fractal20220817_data,False,True,True,[10],2,,,,,models/cronusvla_0.5B_bridge_rt_1/checkpoints/step-042500-epoch-07-loss=0.0587.pt,depth_pruning,depth_pruning1,10000,"google_robot_pick_coke_can,google_robot_move_near,google_robot_open_drawer,google_robot_close_drawer,google_robot_place_apple_in_closed_top_drawer",,1,,,0.2,,,,,,,,,,,,,,,/home/soumyara004/soumyaratnadebnath/VisionLanguageAction/artifacts/results/cronusvla_simplerenv_fractal_protected/depth_pruning1/google_robot_open_drawer,,,1,0.01,0.03,0.995,0.01,42,,google_robot_open_drawer,50,,,,,,,,,,,,,,,,,,,,,,,,"[0.8015000402927399, 0.08469567298889161, 0.04843822717666626, 0.03145034313201904, 0.03185138702392578, 0.015004706382751466, 0.013990426063537597, 0.01204911470413208, 0.009467983245849609, 0.008374297618865966, 0.004326999187469482, 0.0064571619033813475]",protected_calibrated,1,0.25,1,10000,"[""google_robot_pick_coke_can"", ""google_robot_move_near"", ""google_robot_open_drawer"", ""google_robot_close_drawer"", ""google_robot_place_apple_in_closed_top_drawer""]",,,,,
/home/user/BiVLA/artifacts/results/mentor_2026-09-11/results/cronusvla_simplerenv_fractal/depth_pruning1/google_robot_pick_coke_can/summary.json,cronusvla_simplerenv_fractal,depth_pruning1,google_robot_pick_coke_can,completed,depth_pruning,,depth_pruning1,simpler_google_robot_fractal,50,49,,,,0,int,,Google Robot/Fractal SimplerEnv setup; report only completed paired rollouts.,<absent>,google_robot,fractal20220817_data,False,True,True,[10],2,,,,,models/cronusvla_0.5B_bridge_rt_1/checkpoints/step-042500-epoch-07-loss=0.0587.pt,depth_pruning,depth_pruning1,10000,"google_robot_pick_coke_can,google_robot_move_near,google_robot_open_drawer,google_robot_close_drawer,google_robot_place_apple_in_closed_top_drawer",,1,,,0.2,,,,,,,,,,,,,,,/home/soumyara004/soumyaratnadebnath/VisionLanguageAction/artifacts/results/cronusvla_simplerenv_fractal_protected/depth_pruning1/google_robot_pick_coke_can,,,1,0.01,0.03,0.995,0.01,42,,google_robot_pick_coke_can,50,,,,,,,,,,,,,,,,,,,,,,,,"[0.8015000402927399, 0.08469567298889161, 0.04843822717666626, 0.03145034313201904, 0.03185138702392578, 0.015004706382751466, 0.013990426063537597, 0.01204911470413208, 0.009467983245849609, 0.008374297618865966, 0.004326999187469482, 0.0064571619033813475]",protected_calibrated,1,0.25,1,10000,"[""google_robot_pick_coke_can"", ""google_robot_move_near"", ""google_robot_open_drawer"", ""google_robot_close_drawer"", ""google_robot_place_apple_in_closed_top_drawer""]",,,,,
/home/user/BiVLA/artifacts/results/mentor_2026-09-11/results/cronusvla_simplerenv_fractal/depth_pruning1/google_robot_place_apple_in_closed_top_drawer/summary.json,cronusvla_simplerenv_fractal,depth_pruning1,google_robot_place_apple_in_closed_top_drawer,completed,depth_pruning,,depth_pruning1,simpler_google_robot_fractal,50,0,,,,0,int,,Google Robot/Fractal SimplerEnv setup; report only completed paired rollouts.,<absent>,google_robot,fractal20220817_data,False,True,True,[10],2,,,,,models/cronusvla_0.5B_bridge_rt_1/checkpoints/step-042500-epoch-07-loss=0.0587.pt,depth_pruning,depth_pruning1,10000,"google_robot_pick_coke_can,google_robot_move_near,google_robot_open_drawer,google_robot_close_drawer,google_robot_place_apple_in_closed_top_drawer",,1,,,0.2,,,,,,,,,,,,,,,/home/soumyara004/soumyaratnadebnath/VisionLanguageAction/artifacts/results/cronusvla_simplerenv_fractal_protected/depth_pruning1/google_robot_place_apple_in_closed_top_drawer,,,1,0.01,0.03,0.995,0.01,42,,google_robot_place_apple_in_closed_top_drawer,50,,,,,,,,,,,,,,,,,,,,,,,,"[0.8015000402927399, 0.08469567298889161, 0.04843822717666626, 0.03145034313201904, 0.03185138702392578, 0.015004706382751466, 0.013990426063537597, 0.01204911470413208, 0.009467983245849609, 0.008374297618865966, 0.004326999187469482, 0.0064571619033813475]",protected_calibrated,1,0.25,1,10000,"[""google_robot_pick_coke_can"", ""google_robot_move_near"", ""google_robot_open_drawer"", ""google_robot_close_drawer"", ""google_robot_place_apple_in_closed_top_drawer""]",,,,,
/home/user/BiVLA/artifacts/results/mentor_2026-09-11/results/cronusvla_simplerenv_fractal/depth_pruning2/google_robot_close_drawer/summary.json,cronusvla_simplerenv_fractal,depth_pruning2,google_robot_close_drawer,completed,depth_pruning,,depth_pruning2,simpler_google_robot_fractal,50,16,,,,0,int,,Google Robot/Fractal SimplerEnv setup; report only completed paired rollouts.,<absent>,google_robot,fractal20220817_data,False,True,True,"[8, 10]",2,,,,,models/cronusvla_0.5B_bridge_rt_1/checkpoints/step-042500-epoch-07-loss=0.0587.pt,depth_pruning,depth_pruning2,10000,"google_robot_pick_coke_can,google_robot_move_near,google_robot_open_drawer,google_robot_close_drawer,google_robot_place_apple_in_closed_top_drawer",,2,,,0.2,,,,,,,,,,,,,,,/home/soumyara004/soumyaratnadebnath/VisionLanguageAction/artifacts/results/cronusvla_simplerenv_fractal_protected/depth_pruning2/google_robot_close_drawer,,,1,0.01,0.03,0.995,0.01,42,,google_robot_close_drawer,50,,,,,,,,,,,,,,,,,,,,,,,,"[0.8015000402927399, 0.08469567298889161, 0.04843822717666626, 0.03145034313201904, 0.03185138702392578, 0.015004706382751466, 0.013990426063537597, 0.01204911470413208, 0.009467983245849609, 0.008374297618865966, 0.004326999187469482, 0.0064571619033813475]",protected_calibrated,1,0.25,1,10000,"[""google_robot_pick_coke_can"", ""google_robot_move_near"", ""google_robot_open_drawer"", ""google_robot_close_drawer"", ""google_robot_place_apple_in_closed_top_drawer""]",,,,,
/home/user/BiVLA/artifacts/results/mentor_2026-09-11/results/cronusvla_simplerenv_fractal/depth_pruning2/google_robot_move_near/summary.json,cronusvla_simplerenv_fractal,depth_pruning2,google_robot_move_near,completed,depth_pruning,,depth_pruning2,simpler_google_robot_fractal,50,47,,,,0,int,,Google Robot/Fractal SimplerEnv setup; report only completed paired rollouts.,<absent>,google_robot,fractal20220817_data,False,True,True,"[8, 10]",2,,,,,models/cronusvla_0.5B_bridge_rt_1/checkpoints/step-042500-epoch-07-loss=0.0587.pt,depth_pruning,depth_pruning2,10000,"google_robot_pick_coke_can,google_robot_move_near,google_robot_open_drawer,google_robot_close_drawer,google_robot_place_apple_in_closed_top_drawer",,2,,,0.2,,,,,,,,,,,,,,,/home/soumyara004/soumyaratnadebnath/VisionLanguageAction/artifacts/results/cronusvla_simplerenv_fractal_protected/depth_pruning2/google_robot_move_near,,,1,0.01,0.03,0.995,0.01,42,,google_robot_move_near,50,,,,,,,,,,,,,,,,,,,,,,,,"[0.8015000402927399, 0.08469567298889161, 0.04843822717666626, 0.03145034313201904, 0.03185138702392578, 0.015004706382751466, 0.013990426063537597, 0.01204911470413208, 0.009467983245849609, 0.008374297618865966, 0.004326999187469482, 0.0064571619033813475]",protected_calibrated,1,0.25,1,10000,"[""google_robot_pick_coke_can"", ""google_robot_move_near"", ""google_robot_open_drawer"", ""google_robot_close_drawer"", ""google_robot_place_apple_in_closed_top_drawer""]",,,,,
/home/user/BiVLA/artifacts/results/mentor_2026-09-11/results/cronusvla_simplerenv_fractal/depth_pruning2/google_robot_open_drawer/summary.json,cronusvla_simplerenv_fractal,depth_pruning2,google_robot_open_drawer,completed,depth_pruning,,depth_pruning2,simpler_google_robot_fractal,50,18,,,,0,int,,Google Robot/Fractal SimplerEnv setup; report only completed paired rollouts.,<absent>,google_robot,fractal20220817_data,False,True,True,"[8, 10]",2,,,,,models/cronusvla_0.5B_bridge_rt_1/checkpoints/step-042500-epoch-07-loss=0.0587.pt,depth_pruning,depth_pruning2,10000,"google_robot_pick_coke_can,google_robot_move_near,google_robot_open_drawer,google_robot_close_drawer,google_robot_place_apple_in_closed_top_drawer",,2,,,0.2,,,,,,,,,,,,,,,/home/soumyara004/soumyaratnadebnath/VisionLanguageAction/artifacts/results/cronusvla_simplerenv_fractal_protected/depth_pruning2/google_robot_open_drawer,,,1,0.01,0.03,0.995,0.01,42,,google_robot_open_drawer,50,,,,,,,,,,,,,,,,,,,,,,,,"[0.8015000402927399, 0.08469567298889161, 0.04843822717666626, 0.03145034313201904, 0.03185138702392578, 0.015004706382751466, 0.013990426063537597, 0.01204911470413208, 0.009467983245849609, 0.008374297618865966, 0.004326999187469482, 0.0064571619033813475]",protected_calibrated,1,0.25,1,10000,"[""google_robot_pick_coke_can"", ""google_robot_move_near"", ""google_robot_open_drawer"", ""google_robot_close_drawer"", ""google_robot_place_apple_in_closed_top_drawer""]",,,,,
/home/user/BiVLA/artifacts/results/mentor_2026-09-11/results/cronusvla_simplerenv_fractal/depth_pruning2/google_robot_pick_coke_can/summary.json,cronusvla_simplerenv_fractal,depth_pruning2,google_robot_pick_coke_can,completed,depth_pruning,,depth_pruning2,simpler_google_robot_fractal,50,48,,,,0,int,,Google Robot/Fractal SimplerEnv setup; report only completed paired rollouts.,<absent>,google_robot,fractal20220817_data,False,True,True,"[8, 10]",2,,,,,models/cronusvla_0.5B_bridge_rt_1/checkpoints/step-042500-epoch-07-loss=0.0587.pt,depth_pruning,depth_pruning2,10000,"google_robot_pick_coke_can,google_robot_move_near,google_robot_open_drawer,google_robot_close_drawer,google_robot_place_apple_in_closed_top_drawer",,2,,,0.2,,,,,,,,,,,,,,,/home/soumyara004/soumyaratnadebnath/VisionLanguageAction/artifacts/results/cronusvla_simplerenv_fractal_protected/depth_pruning2/google_robot_pick_coke_can,,,1,0.01,0.03,0.995,0.01,42,,google_robot_pick_coke_can,50,,,,,,,,,,,,,,,,,,,,,,,,"[0.8015000402927399, 0.08469567298889161, 0.04843822717666626, 0.03145034313201904, 0.03185138702392578, 0.015004706382751466, 0.013990426063537597, 0.01204911470413208, 0.009467983245849609, 0.008374297618865966, 0.004326999187469482, 0.0064571619033813475]",protected_calibrated,1,0.25,1,10000,"[""google_robot_pick_coke_can"", ""google_robot_move_near"", ""google_robot_open_drawer"", ""google_robot_close_drawer"", ""google_robot_place_apple_in_closed_top_drawer""]",,,,,
/home/user/BiVLA/artifacts/results/mentor_2026-09-11/results/cronusvla_simplerenv_fractal/depth_pruning2/google_robot_place_apple_in_closed_top_drawer/summary.json,cronusvla_simplerenv_fractal,depth_pruning2,google_robot_place_apple_in_closed_top_drawer,completed,depth_pruning,,depth_pruning2,simpler_google_robot_fractal,50,0,,,,0,int,,Google Robot/Fractal SimplerEnv setup; report only completed paired rollouts.,<absent>,google_robot,fractal20220817_data,False,True,True,"[8, 10]",2,,,,,models/cronusvla_0.5B_bridge_rt_1/checkpoints/step-042500-epoch-07-loss=0.0587.pt,depth_pruning,depth_pruning2,10000,"google_robot_pick_coke_can,google_robot_move_near,google_robot_open_drawer,google_robot_close_drawer,google_robot_place_apple_in_closed_top_drawer",,2,,,0.2,,,,,,,,,,,,,,,/home/soumyara004/soumyaratnadebnath/VisionLanguageAction/artifacts/results/cronusvla_simplerenv_fractal_protected/depth_pruning2/google_robot_place_apple_in_closed_top_drawer,,,1,0.01,0.03,0.995,0.01,42,,google_robot_place_apple_in_closed_top_drawer,50,,,,,,,,,,,,,,,,,,,,,,,,"[0.8015000402927399, 0.08469567298889161, 0.04843822717666626, 0.03145034313201904, 0.03185138702392578, 0.015004706382751466, 0.013990426063537597, 0.01204911470413208, 0.009467983245849609, 0.008374297618865966, 0.004326999187469482, 0.0064571619033813475]",protected_calibrated,1,0.25,1,10000,"[""google_robot_pick_coke_can"", ""google_robot_move_near"", ""google_robot_open_drawer"", ""google_robot_close_drawer"", ""google_robot_place_apple_in_closed_top_drawer""]",,,,,
/home/user/BiVLA/artifacts/results/mentor_2026-09-11/results/cronusvla_simplerenv_fractal/depth_pruning4/google_robot_close_drawer/summary.json,cronusvla_simplerenv_fractal,depth_pruning4,google_robot_close_drawer,completed,depth_pruning,,depth_pruning4,simpler_google_robot_fractal,50,18,,,,0,int,,Google Robot/Fractal SimplerEnv setup; report only completed paired rollouts.,<absent>,google_robot,fractal20220817_data,False,True,True,"[3, 6, 8, 10]",2,,,,,models/cronusvla_0.5B_bridge_rt_1/checkpoints/step-042500-epoch-07-loss=0.0587.pt,depth_pruning,depth_pruning4,10000,"google_robot_pick_coke_can,google_robot_move_near,google_robot_open_drawer,google_robot_close_drawer,google_robot_place_apple_in_closed_top_drawer",,4,,,0.2,,,,,,,,,,,,,,,/home/soumyara004/soumyaratnadebnath/VisionLanguageAction/artifacts/results/cronusvla_simplerenv_fractal_protected/depth_pruning4/google_robot_close_drawer,,,1,0.01,0.03,0.995,0.01,42,,google_robot_close_drawer,50,,,,,,,,,,,,,,,,,,,,,,,,"[0.8015000402927399, 0.08469567298889161, 0.04843822717666626, 0.03145034313201904, 0.03185138702392578, 0.015004706382751466, 0.013990426063537597, 0.01204911470413208, 0.009467983245849609, 0.008374297618865966, 0.004326999187469482, 0.0064571619033813475]",protected_calibrated,1,0.25,1,10000,"[""google_robot_pick_coke_can"", ""google_robot_move_near"", ""google_robot_open_drawer"", ""google_robot_close_drawer"", ""google_robot_place_apple_in_closed_top_drawer""]",,,,,
/home/user/BiVLA/artifacts/results/mentor_2026-09-11/results/cronusvla_simplerenv_fractal/depth_pruning4/google_robot_move_near/summary.json,cronusvla_simplerenv_fractal,depth_pruning4,google_robot_move_near,completed,depth_pruning,,depth_pruning4,simpler_google_robot_fractal,50,48,,,,0,int,,Google Robot/Fractal SimplerEnv setup; report only completed paired rollouts.,<absent>,google_robot,fractal20220817_data,False,True,True,"[3, 6, 8, 10]",2,,,,,models/cronusvla_0.5B_bridge_rt_1/checkpoints/step-042500-epoch-07-loss=0.0587.pt,depth_pruning,depth_pruning4,10000,"google_robot_pick_coke_can,google_robot_move_near,google_robot_open_drawer,google_robot_close_drawer,google_robot_place_apple_in_closed_top_drawer",,4,,,0.2,,,,,,,,,,,,,,,/home/soumyara004/soumyaratnadebnath/VisionLanguageAction/artifacts/results/cronusvla_simplerenv_fractal_protected/depth_pruning4/google_robot_move_near,,,1,0.01,0.03,0.995,0.01,42,,google_robot_move_near,50,,,,,,,,,,,,,,,,,,,,,,,,"[0.8015000402927399, 0.08469567298889161, 0.04843822717666626, 0.03145034313201904, 0.03185138702392578, 0.015004706382751466, 0.013990426063537597, 0.01204911470413208, 0.009467983245849609, 0.008374297618865966, 0.004326999187469482, 0.0064571619033813475]",protected_calibrated,1,0.25,1,10000,"[""google_robot_pick_coke_can"", ""google_robot_move_near"", ""google_robot_open_drawer"", ""google_robot_close_drawer"", ""google_robot_place_apple_in_closed_top_drawer""]",,,,,
/home/user/BiVLA/artifacts/results/mentor_2026-09-11/results/cronusvla_simplerenv_fractal/depth_pruning4/google_robot_open_drawer/summary.json,cronusvla_simplerenv_fractal,depth_pruning4,google_robot_open_drawer,completed,depth_pruning,,depth_pruning4,simpler_google_robot_fractal,50,12,,,,0,int,,Google Robot/Fractal SimplerEnv setup; report only completed paired rollouts.,<absent>,google_robot,fractal20220817_data,False,True,True,"[3, 6, 8, 10]",2,,,,,models/cronusvla_0.5B_bridge_rt_1/checkpoints/step-042500-epoch-07-loss=0.0587.pt,depth_pruning,depth_pruning4,10000,"google_robot_pick_coke_can,google_robot_move_near,google_robot_open_drawer,google_robot_close_drawer,google_robot_place_apple_in_closed_top_drawer",,4,,,0.2,,,,,,,,,,,,,,,/home/soumyara004/soumyaratnadebnath/VisionLanguageAction/artifacts/results/cronusvla_simplerenv_fractal_protected/depth_pruning4/google_robot_open_drawer,,,1,0.01,0.03,0.995,0.01,42,,google_robot_open_drawer,50,,,,,,,,,,,,,,,,,,,,,,,,"[0.8015000402927399, 0.08469567298889161, 0.04843822717666626, 0.03145034313201904, 0.03185138702392578, 0.015004706382751466, 0.013990426063537597, 0.01204911470413208, 0.009467983245849609, 0.008374297618865966, 0.004326999187469482, 0.0064571619033813475]",protected_calibrated,1,0.25,1,10000,"[""google_robot_pick_coke_can"", ""google_robot_move_near"", ""google_robot_open_drawer"", ""google_robot_close_drawer"", ""google_robot_place_apple_in_closed_top_drawer""]",,,,,
/home/user/BiVLA/artifacts/results/mentor_2026-09-11/results/cronusvla_simplerenv_fractal/depth_pruning4/google_robot_pick_coke_can/summary.json,cronusvla_simplerenv_fractal,depth_pruning4,google_robot_pick_coke_can,completed,depth_pruning,,depth_pruning4,simpler_google_robot_fractal,50,50,,,,0,int,,Google Robot/Fractal SimplerEnv setup; report only completed paired rollouts.,<absent>,google_robot,fractal20220817_data,False,True,True,"[3, 6, 8, 10]",2,,,,,models/cronusvla_0.5B_bridge_rt_1/checkpoints/step-042500-epoch-07-loss=0.0587.pt,depth_pruning,depth_pruning4,10000,"google_robot_pick_coke_can,google_robot_move_near,google_robot_open_drawer,google_robot_close_drawer,google_robot_place_apple_in_closed_top_drawer",,4,,,0.2,,,,,,,,,,,,,,,/home/soumyara004/soumyaratnadebnath/VisionLanguageAction/artifacts/results/cronusvla_simplerenv_fractal_protected/depth_pruning4/google_robot_pick_coke_can,,,1,0.01,0.03,0.995,0.01,42,,google_robot_pick_coke_can,50,,,,,,,,,,,,,,,,,,,,,,,,"[0.8015000402927399, 0.08469567298889161, 0.04843822717666626, 0.03145034313201904, 0.03185138702392578, 0.015004706382751466, 0.013990426063537597, 0.01204911470413208, 0.009467983245849609, 0.008374297618865966, 0.004326999187469482, 0.0064571619033813475]",protected_calibrated,1,0.25,1,10000,"[""google_robot_pick_coke_can"", ""google_robot_move_near"", ""google_robot_open_drawer"", ""google_robot_close_drawer"", ""google_robot_place_apple_in_closed_top_drawer""]",,,,,
/home/user/BiVLA/artifacts/results/mentor_2026-09-11/results/cronusvla_simplerenv_fractal/depth_pruning4/google_robot_place_apple_in_closed_top_drawer/summary.json,cronusvla_simplerenv_fractal,depth_pruning4,google_robot_place_apple_in_closed_top_drawer,completed,depth_pruning,,depth_pruning4,simpler_google_robot_fractal,50,0,,,,0,int,,Google Robot/Fractal SimplerEnv setup; report only completed paired rollouts.,<absent>,google_robot,fractal20220817_data,False,True,True,"[3, 6, 8, 10]",2,,,,,models/cronusvla_0.5B_bridge_rt_1/checkpoints/step-042500-epoch-07-loss=0.0587.pt,depth_pruning,depth_pruning4,10000,"google_robot_pick_coke_can,google_robot_move_near,google_robot_open_drawer,google_robot_close_drawer,google_robot_place_apple_in_closed_top_drawer",,4,,,0.2,,,,,,,,,,,,,,,/home/soumyara004/soumyaratnadebnath/VisionLanguageAction/artifacts/results/cronusvla_simplerenv_fractal_protected/depth_pruning4/google_robot_place_apple_in_closed_top_drawer,,,1,0.01,0.03,0.995,0.01,42,,google_robot_place_apple_in_closed_top_drawer,50,,,,,,,,,,,,,,,,,,,,,,,,"[0.8015000402927399, 0.08469567298889161, 0.04843822717666626, 0.03145034313201904, 0.03185138702392578, 0.015004706382751466, 0.013990426063537597, 0.01204911470413208, 0.009467983245849609, 0.008374297618865966, 0.004326999187469482, 0.0064571619033813475]",protected_calibrated,1,0.25,1,10000,"[""google_robot_pick_coke_can"", ""google_robot_move_near"", ""google_robot_open_drawer"", ""google_robot_close_drawer"", ""google_robot_place_apple_in_closed_top_drawer""]",,,,,
/home/user/BiVLA/artifacts/results/mentor_2026-09-11/results/cronusvla_simplerenv_fractal/fixed_foveation_keep20/google_robot_close_drawer/summary.json,cronusvla_simplerenv_fractal,fixed_foveation_keep20,google_robot_close_drawer,completed,fixed_foveation,,fixed_foveation_keep20,simpler_google_robot_fractal,50,25,,,,0,int,,Google Robot/Fractal SimplerEnv setup; report only completed paired rollouts.,<absent>,google_robot,fractal20220817_data,False,True,True,<absent>,2,,,,,models/cronusvla_0.5B_bridge_rt_1/checkpoints/step-042500-epoch-07-loss=0.0587.pt,fixed_foveation,fixed_foveation_keep20,,,,,,,0.2,,,,,,,,,,,,,,,artifacts/results/cronusvla_simplerenv_fractal/fixed_foveation_keep20/google_robot_close_drawer,,,1,0.01,0.03,0.995,0.01,42,,google_robot_close_drawer,50,,,,,,,,,,,,,,,,,,,,,,,,,,,,,,,,,,,
/home/user/BiVLA/artifacts/results/mentor_2026-09-11/results/cronusvla_simplerenv_fractal/fixed_foveation_keep20/google_robot_move_near/summary.json,cronusvla_simplerenv_fractal,fixed_foveation_keep20,google_robot_move_near,completed,fixed_foveation,,fixed_foveation_keep20,simpler_google_robot_fractal,50,50,,,,0,int,,Google Robot/Fractal SimplerEnv setup; report only completed paired rollouts.,<absent>,google_robot,fractal20220817_data,False,True,True,<absent>,2,,,,,models/cronusvla_0.5B_bridge_rt_1/checkpoints/step-042500-epoch-07-loss=0.0587.pt,fixed_foveation,fixed_foveation_keep20,,,,,,,0.2,,,,,,,,,,,,,,,artifacts/results/cronusvla_simplerenv_fractal/fixed_foveation_keep20/google_robot_move_near,,,1,0.01,0.03,0.995,0.01,42,,google_robot_move_near,50,,,,,,,,,,,,,,,,,,,,,,,,,,,,,,,,,,,
/home/user/BiVLA/artifacts/results/mentor_2026-09-11/results/cronusvla_simplerenv_fractal/fixed_foveation_keep20/google_robot_open_drawer/summary.json,cronusvla_simplerenv_fractal,fixed_foveation_keep20,google_robot_open_drawer,completed,fixed_foveation,,fixed_foveation_keep20,simpler_google_robot_fractal,50,11,,,,0,int,,Google Robot/Fractal SimplerEnv setup; report only completed paired rollouts.,<absent>,google_robot,fractal20220817_data,False,True,True,<absent>,2,,,,,models/cronusvla_0.5B_bridge_rt_1/checkpoints/step-042500-epoch-07-loss=0.0587.pt,fixed_foveation,fixed_foveation_keep20,,,,,,,0.2,,,,,,,,,,,,,,,artifacts/results/cronusvla_simplerenv_fractal/fixed_foveation_keep20/google_robot_open_drawer,,,1,0.01,0.03,0.995,0.01,42,,google_robot_open_drawer,50,,,,,,,,,,,,,,,,,,,,,,,,,,,,,,,,,,,
/home/user/BiVLA/artifacts/results/mentor_2026-09-11/results/cronusvla_simplerenv_fractal/fixed_foveation_keep20/google_robot_pick_coke_can/summary.json,cronusvla_simplerenv_fractal,fixed_foveation_keep20,google_robot_pick_coke_can,completed,fixed_foveation,,fixed_foveation_keep20,simpler_google_robot_fractal,50,50,,,,0,int,,Google Robot/Fractal SimplerEnv setup; report only completed paired rollouts.,<absent>,google_robot,fractal20220817_data,False,True,True,<absent>,2,,,,,models/cronusvla_0.5B_bridge_rt_1/checkpoints/step-042500-epoch-07-loss=0.0587.pt,fixed_foveation,fixed_foveation_keep20,,,,,,,0.2,,,,,,,,,,,,,,,artifacts/results/cronusvla_simplerenv_fractal/fixed_foveation_keep20/google_robot_pick_coke_can,,,1,0.01,0.03,0.995,0.01,42,,google_robot_pick_coke_can,50,,,,,,,,,,,,,,,,,,,,,,,,,,,,,,,,,,,
/home/user/BiVLA/artifacts/results/mentor_2026-09-11/results/cronusvla_simplerenv_fractal/fixed_foveation_keep20/google_robot_place_apple_in_closed_top_drawer/summary.json,cronusvla_simplerenv_fractal,fixed_foveation_keep20,google_robot_place_apple_in_closed_top_drawer,completed,fixed_foveation,,fixed_foveation_keep20,simpler_google_robot_fractal,50,0,,,,0,int,,Google Robot/Fractal SimplerEnv setup; report only completed paired rollouts.,<absent>,google_robot,fractal20220817_data,False,True,True,<absent>,2,,,,,models/cronusvla_0.5B_bridge_rt_1/checkpoints/step-042500-epoch-07-loss=0.0587.pt,fixed_foveation,fixed_foveation_keep20,,,,,,,0.2,,,,,,,,,,,,,,,artifacts/results/cronusvla_simplerenv_fractal/fixed_foveation_keep20/google_robot_place_apple_in_closed_top_drawer,,,1,0.01,0.03,0.995,0.01,42,,google_robot_place_apple_in_closed_top_drawer,50,,,,,,,,,,,,,,,,,,,,,,,,,,,,,,,,,,,
/home/user/BiVLA/artifacts/results/mentor_2026-09-11/results/cronusvla_simplerenv_fractal/fixed_foveation_keep50/google_robot_close_drawer/summary.json,cronusvla_simplerenv_fractal,fixed_foveation_keep50,google_robot_close_drawer,completed,fixed_foveation,,fixed_foveation_keep50,simpler_google_robot_fractal,50,28,,,,0,int,,Google Robot/Fractal SimplerEnv setup; report only completed paired rollouts.,<absent>,google_robot,fractal20220817_data,False,True,True,<absent>,2,,,,,models/cronusvla_0.5B_bridge_rt_1/checkpoints/step-042500-epoch-07-loss=0.0587.pt,fixed_foveation,fixed_foveation_keep50,,,,,,,0.5,,,,,,,,,,,,,,,artifacts/results/cronusvla_simplerenv_fractal/fixed_foveation_keep50/google_robot_close_drawer,,,1,0.01,0.03,0.995,0.01,42,,google_robot_close_drawer,50,,,,,,,,,,,,,,,,,,,,,,,,,,,,,,,,,,,
/home/user/BiVLA/artifacts/results/mentor_2026-09-11/results/cronusvla_simplerenv_fractal/fixed_foveation_keep50/google_robot_move_near/summary.json,cronusvla_simplerenv_fractal,fixed_foveation_keep50,google_robot_move_near,completed,fixed_foveation,,fixed_foveation_keep50,simpler_google_robot_fractal,50,50,,,,0,int,,Google Robot/Fractal SimplerEnv setup; report only completed paired rollouts.,<absent>,google_robot,fractal20220817_data,False,True,True,<absent>,2,,,,,models/cronusvla_0.5B_bridge_rt_1/checkpoints/step-042500-epoch-07-loss=0.0587.pt,fixed_foveation,fixed_foveation_keep50,,,,,,,0.5,,,,,,,,,,,,,,,artifacts/results/cronusvla_simplerenv_fractal/fixed_foveation_keep50/google_robot_move_near,,,1,0.01,0.03,0.995,0.01,42,,google_robot_move_near,50,,,,,,,,,,,,,,,,,,,,,,,,,,,,,,,,,,,
/home/user/BiVLA/artifacts/results/mentor_2026-09-11/results/cronusvla_simplerenv_fractal/fixed_foveation_keep50/google_robot_open_drawer/summary.json,cronusvla_simplerenv_fractal,fixed_foveation_keep50,google_robot_open_drawer,completed,fixed_foveation,,fixed_foveation_keep50,simpler_google_robot_fractal,50,14,,,,0,int,,Google Robot/Fractal SimplerEnv setup; report only completed paired rollouts.,<absent>,google_robot,fractal20220817_data,False,True,True,<absent>,2,,,,,models/cronusvla_0.5B_bridge_rt_1/checkpoints/step-042500-epoch-07-loss=0.0587.pt,fixed_foveation,fixed_foveation_keep50,,,,,,,0.5,,,,,,,,,,,,,,,artifacts/results/cronusvla_simplerenv_fractal/fixed_foveation_keep50/google_robot_open_drawer,,,1,0.01,0.03,0.995,0.01,42,,google_robot_open_drawer,50,,,,,,,,,,,,,,,,,,,,,,,,,,,,,,,,,,,
/home/user/BiVLA/artifacts/results/mentor_2026-09-11/results/cronusvla_simplerenv_fractal/fixed_foveation_keep50/google_robot_pick_coke_can/summary.json,cronusvla_simplerenv_fractal,fixed_foveation_keep50,google_robot_pick_coke_can,completed,fixed_foveation,,fixed_foveation_keep50,simpler_google_robot_fractal,50,50,,,,0,int,,Google Robot/Fractal SimplerEnv setup; report only completed paired rollouts.,<absent>,google_robot,fractal20220817_data,False,True,True,<absent>,2,,,,,models/cronusvla_0.5B_bridge_rt_1/checkpoints/step-042500-epoch-07-loss=0.0587.pt,fixed_foveation,fixed_foveation_keep50,,,,,,,0.5,,,,,,,,,,,,,,,artifacts/results/cronusvla_simplerenv_fractal/fixed_foveation_keep50/google_robot_pick_coke_can,,,1,0.01,0.03,0.995,0.01,42,,google_robot_pick_coke_can,50,,,,,,,,,,,,,,,,,,,,,,,,,,,,,,,,,,,
/home/user/BiVLA/artifacts/results/mentor_2026-09-11/results/cronusvla_simplerenv_fractal/fixed_foveation_keep50/google_robot_place_apple_in_closed_top_drawer/summary.json,cronusvla_simplerenv_fractal,fixed_foveation_keep50,google_robot_place_apple_in_closed_top_drawer,completed,fixed_foveation,,fixed_foveation_keep50,simpler_google_robot_fractal,50,0,,,,0,int,,Google Robot/Fractal SimplerEnv setup; report only completed paired rollouts.,<absent>,google_robot,fractal20220817_data,False,True,True,<absent>,2,,,,,models/cronusvla_0.5B_bridge_rt_1/checkpoints/step-042500-epoch-07-loss=0.0587.pt,fixed_foveation,fixed_foveation_keep50,,,,,,,0.5,,,,,,,,,,,,,,,artifacts/results/cronusvla_simplerenv_fractal/fixed_foveation_keep50/google_robot_place_apple_in_closed_top_drawer,,,1,0.01,0.03,0.995,0.01,42,,google_robot_place_apple_in_closed_top_drawer,50,,,,,,,,,,,,,,,,,,,,,,,,,,,,,,,,,,,
/home/user/BiVLA/artifacts/results/mentor_2026-09-11/results/cronusvla_simplerenv_fractal/guarded_reuse_aggressive/google_robot_close_drawer/summary.json,cronusvla_simplerenv_fractal,guarded_reuse_aggressive,google_robot_close_drawer,completed,guarded_action_reuse,,guarded_reuse_aggressive,simpler_google_robot_fractal,50,22,,,,0,int,,Google Robot/Fractal SimplerEnv setup; report only completed paired rollouts.,<absent>,google_robot,fractal20220817_data,False,True,True,<absent>,2,,,,,models/cronusvla_0.5B_bridge_rt_1/checkpoints/step-042500-epoch-07-loss=0.0587.pt,guarded_action_reuse,guarded_reuse_aggressive,,,,,,,0.2,,,,,,,,,,,,,,,artifacts/results/cronusvla_simplerenv_fractal/guarded_reuse_aggressive/google_robot_close_drawer,,,2,0.02,0.05,0.98,0.01,42,,google_robot_close_drawer,50,,,,,,,,,,,,,,,,,,,,,,,,,,,,,,,,,,,
/home/user/BiVLA/artifacts/results/mentor_2026-09-11/results/cronusvla_simplerenv_fractal/guarded_reuse_aggressive/google_robot_move_near/summary.json,cronusvla_simplerenv_fractal,guarded_reuse_aggressive,google_robot_move_near,completed,guarded_action_reuse,,guarded_reuse_aggressive,simpler_google_robot_fractal,50,50,,,,0,int,,Google Robot/Fractal SimplerEnv setup; report only completed paired rollouts.,<absent>,google_robot,fractal20220817_data,False,True,True,<absent>,2,,,,,models/cronusvla_0.5B_bridge_rt_1/checkpoints/step-042500-epoch-07-loss=0.0587.pt,guarded_action_reuse,guarded_reuse_aggressive,,,,,,,0.2,,,,,,,,,,,,,,,artifacts/results/cronusvla_simplerenv_fractal/guarded_reuse_aggressive/google_robot_move_near,,,2,0.02,0.05,0.98,0.01,42,,google_robot_move_near,50,,,,,,,,,,,,,,,,,,,,,,,,,,,,,,,,,,,
/home/user/BiVLA/artifacts/results/mentor_2026-09-11/results/cronusvla_simplerenv_fractal/guarded_reuse_aggressive/google_robot_open_drawer/summary.json,cronusvla_simplerenv_fractal,guarded_reuse_aggressive,google_robot_open_drawer,completed,guarded_action_reuse,,guarded_reuse_aggressive,simpler_google_robot_fractal,50,20,,,,0,int,,Google Robot/Fractal SimplerEnv setup; report only completed paired rollouts.,<absent>,google_robot,fractal20220817_data,False,True,True,<absent>,2,,,,,models/cronusvla_0.5B_bridge_rt_1/checkpoints/step-042500-epoch-07-loss=0.0587.pt,guarded_action_reuse,guarded_reuse_aggressive,,,,,,,0.2,,,,,,,,,,,,,,,artifacts/results/cronusvla_simplerenv_fractal/guarded_reuse_aggressive/google_robot_open_drawer,,,2,0.02,0.05,0.98,0.01,42,,google_robot_open_drawer,50,,,,,,,,,,,,,,,,,,,,,,,,,,,,,,,,,,,
/home/user/BiVLA/artifacts/results/mentor_2026-09-11/results/cronusvla_simplerenv_fractal/guarded_reuse_aggressive/google_robot_pick_coke_can/summary.json,cronusvla_simplerenv_fractal,guarded_reuse_aggressive,google_robot_pick_coke_can,completed,guarded_action_reuse,,guarded_reuse_aggressive,simpler_google_robot_fractal,50,50,,,,0,int,,Google Robot/Fractal SimplerEnv setup; report only completed paired rollouts.,<absent>,google_robot,fractal20220817_data,False,True,True,<absent>,2,,,,,models/cronusvla_0.5B_bridge_rt_1/checkpoints/step-042500-epoch-07-loss=0.0587.pt,guarded_action_reuse,guarded_reuse_aggressive,,,,,,,0.2,,,,,,,,,,,,,,,artifacts/results/cronusvla_simplerenv_fractal/guarded_reuse_aggressive/google_robot_pick_coke_can,,,2,0.02,0.05,0.98,0.01,42,,google_robot_pick_coke_can,50,,,,,,,,,,,,,,,,,,,,,,,,,,,,,,,,,,,
/home/user/BiVLA/artifacts/results/mentor_2026-09-11/results/cronusvla_simplerenv_fractal/guarded_reuse_aggressive/google_robot_place_apple_in_closed_top_drawer/summary.json,cronusvla_simplerenv_fractal,guarded_reuse_aggressive,google_robot_place_apple_in_closed_top_drawer,completed,guarded_action_reuse,,guarded_reuse_aggressive,simpler_google_robot_fractal,50,0,,,,0,int,,Google Robot/Fractal SimplerEnv setup; report only completed paired rollouts.,<absent>,google_robot,fractal20220817_data,False,True,True,<absent>,2,,,,,models/cronusvla_0.5B_bridge_rt_1/checkpoints/step-042500-epoch-07-loss=0.0587.pt,guarded_action_reuse,guarded_reuse_aggressive,,,,,,,0.2,,,,,,,,,,,,,,,artifacts/results/cronusvla_simplerenv_fractal/guarded_reuse_aggressive/google_robot_place_apple_in_closed_top_drawer,,,2,0.02,0.05,0.98,0.01,42,,google_robot_place_apple_in_closed_top_drawer,50,,,,,,,,,,,,,,,,,,,,,,,,,,,,,,,,,,,
/home/user/BiVLA/artifacts/results/mentor_2026-09-11/results/cronusvla_simplerenv_fractal/guarded_reuse_moderate/google_robot_close_drawer/summary.json,cronusvla_simplerenv_fractal,guarded_reuse_moderate,google_robot_close_drawer,completed,guarded_action_reuse,,guarded_reuse_moderate,simpler_google_robot_fractal,50,20,,,,0,int,,Google Robot/Fractal SimplerEnv setup; report only completed paired rollouts.,<absent>,google_robot,fractal20220817_data,False,True,True,<absent>,2,,,,,models/cronusvla_0.5B_bridge_rt_1/checkpoints/step-042500-epoch-07-loss=0.0587.pt,guarded_action_reuse,guarded_reuse_moderate,,,,,,,0.2,,,,,,,,,,,,,,,artifacts/results/cronusvla_simplerenv_fractal/guarded_reuse_moderate/google_robot_close_drawer,,,1,0.015,0.04,0.99,0.01,42,,google_robot_close_drawer,50,,,,,,,,,,,,,,,,,,,,,,,,,,,,,,,,,,,
/home/user/BiVLA/artifacts/results/mentor_2026-09-11/results/cronusvla_simplerenv_fractal/guarded_reuse_moderate/google_robot_move_near/summary.json,cronusvla_simplerenv_fractal,guarded_reuse_moderate,google_robot_move_near,completed,guarded_action_reuse,,guarded_reuse_moderate,simpler_google_robot_fractal,50,50,,,,0,int,,Google Robot/Fractal SimplerEnv setup; report only completed paired rollouts.,<absent>,google_robot,fractal20220817_data,False,True,True,<absent>,2,,,,,models/cronusvla_0.5B_bridge_rt_1/checkpoints/step-042500-epoch-07-loss=0.0587.pt,guarded_action_reuse,guarded_reuse_moderate,,,,,,,0.2,,,,,,,,,,,,,,,artifacts/results/cronusvla_simplerenv_fractal/guarded_reuse_moderate/google_robot_move_near,,,1,0.015,0.04,0.99,0.01,42,,google_robot_move_near,50,,,,,,,,,,,,,,,,,,,,,,,,,,,,,,,,,,,
/home/user/BiVLA/artifacts/results/mentor_2026-09-11/results/cronusvla_simplerenv_fractal/guarded_reuse_moderate/google_robot_open_drawer/summary.json,cronusvla_simplerenv_fractal,guarded_reuse_moderate,google_robot_open_drawer,completed,guarded_action_reuse,,guarded_reuse_moderate,simpler_google_robot_fractal,50,17,,,,0,int,,Google Robot/Fractal SimplerEnv setup; report only completed paired rollouts.,<absent>,google_robot,fractal20220817_data,False,True,True,<absent>,2,,,,,models/cronusvla_0.5B_bridge_rt_1/checkpoints/step-042500-epoch-07-loss=0.0587.pt,guarded_action_reuse,guarded_reuse_moderate,,,,,,,0.2,,,,,,,,,,,,,,,artifacts/results/cronusvla_simplerenv_fractal/guarded_reuse_moderate/google_robot_open_drawer,,,1,0.015,0.04,0.99,0.01,42,,google_robot_open_drawer,50,,,,,,,,,,,,,,,,,,,,,,,,,,,,,,,,,,,
/home/user/BiVLA/artifacts/results/mentor_2026-09-11/results/cronusvla_simplerenv_fractal/guarded_reuse_moderate/google_robot_pick_coke_can/summary.json,cronusvla_simplerenv_fractal,guarded_reuse_moderate,google_robot_pick_coke_can,completed,guarded_action_reuse,,guarded_reuse_moderate,simpler_google_robot_fractal,50,50,,,,0,int,,Google Robot/Fractal SimplerEnv setup; report only completed paired rollouts.,<absent>,google_robot,fractal20220817_data,False,True,True,<absent>,2,,,,,models/cronusvla_0.5B_bridge_rt_1/checkpoints/step-042500-epoch-07-loss=0.0587.pt,guarded_action_reuse,guarded_reuse_moderate,,,,,,,0.2,,,,,,,,,,,,,,,artifacts/results/cronusvla_simplerenv_fractal/guarded_reuse_moderate/google_robot_pick_coke_can,,,1,0.015,0.04,0.99,0.01,42,,google_robot_pick_coke_can,50,,,,,,,,,,,,,,,,,,,,,,,,,,,,,,,,,,,
/home/user/BiVLA/artifacts/results/mentor_2026-09-11/results/cronusvla_simplerenv_fractal/guarded_reuse_moderate/google_robot_place_apple_in_closed_top_drawer/summary.json,cronusvla_simplerenv_fractal,guarded_reuse_moderate,google_robot_place_apple_in_closed_top_drawer,completed,guarded_action_reuse,,guarded_reuse_moderate,simpler_google_robot_fractal,50,0,,,,0,int,,Google Robot/Fractal SimplerEnv setup; report only completed paired rollouts.,<absent>,google_robot,fractal20220817_data,False,True,True,<absent>,2,,,,,models/cronusvla_0.5B_bridge_rt_1/checkpoints/step-042500-epoch-07-loss=0.0587.pt,guarded_action_reuse,guarded_reuse_moderate,,,,,,,0.2,,,,,,,,,,,,,,,artifacts/results/cronusvla_simplerenv_fractal/guarded_reuse_moderate/google_robot_place_apple_in_closed_top_drawer,,,1,0.015,0.04,0.99,0.01,42,,google_robot_place_apple_in_closed_top_drawer,50,,,,,,,,,,,,,,,,,,,,,,,,,,,,,,,,,,,
/home/user/BiVLA/artifacts/results/mentor_2026-09-11/results/cronusvla_simplerenv_fractal/guarded_reuse_strict/google_robot_close_drawer/summary.json,cronusvla_simplerenv_fractal,guarded_reuse_strict,google_robot_close_drawer,completed,guarded_action_reuse,,guarded_reuse_strict,simpler_google_robot_fractal,50,21,,,,0,int,,Google Robot/Fractal SimplerEnv setup; report only completed paired rollouts.,<absent>,google_robot,fractal20220817_data,False,True,True,<absent>,2,,,,,models/cronusvla_0.5B_bridge_rt_1/checkpoints/step-042500-epoch-07-loss=0.0587.pt,guarded_action_reuse,guarded_reuse_strict,,,,,,,0.2,,,,,,,,,,,,,,,artifacts/results/cronusvla_simplerenv_fractal/guarded_reuse_strict/google_robot_close_drawer,,,1,0.01,0.03,0.995,0.01,42,,google_robot_close_drawer,50,,,,,,,,,,,,,,,,,,,,,,,,,,,,,,,,,,,
/home/user/BiVLA/artifacts/results/mentor_2026-09-11/results/cronusvla_simplerenv_fractal/guarded_reuse_strict/google_robot_move_near/summary.json,cronusvla_simplerenv_fractal,guarded_reuse_strict,google_robot_move_near,completed,guarded_action_reuse,,guarded_reuse_strict,simpler_google_robot_fractal,50,50,,,,0,int,,Google Robot/Fractal SimplerEnv setup; report only completed paired rollouts.,<absent>,google_robot,fractal20220817_data,False,True,True,<absent>,2,,,,,models/cronusvla_0.5B_bridge_rt_1/checkpoints/step-042500-epoch-07-loss=0.0587.pt,guarded_action_reuse,guarded_reuse_strict,,,,,,,0.2,,,,,,,,,,,,,,,artifacts/results/cronusvla_simplerenv_fractal/guarded_reuse_strict/google_robot_move_near,,,1,0.01,0.03,0.995,0.01,42,,google_robot_move_near,50,,,,,,,,,,,,,,,,,,,,,,,,,,,,,,,,,,,
/home/user/BiVLA/artifacts/results/mentor_2026-09-11/results/cronusvla_simplerenv_fractal/guarded_reuse_strict/google_robot_open_drawer/summary.json,cronusvla_simplerenv_fractal,guarded_reuse_strict,google_robot_open_drawer,completed,guarded_action_reuse,,guarded_reuse_strict,simpler_google_robot_fractal,50,15,,,,0,int,,Google Robot/Fractal SimplerEnv setup; report only completed paired rollouts.,<absent>,google_robot,fractal20220817_data,False,True,True,<absent>,2,,,,,models/cronusvla_0.5B_bridge_rt_1/checkpoints/step-042500-epoch-07-loss=0.0587.pt,guarded_action_reuse,guarded_reuse_strict,,,,,,,0.2,,,,,,,,,,,,,,,artifacts/results/cronusvla_simplerenv_fractal/guarded_reuse_strict/google_robot_open_drawer,,,1,0.01,0.03,0.995,0.01,42,,google_robot_open_drawer,50,,,,,,,,,,,,,,,,,,,,,,,,,,,,,,,,,,,
/home/user/BiVLA/artifacts/results/mentor_2026-09-11/results/cronusvla_simplerenv_fractal/guarded_reuse_strict/google_robot_pick_coke_can/summary.json,cronusvla_simplerenv_fractal,guarded_reuse_strict,google_robot_pick_coke_can,completed,guarded_action_reuse,,guarded_reuse_strict,simpler_google_robot_fractal,50,50,,,,0,int,,Google Robot/Fractal SimplerEnv setup; report only completed paired rollouts.,<absent>,google_robot,fractal20220817_data,False,True,True,<absent>,2,,,,,models/cronusvla_0.5B_bridge_rt_1/checkpoints/step-042500-epoch-07-loss=0.0587.pt,guarded_action_reuse,guarded_reuse_strict,,,,,,,0.2,,,,,,,,,,,,,,,artifacts/results/cronusvla_simplerenv_fractal/guarded_reuse_strict/google_robot_pick_coke_can,,,1,0.01,0.03,0.995,0.01,42,,google_robot_pick_coke_can,50,,,,,,,,,,,,,,,,,,,,,,,,,,,,,,,,,,,
/home/user/BiVLA/artifacts/results/mentor_2026-09-11/results/cronusvla_simplerenv_fractal/guarded_reuse_strict/google_robot_place_apple_in_closed_top_drawer/summary.json,cronusvla_simplerenv_fractal,guarded_reuse_strict,google_robot_place_apple_in_closed_top_drawer,completed,guarded_action_reuse,,guarded_reuse_strict,simpler_google_robot_fractal,50,0,,,,0,int,,Google Robot/Fractal SimplerEnv setup; report only completed paired rollouts.,<absent>,google_robot,fractal20220817_data,False,True,True,<absent>,2,,,,,models/cronusvla_0.5B_bridge_rt_1/checkpoints/step-042500-epoch-07-loss=0.0587.pt,guarded_action_reuse,guarded_reuse_strict,,,,,,,0.2,,,,,,,,,,,,,,,artifacts/results/cronusvla_simplerenv_fractal/guarded_reuse_strict/google_robot_place_apple_in_closed_top_drawer,,,1,0.01,0.03,0.995,0.01,42,,google_robot_place_apple_in_closed_top_drawer,50,,,,,,,,,,,,,,,,,,,,,,,,,,,,,,,,,,,
/home/user/BiVLA/artifacts/results/mentor_2026-09-11/results/cronusvla_simplerenv_fractal/original/google_robot_close_drawer/summary.json,cronusvla_simplerenv_fractal,original,google_robot_close_drawer,completed,original,,original,simpler_google_robot_fractal,50,19,,,,0,int,,Google Robot/Fractal SimplerEnv setup; report only completed paired rollouts.,<absent>,google_robot,fractal20220817_data,False,True,True,<absent>,2,,,,,models/cronusvla_0.5B_bridge_rt_1/checkpoints/step-042500-epoch-07-loss=0.0587.pt,original,original,,,,,,,0.2,,,,,,,,,,,,,,,artifacts/results/cronusvla_simplerenv_fractal/original/google_robot_close_drawer,,,1,0.01,0.03,0.995,0.01,42,,google_robot_close_drawer,50,,,,,,,,,,,,,,,,,,,,,,,,,,,,,,,,,,,
/home/user/BiVLA/artifacts/results/mentor_2026-09-11/results/cronusvla_simplerenv_fractal/original/google_robot_move_near/summary.json,cronusvla_simplerenv_fractal,original,google_robot_move_near,completed,original,,original,simpler_google_robot_fractal,50,50,,,,0,int,,Google Robot/Fractal SimplerEnv setup; report only completed paired rollouts.,<absent>,google_robot,fractal20220817_data,False,True,True,<absent>,2,,,,,models/cronusvla_0.5B_bridge_rt_1/checkpoints/step-042500-epoch-07-loss=0.0587.pt,original,original,,,,,,,0.2,,,,,,,,,,,,,,,artifacts/results/cronusvla_simplerenv_fractal/original/google_robot_move_near,,,1,0.01,0.03,0.995,0.01,42,,google_robot_move_near,50,,,,,,,,,,,,,,,,,,,,,,,,,,,,,,,,,,,
/home/user/BiVLA/artifacts/results/mentor_2026-09-11/results/cronusvla_simplerenv_fractal/original/google_robot_open_drawer/summary.json,cronusvla_simplerenv_fractal,original,google_robot_open_drawer,completed,original,,original,simpler_google_robot_fractal,50,20,,,,0,int,,Google Robot/Fractal SimplerEnv setup; report only completed paired rollouts.,<absent>,google_robot,fractal20220817_data,False,True,True,<absent>,2,,,,,models/cronusvla_0.5B_bridge_rt_1/checkpoints/step-042500-epoch-07-loss=0.0587.pt,original,original,,,,,,,0.2,,,,,,,,,,,,,,,artifacts/results/cronusvla_simplerenv_fractal/original/google_robot_open_drawer,,,1,0.01,0.03,0.995,0.01,42,,google_robot_open_drawer,50,,,,,,,,,,,,,,,,,,,,,,,,,,,,,,,,,,,
/home/user/BiVLA/artifacts/results/mentor_2026-09-11/results/cronusvla_simplerenv_fractal/original/google_robot_pick_coke_can/summary.json,cronusvla_simplerenv_fractal,original,google_robot_pick_coke_can,completed,original,,original,simpler_google_robot_fractal,50,50,,,,0,int,,Google Robot/Fractal SimplerEnv setup; report only completed paired rollouts.,<absent>,google_robot,fractal20220817_data,False,True,True,<absent>,2,,,,,models/cronusvla_0.5B_bridge_rt_1/checkpoints/step-042500-epoch-07-loss=0.0587.pt,original,original,,,,,,,0.2,,,,,,,,,,,,,,,artifacts/results/cronusvla_simplerenv_fractal/original/google_robot_pick_coke_can,,,1,0.01,0.03,0.995,0.01,42,,google_robot_pick_coke_can,50,,,,,,,,,,,,,,,,,,,,,,,,,,,,,,,,,,,
/home/user/BiVLA/artifacts/results/mentor_2026-09-11/results/cronusvla_simplerenv_fractal/original/google_robot_place_apple_in_closed_top_drawer/summary.json,cronusvla_simplerenv_fractal,original,google_robot_place_apple_in_closed_top_drawer,completed,original,,original,simpler_google_robot_fractal,50,0,,,,0,int,,Google Robot/Fractal SimplerEnv setup; report only completed paired rollouts.,<absent>,google_robot,fractal20220817_data,False,True,True,<absent>,2,,,,,models/cronusvla_0.5B_bridge_rt_1/checkpoints/step-042500-epoch-07-loss=0.0587.pt,original,original,,,,,,,0.2,,,,,,,,,,,,,,,artifacts/results/cronusvla_simplerenv_fractal/original/google_robot_place_apple_in_closed_top_drawer,,,1,0.01,0.03,0.995,0.01,42,,google_robot_place_apple_in_closed_top_drawer,50,,,,,,,,,,,,,,,,,,,,,,,,,,,,,,,,,,,
/home/user/BiVLA/artifacts/results/mentor_2026-09-11/results/cronusvla_simplerenv_fractal/temporal_fusion_conservative_adaptive/google_robot_close_drawer/summary.json,cronusvla_simplerenv_fractal,temporal_fusion_conservative_adaptive,google_robot_close_drawer,completed,temporal_fusion,,temporal_fusion_conservative_adaptive,simpler_google_robot_fractal,50,25,,,,0,int,,Google Robot/Fractal SimplerEnv setup; report only completed paired rollouts.,<absent>,google_robot,fractal20220817_data,False,True,True,<absent>,2,,,,,models/cronusvla_0.5B_bridge_rt_1/checkpoints/step-042500-epoch-07-loss=0.0587.pt,temporal_fusion,temporal_fusion_conservative_adaptive,,,,,,,0.2,,,,,,,,,,,,,,,artifacts/results/cronusvla_simplerenv_fractal/temporal_fusion_conservative_adaptive/google_robot_close_drawer,,,1,0.01,0.03,0.995,0.01,42,,google_robot_close_drawer,50,,,,,,,,,,,,,,,,,,,,,,,,,,,,,,,,,,,
/home/user/BiVLA/artifacts/results/mentor_2026-09-11/results/cronusvla_simplerenv_fractal/temporal_fusion_conservative_adaptive/google_robot_move_near/summary.json,cronusvla_simplerenv_fractal,temporal_fusion_conservative_adaptive,google_robot_move_near,completed,temporal_fusion,,temporal_fusion_conservative_adaptive,simpler_google_robot_fractal,50,50,,,,0,int,,Google Robot/Fractal SimplerEnv setup; report only completed paired rollouts.,<absent>,google_robot,fractal20220817_data,False,True,True,<absent>,2,,,,,models/cronusvla_0.5B_bridge_rt_1/checkpoints/step-042500-epoch-07-loss=0.0587.pt,temporal_fusion,temporal_fusion_conservative_adaptive,,,,,,,0.2,,,,,,,,,,,,,,,artifacts/results/cronusvla_simplerenv_fractal/temporal_fusion_conservative_adaptive/google_robot_move_near,,,1,0.01,0.03,0.995,0.01,42,,google_robot_move_near,50,,,,,,,,,,,,,,,,,,,,,,,,,,,,,,,,,,,
/home/user/BiVLA/artifacts/results/mentor_2026-09-11/results/cronusvla_simplerenv_fractal/temporal_fusion_conservative_adaptive/google_robot_open_drawer/summary.json,cronusvla_simplerenv_fractal,temporal_fusion_conservative_adaptive,google_robot_open_drawer,completed,temporal_fusion,,temporal_fusion_conservative_adaptive,simpler_google_robot_fractal,50,18,,,,0,int,,Google Robot/Fractal SimplerEnv setup; report only completed paired rollouts.,<absent>,google_robot,fractal20220817_data,False,True,True,<absent>,2,,,,,models/cronusvla_0.5B_bridge_rt_1/checkpoints/step-042500-epoch-07-loss=0.0587.pt,temporal_fusion,temporal_fusion_conservative_adaptive,,,,,,,0.2,,,,,,,,,,,,,,,artifacts/results/cronusvla_simplerenv_fractal/temporal_fusion_conservative_adaptive/google_robot_open_drawer,,,1,0.01,0.03,0.995,0.01,42,,google_robot_open_drawer,50,,,,,,,,,,,,,,,,,,,,,,,,,,,,,,,,,,,
/home/user/BiVLA/artifacts/results/mentor_2026-09-11/results/cronusvla_simplerenv_fractal/temporal_fusion_conservative_adaptive/google_robot_pick_coke_can/summary.json,cronusvla_simplerenv_fractal,temporal_fusion_conservative_adaptive,google_robot_pick_coke_can,completed,temporal_fusion,,temporal_fusion_conservative_adaptive,simpler_google_robot_fractal,50,50,,,,0,int,,Google Robot/Fractal SimplerEnv setup; report only completed paired rollouts.,<absent>,google_robot,fractal20220817_data,False,True,True,<absent>,2,,,,,models/cronusvla_0.5B_bridge_rt_1/checkpoints/step-042500-epoch-07-loss=0.0587.pt,temporal_fusion,temporal_fusion_conservative_adaptive,,,,,,,0.2,,,,,,,,,,,,,,,artifacts/results/cronusvla_simplerenv_fractal/temporal_fusion_conservative_adaptive/google_robot_pick_coke_can,,,1,0.01,0.03,0.995,0.01,42,,google_robot_pick_coke_can,50,,,,,,,,,,,,,,,,,,,,,,,,,,,,,,,,,,,
/home/user/BiVLA/artifacts/results/mentor_2026-09-11/results/cronusvla_simplerenv_fractal/temporal_fusion_conservative_adaptive/google_robot_place_apple_in_closed_top_drawer/summary.json,cronusvla_simplerenv_fractal,temporal_fusion_conservative_adaptive,google_robot_place_apple_in_closed_top_drawer,completed,temporal_fusion,,temporal_fusion_conservative_adaptive,simpler_google_robot_fractal,50,0,,,,0,int,,Google Robot/Fractal SimplerEnv setup; report only completed paired rollouts.,<absent>,google_robot,fractal20220817_data,False,True,True,<absent>,2,,,,,models/cronusvla_0.5B_bridge_rt_1/checkpoints/step-042500-epoch-07-loss=0.0587.pt,temporal_fusion,temporal_fusion_conservative_adaptive,,,,,,,0.2,,,,,,,,,,,,,,,artifacts/results/cronusvla_simplerenv_fractal/temporal_fusion_conservative_adaptive/google_robot_place_apple_in_closed_top_drawer,,,1,0.01,0.03,0.995,0.01,42,,google_robot_place_apple_in_closed_top_drawer,50,,,,,,,,,,,,,,,,,,,,,,,,,,,,,,,,,,,
/home/user/BiVLA/artifacts/results/mentor_2026-09-11/results/cronusvla_simplerenv_fractal/temporal_fusion_motion_entropy/google_robot_close_drawer/summary.json,cronusvla_simplerenv_fractal,temporal_fusion_motion_entropy,google_robot_close_drawer,completed,temporal_fusion,,temporal_fusion_motion_entropy,simpler_google_robot_fractal,50,25,,,,0,int,,Google Robot/Fractal SimplerEnv setup; report only completed paired rollouts.,<absent>,google_robot,fractal20220817_data,False,True,True,<absent>,2,,,,,models/cronusvla_0.5B_bridge_rt_1/checkpoints/step-042500-epoch-07-loss=0.0587.pt,temporal_fusion,temporal_fusion_motion_entropy,,,,,,,0.2,,,,,,,,,,,,,,,artifacts/results/cronusvla_simplerenv_fractal/temporal_fusion_motion_entropy/google_robot_close_drawer,,,1,0.01,0.03,0.995,0.01,42,,google_robot_close_drawer,50,,,,,,,,,,,,,,,,,,,,,,,,,,,,,,,,,,,
/home/user/BiVLA/artifacts/results/mentor_2026-09-11/results/cronusvla_simplerenv_fractal/temporal_fusion_motion_entropy/google_robot_move_near/summary.json,cronusvla_simplerenv_fractal,temporal_fusion_motion_entropy,google_robot_move_near,completed,temporal_fusion,,temporal_fusion_motion_entropy,simpler_google_robot_fractal,50,50,,,,0,int,,Google Robot/Fractal SimplerEnv setup; report only completed paired rollouts.,<absent>,google_robot,fractal20220817_data,False,True,True,<absent>,2,,,,,models/cronusvla_0.5B_bridge_rt_1/checkpoints/step-042500-epoch-07-loss=0.0587.pt,temporal_fusion,temporal_fusion_motion_entropy,,,,,,,0.2,,,,,,,,,,,,,,,artifacts/results/cronusvla_simplerenv_fractal/temporal_fusion_motion_entropy/google_robot_move_near,,,1,0.01,0.03,0.995,0.01,42,,google_robot_move_near,50,,,,,,,,,,,,,,,,,,,,,,,,,,,,,,,,,,,
/home/user/BiVLA/artifacts/results/mentor_2026-09-11/results/cronusvla_simplerenv_fractal/temporal_fusion_motion_entropy/google_robot_open_drawer/summary.json,cronusvla_simplerenv_fractal,temporal_fusion_motion_entropy,google_robot_open_drawer,completed,temporal_fusion,,temporal_fusion_motion_entropy,simpler_google_robot_fractal,50,18,,,,0,int,,Google Robot/Fractal SimplerEnv setup; report only completed paired rollouts.,<absent>,google_robot,fractal20220817_data,False,True,True,<absent>,2,,,,,models/cronusvla_0.5B_bridge_rt_1/checkpoints/step-042500-epoch-07-loss=0.0587.pt,temporal_fusion,temporal_fusion_motion_entropy,,,,,,,0.2,,,,,,,,,,,,,,,artifacts/results/cronusvla_simplerenv_fractal/temporal_fusion_motion_entropy/google_robot_open_drawer,,,1,0.01,0.03,0.995,0.01,42,,google_robot_open_drawer,50,,,,,,,,,,,,,,,,,,,,,,,,,,,,,,,,,,,
/home/user/BiVLA/artifacts/results/mentor_2026-09-11/results/cronusvla_simplerenv_fractal/temporal_fusion_motion_entropy/google_robot_pick_coke_can/summary.json,cronusvla_simplerenv_fractal,temporal_fusion_motion_entropy,google_robot_pick_coke_can,completed,temporal_fusion,,temporal_fusion_motion_entropy,simpler_google_robot_fractal,50,50,,,,0,int,,Google Robot/Fractal SimplerEnv setup; report only completed paired rollouts.,<absent>,google_robot,fractal20220817_data,False,True,True,<absent>,2,,,,,models/cronusvla_0.5B_bridge_rt_1/checkpoints/step-042500-epoch-07-loss=0.0587.pt,temporal_fusion,temporal_fusion_motion_entropy,,,,,,,0.2,,,,,,,,,,,,,,,artifacts/results/cronusvla_simplerenv_fractal/temporal_fusion_motion_entropy/google_robot_pick_coke_can,,,1,0.01,0.03,0.995,0.01,42,,google_robot_pick_coke_can,50,,,,,,,,,,,,,,,,,,,,,,,,,,,,,,,,,,,
/home/user/BiVLA/artifacts/results/mentor_2026-09-11/results/cronusvla_simplerenv_fractal/temporal_fusion_motion_entropy/google_robot_place_apple_in_closed_top_drawer/summary.json,cronusvla_simplerenv_fractal,temporal_fusion_motion_entropy,google_robot_place_apple_in_closed_top_drawer,completed,temporal_fusion,,temporal_fusion_motion_entropy,simpler_google_robot_fractal,50,0,,,,0,int,,Google Robot/Fractal SimplerEnv setup; report only completed paired rollouts.,<absent>,google_robot,fractal20220817_data,False,True,True,<absent>,2,,,,,models/cronusvla_0.5B_bridge_rt_1/checkpoints/step-042500-epoch-07-loss=0.0587.pt,temporal_fusion,temporal_fusion_motion_entropy,,,,,,,0.2,,,,,,,,,,,,,,,artifacts/results/cronusvla_simplerenv_fractal/temporal_fusion_motion_entropy/google_robot_place_apple_in_closed_top_drawer,,,1,0.01,0.03,0.995,0.01,42,,google_robot_place_apple_in_closed_top_drawer,50,,,,,,,,,,,,,,,,,,,,,,,,,,,,,,,,,,,
/home/user/BiVLA/artifacts/results/mentor_2026-09-11/results/cronusvla_simplerenv_fractal/temporal_fusion_task_aware/google_robot_close_drawer/summary.json,cronusvla_simplerenv_fractal,temporal_fusion_task_aware,google_robot_close_drawer,completed,temporal_fusion,,temporal_fusion_task_aware,simpler_google_robot_fractal,50,25,,,,0,int,,Google Robot/Fractal SimplerEnv setup; report only completed paired rollouts.,<absent>,google_robot,fractal20220817_data,False,True,True,<absent>,2,,,,,models/cronusvla_0.5B_bridge_rt_1/checkpoints/step-042500-epoch-07-loss=0.0587.pt,temporal_fusion,temporal_fusion_task_aware,,,,,,,0.2,,,,,,,,,,,,,,,artifacts/results/cronusvla_simplerenv_fractal/temporal_fusion_task_aware/google_robot_close_drawer,,,1,0.01,0.03,0.995,0.01,42,,google_robot_close_drawer,50,,,,,,,,,,,,,,,,,,,,,,,,,,,,,,,,,,,
/home/user/BiVLA/artifacts/results/mentor_2026-09-11/results/cronusvla_simplerenv_fractal/temporal_fusion_task_aware/google_robot_move_near/summary.json,cronusvla_simplerenv_fractal,temporal_fusion_task_aware,google_robot_move_near,completed,temporal_fusion,,temporal_fusion_task_aware,simpler_google_robot_fractal,50,50,,,,0,int,,Google Robot/Fractal SimplerEnv setup; report only completed paired rollouts.,<absent>,google_robot,fractal20220817_data,False,True,True,<absent>,2,,,,,models/cronusvla_0.5B_bridge_rt_1/checkpoints/step-042500-epoch-07-loss=0.0587.pt,temporal_fusion,temporal_fusion_task_aware,,,,,,,0.2,,,,,,,,,,,,,,,artifacts/results/cronusvla_simplerenv_fractal/temporal_fusion_task_aware/google_robot_move_near,,,1,0.01,0.03,0.995,0.01,42,,google_robot_move_near,50,,,,,,,,,,,,,,,,,,,,,,,,,,,,,,,,,,,
/home/user/BiVLA/artifacts/results/mentor_2026-09-11/results/cronusvla_simplerenv_fractal/temporal_fusion_task_aware/google_robot_open_drawer/summary.json,cronusvla_simplerenv_fractal,temporal_fusion_task_aware,google_robot_open_drawer,completed,temporal_fusion,,temporal_fusion_task_aware,simpler_google_robot_fractal,50,18,,,,0,int,,Google Robot/Fractal SimplerEnv setup; report only completed paired rollouts.,<absent>,google_robot,fractal20220817_data,False,True,True,<absent>,2,,,,,models/cronusvla_0.5B_bridge_rt_1/checkpoints/step-042500-epoch-07-loss=0.0587.pt,temporal_fusion,temporal_fusion_task_aware,,,,,,,0.2,,,,,,,,,,,,,,,artifacts/results/cronusvla_simplerenv_fractal/temporal_fusion_task_aware/google_robot_open_drawer,,,1,0.01,0.03,0.995,0.01,42,,google_robot_open_drawer,50,,,,,,,,,,,,,,,,,,,,,,,,,,,,,,,,,,,
/home/user/BiVLA/artifacts/results/mentor_2026-09-11/results/cronusvla_simplerenv_fractal/temporal_fusion_task_aware/google_robot_pick_coke_can/summary.json,cronusvla_simplerenv_fractal,temporal_fusion_task_aware,google_robot_pick_coke_can,completed,temporal_fusion,,temporal_fusion_task_aware,simpler_google_robot_fractal,50,50,,,,0,int,,Google Robot/Fractal SimplerEnv setup; report only completed paired rollouts.,<absent>,google_robot,fractal20220817_data,False,True,True,<absent>,2,,,,,models/cronusvla_0.5B_bridge_rt_1/checkpoints/step-042500-epoch-07-loss=0.0587.pt,temporal_fusion,temporal_fusion_task_aware,,,,,,,0.2,,,,,,,,,,,,,,,artifacts/results/cronusvla_simplerenv_fractal/temporal_fusion_task_aware/google_robot_pick_coke_can,,,1,0.01,0.03,0.995,0.01,42,,google_robot_pick_coke_can,50,,,,,,,,,,,,,,,,,,,,,,,,,,,,,,,,,,,
/home/user/BiVLA/artifacts/results/mentor_2026-09-11/results/cronusvla_simplerenv_fractal/temporal_fusion_task_aware/google_robot_place_apple_in_closed_top_drawer/summary.json,cronusvla_simplerenv_fractal,temporal_fusion_task_aware,google_robot_place_apple_in_closed_top_drawer,completed,temporal_fusion,,temporal_fusion_task_aware,simpler_google_robot_fractal,50,0,,,,0,int,,Google Robot/Fractal SimplerEnv setup; report only completed paired rollouts.,<absent>,google_robot,fractal20220817_data,False,True,True,<absent>,2,,,,,models/cronusvla_0.5B_bridge_rt_1/checkpoints/step-042500-epoch-07-loss=0.0587.pt,temporal_fusion,temporal_fusion_task_aware,,,,,,,0.2,,,,,,,,,,,,,,,artifacts/results/cronusvla_simplerenv_fractal/temporal_fusion_task_aware/google_robot_place_apple_in_closed_top_drawer,,,1,0.01,0.03,0.995,0.01,42,,google_robot_place_apple_in_closed_top_drawer,50,,,,,,,,,,,,,,,,,,,,,,,,,,,,,,,,,,,
/home/user/BiVLA/artifacts/results/mentor_2026-09-11/results/minivla_simplerenv/action_repeat2/summary.json,minivla_simplerenv,action_repeat2,,completed,action_repeat,minivla_simplerenv,action_repeat2,simpler_widowx,200,60,0.3,33.395,33.545,,NoneType,,Task success and timing from SimplerEnv rollouts. Compare paired seeds across conditions; synthetic action agreement is not used.,<absent>,<absent>,<absent>,False,False,False,[],2,,,,,/home/soumyara004/soumyaratnadebnath/VisionLanguageAction/models/minivla-vq-bridge-prismatic,action_repeat,,,,,1,cuda:0,,0.2,False,,,,,,,,150,,,,,50,/home/soumyara004/soumyaratnadebnath/VisionLanguageAction/artifacts/results/minivla_simplerenv_action_repeat_50,,,,,,,,42,,,,,,,bridge_dataset,,prism-qwen25-extra-dinosiglip-224px+0_5b,False,,224,,,prism-qwen25-extra-dinosiglip-224px+0_5b,,,,/home/soumyara004/soumyaratnadebnath/VisionLanguageAction/models/minivla-vq-bridge-prismatic,/home/soumyara004/soumyaratnadebnath/VisionLanguageAction/models/minivla-vq-bridge-prismatic/checkpoints/step-362500-epoch-21-loss=0.2259.pt,5554882540,simpler_widowx,,,,,,,,,,,,False,0,0.0,,
/home/user/BiVLA/artifacts/results/mentor_2026-09-11/results/minivla_simplerenv/action_repeat4/summary.json,minivla_simplerenv,action_repeat4,,completed,action_repeat,minivla_simplerenv,action_repeat4,simpler_widowx,200,58,0.29,50.085,16.83,,NoneType,,Task success and timing from SimplerEnv rollouts. Compare paired seeds across conditions; synthetic action agreement is not used.,<absent>,<absent>,<absent>,False,False,False,[],4,,,,,/home/soumyara004/soumyaratnadebnath/VisionLanguageAction/models/minivla-vq-bridge-prismatic,action_repeat,,,,,1,cuda:0,,0.2,False,,,,,,,,150,,,,,50,/home/soumyara004/soumyaratnadebnath/VisionLanguageAction/artifacts/results/minivla_simplerenv_action_repeat_4_50,,,,,,,,42,,,,,,,bridge_dataset,,prism-qwen25-extra-dinosiglip-224px+0_5b,False,,224,,,prism-qwen25-extra-dinosiglip-224px+0_5b,,,,/home/soumyara004/soumyaratnadebnath/VisionLanguageAction/models/minivla-vq-bridge-prismatic,/home/soumyara004/soumyaratnadebnath/VisionLanguageAction/models/minivla-vq-bridge-prismatic/checkpoints/step-362500-epoch-21-loss=0.2259.pt,5554882540,simpler_widowx,,,,,,,,,,,,False,0,0.0,,
/home/user/BiVLA/artifacts/results/mentor_2026-09-11/results/minivla_simplerenv/depth_pruning1/summary.json,minivla_simplerenv,depth_pruning1,,completed,depth_pruning,minivla_simplerenv,depth_pruning1,simpler_widowx,200,37,0.185,0.0,67.435,,NoneType,,Task success and timing from SimplerEnv rollouts. Compare paired seeds across conditions; synthetic action agreement is not used.,<absent>,<absent>,<absent>,False,False,False,[13],2,,,,,/home/soumyara004/soumyaratnadebnath/VisionLanguageAction/models/minivla-vq-bridge-prismatic,depth_pruning,,,,,1,cuda:0,,0.2,False,,,,,,,,150,,,,,50,/home/soumyara004/soumyaratnadebnath/VisionLanguageAction/artifacts/results/minivla_simplerenv_depth_pruning_50,,,,,,,,42,,,,,,,bridge_dataset,,prism-qwen25-extra-dinosiglip-224px+0_5b,False,,224,,,prism-qwen25-extra-dinosiglip-224px+0_5b,,,,/home/soumyara004/soumyaratnadebnath/VisionLanguageAction/models/minivla-vq-bridge-prismatic,/home/soumyara004/soumyaratnadebnath/VisionLanguageAction/models/minivla-vq-bridge-prismatic/checkpoints/step-362500-epoch-21-loss=0.2259.pt,5554882540,simpler_widowx,,,,,"[0.14817626774311066, 0.04301217198371887, 0.01849733293056488, 0.01711106300354004, 0.01467868685722351, 0.01693706214427948, 0.01398611068725586, 0.013174578547477722, 0.018696963787078857, 0.01890990138053894, 0.018763810396194458, 0.01155167818069458, 0.013641640543937683, 0.009715631604194641, 0.03628149628639221, 0.019435152411460876, 0.04481019079685211, 0.03086298704147339, 0.04003442823886871, 0.053421348333358765, 0.08763644099235535, 0.08497366309165955, 0.08615285158157349, 0.24608956277370453]",,,,,,,False,0,0.0,,
/home/user/BiVLA/artifacts/results/mentor_2026-09-11/results/minivla_simplerenv/depth_pruning2/summary.json,minivla_simplerenv,depth_pruning2,,completed,depth_pruning,minivla_simplerenv,depth_pruning2,simpler_widowx,200,0,0.0,0.0,75.0,,NoneType,,Task success and timing from SimplerEnv rollouts. Compare paired seeds across conditions; synthetic action agreement is not used.,<absent>,<absent>,<absent>,False,False,False,"[11, 13]",2,,,,,/home/soumyara004/soumyaratnadebnath/VisionLanguageAction/models/minivla-vq-bridge-prismatic,depth_pruning,,,,,2,cuda:0,,0.2,False,,,,,,,,150,,,,,50,/home/soumyara004/soumyaratnadebnath/VisionLanguageAction/artifacts/results/minivla_simplerenv_depth_pruning_2_50,,,,,,,,42,,,,,,,bridge_dataset,,prism-qwen25-extra-dinosiglip-224px+0_5b,False,,224,,,prism-qwen25-extra-dinosiglip-224px+0_5b,,,,/home/soumyara004/soumyaratnadebnath/VisionLanguageAction/models/minivla-vq-bridge-prismatic,/home/soumyara004/soumyaratnadebnath/VisionLanguageAction/models/minivla-vq-bridge-prismatic/checkpoints/step-362500-epoch-21-loss=0.2259.pt,5554882540,simpler_widowx,,,,,"[0.14817626774311066, 0.04301217198371887, 0.01849733293056488, 0.01711106300354004, 0.01467868685722351, 0.01693706214427948, 0.01398611068725586, 0.013174578547477722, 0.018696963787078857, 0.01890990138053894, 0.018763810396194458, 0.01155167818069458, 0.013641640543937683, 0.009715631604194641, 0.03628149628639221, 0.019435152411460876, 0.04481019079685211, 0.03086298704147339, 0.04003442823886871, 0.053421348333358765, 0.08763644099235535, 0.08497366309165955, 0.08615285158157349, 0.24608956277370453]",,,,,,,False,0,0.0,,
/home/user/BiVLA/artifacts/results/mentor_2026-09-11/results/minivla_simplerenv/depth_pruning4/summary.json,minivla_simplerenv,depth_pruning4,,completed,depth_pruning,minivla_simplerenv,depth_pruning4,simpler_widowx,200,0,0.0,0.0,75.0,,NoneType,,Task success and timing from SimplerEnv rollouts. Compare paired seeds across conditions; synthetic action agreement is not used.,<absent>,<absent>,<absent>,False,False,False,"[7, 9, 11, 13]",2,,,,,/home/soumyara004/soumyaratnadebnath/VisionLanguageAction/models/minivla-vq-bridge-prismatic,depth_pruning,,,,,4,cuda:0,,0.2,False,,,,,,,,150,,,,,50,/home/soumyara004/soumyaratnadebnath/VisionLanguageAction/artifacts/results/minivla_simplerenv_depth_pruning_4_50,,,,,,,,42,,,,,,,bridge_dataset,,prism-qwen25-extra-dinosiglip-224px+0_5b,False,,224,,,prism-qwen25-extra-dinosiglip-224px+0_5b,,,,/home/soumyara004/soumyaratnadebnath/VisionLanguageAction/models/minivla-vq-bridge-prismatic,/home/soumyara004/soumyaratnadebnath/VisionLanguageAction/models/minivla-vq-bridge-prismatic/checkpoints/step-362500-epoch-21-loss=0.2259.pt,5554882540,simpler_widowx,,,,,"[0.14817626774311066, 0.04301217198371887, 0.01849733293056488, 0.01711106300354004, 0.01467868685722351, 0.01693706214427948, 0.01398611068725586, 0.013174578547477722, 0.018696963787078857, 0.01890990138053894, 0.018763810396194458, 0.01155167818069458, 0.013641640543937683, 0.009715631604194641, 0.03628149628639221, 0.019435152411460876, 0.04481019079685211, 0.03086298704147339, 0.04003442823886871, 0.053421348333358765, 0.08763644099235535, 0.08497366309165955, 0.08615285158157349, 0.24608956277370453]",,,,,,,False,0,0.0,,
/home/user/BiVLA/artifacts/results/mentor_2026-09-11/results/minivla_simplerenv/fixed_foveation_keep20/summary.json,minivla_simplerenv,fixed_foveation_keep20,,completed,fixed_foveation,minivla_simplerenv,fixed_foveation_keep20,simpler_widowx,200,56,0.28,0.0,63.365,,NoneType,,Task success and timing from SimplerEnv rollouts. Compare paired seeds across conditions; synthetic action agreement is not used.,<absent>,<absent>,<absent>,False,False,False,[],2,,,,,/home/soumyara004/soumyaratnadebnath/VisionLanguageAction/models/minivla-vq-bridge-prismatic,fixed_foveation,,,,,1,cuda:0,,0.2,False,,,,,,,,150,,,,,50,/home/soumyara004/soumyaratnadebnath/VisionLanguageAction/artifacts/results/minivla_simplerenv_fixed_foveation_50,,,,,,,,42,,,,,,,bridge_dataset,,prism-qwen25-extra-dinosiglip-224px+0_5b,False,,224,,,prism-qwen25-extra-dinosiglip-224px+0_5b,,,,/home/soumyara004/soumyaratnadebnath/VisionLanguageAction/models/minivla-vq-bridge-prismatic,/home/soumyara004/soumyaratnadebnath/VisionLanguageAction/models/minivla-vq-bridge-prismatic/checkpoints/step-362500-epoch-21-loss=0.2259.pt,5554882540,simpler_widowx,,,,,,,,,,,,False,0,0.0,,
/home/user/BiVLA/artifacts/results/mentor_2026-09-11/results/minivla_simplerenv/fixed_foveation_keep50/summary.json,minivla_simplerenv,fixed_foveation_keep50,,completed,fixed_foveation,minivla_simplerenv,fixed_foveation_keep50,simpler_widowx,200,70,0.35,0.0,62.91,,NoneType,,Task success and timing from SimplerEnv rollouts. Compare paired seeds across conditions; synthetic action agreement is not used.,<absent>,<absent>,<absent>,False,False,False,[],2,,,,,/home/soumyara004/soumyaratnadebnath/VisionLanguageAction/models/minivla-vq-bridge-prismatic,fixed_foveation,,,,,1,cuda:0,,0.5,False,,,,,,,,150,,,,,50,/home/soumyara004/soumyaratnadebnath/VisionLanguageAction/artifacts/results/minivla_simplerenv_fixed_foveation_50pct_50,,,,,,,,42,,,,,,,bridge_dataset,,prism-qwen25-extra-dinosiglip-224px+0_5b,False,,224,,,prism-qwen25-extra-dinosiglip-224px+0_5b,,,,/home/soumyara004/soumyaratnadebnath/VisionLanguageAction/models/minivla-vq-bridge-prismatic,/home/soumyara004/soumyaratnadebnath/VisionLanguageAction/models/minivla-vq-bridge-prismatic/checkpoints/step-362500-epoch-21-loss=0.2259.pt,5554882540,simpler_widowx,,,,,,,,,,,,False,0,0.0,,
/home/user/BiVLA/artifacts/results/mentor_2026-09-11/results/minivla_simplerenv/guarded_reuse_aggressive/summary.json,minivla_simplerenv,guarded_reuse_aggressive,,completed,guarded_action_reuse,minivla_simplerenv,guarded_reuse_aggressive,simpler_widowx,200,67,0.335,2.64,62.73,,NoneType,,Task success and timing from SimplerEnv rollouts. Compare paired seeds across conditions; synthetic action agreement is not used.,<absent>,<absent>,<absent>,False,False,False,[],2,,,,,/home/soumyara004/soumyaratnadebnath/VisionLanguageAction/models/minivla-vq-bridge-prismatic,guarded_action_reuse,,,,,1,cuda:0,,0.2,False,,,,,,,,150,,,,,50,/home/soumyara004/soumyaratnadebnath/VisionLanguageAction/artifacts/results/minivla_simplerenv_guarded_action_reuse_aggressive_50,,,2,0.02,0.05,0.98,0.01,42,,,,,,,bridge_dataset,,prism-qwen25-extra-dinosiglip-224px+0_5b,False,,224,,,prism-qwen25-extra-dinosiglip-224px+0_5b,,,,/home/soumyara004/soumyaratnadebnath/VisionLanguageAction/models/minivla-vq-bridge-prismatic,/home/soumyara004/soumyaratnadebnath/VisionLanguageAction/models/minivla-vq-bridge-prismatic/checkpoints/step-362500-epoch-21-loss=0.2259.pt,5554882540,simpler_widowx,,,,,,,,,,,,False,0,0.0,,
/home/user/BiVLA/artifacts/results/mentor_2026-09-11/results/minivla_simplerenv/guarded_reuse_moderate/summary.json,minivla_simplerenv,guarded_reuse_moderate,,completed,guarded_action_reuse,minivla_simplerenv,guarded_reuse_moderate,simpler_widowx,200,72,0.36,2.715,61.325,,NoneType,,Task success and timing from SimplerEnv rollouts. Compare paired seeds across conditions; synthetic action agreement is not used.,<absent>,<absent>,<absent>,False,False,False,[],2,,,,,/home/soumyara004/soumyaratnadebnath/VisionLanguageAction/models/minivla-vq-bridge-prismatic,guarded_action_reuse,,,,,1,cuda:0,,0.2,False,,,,,,,,150,,,,,50,/home/soumyara004/soumyaratnadebnath/VisionLanguageAction/artifacts/results/minivla_simplerenv_guarded_action_reuse_moderate_50,,,1,0.015,0.04,0.99,0.01,42,,,,,,,bridge_dataset,,prism-qwen25-extra-dinosiglip-224px+0_5b,False,,224,,,prism-qwen25-extra-dinosiglip-224px+0_5b,,,,/home/soumyara004/soumyaratnadebnath/VisionLanguageAction/models/minivla-vq-bridge-prismatic,/home/soumyara004/soumyaratnadebnath/VisionLanguageAction/models/minivla-vq-bridge-prismatic/checkpoints/step-362500-epoch-21-loss=0.2259.pt,5554882540,simpler_widowx,,,,,,,,,,,,False,0,0.0,,
/home/user/BiVLA/artifacts/results/mentor_2026-09-11/results/minivla_simplerenv/guarded_reuse_strict/summary.json,minivla_simplerenv,guarded_reuse_strict,,completed,guarded_action_reuse,minivla_simplerenv,guarded_reuse_strict,simpler_widowx,200,77,0.385,1.96,60.69,,NoneType,,Task success and timing from SimplerEnv rollouts. Compare paired seeds across conditions; synthetic action agreement is not used.,<absent>,<absent>,<absent>,False,False,False,[],2,,,,,/home/soumyara004/soumyaratnadebnath/VisionLanguageAction/models/minivla-vq-bridge-prismatic,guarded_action_reuse,,,,,1,cuda:0,,0.2,False,,,,,,,,150,,,,,50,/home/soumyara004/soumyaratnadebnath/VisionLanguageAction/artifacts/results/minivla_simplerenv_guarded_action_reuse_50,,,,,,,,42,,,,,,,bridge_dataset,,prism-qwen25-extra-dinosiglip-224px+0_5b,False,,224,,,prism-qwen25-extra-dinosiglip-224px+0_5b,,,,/home/soumyara004/soumyaratnadebnath/VisionLanguageAction/models/minivla-vq-bridge-prismatic,/home/soumyara004/soumyaratnadebnath/VisionLanguageAction/models/minivla-vq-bridge-prismatic/checkpoints/step-362500-epoch-21-loss=0.2259.pt,5554882540,simpler_widowx,,,,,,,,,,,,False,0,0.0,,
/home/user/BiVLA/artifacts/results/mentor_2026-09-11/results/minivla_simplerenv/original/summary.json,minivla_simplerenv,original,,completed,original,minivla_simplerenv,original,simpler_widowx,200,72,0.36,0.0,63.84,,NoneType,,Task success and timing from SimplerEnv rollouts. Compare paired seeds across conditions; synthetic action agreement is not used.,<absent>,<absent>,<absent>,False,False,False,[],2,,,,,/home/soumyara004/soumyaratnadebnath/VisionLanguageAction/models/minivla-vq-bridge-prismatic,original,,,,,1,cuda:0,,0.2,False,,,,,,,,150,,,,,50,/home/soumyara004/soumyaratnadebnath/VisionLanguageAction/artifacts/results/minivla_simplerenv_original_50,,,,,,,,42,,,,,,,bridge_dataset,,prism-qwen25-extra-dinosiglip-224px+0_5b,False,,224,,,prism-qwen25-extra-dinosiglip-224px+0_5b,,,,/home/soumyara004/soumyaratnadebnath/VisionLanguageAction/models/minivla-vq-bridge-prismatic,/home/soumyara004/soumyaratnadebnath/VisionLanguageAction/models/minivla-vq-bridge-prismatic/checkpoints/step-362500-epoch-21-loss=0.2259.pt,5554882540,simpler_widowx,,,,,,,,,,,,False,0,0.0,,
/home/user/BiVLA/artifacts/results/mentor_2026-09-11/results/minivla_simplerenv/temporal_fusion_conservative_adaptive/summary.json,minivla_simplerenv,temporal_fusion_conservative_adaptive,,completed,temporal_fusion,minivla_simplerenv,temporal_fusion_conservative_adaptive,simpler_widowx,200,77,0.385,0.0,63.09,,NoneType,,Task success and timing from SimplerEnv rollouts. Compare paired seeds across conditions; synthetic action agreement is not used.,<absent>,<absent>,<absent>,False,False,False,[],2,,,,,/home/soumyara004/soumyaratnadebnath/VisionLanguageAction/models/minivla-vq-bridge-prismatic,temporal_fusion,,,,,1,cuda:0,,0.2,False,0.15,0.03,2,0.25,0.01,1,0.2,150,,,,,50,/home/soumyara004/soumyaratnadebnath/VisionLanguageAction/artifacts/results/minivla_simplerenv_temporal_fusion_conservative_50,,,1,0.01,0.03,0.995,0.01,42,,,,,,,bridge_dataset,,prism-qwen25-extra-dinosiglip-224px+0_5b,False,,224,,,prism-qwen25-extra-dinosiglip-224px+0_5b,,,,/home/soumyara004/soumyaratnadebnath/VisionLanguageAction/models/minivla-vq-bridge-prismatic,/home/soumyara004/soumyaratnadebnath/VisionLanguageAction/models/minivla-vq-bridge-prismatic/checkpoints/step-362500-epoch-21-loss=0.2259.pt,5554882540,simpler_widowx,,,,,,,,,,,,False,11417,64.0,,
/home/user/BiVLA/artifacts/results/mentor_2026-09-11/results/minivla_simplerenv/temporal_fusion_motion_entropy/summary.json,minivla_simplerenv,temporal_fusion_motion_entropy,,completed,temporal_fusion,minivla_simplerenv,temporal_fusion_motion_entropy,simpler_widowx,200,78,0.39,0.0,61.165,,NoneType,,Task success and timing from SimplerEnv rollouts. Compare paired seeds across conditions; synthetic action agreement is not used.,<absent>,<absent>,<absent>,False,False,False,[],2,,,,,/home/soumyara004/soumyaratnadebnath/VisionLanguageAction/models/minivla-vq-bridge-prismatic,temporal_fusion,,,,,1,cuda:0,,0.2,False,,,,,,,,150,,,,,50,/home/soumyara004/soumyaratnadebnath/VisionLanguageAction/artifacts/results/minivla_simplerenv_temporal_fusion_50,,,,,,,,42,,,,,,,bridge_dataset,,prism-qwen25-extra-dinosiglip-224px+0_5b,False,,224,,,prism-qwen25-extra-dinosiglip-224px+0_5b,,,,/home/soumyara004/soumyaratnadebnath/VisionLanguageAction/models/minivla-vq-bridge-prismatic,/home/soumyara004/soumyaratnadebnath/VisionLanguageAction/models/minivla-vq-bridge-prismatic/checkpoints/step-362500-epoch-21-loss=0.2259.pt,5554882540,simpler_widowx,,,,,,,,,,,,False,4102,107.0,,
/home/user/BiVLA/artifacts/results/mentor_2026-09-11/results/minivla_simplerenv/temporal_fusion_task_aware/summary.json,minivla_simplerenv,temporal_fusion_task_aware,,completed,temporal_fusion,minivla_simplerenv,temporal_fusion_task_aware,simpler_widowx,200,71,0.355,0.0,63.64,,NoneType,,Task success and timing from SimplerEnv rollouts. Compare paired seeds across conditions; synthetic action agreement is not used.,<absent>,<absent>,<absent>,False,False,False,[],2,,,,,/home/soumyara004/soumyaratnadebnath/VisionLanguageAction/models/minivla-vq-bridge-prismatic,temporal_fusion,,,,,1,cuda:0,,0.2,True,0.15,,3,0.5,0.01,1,0.2,150,,,,,50,/home/soumyara004/soumyaratnadebnath/VisionLanguageAction/artifacts/results/minivla_simplerenv_temporal_fusion_task_aware_50,,,1,0.01,0.03,0.995,0.01,42,,,,,,,bridge_dataset,,prism-qwen25-extra-dinosiglip-224px+0_5b,False,,224,,,prism-qwen25-extra-dinosiglip-224px+0_5b,,,,/home/soumyara004/soumyaratnadebnath/VisionLanguageAction/models/minivla-vq-bridge-prismatic,/home/soumyara004/soumyaratnadebnath/VisionLanguageAction/models/minivla-vq-bridge-prismatic/checkpoints/step-362500-epoch-21-loss=0.2259.pt,5554882540,simpler_widowx,,,,,,,,,,,,True,4267,68.0,,
/home/user/BiVLA/artifacts/results/mentor_2026-09-11/results/openvla_libero/action_repeat2/libero_10/summary.json,openvla_libero,action_repeat2,libero_10,completed,action_repeat,openvla_libero,action_repeat2,libero_10,100,46,0.46,203.62,203.85,0,int,,Task success and timing from LIBERO rollouts. Compare paired seeds across conditions; synthetic action agreement is not used.,<absent>,<absent>,<absent>,False,False,False,[],2,,,,,/home/soumyara004/soumyaratnadebnath/VisionLanguageAction/models/openvla_libero/openvla-7b-finetuned-libero-10,action_repeat,action_repeat2,,,,1,cuda:0,,0.2,False,0.15,,3,0.5,0.01,1,0.2,520,openvla_libero,,,,10,/home/soumyara004/soumyaratnadebnath/VisionLanguageAction/artifacts/results/openvla_libero/action_repeat2/libero_10,,True,1,0.01,0.03,0.995,0.01,42,,"libero_10__task_0,libero_10__task_1,libero_10__task_2,libero_10__task_3,libero_10__task_4,libero_10__task_5,libero_10__task_6,libero_10__task_7,libero_10__task_8,libero_10__task_9",,,,,libero_10,,openvla-7b,False,,224,,/home/soumyara004/soumyaratnadebnath/VisionLanguageAction/third_party/LIBERO,openvla-7b,,,,/home/soumyara004/soumyaratnadebnath/VisionLanguageAction/models/openvla_libero/openvla-7b-finetuned-libero-10,/home/soumyara004/soumyaratnadebnath/VisionLanguageAction/models/openvla_libero/openvla-7b-finetuned-libero-10,15082600832,libero_10,,,,,,,,,,,,False,0,0.0,,
/home/user/BiVLA/artifacts/results/mentor_2026-09-11/results/openvla_libero/action_repeat2/libero_goal/summary.json,openvla_libero,action_repeat2,libero_goal,completed,action_repeat,openvla_libero,action_repeat2,libero_goal,100,68,0.68,87.42,87.74,0,int,,Task success and timing from LIBERO rollouts. Compare paired seeds across conditions; synthetic action agreement is not used.,<absent>,<absent>,<absent>,False,False,False,[],2,,,,,/home/soumyara004/soumyaratnadebnath/VisionLanguageAction/models/openvla_libero/openvla-7b-finetuned-libero-goal,action_repeat,action_repeat2,,,,1,cuda:0,,0.2,False,0.15,,3,0.5,0.01,1,0.2,300,openvla_libero,,,,10,/home/soumyara004/soumyaratnadebnath/VisionLanguageAction/artifacts/results/openvla_libero/action_repeat2/libero_goal,,True,1,0.01,0.03,0.995,0.01,42,,"libero_goal__task_0,libero_goal__task_1,libero_goal__task_2,libero_goal__task_3,libero_goal__task_4,libero_goal__task_5,libero_goal__task_6,libero_goal__task_7,libero_goal__task_8,libero_goal__task_9",,,,,libero_goal,,openvla-7b,False,,224,,/home/soumyara004/soumyaratnadebnath/VisionLanguageAction/third_party/LIBERO,openvla-7b,,,,/home/soumyara004/soumyaratnadebnath/VisionLanguageAction/models/openvla_libero/openvla-7b-finetuned-libero-goal,/home/soumyara004/soumyaratnadebnath/VisionLanguageAction/models/openvla_libero/openvla-7b-finetuned-libero-goal,15082600832,libero_goal,,,,,,,,,,,,False,0,0.0,,
/home/user/BiVLA/artifacts/results/mentor_2026-09-11/results/openvla_libero/action_repeat2/libero_object/summary.json,openvla_libero,action_repeat2,libero_object,completed,action_repeat,openvla_libero,action_repeat2,libero_object,100,84,0.84,86.74,87.22,0,int,,Task success and timing from LIBERO rollouts. Compare paired seeds across conditions; synthetic action agreement is not used.,<absent>,<absent>,<absent>,False,False,False,[],2,,,,,/home/soumyara004/soumyaratnadebnath/VisionLanguageAction/models/openvla_libero/openvla-7b-finetuned-libero-object,action_repeat,action_repeat2,,,,1,cuda:0,,0.2,False,0.15,,3,0.5,0.01,1,0.2,280,openvla_libero,,,,10,/home/soumyara004/soumyaratnadebnath/VisionLanguageAction/artifacts/results/openvla_libero/action_repeat2/libero_object,,True,1,0.01,0.03,0.995,0.01,42,,"libero_object__task_0,libero_object__task_1,libero_object__task_2,libero_object__task_3,libero_object__task_4,libero_object__task_5,libero_object__task_6,libero_object__task_7,libero_object__task_8,libero_object__task_9",,,,,libero_object,,openvla-7b,False,,224,,/home/soumyara004/soumyaratnadebnath/VisionLanguageAction/third_party/LIBERO,openvla-7b,,,,/home/soumyara004/soumyaratnadebnath/VisionLanguageAction/models/openvla_libero/openvla-7b-finetuned-libero-object,/home/soumyara004/soumyaratnadebnath/VisionLanguageAction/models/openvla_libero/openvla-7b-finetuned-libero-object,15082600832,libero_object,,,,,,,,,,,,False,0,0.0,,
/home/user/BiVLA/artifacts/results/mentor_2026-09-11/results/openvla_libero/action_repeat2/libero_spatial/summary.json,openvla_libero,action_repeat2,libero_spatial,completed,action_repeat,openvla_libero,action_repeat2,libero_spatial,100,72,0.72,70.86,71.19,0,int,,Task success and timing from LIBERO rollouts. Compare paired seeds across conditions; synthetic action agreement is not used.,<absent>,<absent>,<absent>,False,False,False,[],2,,,,,/home/soumyara004/soumyaratnadebnath/VisionLanguageAction/models/openvla_libero/openvla-7b-finetuned-libero-spatial,action_repeat,action_repeat2,,,,1,cuda:0,,0.2,False,0.15,,3,0.5,0.01,1,0.2,220,openvla_libero,,,,10,/home/soumyara004/soumyaratnadebnath/VisionLanguageAction/artifacts/results/openvla_libero/action_repeat2/libero_spatial,,True,1,0.01,0.03,0.995,0.01,42,,"libero_spatial__task_0,libero_spatial__task_1,libero_spatial__task_2,libero_spatial__task_3,libero_spatial__task_4,libero_spatial__task_5,libero_spatial__task_6,libero_spatial__task_7,libero_spatial__task_8,libero_spatial__task_9",,,,,libero_spatial,,openvla-7b,False,,224,,/home/soumyara004/soumyaratnadebnath/VisionLanguageAction/third_party/LIBERO,openvla-7b,,,,/home/soumyara004/soumyaratnadebnath/VisionLanguageAction/models/openvla_libero/openvla-7b-finetuned-libero-spatial,/home/soumyara004/soumyaratnadebnath/VisionLanguageAction/models/openvla_libero/openvla-7b-finetuned-libero-spatial,15082600832,libero_spatial,,,,,,,,,,,,False,0,0.0,,
/home/user/BiVLA/artifacts/results/mentor_2026-09-11/results/openvla_libero/action_repeat4/libero_10/summary.json,openvla_libero,action_repeat4,libero_10,completed,action_repeat,openvla_libero,action_repeat4,libero_10,100,32,0.32,345.78,115.36,0,int,,Task success and timing from LIBERO rollouts. Compare paired seeds across conditions; synthetic action agreement is not used.,<absent>,<absent>,<absent>,False,False,False,[],4,,,,,/home/soumyara004/soumyaratnadebnath/VisionLanguageAction/models/openvla_libero/openvla-7b-finetuned-libero-10,action_repeat,action_repeat4,,,,1,cuda:0,,0.2,False,0.15,,3,0.5,0.01,1,0.2,520,openvla_libero,,,,10,/home/soumyara004/soumyaratnadebnath/VisionLanguageAction/artifacts/results/openvla_libero/action_repeat4/libero_10,,True,1,0.01,0.03,0.995,0.01,42,,"libero_10__task_0,libero_10__task_1,libero_10__task_2,libero_10__task_3,libero_10__task_4,libero_10__task_5,libero_10__task_6,libero_10__task_7,libero_10__task_8,libero_10__task_9",,,,,libero_10,,openvla-7b,False,,224,,/home/soumyara004/soumyaratnadebnath/VisionLanguageAction/third_party/LIBERO,openvla-7b,,,,/home/soumyara004/soumyaratnadebnath/VisionLanguageAction/models/openvla_libero/openvla-7b-finetuned-libero-10,/home/soumyara004/soumyaratnadebnath/VisionLanguageAction/models/openvla_libero/openvla-7b-finetuned-libero-10,15082600832,libero_10,,,,,,,,,,,,False,0,0.0,,
/home/user/BiVLA/artifacts/results/mentor_2026-09-11/results/openvla_libero/action_repeat4/libero_goal/summary.json,openvla_libero,action_repeat4,libero_goal,completed,action_repeat,openvla_libero,action_repeat4,libero_goal,100,60,0.6,144.33,48.41,0,int,,Task success and timing from LIBERO rollouts. Compare paired seeds across conditions; synthetic action agreement is not used.,<absent>,<absent>,<absent>,False,False,False,[],4,,,,,/home/soumyara004/soumyaratnadebnath/VisionLanguageAction/models/openvla_libero/openvla-7b-finetuned-libero-goal,action_repeat,action_repeat4,,,,1,cuda:0,,0.2,False,0.15,,3,0.5,0.01,1,0.2,300,openvla_libero,,,,10,/home/soumyara004/soumyaratnadebnath/VisionLanguageAction/artifacts/results/openvla_libero/action_repeat4/libero_goal,,True,1,0.01,0.03,0.995,0.01,42,,"libero_goal__task_0,libero_goal__task_1,libero_goal__task_2,libero_goal__task_3,libero_goal__task_4,libero_goal__task_5,libero_goal__task_6,libero_goal__task_7,libero_goal__task_8,libero_goal__task_9",,,,,libero_goal,,openvla-7b,False,,224,,/home/soumyara004/soumyaratnadebnath/VisionLanguageAction/third_party/LIBERO,openvla-7b,,,,/home/soumyara004/soumyaratnadebnath/VisionLanguageAction/models/openvla_libero/openvla-7b-finetuned-libero-goal,/home/soumyara004/soumyaratnadebnath/VisionLanguageAction/models/openvla_libero/openvla-7b-finetuned-libero-goal,15082600832,libero_goal,,,,,,,,,,,,False,0,0.0,,
/home/user/BiVLA/artifacts/results/mentor_2026-09-11/results/openvla_libero/action_repeat4/libero_object/summary.json,openvla_libero,action_repeat4,libero_object,completed,action_repeat,openvla_libero,action_repeat4,libero_object,100,59,0.59,158.77,53.24,0,int,,Task success and timing from LIBERO rollouts. Compare paired seeds across conditions; synthetic action agreement is not used.,<absent>,<absent>,<absent>,False,False,False,[],4,,,,,/home/soumyara004/soumyaratnadebnath/VisionLanguageAction/models/openvla_libero/openvla-7b-finetuned-libero-object,action_repeat,action_repeat4,,,,1,cuda:0,,0.2,False,0.15,,3,0.5,0.01,1,0.2,280,openvla_libero,,,,10,/home/soumyara004/soumyaratnadebnath/VisionLanguageAction/artifacts/results/openvla_libero/action_repeat4/libero_object,,True,1,0.01,0.03,0.995,0.01,42,,"libero_object__task_0,libero_object__task_1,libero_object__task_2,libero_object__task_3,libero_object__task_4,libero_object__task_5,libero_object__task_6,libero_object__task_7,libero_object__task_8,libero_object__task_9",,,,,libero_object,,openvla-7b,False,,224,,/home/soumyara004/soumyaratnadebnath/VisionLanguageAction/third_party/LIBERO,openvla-7b,,,,/home/soumyara004/soumyaratnadebnath/VisionLanguageAction/models/openvla_libero/openvla-7b-finetuned-libero-object,/home/soumyara004/soumyaratnadebnath/VisionLanguageAction/models/openvla_libero/openvla-7b-finetuned-libero-object,15082600832,libero_object,,,,,,,,,,,,False,0,0.0,,
/home/user/BiVLA/artifacts/results/mentor_2026-09-11/results/openvla_libero/action_repeat4/libero_spatial/summary.json,openvla_libero,action_repeat4,libero_spatial,completed,action_repeat,openvla_libero,action_repeat4,libero_spatial,100,47,0.47,132.02,44.22,0,int,,Task success and timing from LIBERO rollouts. Compare paired seeds across conditions; synthetic action agreement is not used.,<absent>,<absent>,<absent>,False,False,False,[],4,,,,,/home/soumyara004/soumyaratnadebnath/VisionLanguageAction/models/openvla_libero/openvla-7b-finetuned-libero-spatial,action_repeat,action_repeat4,,,,1,cuda:0,,0.2,False,0.15,,3,0.5,0.01,1,0.2,220,openvla_libero,,,,10,/home/soumyara004/soumyaratnadebnath/VisionLanguageAction/artifacts/results/openvla_libero/action_repeat4/libero_spatial,,True,1,0.01,0.03,0.995,0.01,42,,"libero_spatial__task_0,libero_spatial__task_1,libero_spatial__task_2,libero_spatial__task_3,libero_spatial__task_4,libero_spatial__task_5,libero_spatial__task_6,libero_spatial__task_7,libero_spatial__task_8,libero_spatial__task_9",,,,,libero_spatial,,openvla-7b,False,,224,,/home/soumyara004/soumyaratnadebnath/VisionLanguageAction/third_party/LIBERO,openvla-7b,,,,/home/soumyara004/soumyaratnadebnath/VisionLanguageAction/models/openvla_libero/openvla-7b-finetuned-libero-spatial,/home/soumyara004/soumyaratnadebnath/VisionLanguageAction/models/openvla_libero/openvla-7b-finetuned-libero-spatial,15082600832,libero_spatial,,,,,,,,,,,,False,0,0.0,,
/home/user/BiVLA/artifacts/results/mentor_2026-09-11/results/openvla_libero/depth_pruning1/libero_10/summary.json,openvla_libero,depth_pruning1,libero_10,completed,depth_pruning,openvla_libero,depth_pruning1,libero_10,100,53,0.53,0.0,398.62,0,int,,Task success and timing from LIBERO rollouts. Compare paired seeds across conditions; synthetic action agreement is not used.,<absent>,<absent>,<absent>,False,False,False,[23],2,,,,,/home/soumyara004/soumyaratnadebnath/VisionLanguageAction/models/openvla_libero/openvla-7b-finetuned-libero-10,depth_pruning,depth_pruning1,,,,1,cuda:0,,0.2,False,0.15,,3,0.5,0.01,1,0.2,520,openvla_libero,,,,10,/home/soumyara004/soumyaratnadebnath/VisionLanguageAction/artifacts/results/openvla_libero/depth_pruning1/libero_10,,True,1,0.01,0.03,0.995,0.01,42,,"libero_10__task_0,libero_10__task_1,libero_10__task_2,libero_10__task_3,libero_10__task_4,libero_10__task_5,libero_10__task_6,libero_10__task_7,libero_10__task_8,libero_10__task_9",,,,,libero_10,,openvla-7b,False,,224,,/home/soumyara004/soumyaratnadebnath/VisionLanguageAction/third_party/LIBERO,openvla-7b,,,,/home/soumyara004/soumyaratnadebnath/VisionLanguageAction/models/openvla_libero/openvla-7b-finetuned-libero-10,/home/soumyara004/soumyaratnadebnath/VisionLanguageAction/models/openvla_libero/openvla-7b-finetuned-libero-10,15082600832,libero_10,,,,,"[0.06274716258049011, 0.047311043739318846, 0.02156996726989746, 0.016177403926849365, 0.02009652853012085, 0.02121219038963318, 0.024611854553222658, 0.035215312242507936, 0.04350287318229675, 0.05206096768379211, 0.06145461201667786, 0.06441808342933655, 0.051923125982284546, 0.04964700937271118, 0.05945841073989868, 0.057165014743804934, 0.053915226459503175, 0.04331661462783813, 0.048284053802490234, 0.04184404015541077, 0.04214563369750977, 0.0397337019443512, 0.04682973027229309, 0.03358224630355835, 0.037196242809295656, 0.03765509724617004, 0.041637259721755984, 0.04187636971473694, 0.04863065481185913, 0.06314807534217834, 0.07585216760635376, 0.1339227855205536]",,,,,,,False,0,0.0,,
/home/user/BiVLA/artifacts/results/mentor_2026-09-11/results/openvla_libero/depth_pruning1/libero_goal/summary.json,openvla_libero,depth_pruning1,libero_goal,completed,depth_pruning,openvla_libero,depth_pruning1,libero_goal,100,72,0.72,0.0,165.43,0,int,,Task success and timing from LIBERO rollouts. Compare paired seeds across conditions; synthetic action agreement is not used.,<absent>,<absent>,<absent>,False,False,False,[17],2,,,,,/home/soumyara004/soumyaratnadebnath/VisionLanguageAction/models/openvla_libero/openvla-7b-finetuned-libero-goal,depth_pruning,depth_pruning1,,,,1,cuda:0,,0.2,False,0.15,,3,0.5,0.01,1,0.2,300,openvla_libero,,,,10,/home/soumyara004/soumyaratnadebnath/VisionLanguageAction/artifacts/results/openvla_libero/depth_pruning1/libero_goal,,True,1,0.01,0.03,0.995,0.01,42,,"libero_goal__task_0,libero_goal__task_1,libero_goal__task_2,libero_goal__task_3,libero_goal__task_4,libero_goal__task_5,libero_goal__task_6,libero_goal__task_7,libero_goal__task_8,libero_goal__task_9",,,,,libero_goal,,openvla-7b,False,,224,,/home/soumyara004/soumyaratnadebnath/VisionLanguageAction/third_party/LIBERO,openvla-7b,,,,/home/soumyara004/soumyaratnadebnath/VisionLanguageAction/models/openvla_libero/openvla-7b-finetuned-libero-goal,/home/soumyara004/soumyaratnadebnath/VisionLanguageAction/models/openvla_libero/openvla-7b-finetuned-libero-goal,15082600832,libero_goal,,,,,"[0.05300642848014832, 0.04306861758232117, 0.010078877210617065, 0.011001110076904297, 0.01479405164718628, 0.014965319633483886, 0.01683529019355774, 0.024057596921920776, 0.0319350004196167, 0.038137370347976686, 0.04814041256904602, 0.047944432497024535, 0.03625247478485107, 0.03544608950614929, 0.04878512620925903, 0.04049427509307861, 0.04175950288772583, 0.028595513105392455, 0.033574354648590085, 0.032952654361724856, 0.03083956241607666, 0.032520252466201785, 0.05767738223075867, 0.03098694682121277, 0.032514774799346925, 0.03281106948852539, 0.047372734546661376, 0.038819968700408936, 0.044997775554656984, 0.07100934982299804, 0.09568269848823548, 0.08906954526901245]",,,,,,,False,0,0.0,,
/home/user/BiVLA/artifacts/results/mentor_2026-09-11/results/openvla_libero/depth_pruning1/libero_object/summary.json,openvla_libero,depth_pruning1,libero_object,completed,depth_pruning,openvla_libero,depth_pruning1,libero_object,100,85,0.85,0.0,170.03,0,int,,Task success and timing from LIBERO rollouts. Compare paired seeds across conditions; synthetic action agreement is not used.,<absent>,<absent>,<absent>,False,False,False,[17],2,,,,,/home/soumyara004/soumyaratnadebnath/VisionLanguageAction/models/openvla_libero/openvla-7b-finetuned-libero-object,depth_pruning,depth_pruning1,,,,1,cuda:0,,0.2,False,0.15,,3,0.5,0.01,1,0.2,280,openvla_libero,,,,10,/home/soumyara004/soumyaratnadebnath/VisionLanguageAction/artifacts/results/openvla_libero/depth_pruning1/libero_object,,True,1,0.01,0.03,0.995,0.01,42,,"libero_object__task_0,libero_object__task_1,libero_object__task_2,libero_object__task_3,libero_object__task_4,libero_object__task_5,libero_object__task_6,libero_object__task_7,libero_object__task_8,libero_object__task_9",,,,,libero_object,,openvla-7b,False,,224,,/home/soumyara004/soumyaratnadebnath/VisionLanguageAction/third_party/LIBERO,openvla-7b,,,,/home/soumyara004/soumyaratnadebnath/VisionLanguageAction/models/openvla_libero/openvla-7b-finetuned-libero-object,/home/soumyara004/soumyaratnadebnath/VisionLanguageAction/models/openvla_libero/openvla-7b-finetuned-libero-object,15082600832,libero_object,,,,,"[0.05692232251167297, 0.04543273448944092, 0.010235738754272462, 0.011414223909378051, 0.015451776981353759, 0.013851594924926759, 0.016283947229385375, 0.025232183933258056, 0.031157970428466797, 0.03661450147628784, 0.052104604244232175, 0.04964964985847473, 0.036277419328689574, 0.033315622806549074, 0.04319036602973938, 0.038043665885925296, 0.03597378730773926, 0.024086356163024902, 0.029777336120605468, 0.027667295932769776, 0.027754807472229005, 0.027785623073577882, 0.04694668650627136, 0.030617254972457885, 0.03332631587982178, 0.03134839534759522, 0.045313185453414916, 0.03734312653541565, 0.04409016370773315, 0.06498101353645325, 0.07534706592559814, 0.10097380876541137]",,,,,,,False,0,0.0,,
/home/user/BiVLA/artifacts/results/mentor_2026-09-11/results/openvla_libero/depth_pruning1/libero_spatial/summary.json,openvla_libero,depth_pruning1,libero_spatial,completed,depth_pruning,openvla_libero,depth_pruning1,libero_spatial,100,62,0.62,0.0,149.98,0,int,,Task success and timing from LIBERO rollouts. Compare paired seeds across conditions; synthetic action agreement is not used.,<absent>,<absent>,<absent>,False,False,False,[8],2,,,,,/home/soumyara004/soumyaratnadebnath/VisionLanguageAction/models/openvla_libero/openvla-7b-finetuned-libero-spatial,depth_pruning,depth_pruning1,,,,1,cuda:0,,0.2,False,0.15,,3,0.5,0.01,1,0.2,220,openvla_libero,,,,10,/home/soumyara004/soumyaratnadebnath/VisionLanguageAction/artifacts/results/openvla_libero/depth_pruning1/libero_spatial,,True,1,0.01,0.03,0.995,0.01,42,,"libero_spatial__task_0,libero_spatial__task_1,libero_spatial__task_2,libero_spatial__task_3,libero_spatial__task_4,libero_spatial__task_5,libero_spatial__task_6,libero_spatial__task_7,libero_spatial__task_8,libero_spatial__task_9",,,,,libero_spatial,,openvla-7b,False,,224,,/home/soumyara004/soumyaratnadebnath/VisionLanguageAction/third_party/LIBERO,openvla-7b,,,,/home/soumyara004/soumyaratnadebnath/VisionLanguageAction/models/openvla_libero/openvla-7b-finetuned-libero-spatial,/home/soumyara004/soumyaratnadebnath/VisionLanguageAction/models/openvla_libero/openvla-7b-finetuned-libero-spatial,15082600832,libero_spatial,,,,,"[0.06576330661773681, 0.0449580192565918, 0.013285470008850098, 0.013850879669189454, 0.017838793992996215, 0.018114715814590454, 0.02145822048187256, 0.027462846040725707, 0.03522146940231323, 0.04749221801757812, 0.05809548497200012, 0.048243433237075806, 0.04180564284324646, 0.043052905797958375, 0.054282695055007935, 0.05173971652984619, 0.05268409848213196, 0.03823542594909668, 0.04194874763488769, 0.04009166359901428, 0.036000889539718625, 0.03905671834945679, 0.062155652046203616, 0.036452585458755495, 0.041543233394622806, 0.038204699754714966, 0.05083043575286865, 0.044095861911773684, 0.049422425031661985, 0.06507551074028015, 0.11645457744598389, 0.21387417912483214]",,,,,,,False,0,0.0,,
/home/user/BiVLA/artifacts/results/mentor_2026-09-11/results/openvla_libero/depth_pruning2/libero_10/summary.json,openvla_libero,depth_pruning2,libero_10,completed,depth_pruning,openvla_libero,depth_pruning2,libero_10,100,45,0.45,0.0,406.28,0,int,,Task success and timing from LIBERO rollouts. Compare paired seeds across conditions; synthetic action agreement is not used.,<absent>,<absent>,<absent>,False,False,False,"[23, 25]",2,,,,,/home/soumyara004/soumyaratnadebnath/VisionLanguageAction/models/openvla_libero/openvla-7b-finetuned-libero-10,depth_pruning,depth_pruning2,,,,2,cuda:0,,0.2,False,0.15,,3,0.5,0.01,1,0.2,520,openvla_libero,,,,10,/home/soumyara004/soumyaratnadebnath/VisionLanguageAction/artifacts/results/openvla_libero/depth_pruning2/libero_10,,True,1,0.01,0.03,0.995,0.01,42,,"libero_10__task_0,libero_10__task_1,libero_10__task_2,libero_10__task_3,libero_10__task_4,libero_10__task_5,libero_10__task_6,libero_10__task_7,libero_10__task_8,libero_10__task_9",,,,,libero_10,,openvla-7b,False,,224,,/home/soumyara004/soumyaratnadebnath/VisionLanguageAction/third_party/LIBERO,openvla-7b,,,,/home/soumyara004/soumyaratnadebnath/VisionLanguageAction/models/openvla_libero/openvla-7b-finetuned-libero-10,/home/soumyara004/soumyaratnadebnath/VisionLanguageAction/models/openvla_libero/openvla-7b-finetuned-libero-10,15082600832,libero_10,,,,,"[0.06274716258049011, 0.047311043739318846, 0.02156996726989746, 0.016177403926849365, 0.02009652853012085, 0.02121219038963318, 0.024611854553222658, 0.035215312242507936, 0.04350287318229675, 0.05206096768379211, 0.06145461201667786, 0.06441808342933655, 0.051923125982284546, 0.04964700937271118, 0.05945841073989868, 0.057165014743804934, 0.053915226459503175, 0.04331661462783813, 0.048284053802490234, 0.04184404015541077, 0.04214563369750977, 0.0397337019443512, 0.04682973027229309, 0.03358224630355835, 0.037196242809295656, 0.03765509724617004, 0.041637259721755984, 0.04187636971473694, 0.04863065481185913, 0.06314807534217834, 0.07585216760635376, 0.1339227855205536]",,,,,,,False,0,0.0,,
/home/user/BiVLA/artifacts/results/mentor_2026-09-11/results/openvla_libero/depth_pruning2/libero_goal/summary.json,openvla_libero,depth_pruning2,libero_goal,completed,depth_pruning,openvla_libero,depth_pruning2,libero_goal,100,59,0.59,0.0,185.07,0,int,,Task success and timing from LIBERO rollouts. Compare paired seeds across conditions; synthetic action agreement is not used.,<absent>,<absent>,<absent>,False,False,False,"[17, 20]",2,,,,,/home/soumyara004/soumyaratnadebnath/VisionLanguageAction/models/openvla_libero/openvla-7b-finetuned-libero-goal,depth_pruning,depth_pruning2,,,,2,cuda:0,,0.2,False,0.15,,3,0.5,0.01,1,0.2,300,openvla_libero,,,,10,/home/soumyara004/soumyaratnadebnath/VisionLanguageAction/artifacts/results/openvla_libero/depth_pruning2/libero_goal,,True,1,0.01,0.03,0.995,0.01,42,,"libero_goal__task_0,libero_goal__task_1,libero_goal__task_2,libero_goal__task_3,libero_goal__task_4,libero_goal__task_5,libero_goal__task_6,libero_goal__task_7,libero_goal__task_8,libero_goal__task_9",,,,,libero_goal,,openvla-7b,False,,224,,/home/soumyara004/soumyaratnadebnath/VisionLanguageAction/third_party/LIBERO,openvla-7b,,,,/home/soumyara004/soumyaratnadebnath/VisionLanguageAction/models/openvla_libero/openvla-7b-finetuned-libero-goal,/home/soumyara004/soumyaratnadebnath/VisionLanguageAction/models/openvla_libero/openvla-7b-finetuned-libero-goal,15082600832,libero_goal,,,,,"[0.05300642848014832, 0.04306861758232117, 0.010078877210617065, 0.011001110076904297, 0.01479405164718628, 0.014965319633483886, 0.01683529019355774, 0.024057596921920776, 0.0319350004196167, 0.038137370347976686, 0.04814041256904602, 0.047944432497024535, 0.03625247478485107, 0.03544608950614929, 0.04878512620925903, 0.04049427509307861, 0.04175950288772583, 0.028595513105392455, 0.033574354648590085, 0.032952654361724856, 0.03083956241607666, 0.032520252466201785, 0.05767738223075867, 0.03098694682121277, 0.032514774799346925, 0.03281106948852539, 0.047372734546661376, 0.038819968700408936, 0.044997775554656984, 0.07100934982299804, 0.09568269848823548, 0.08906954526901245]",,,,,,,False,0,0.0,,
/home/user/BiVLA/artifacts/results/mentor_2026-09-11/results/openvla_libero/depth_pruning2/libero_object/summary.json,openvla_libero,depth_pruning2,libero_object,completed,depth_pruning,openvla_libero,depth_pruning2,libero_object,100,79,0.79,0.0,180.21,0,int,,Task success and timing from LIBERO rollouts. Compare paired seeds across conditions; synthetic action agreement is not used.,<absent>,<absent>,<absent>,False,False,False,"[17, 19]",2,,,,,/home/soumyara004/soumyaratnadebnath/VisionLanguageAction/models/openvla_libero/openvla-7b-finetuned-libero-object,depth_pruning,depth_pruning2,,,,2,cuda:0,,0.2,False,0.15,,3,0.5,0.01,1,0.2,280,openvla_libero,,,,10,/home/soumyara004/soumyaratnadebnath/VisionLanguageAction/artifacts/results/openvla_libero/depth_pruning2/libero_object,,True,1,0.01,0.03,0.995,0.01,42,,"libero_object__task_0,libero_object__task_1,libero_object__task_2,libero_object__task_3,libero_object__task_4,libero_object__task_5,libero_object__task_6,libero_object__task_7,libero_object__task_8,libero_object__task_9",,,,,libero_object,,openvla-7b,False,,224,,/home/soumyara004/soumyaratnadebnath/VisionLanguageAction/third_party/LIBERO,openvla-7b,,,,/home/soumyara004/soumyaratnadebnath/VisionLanguageAction/models/openvla_libero/openvla-7b-finetuned-libero-object,/home/soumyara004/soumyaratnadebnath/VisionLanguageAction/models/openvla_libero/openvla-7b-finetuned-libero-object,15082600832,libero_object,,,,,"[0.05692232251167297, 0.04543273448944092, 0.010235738754272462, 0.011414223909378051, 0.015451776981353759, 0.013851594924926759, 0.016283947229385375, 0.025232183933258056, 0.031157970428466797, 0.03661450147628784, 0.052104604244232175, 0.04964964985847473, 0.036277419328689574, 0.033315622806549074, 0.04319036602973938, 0.038043665885925296, 0.03597378730773926, 0.024086356163024902, 0.029777336120605468, 0.027667295932769776, 0.027754807472229005, 0.027785623073577882, 0.04694668650627136, 0.030617254972457885, 0.03332631587982178, 0.03134839534759522, 0.045313185453414916, 0.03734312653541565, 0.04409016370773315, 0.06498101353645325, 0.07534706592559814, 0.10097380876541137]",,,,,,,False,0,0.0,,
/home/user/BiVLA/artifacts/results/mentor_2026-09-11/results/openvla_libero/depth_pruning2/libero_spatial/summary.json,openvla_libero,depth_pruning2,libero_spatial,completed,depth_pruning,openvla_libero,depth_pruning2,libero_spatial,100,56,0.56,0.0,158.4,0,int,,Task success and timing from LIBERO rollouts. Compare paired seeds across conditions; synthetic action agreement is not used.,<absent>,<absent>,<absent>,False,False,False,"[8, 20]",2,,,,,/home/soumyara004/soumyaratnadebnath/VisionLanguageAction/models/openvla_libero/openvla-7b-finetuned-libero-spatial,depth_pruning,depth_pruning2,,,,2,cuda:0,,0.2,False,0.15,,3,0.5,0.01,1,0.2,220,openvla_libero,,,,10,/home/soumyara004/soumyaratnadebnath/VisionLanguageAction/artifacts/results/openvla_libero/depth_pruning2/libero_spatial,,True,1,0.01,0.03,0.995,0.01,42,,"libero_spatial__task_0,libero_spatial__task_1,libero_spatial__task_2,libero_spatial__task_3,libero_spatial__task_4,libero_spatial__task_5,libero_spatial__task_6,libero_spatial__task_7,libero_spatial__task_8,libero_spatial__task_9",,,,,libero_spatial,,openvla-7b,False,,224,,/home/soumyara004/soumyaratnadebnath/VisionLanguageAction/third_party/LIBERO,openvla-7b,,,,/home/soumyara004/soumyaratnadebnath/VisionLanguageAction/models/openvla_libero/openvla-7b-finetuned-libero-spatial,/home/soumyara004/soumyaratnadebnath/VisionLanguageAction/models/openvla_libero/openvla-7b-finetuned-libero-spatial,15082600832,libero_spatial,,,,,"[0.06576330661773681, 0.0449580192565918, 0.013285470008850098, 0.013850879669189454, 0.017838793992996215, 0.018114715814590454, 0.02145822048187256, 0.027462846040725707, 0.03522146940231323, 0.04749221801757812, 0.05809548497200012, 0.048243433237075806, 0.04180564284324646, 0.043052905797958375, 0.054282695055007935, 0.05173971652984619, 0.05268409848213196, 0.03823542594909668, 0.04194874763488769, 0.04009166359901428, 0.036000889539718625, 0.03905671834945679, 0.062155652046203616, 0.036452585458755495, 0.041543233394622806, 0.038204699754714966, 0.05083043575286865, 0.044095861911773684, 0.049422425031661985, 0.06507551074028015, 0.11645457744598389, 0.21387417912483214]",,,,,,,False,0,0.0,,
/home/user/BiVLA/artifacts/results/mentor_2026-09-11/results/openvla_libero/depth_pruning4/libero_10/summary.json,openvla_libero,depth_pruning4,libero_10,completed,depth_pruning,openvla_libero,depth_pruning4,libero_10,100,26,0.26,0.0,466.78,0,int,,Task success and timing from LIBERO rollouts. Compare paired seeds across conditions; synthetic action agreement is not used.,<absent>,<absent>,<absent>,False,False,False,"[19, 21, 23, 25]",2,,,,,/home/soumyara004/soumyaratnadebnath/VisionLanguageAction/models/openvla_libero/openvla-7b-finetuned-libero-10,depth_pruning,depth_pruning4,,,,4,cuda:0,,0.2,False,0.15,,3,0.5,0.01,1,0.2,520,openvla_libero,,,,10,/home/soumyara004/soumyaratnadebnath/VisionLanguageAction/artifacts/results/openvla_libero/depth_pruning4/libero_10,,True,1,0.01,0.03,0.995,0.01,42,,"libero_10__task_0,libero_10__task_1,libero_10__task_2,libero_10__task_3,libero_10__task_4,libero_10__task_5,libero_10__task_6,libero_10__task_7,libero_10__task_8,libero_10__task_9",,,,,libero_10,,openvla-7b,False,,224,,/home/soumyara004/soumyaratnadebnath/VisionLanguageAction/third_party/LIBERO,openvla-7b,,,,/home/soumyara004/soumyaratnadebnath/VisionLanguageAction/models/openvla_libero/openvla-7b-finetuned-libero-10,/home/soumyara004/soumyaratnadebnath/VisionLanguageAction/models/openvla_libero/openvla-7b-finetuned-libero-10,15082600832,libero_10,,,,,"[0.06274716258049011, 0.047311043739318846, 0.02156996726989746, 0.016177403926849365, 0.02009652853012085, 0.02121219038963318, 0.024611854553222658, 0.035215312242507936, 0.04350287318229675, 0.05206096768379211, 0.06145461201667786, 0.06441808342933655, 0.051923125982284546, 0.04964700937271118, 0.05945841073989868, 0.057165014743804934, 0.053915226459503175, 0.04331661462783813, 0.048284053802490234, 0.04184404015541077, 0.04214563369750977, 0.0397337019443512, 0.04682973027229309, 0.03358224630355835, 0.037196242809295656, 0.03765509724617004, 0.041637259721755984, 0.04187636971473694, 0.04863065481185913, 0.06314807534217834, 0.07585216760635376, 0.1339227855205536]",,,,,,,False,0,0.0,,
/home/user/BiVLA/artifacts/results/mentor_2026-09-11/results/openvla_libero/depth_pruning4/libero_goal/summary.json,openvla_libero,depth_pruning4,libero_goal,completed,depth_pruning,openvla_libero,depth_pruning4,libero_goal,100,41,0.41,0.0,218.39,0,int,,Task success and timing from LIBERO rollouts. Compare paired seeds across conditions; synthetic action agreement is not used.,<absent>,<absent>,<absent>,False,False,False,"[8, 17, 20, 23]",2,,,,,/home/soumyara004/soumyaratnadebnath/VisionLanguageAction/models/openvla_libero/openvla-7b-finetuned-libero-goal,depth_pruning,depth_pruning4,,,,4,cuda:0,,0.2,False,0.15,,3,0.5,0.01,1,0.2,300,openvla_libero,,,,10,/home/soumyara004/soumyaratnadebnath/VisionLanguageAction/artifacts/results/openvla_libero/depth_pruning4/libero_goal,,True,1,0.01,0.03,0.995,0.01,42,,"libero_goal__task_0,libero_goal__task_1,libero_goal__task_2,libero_goal__task_3,libero_goal__task_4,libero_goal__task_5,libero_goal__task_6,libero_goal__task_7,libero_goal__task_8,libero_goal__task_9",,,,,libero_goal,,openvla-7b,False,,224,,/home/soumyara004/soumyaratnadebnath/VisionLanguageAction/third_party/LIBERO,openvla-7b,,,,/home/soumyara004/soumyaratnadebnath/VisionLanguageAction/models/openvla_libero/openvla-7b-finetuned-libero-goal,/home/soumyara004/soumyaratnadebnath/VisionLanguageAction/models/openvla_libero/openvla-7b-finetuned-libero-goal,15082600832,libero_goal,,,,,"[0.05300642848014832, 0.04306861758232117, 0.010078877210617065, 0.011001110076904297, 0.01479405164718628, 0.014965319633483886, 0.01683529019355774, 0.024057596921920776, 0.0319350004196167, 0.038137370347976686, 0.04814041256904602, 0.047944432497024535, 0.03625247478485107, 0.03544608950614929, 0.04878512620925903, 0.04049427509307861, 0.04175950288772583, 0.028595513105392455, 0.033574354648590085, 0.032952654361724856, 0.03083956241607666, 0.032520252466201785, 0.05767738223075867, 0.03098694682121277, 0.032514774799346925, 0.03281106948852539, 0.047372734546661376, 0.038819968700408936, 0.044997775554656984, 0.07100934982299804, 0.09568269848823548, 0.08906954526901245]",,,,,,,False,0,0.0,,
/home/user/BiVLA/artifacts/results/mentor_2026-09-11/results/openvla_libero/depth_pruning4/libero_object/summary.json,openvla_libero,depth_pruning4,libero_object,completed,depth_pruning,openvla_libero,depth_pruning4,libero_object,100,65,0.65,0.0,202.99,0,int,,Task success and timing from LIBERO rollouts. Compare paired seeds across conditions; synthetic action agreement is not used.,<absent>,<absent>,<absent>,False,False,False,"[17, 19, 21, 23]",2,,,,,/home/soumyara004/soumyaratnadebnath/VisionLanguageAction/models/openvla_libero/openvla-7b-finetuned-libero-object,depth_pruning,depth_pruning4,,,,4,cuda:0,,0.2,False,0.15,,3,0.5,0.01,1,0.2,280,openvla_libero,,,,10,/home/soumyara004/soumyaratnadebnath/VisionLanguageAction/artifacts/results/openvla_libero/depth_pruning4/libero_object,,True,1,0.01,0.03,0.995,0.01,42,,"libero_object__task_0,libero_object__task_1,libero_object__task_2,libero_object__task_3,libero_object__task_4,libero_object__task_5,libero_object__task_6,libero_object__task_7,libero_object__task_8,libero_object__task_9",,,,,libero_object,,openvla-7b,False,,224,,/home/soumyara004/soumyaratnadebnath/VisionLanguageAction/third_party/LIBERO,openvla-7b,,,,/home/soumyara004/soumyaratnadebnath/VisionLanguageAction/models/openvla_libero/openvla-7b-finetuned-libero-object,/home/soumyara004/soumyaratnadebnath/VisionLanguageAction/models/openvla_libero/openvla-7b-finetuned-libero-object,15082600832,libero_object,,,,,"[0.05692232251167297, 0.04543273448944092, 0.010235738754272462, 0.011414223909378051, 0.015451776981353759, 0.013851594924926759, 0.016283947229385375, 0.025232183933258056, 0.031157970428466797, 0.03661450147628784, 0.052104604244232175, 0.04964964985847473, 0.036277419328689574, 0.033315622806549074, 0.04319036602973938, 0.038043665885925296, 0.03597378730773926, 0.024086356163024902, 0.029777336120605468, 0.027667295932769776, 0.027754807472229005, 0.027785623073577882, 0.04694668650627136, 0.030617254972457885, 0.03332631587982178, 0.03134839534759522, 0.045313185453414916, 0.03734312653541565, 0.04409016370773315, 0.06498101353645325, 0.07534706592559814, 0.10097380876541137]",,,,,,,False,0,0.0,,
/home/user/BiVLA/artifacts/results/mentor_2026-09-11/results/openvla_libero/depth_pruning4/libero_spatial/summary.json,openvla_libero,depth_pruning4,libero_spatial,completed,depth_pruning,openvla_libero,depth_pruning4,libero_spatial,100,48,0.48,0.0,172.03,0,int,,Task success and timing from LIBERO rollouts. Compare paired seeds across conditions; synthetic action agreement is not used.,<absent>,<absent>,<absent>,False,False,False,"[8, 20, 23, 25]",2,,,,,/home/soumyara004/soumyaratnadebnath/VisionLanguageAction/models/openvla_libero/openvla-7b-finetuned-libero-spatial,depth_pruning,depth_pruning4,,,,4,cuda:0,,0.2,False,0.15,,3,0.5,0.01,1,0.2,220,openvla_libero,,,,10,/home/soumyara004/soumyaratnadebnath/VisionLanguageAction/artifacts/results/openvla_libero/depth_pruning4/libero_spatial,,True,1,0.01,0.03,0.995,0.01,42,,"libero_spatial__task_0,libero_spatial__task_1,libero_spatial__task_2,libero_spatial__task_3,libero_spatial__task_4,libero_spatial__task_5,libero_spatial__task_6,libero_spatial__task_7,libero_spatial__task_8,libero_spatial__task_9",,,,,libero_spatial,,openvla-7b,False,,224,,/home/soumyara004/soumyaratnadebnath/VisionLanguageAction/third_party/LIBERO,openvla-7b,,,,/home/soumyara004/soumyaratnadebnath/VisionLanguageAction/models/openvla_libero/openvla-7b-finetuned-libero-spatial,/home/soumyara004/soumyaratnadebnath/VisionLanguageAction/models/openvla_libero/openvla-7b-finetuned-libero-spatial,15082600832,libero_spatial,,,,,"[0.06576330661773681, 0.0449580192565918, 0.013285470008850098, 0.013850879669189454, 0.017838793992996215, 0.018114715814590454, 0.02145822048187256, 0.027462846040725707, 0.03522146940231323, 0.04749221801757812, 0.05809548497200012, 0.048243433237075806, 0.04180564284324646, 0.043052905797958375, 0.054282695055007935, 0.05173971652984619, 0.05268409848213196, 0.03823542594909668, 0.04194874763488769, 0.04009166359901428, 0.036000889539718625, 0.03905671834945679, 0.062155652046203616, 0.036452585458755495, 0.041543233394622806, 0.038204699754714966, 0.05083043575286865, 0.044095861911773684, 0.049422425031661985, 0.06507551074028015, 0.11645457744598389, 0.21387417912483214]",,,,,,,False,0,0.0,,
/home/user/BiVLA/artifacts/results/mentor_2026-09-11/results/openvla_libero/fixed_foveation_keep20/libero_10/summary.json,openvla_libero,fixed_foveation_keep20,libero_10,completed,fixed_foveation,openvla_libero,fixed_foveation_keep20,libero_10,100,30,0.3,0.0,446.81,0,int,,Task success and timing from LIBERO rollouts. Compare paired seeds across conditions; synthetic action agreement is not used.,<absent>,<absent>,<absent>,False,False,False,[],2,,,,,/home/soumyara004/soumyaratnadebnath/VisionLanguageAction/models/openvla_libero/openvla-7b-finetuned-libero-10,fixed_foveation,fixed_foveation_keep20,,,,1,cuda:0,,0.2,False,0.15,,3,0.5,0.01,1,0.2,520,openvla_libero,,,,10,/home/soumyara004/soumyaratnadebnath/VisionLanguageAction/artifacts/results/openvla_libero/fixed_foveation_keep20/libero_10,,True,1,0.01,0.03,0.995,0.01,42,,"libero_10__task_0,libero_10__task_1,libero_10__task_2,libero_10__task_3,libero_10__task_4,libero_10__task_5,libero_10__task_6,libero_10__task_7,libero_10__task_8,libero_10__task_9",,,,,libero_10,,openvla-7b,False,,224,,/home/soumyara004/soumyaratnadebnath/VisionLanguageAction/third_party/LIBERO,openvla-7b,,,,/home/soumyara004/soumyaratnadebnath/VisionLanguageAction/models/openvla_libero/openvla-7b-finetuned-libero-10,/home/soumyara004/soumyaratnadebnath/VisionLanguageAction/models/openvla_libero/openvla-7b-finetuned-libero-10,15082600832,libero_10,,,,,,,,,,,,False,0,0.0,,
/home/user/BiVLA/artifacts/results/mentor_2026-09-11/results/openvla_libero/fixed_foveation_keep20/libero_goal/summary.json,openvla_libero,fixed_foveation_keep20,libero_goal,completed,fixed_foveation,openvla_libero,fixed_foveation_keep20,libero_goal,100,64,0.64,0.0,180.92,0,int,,Task success and timing from LIBERO rollouts. Compare paired seeds across conditions; synthetic action agreement is not used.,<absent>,<absent>,<absent>,False,False,False,[],2,,,,,/home/soumyara004/soumyaratnadebnath/VisionLanguageAction/models/openvla_libero/openvla-7b-finetuned-libero-goal,fixed_foveation,fixed_foveation_keep20,,,,1,cuda:0,,0.2,False,0.15,,3,0.5,0.01,1,0.2,300,openvla_libero,,,,10,/home/soumyara004/soumyaratnadebnath/VisionLanguageAction/artifacts/results/openvla_libero/fixed_foveation_keep20/libero_goal,,True,1,0.01,0.03,0.995,0.01,42,,"libero_goal__task_0,libero_goal__task_1,libero_goal__task_2,libero_goal__task_3,libero_goal__task_4,libero_goal__task_5,libero_goal__task_6,libero_goal__task_7,libero_goal__task_8,libero_goal__task_9",,,,,libero_goal,,openvla-7b,False,,224,,/home/soumyara004/soumyaratnadebnath/VisionLanguageAction/third_party/LIBERO,openvla-7b,,,,/home/soumyara004/soumyaratnadebnath/VisionLanguageAction/models/openvla_libero/openvla-7b-finetuned-libero-goal,/home/soumyara004/soumyaratnadebnath/VisionLanguageAction/models/openvla_libero/openvla-7b-finetuned-libero-goal,15082600832,libero_goal,,,,,,,,,,,,False,0,0.0,,
/home/user/BiVLA/artifacts/results/mentor_2026-09-11/results/openvla_libero/fixed_foveation_keep20/libero_object/summary.json,openvla_libero,fixed_foveation_keep20,libero_object,completed,fixed_foveation,openvla_libero,fixed_foveation_keep20,libero_object,100,74,0.74,0.0,180.12,0,int,,Task success and timing from LIBERO rollouts. Compare paired seeds across conditions; synthetic action agreement is not used.,<absent>,<absent>,<absent>,False,False,False,[],2,,,,,/home/soumyara004/soumyaratnadebnath/VisionLanguageAction/models/openvla_libero/openvla-7b-finetuned-libero-object,fixed_foveation,fixed_foveation_keep20,,,,1,cuda:0,,0.2,False,0.15,,3,0.5,0.01,1,0.2,280,openvla_libero,,,,10,/home/soumyara004/soumyaratnadebnath/VisionLanguageAction/artifacts/results/openvla_libero/fixed_foveation_keep20/libero_object,,True,1,0.01,0.03,0.995,0.01,42,,"libero_object__task_0,libero_object__task_1,libero_object__task_2,libero_object__task_3,libero_object__task_4,libero_object__task_5,libero_object__task_6,libero_object__task_7,libero_object__task_8,libero_object__task_9",,,,,libero_object,,openvla-7b,False,,224,,/home/soumyara004/soumyaratnadebnath/VisionLanguageAction/third_party/LIBERO,openvla-7b,,,,/home/soumyara004/soumyaratnadebnath/VisionLanguageAction/models/openvla_libero/openvla-7b-finetuned-libero-object,/home/soumyara004/soumyaratnadebnath/VisionLanguageAction/models/openvla_libero/openvla-7b-finetuned-libero-object,15082600832,libero_object,,,,,,,,,,,,False,0,0.0,,
/home/user/BiVLA/artifacts/results/mentor_2026-09-11/results/openvla_libero/fixed_foveation_keep20/libero_spatial/summary.json,openvla_libero,fixed_foveation_keep20,libero_spatial,completed,fixed_foveation,openvla_libero,fixed_foveation_keep20,libero_spatial,100,55,0.55,0.0,160.66,0,int,,Task success and timing from LIBERO rollouts. Compare paired seeds across conditions; synthetic action agreement is not used.,<absent>,<absent>,<absent>,False,False,False,[],2,,,,,/home/soumyara004/soumyaratnadebnath/VisionLanguageAction/models/openvla_libero/openvla-7b-finetuned-libero-spatial,fixed_foveation,fixed_foveation_keep20,,,,1,cuda:0,,0.2,False,0.15,,3,0.5,0.01,1,0.2,220,openvla_libero,,,,10,/home/soumyara004/soumyaratnadebnath/VisionLanguageAction/artifacts/results/openvla_libero/fixed_foveation_keep20/libero_spatial,,True,1,0.01,0.03,0.995,0.01,42,,"libero_spatial__task_0,libero_spatial__task_1,libero_spatial__task_2,libero_spatial__task_3,libero_spatial__task_4,libero_spatial__task_5,libero_spatial__task_6,libero_spatial__task_7,libero_spatial__task_8,libero_spatial__task_9",,,,,libero_spatial,,openvla-7b,False,,224,,/home/soumyara004/soumyaratnadebnath/VisionLanguageAction/third_party/LIBERO,openvla-7b,,,,/home/soumyara004/soumyaratnadebnath/VisionLanguageAction/models/openvla_libero/openvla-7b-finetuned-libero-spatial,/home/soumyara004/soumyaratnadebnath/VisionLanguageAction/models/openvla_libero/openvla-7b-finetuned-libero-spatial,15082600832,libero_spatial,,,,,,,,,,,,False,0,0.0,,
/home/user/BiVLA/artifacts/results/mentor_2026-09-11/results/openvla_libero/fixed_foveation_keep50/libero_10/summary.json,openvla_libero,fixed_foveation_keep50,libero_10,completed,fixed_foveation,openvla_libero,fixed_foveation_keep50,libero_10,100,44,0.44,0.0,410.31,0,int,,Task success and timing from LIBERO rollouts. Compare paired seeds across conditions; synthetic action agreement is not used.,<absent>,<absent>,<absent>,False,False,False,[],2,,,,,/home/soumyara004/soumyaratnadebnath/VisionLanguageAction/models/openvla_libero/openvla-7b-finetuned-libero-10,fixed_foveation,fixed_foveation_keep50,,,,1,cuda:0,,0.5,False,0.15,,3,0.5,0.01,1,0.2,520,openvla_libero,,,,10,/home/soumyara004/soumyaratnadebnath/VisionLanguageAction/artifacts/results/openvla_libero/fixed_foveation_keep50/libero_10,,True,1,0.01,0.03,0.995,0.01,42,,"libero_10__task_0,libero_10__task_1,libero_10__task_2,libero_10__task_3,libero_10__task_4,libero_10__task_5,libero_10__task_6,libero_10__task_7,libero_10__task_8,libero_10__task_9",,,,,libero_10,,openvla-7b,False,,224,,/home/soumyara004/soumyaratnadebnath/VisionLanguageAction/third_party/LIBERO,openvla-7b,,,,/home/soumyara004/soumyaratnadebnath/VisionLanguageAction/models/openvla_libero/openvla-7b-finetuned-libero-10,/home/soumyara004/soumyaratnadebnath/VisionLanguageAction/models/openvla_libero/openvla-7b-finetuned-libero-10,15082600832,libero_10,,,,,,,,,,,,False,0,0.0,,
/home/user/BiVLA/artifacts/results/mentor_2026-09-11/results/openvla_libero/fixed_foveation_keep50/libero_goal/summary.json,openvla_libero,fixed_foveation_keep50,libero_goal,completed,fixed_foveation,openvla_libero,fixed_foveation_keep50,libero_goal,100,75,0.75,0.0,157.29,0,int,,Task success and timing from LIBERO rollouts. Compare paired seeds across conditions; synthetic action agreement is not used.,<absent>,<absent>,<absent>,False,False,False,[],2,,,,,/home/soumyara004/soumyaratnadebnath/VisionLanguageAction/models/openvla_libero/openvla-7b-finetuned-libero-goal,fixed_foveation,fixed_foveation_keep50,,,,1,cuda:0,,0.5,False,0.15,,3,0.5,0.01,1,0.2,300,openvla_libero,,,,10,/home/soumyara004/soumyaratnadebnath/VisionLanguageAction/artifacts/results/openvla_libero/fixed_foveation_keep50/libero_goal,,True,1,0.01,0.03,0.995,0.01,42,,"libero_goal__task_0,libero_goal__task_1,libero_goal__task_2,libero_goal__task_3,libero_goal__task_4,libero_goal__task_5,libero_goal__task_6,libero_goal__task_7,libero_goal__task_8,libero_goal__task_9",,,,,libero_goal,,openvla-7b,False,,224,,/home/soumyara004/soumyaratnadebnath/VisionLanguageAction/third_party/LIBERO,openvla-7b,,,,/home/soumyara004/soumyaratnadebnath/VisionLanguageAction/models/openvla_libero/openvla-7b-finetuned-libero-goal,/home/soumyara004/soumyaratnadebnath/VisionLanguageAction/models/openvla_libero/openvla-7b-finetuned-libero-goal,15082600832,libero_goal,,,,,,,,,,,,False,0,0.0,,
/home/user/BiVLA/artifacts/results/mentor_2026-09-11/results/openvla_libero/fixed_foveation_keep50/libero_object/summary.json,openvla_libero,fixed_foveation_keep50,libero_object,completed,fixed_foveation,openvla_libero,fixed_foveation_keep50,libero_object,100,86,0.86,0.0,166.18,0,int,,Task success and timing from LIBERO rollouts. Compare paired seeds across conditions; synthetic action agreement is not used.,<absent>,<absent>,<absent>,False,False,False,[],2,,,,,/home/soumyara004/soumyaratnadebnath/VisionLanguageAction/models/openvla_libero/openvla-7b-finetuned-libero-object,fixed_foveation,fixed_foveation_keep50,,,,1,cuda:0,,0.5,False,0.15,,3,0.5,0.01,1,0.2,280,openvla_libero,,,,10,/home/soumyara004/soumyaratnadebnath/VisionLanguageAction/artifacts/results/openvla_libero/fixed_foveation_keep50/libero_object,,True,1,0.01,0.03,0.995,0.01,42,,"libero_object__task_0,libero_object__task_1,libero_object__task_2,libero_object__task_3,libero_object__task_4,libero_object__task_5,libero_object__task_6,libero_object__task_7,libero_object__task_8,libero_object__task_9",,,,,libero_object,,openvla-7b,False,,224,,/home/soumyara004/soumyaratnadebnath/VisionLanguageAction/third_party/LIBERO,openvla-7b,,,,/home/soumyara004/soumyaratnadebnath/VisionLanguageAction/models/openvla_libero/openvla-7b-finetuned-libero-object,/home/soumyara004/soumyaratnadebnath/VisionLanguageAction/models/openvla_libero/openvla-7b-finetuned-libero-object,15082600832,libero_object,,,,,,,,,,,,False,0,0.0,,
/home/user/BiVLA/artifacts/results/mentor_2026-09-11/results/openvla_libero/fixed_foveation_keep50/libero_spatial/summary.json,openvla_libero,fixed_foveation_keep50,libero_spatial,completed,fixed_foveation,openvla_libero,fixed_foveation_keep50,libero_spatial,100,83,0.83,0.0,129.4,0,int,,Task success and timing from LIBERO rollouts. Compare paired seeds across conditions; synthetic action agreement is not used.,<absent>,<absent>,<absent>,False,False,False,[],2,,,,,/home/soumyara004/soumyaratnadebnath/VisionLanguageAction/models/openvla_libero/openvla-7b-finetuned-libero-spatial,fixed_foveation,fixed_foveation_keep50,,,,1,cuda:0,,0.5,False,0.15,,3,0.5,0.01,1,0.2,220,openvla_libero,,,,10,/home/soumyara004/soumyaratnadebnath/VisionLanguageAction/artifacts/results/openvla_libero/fixed_foveation_keep50/libero_spatial,,True,1,0.01,0.03,0.995,0.01,42,,"libero_spatial__task_0,libero_spatial__task_1,libero_spatial__task_2,libero_spatial__task_3,libero_spatial__task_4,libero_spatial__task_5,libero_spatial__task_6,libero_spatial__task_7,libero_spatial__task_8,libero_spatial__task_9",,,,,libero_spatial,,openvla-7b,False,,224,,/home/soumyara004/soumyaratnadebnath/VisionLanguageAction/third_party/LIBERO,openvla-7b,,,,/home/soumyara004/soumyaratnadebnath/VisionLanguageAction/models/openvla_libero/openvla-7b-finetuned-libero-spatial,/home/soumyara004/soumyaratnadebnath/VisionLanguageAction/models/openvla_libero/openvla-7b-finetuned-libero-spatial,15082600832,libero_spatial,,,,,,,,,,,,False,0,0.0,,
/home/user/BiVLA/artifacts/results/mentor_2026-09-11/results/openvla_libero/guarded_reuse_aggressive/libero_10/summary.json,openvla_libero,guarded_reuse_aggressive,libero_10,completed,guarded_action_reuse,openvla_libero,guarded_reuse_aggressive,libero_10,100,50,0.5,40.47,358.81,0,int,,Task success and timing from LIBERO rollouts. Compare paired seeds across conditions; synthetic action agreement is not used.,<absent>,<absent>,<absent>,False,False,False,[],2,,,,,/home/soumyara004/soumyaratnadebnath/VisionLanguageAction/models/openvla_libero/openvla-7b-finetuned-libero-10,guarded_action_reuse,guarded_reuse_aggressive,,,,1,cuda:0,,0.2,False,0.15,,3,0.5,0.01,1,0.2,520,openvla_libero,,,,10,/home/soumyara004/soumyaratnadebnath/VisionLanguageAction/artifacts/results/openvla_libero/guarded_reuse_aggressive/libero_10,,True,2,0.02,0.05,0.98,0.01,42,,"libero_10__task_0,libero_10__task_1,libero_10__task_2,libero_10__task_3,libero_10__task_4,libero_10__task_5,libero_10__task_6,libero_10__task_7,libero_10__task_8,libero_10__task_9",,,,,libero_10,,openvla-7b,False,,224,,/home/soumyara004/soumyaratnadebnath/VisionLanguageAction/third_party/LIBERO,openvla-7b,,,,/home/soumyara004/soumyaratnadebnath/VisionLanguageAction/models/openvla_libero/openvla-7b-finetuned-libero-10,/home/soumyara004/soumyaratnadebnath/VisionLanguageAction/models/openvla_libero/openvla-7b-finetuned-libero-10,15082600832,libero_10,,,,,,,,,,,,False,0,0.0,,
/home/user/BiVLA/artifacts/results/mentor_2026-09-11/results/openvla_libero/guarded_reuse_aggressive/libero_goal/summary.json,openvla_libero,guarded_reuse_aggressive,libero_goal,completed,guarded_action_reuse,openvla_libero,guarded_reuse_aggressive,libero_goal,100,72,0.72,18.29,145.59,0,int,,Task success and timing from LIBERO rollouts. Compare paired seeds across conditions; synthetic action agreement is not used.,<absent>,<absent>,<absent>,False,False,False,[],2,,,,,/home/soumyara004/soumyaratnadebnath/VisionLanguageAction/models/openvla_libero/openvla-7b-finetuned-libero-goal,guarded_action_reuse,guarded_reuse_aggressive,,,,1,cuda:0,,0.2,False,0.15,,3,0.5,0.01,1,0.2,300,openvla_libero,,,,10,/home/soumyara004/soumyaratnadebnath/VisionLanguageAction/artifacts/results/openvla_libero/guarded_reuse_aggressive/libero_goal,,True,2,0.02,0.05,0.98,0.01,42,,"libero_goal__task_0,libero_goal__task_1,libero_goal__task_2,libero_goal__task_3,libero_goal__task_4,libero_goal__task_5,libero_goal__task_6,libero_goal__task_7,libero_goal__task_8,libero_goal__task_9",,,,,libero_goal,,openvla-7b,False,,224,,/home/soumyara004/soumyaratnadebnath/VisionLanguageAction/third_party/LIBERO,openvla-7b,,,,/home/soumyara004/soumyaratnadebnath/VisionLanguageAction/models/openvla_libero/openvla-7b-finetuned-libero-goal,/home/soumyara004/soumyaratnadebnath/VisionLanguageAction/models/openvla_libero/openvla-7b-finetuned-libero-goal,15082600832,libero_goal,,,,,,,,,,,,False,0,0.0,,
/home/user/BiVLA/artifacts/results/mentor_2026-09-11/results/openvla_libero/guarded_reuse_aggressive/libero_object/summary.json,openvla_libero,guarded_reuse_aggressive,libero_object,completed,guarded_action_reuse,openvla_libero,guarded_reuse_aggressive,libero_object,100,85,0.85,16.08,151.02,0,int,,Task success and timing from LIBERO rollouts. Compare paired seeds across conditions; synthetic action agreement is not used.,<absent>,<absent>,<absent>,False,False,False,[],2,,,,,/home/soumyara004/soumyaratnadebnath/VisionLanguageAction/models/openvla_libero/openvla-7b-finetuned-libero-object,guarded_action_reuse,guarded_reuse_aggressive,,,,1,cuda:0,,0.2,False,0.15,,3,0.5,0.01,1,0.2,280,openvla_libero,,,,10,/home/soumyara004/soumyaratnadebnath/VisionLanguageAction/artifacts/results/openvla_libero/guarded_reuse_aggressive/libero_object,,True,2,0.02,0.05,0.98,0.01,42,,"libero_object__task_0,libero_object__task_1,libero_object__task_2,libero_object__task_3,libero_object__task_4,libero_object__task_5,libero_object__task_6,libero_object__task_7,libero_object__task_8,libero_object__task_9",,,,,libero_object,,openvla-7b,False,,224,,/home/soumyara004/soumyaratnadebnath/VisionLanguageAction/third_party/LIBERO,openvla-7b,,,,/home/soumyara004/soumyaratnadebnath/VisionLanguageAction/models/openvla_libero/openvla-7b-finetuned-libero-object,/home/soumyara004/soumyaratnadebnath/VisionLanguageAction/models/openvla_libero/openvla-7b-finetuned-libero-object,15082600832,libero_object,,,,,,,,,,,,False,0,0.0,,
/home/user/BiVLA/artifacts/results/mentor_2026-09-11/results/openvla_libero/guarded_reuse_aggressive/libero_spatial/summary.json,openvla_libero,guarded_reuse_aggressive,libero_spatial,completed,guarded_action_reuse,openvla_libero,guarded_reuse_aggressive,libero_spatial,100,77,0.77,12.4,125.22,0,int,,Task success and timing from LIBERO rollouts. Compare paired seeds across conditions; synthetic action agreement is not used.,<absent>,<absent>,<absent>,False,False,False,[],2,,,,,/home/soumyara004/soumyaratnadebnath/VisionLanguageAction/models/openvla_libero/openvla-7b-finetuned-libero-spatial,guarded_action_reuse,guarded_reuse_aggressive,,,,1,cuda:0,,0.2,False,0.15,,3,0.5,0.01,1,0.2,220,openvla_libero,,,,10,/home/soumyara004/soumyaratnadebnath/VisionLanguageAction/artifacts/results/openvla_libero/guarded_reuse_aggressive/libero_spatial,,True,2,0.02,0.05,0.98,0.01,42,,"libero_spatial__task_0,libero_spatial__task_1,libero_spatial__task_2,libero_spatial__task_3,libero_spatial__task_4,libero_spatial__task_5,libero_spatial__task_6,libero_spatial__task_7,libero_spatial__task_8,libero_spatial__task_9",,,,,libero_spatial,,openvla-7b,False,,224,,/home/soumyara004/soumyaratnadebnath/VisionLanguageAction/third_party/LIBERO,openvla-7b,,,,/home/soumyara004/soumyaratnadebnath/VisionLanguageAction/models/openvla_libero/openvla-7b-finetuned-libero-spatial,/home/soumyara004/soumyaratnadebnath/VisionLanguageAction/models/openvla_libero/openvla-7b-finetuned-libero-spatial,15082600832,libero_spatial,,,,,,,,,,,,False,0,0.0,,
/home/user/BiVLA/artifacts/results/mentor_2026-09-11/results/openvla_libero/guarded_reuse_moderate/libero_10/summary.json,openvla_libero,guarded_reuse_moderate,libero_10,completed,guarded_action_reuse,openvla_libero,guarded_reuse_moderate,libero_10,100,51,0.51,22.13,374.49,0,int,,Task success and timing from LIBERO rollouts. Compare paired seeds across conditions; synthetic action agreement is not used.,<absent>,<absent>,<absent>,False,False,False,[],2,,,,,/home/soumyara004/soumyaratnadebnath/VisionLanguageAction/models/openvla_libero/openvla-7b-finetuned-libero-10,guarded_action_reuse,guarded_reuse_moderate,,,,1,cuda:0,,0.2,False,0.15,,3,0.5,0.01,1,0.2,520,openvla_libero,,,,10,/home/soumyara004/soumyaratnadebnath/VisionLanguageAction/artifacts/results/openvla_libero/guarded_reuse_moderate/libero_10,,True,1,0.015,0.04,0.99,0.01,42,,"libero_10__task_0,libero_10__task_1,libero_10__task_2,libero_10__task_3,libero_10__task_4,libero_10__task_5,libero_10__task_6,libero_10__task_7,libero_10__task_8,libero_10__task_9",,,,,libero_10,,openvla-7b,False,,224,,/home/soumyara004/soumyaratnadebnath/VisionLanguageAction/third_party/LIBERO,openvla-7b,,,,/home/soumyara004/soumyaratnadebnath/VisionLanguageAction/models/openvla_libero/openvla-7b-finetuned-libero-10,/home/soumyara004/soumyaratnadebnath/VisionLanguageAction/models/openvla_libero/openvla-7b-finetuned-libero-10,15082600832,libero_10,,,,,,,,,,,,False,0,0.0,,
/home/user/BiVLA/artifacts/results/mentor_2026-09-11/results/openvla_libero/guarded_reuse_moderate/libero_goal/summary.json,openvla_libero,guarded_reuse_moderate,libero_goal,completed,guarded_action_reuse,openvla_libero,guarded_reuse_moderate,libero_goal,100,69,0.69,8.48,156.76,0,int,,Task success and timing from LIBERO rollouts. Compare paired seeds across conditions; synthetic action agreement is not used.,<absent>,<absent>,<absent>,False,False,False,[],2,,,,,/home/soumyara004/soumyaratnadebnath/VisionLanguageAction/models/openvla_libero/openvla-7b-finetuned-libero-goal,guarded_action_reuse,guarded_reuse_moderate,,,,1,cuda:0,,0.2,False,0.15,,3,0.5,0.01,1,0.2,300,openvla_libero,,,,10,/home/soumyara004/soumyaratnadebnath/VisionLanguageAction/artifacts/results/openvla_libero/guarded_reuse_moderate/libero_goal,,True,1,0.015,0.04,0.99,0.01,42,,"libero_goal__task_0,libero_goal__task_1,libero_goal__task_2,libero_goal__task_3,libero_goal__task_4,libero_goal__task_5,libero_goal__task_6,libero_goal__task_7,libero_goal__task_8,libero_goal__task_9",,,,,libero_goal,,openvla-7b,False,,224,,/home/soumyara004/soumyaratnadebnath/VisionLanguageAction/third_party/LIBERO,openvla-7b,,,,/home/soumyara004/soumyaratnadebnath/VisionLanguageAction/models/openvla_libero/openvla-7b-finetuned-libero-goal,/home/soumyara004/soumyaratnadebnath/VisionLanguageAction/models/openvla_libero/openvla-7b-finetuned-libero-goal,15082600832,libero_goal,,,,,,,,,,,,False,0,0.0,,
/home/user/BiVLA/artifacts/results/mentor_2026-09-11/results/openvla_libero/guarded_reuse_moderate/libero_object/summary.json,openvla_libero,guarded_reuse_moderate,libero_object,completed,guarded_action_reuse,openvla_libero,guarded_reuse_moderate,libero_object,100,80,0.8,9.51,161.72,0,int,,Task success and timing from LIBERO rollouts. Compare paired seeds across conditions; synthetic action agreement is not used.,<absent>,<absent>,<absent>,False,False,False,[],2,,,,,/home/soumyara004/soumyaratnadebnath/VisionLanguageAction/models/openvla_libero/openvla-7b-finetuned-libero-object,guarded_action_reuse,guarded_reuse_moderate,,,,1,cuda:0,,0.2,False,0.15,,3,0.5,0.01,1,0.2,280,openvla_libero,,,,10,/home/soumyara004/soumyaratnadebnath/VisionLanguageAction/artifacts/results/openvla_libero/guarded_reuse_moderate/libero_object,,True,1,0.015,0.04,0.99,0.01,42,,"libero_object__task_0,libero_object__task_1,libero_object__task_2,libero_object__task_3,libero_object__task_4,libero_object__task_5,libero_object__task_6,libero_object__task_7,libero_object__task_8,libero_object__task_9",,,,,libero_object,,openvla-7b,False,,224,,/home/soumyara004/soumyaratnadebnath/VisionLanguageAction/third_party/LIBERO,openvla-7b,,,,/home/soumyara004/soumyaratnadebnath/VisionLanguageAction/models/openvla_libero/openvla-7b-finetuned-libero-object,/home/soumyara004/soumyaratnadebnath/VisionLanguageAction/models/openvla_libero/openvla-7b-finetuned-libero-object,15082600832,libero_object,,,,,,,,,,,,False,0,0.0,,
/home/user/BiVLA/artifacts/results/mentor_2026-09-11/results/openvla_libero/guarded_reuse_moderate/libero_spatial/summary.json,openvla_libero,guarded_reuse_moderate,libero_spatial,completed,guarded_action_reuse,openvla_libero,guarded_reuse_moderate,libero_spatial,100,76,0.76,4.79,131.05,0,int,,Task success and timing from LIBERO rollouts. Compare paired seeds across conditions; synthetic action agreement is not used.,<absent>,<absent>,<absent>,False,False,False,[],2,,,,,/home/soumyara004/soumyaratnadebnath/VisionLanguageAction/models/openvla_libero/openvla-7b-finetuned-libero-spatial,guarded_action_reuse,guarded_reuse_moderate,,,,1,cuda:0,,0.2,False,0.15,,3,0.5,0.01,1,0.2,220,openvla_libero,,,,10,/home/soumyara004/soumyaratnadebnath/VisionLanguageAction/artifacts/results/openvla_libero/guarded_reuse_moderate/libero_spatial,,True,1,0.015,0.04,0.99,0.01,42,,"libero_spatial__task_0,libero_spatial__task_1,libero_spatial__task_2,libero_spatial__task_3,libero_spatial__task_4,libero_spatial__task_5,libero_spatial__task_6,libero_spatial__task_7,libero_spatial__task_8,libero_spatial__task_9",,,,,libero_spatial,,openvla-7b,False,,224,,/home/soumyara004/soumyaratnadebnath/VisionLanguageAction/third_party/LIBERO,openvla-7b,,,,/home/soumyara004/soumyaratnadebnath/VisionLanguageAction/models/openvla_libero/openvla-7b-finetuned-libero-spatial,/home/soumyara004/soumyaratnadebnath/VisionLanguageAction/models/openvla_libero/openvla-7b-finetuned-libero-spatial,15082600832,libero_spatial,,,,,,,,,,,,False,0,0.0,,
/home/user/BiVLA/artifacts/results/mentor_2026-09-11/results/openvla_libero/guarded_reuse_strict/libero_10/summary.json,openvla_libero,guarded_reuse_strict,libero_10,completed,guarded_action_reuse,openvla_libero,guarded_reuse_strict,libero_10,100,51,0.51,14.37,383.5,0,int,,Task success and timing from LIBERO rollouts. Compare paired seeds across conditions; synthetic action agreement is not used.,<absent>,<absent>,<absent>,False,False,False,[],2,,,,,/home/soumyara004/soumyaratnadebnath/VisionLanguageAction/models/openvla_libero/openvla-7b-finetuned-libero-10,guarded_action_reuse,guarded_reuse_strict,,,,1,cuda:0,,0.2,False,0.15,,3,0.5,0.01,1,0.2,520,openvla_libero,,,,10,/home/soumyara004/soumyaratnadebnath/VisionLanguageAction/artifacts/results/openvla_libero/guarded_reuse_strict/libero_10,,True,1,0.01,0.03,0.995,0.01,42,,"libero_10__task_0,libero_10__task_1,libero_10__task_2,libero_10__task_3,libero_10__task_4,libero_10__task_5,libero_10__task_6,libero_10__task_7,libero_10__task_8,libero_10__task_9",,,,,libero_10,,openvla-7b,False,,224,,/home/soumyara004/soumyaratnadebnath/VisionLanguageAction/third_party/LIBERO,openvla-7b,,,,/home/soumyara004/soumyaratnadebnath/VisionLanguageAction/models/openvla_libero/openvla-7b-finetuned-libero-10,/home/soumyara004/soumyaratnadebnath/VisionLanguageAction/models/openvla_libero/openvla-7b-finetuned-libero-10,15082600832,libero_10,,,,,,,,,,,,False,0,0.0,,
/home/user/BiVLA/artifacts/results/mentor_2026-09-11/results/openvla_libero/guarded_reuse_strict/libero_goal/summary.json,openvla_libero,guarded_reuse_strict,libero_goal,completed,guarded_action_reuse,openvla_libero,guarded_reuse_strict,libero_goal,100,71,0.71,7.91,156.84,0,int,,Task success and timing from LIBERO rollouts. Compare paired seeds across conditions; synthetic action agreement is not used.,<absent>,<absent>,<absent>,False,False,False,[],2,,,,,/home/soumyara004/soumyaratnadebnath/VisionLanguageAction/models/openvla_libero/openvla-7b-finetuned-libero-goal,guarded_action_reuse,guarded_reuse_strict,,,,1,cuda:0,,0.2,False,0.15,,3,0.5,0.01,1,0.2,300,openvla_libero,,,,10,/home/soumyara004/soumyaratnadebnath/VisionLanguageAction/artifacts/results/openvla_libero/guarded_reuse_strict/libero_goal,,True,1,0.01,0.03,0.995,0.01,42,,"libero_goal__task_0,libero_goal__task_1,libero_goal__task_2,libero_goal__task_3,libero_goal__task_4,libero_goal__task_5,libero_goal__task_6,libero_goal__task_7,libero_goal__task_8,libero_goal__task_9",,,,,libero_goal,,openvla-7b,False,,224,,/home/soumyara004/soumyaratnadebnath/VisionLanguageAction/third_party/LIBERO,openvla-7b,,,,/home/soumyara004/soumyaratnadebnath/VisionLanguageAction/models/openvla_libero/openvla-7b-finetuned-libero-goal,/home/soumyara004/soumyaratnadebnath/VisionLanguageAction/models/openvla_libero/openvla-7b-finetuned-libero-goal,15082600832,libero_goal,,,,,,,,,,,,False,0,0.0,,
/home/user/BiVLA/artifacts/results/mentor_2026-09-11/results/openvla_libero/guarded_reuse_strict/libero_object/summary.json,openvla_libero,guarded_reuse_strict,libero_object,completed,guarded_action_reuse,openvla_libero,guarded_reuse_strict,libero_object,100,85,0.85,6.09,159.32,0,int,,Task success and timing from LIBERO rollouts. Compare paired seeds across conditions; synthetic action agreement is not used.,<absent>,<absent>,<absent>,False,False,False,[],2,,,,,/home/soumyara004/soumyaratnadebnath/VisionLanguageAction/models/openvla_libero/openvla-7b-finetuned-libero-object,guarded_action_reuse,guarded_reuse_strict,,,,1,cuda:0,,0.2,False,0.15,,3,0.5,0.01,1,0.2,280,openvla_libero,,,,10,/home/soumyara004/soumyaratnadebnath/VisionLanguageAction/artifacts/results/openvla_libero/guarded_reuse_strict/libero_object,,True,1,0.01,0.03,0.995,0.01,42,,"libero_object__task_0,libero_object__task_1,libero_object__task_2,libero_object__task_3,libero_object__task_4,libero_object__task_5,libero_object__task_6,libero_object__task_7,libero_object__task_8,libero_object__task_9",,,,,libero_object,,openvla-7b,False,,224,,/home/soumyara004/soumyaratnadebnath/VisionLanguageAction/third_party/LIBERO,openvla-7b,,,,/home/soumyara004/soumyaratnadebnath/VisionLanguageAction/models/openvla_libero/openvla-7b-finetuned-libero-object,/home/soumyara004/soumyaratnadebnath/VisionLanguageAction/models/openvla_libero/openvla-7b-finetuned-libero-object,15082600832,libero_object,,,,,,,,,,,,False,0,0.0,,
/home/user/BiVLA/artifacts/results/mentor_2026-09-11/results/openvla_libero/guarded_reuse_strict/libero_spatial/summary.json,openvla_libero,guarded_reuse_strict,libero_spatial,completed,guarded_action_reuse,openvla_libero,guarded_reuse_strict,libero_spatial,100,82,0.82,2.62,126.97,0,int,,Task success and timing from LIBERO rollouts. Compare paired seeds across conditions; synthetic action agreement is not used.,<absent>,<absent>,<absent>,False,False,False,[],2,,,,,/home/soumyara004/soumyaratnadebnath/VisionLanguageAction/models/openvla_libero/openvla-7b-finetuned-libero-spatial,guarded_action_reuse,guarded_reuse_strict,,,,1,cuda:0,,0.2,False,0.15,,3,0.5,0.01,1,0.2,220,openvla_libero,,,,10,/home/soumyara004/soumyaratnadebnath/VisionLanguageAction/artifacts/results/openvla_libero/guarded_reuse_strict/libero_spatial,,True,1,0.01,0.03,0.995,0.01,42,,"libero_spatial__task_0,libero_spatial__task_1,libero_spatial__task_2,libero_spatial__task_3,libero_spatial__task_4,libero_spatial__task_5,libero_spatial__task_6,libero_spatial__task_7,libero_spatial__task_8,libero_spatial__task_9",,,,,libero_spatial,,openvla-7b,False,,224,,/home/soumyara004/soumyaratnadebnath/VisionLanguageAction/third_party/LIBERO,openvla-7b,,,,/home/soumyara004/soumyaratnadebnath/VisionLanguageAction/models/openvla_libero/openvla-7b-finetuned-libero-spatial,/home/soumyara004/soumyaratnadebnath/VisionLanguageAction/models/openvla_libero/openvla-7b-finetuned-libero-spatial,15082600832,libero_spatial,,,,,,,,,,,,False,0,0.0,,
/home/user/BiVLA/artifacts/results/mentor_2026-09-11/results/openvla_libero/original/libero_10/summary.json,openvla_libero,original,libero_10,completed,original,openvla_libero,original,libero_10,100,56,0.56,0.0,396.79,0,int,,Task success and timing from LIBERO rollouts. Compare paired seeds across conditions; synthetic action agreement is not used.,<absent>,<absent>,<absent>,False,False,False,[],2,,,,,/home/soumyara004/soumyaratnadebnath/VisionLanguageAction/models/openvla_libero/openvla-7b-finetuned-libero-10,original,original,,,,1,cuda:0,,0.2,False,0.15,,3,0.5,0.01,1,0.2,520,openvla_libero,,,,10,/home/soumyara004/soumyaratnadebnath/VisionLanguageAction/artifacts/results/openvla_libero/original/libero_10,,True,1,0.01,0.03,0.995,0.01,42,,"libero_10__task_0,libero_10__task_1,libero_10__task_2,libero_10__task_3,libero_10__task_4,libero_10__task_5,libero_10__task_6,libero_10__task_7,libero_10__task_8,libero_10__task_9",,,,,libero_10,,openvla-7b,False,,224,,/home/soumyara004/soumyaratnadebnath/VisionLanguageAction/third_party/LIBERO,openvla-7b,,,,/home/soumyara004/soumyaratnadebnath/VisionLanguageAction/models/openvla_libero/openvla-7b-finetuned-libero-10,/home/soumyara004/soumyaratnadebnath/VisionLanguageAction/models/openvla_libero/openvla-7b-finetuned-libero-10,15082600832,libero_10,,,,,,,,,,,,False,0,0.0,,
/home/user/BiVLA/artifacts/results/mentor_2026-09-11/results/openvla_libero/original/libero_goal/summary.json,openvla_libero,original,libero_goal,completed,original,openvla_libero,original,libero_goal,100,75,0.75,0.0,157.59,0,int,,Task success and timing from LIBERO rollouts. Compare paired seeds across conditions; synthetic action agreement is not used.,<absent>,<absent>,<absent>,False,False,False,[],2,,,,,/home/soumyara004/soumyaratnadebnath/VisionLanguageAction/models/openvla_libero/openvla-7b-finetuned-libero-goal,original,original,,,,1,cuda:0,,0.2,False,0.15,,3,0.5,0.01,1,0.2,300,openvla_libero,,,,10,/home/soumyara004/soumyaratnadebnath/VisionLanguageAction/artifacts/results/openvla_libero/original/libero_goal,,True,1,0.01,0.03,0.995,0.01,42,,"libero_goal__task_0,libero_goal__task_1,libero_goal__task_2,libero_goal__task_3,libero_goal__task_4,libero_goal__task_5,libero_goal__task_6,libero_goal__task_7,libero_goal__task_8,libero_goal__task_9",,,,,libero_goal,,openvla-7b,False,,224,,/home/soumyara004/soumyaratnadebnath/VisionLanguageAction/third_party/LIBERO,openvla-7b,,,,/home/soumyara004/soumyaratnadebnath/VisionLanguageAction/models/openvla_libero/openvla-7b-finetuned-libero-goal,/home/soumyara004/soumyaratnadebnath/VisionLanguageAction/models/openvla_libero/openvla-7b-finetuned-libero-goal,15082600832,libero_goal,,,,,,,,,,,,False,0,0.0,,
/home/user/BiVLA/artifacts/results/mentor_2026-09-11/results/openvla_libero/original/libero_object/summary.json,openvla_libero,original,libero_object,completed,original,openvla_libero,original,libero_object,100,87,0.87,0.0,165.89,0,int,,Task success and timing from LIBERO rollouts. Compare paired seeds across conditions; synthetic action agreement is not used.,<absent>,<absent>,<absent>,False,False,False,[],2,,,,,/home/soumyara004/soumyaratnadebnath/VisionLanguageAction/models/openvla_libero/openvla-7b-finetuned-libero-object,original,original,,,,1,cuda:0,,0.2,False,0.15,,3,0.5,0.01,1,0.2,280,openvla_libero,,,,10,/home/soumyara004/soumyaratnadebnath/VisionLanguageAction/artifacts/results/openvla_libero/original/libero_object,,True,1,0.01,0.03,0.995,0.01,42,,"libero_object__task_0,libero_object__task_1,libero_object__task_2,libero_object__task_3,libero_object__task_4,libero_object__task_5,libero_object__task_6,libero_object__task_7,libero_object__task_8,libero_object__task_9",,,,,libero_object,,openvla-7b,False,,224,,/home/soumyara004/soumyaratnadebnath/VisionLanguageAction/third_party/LIBERO,openvla-7b,,,,/home/soumyara004/soumyaratnadebnath/VisionLanguageAction/models/openvla_libero/openvla-7b-finetuned-libero-object,/home/soumyara004/soumyaratnadebnath/VisionLanguageAction/models/openvla_libero/openvla-7b-finetuned-libero-object,15082600832,libero_object,,,,,,,,,,,,False,0,0.0,,
/home/user/BiVLA/artifacts/results/mentor_2026-09-11/results/openvla_libero/original/libero_spatial/summary.json,openvla_libero,original,libero_spatial,completed,original,openvla_libero,original,libero_spatial,100,78,0.78,0.0,133.91,0,int,,Task success and timing from LIBERO rollouts. Compare paired seeds across conditions; synthetic action agreement is not used.,<absent>,<absent>,<absent>,False,False,False,[],2,,,,,/home/soumyara004/soumyaratnadebnath/VisionLanguageAction/models/openvla_libero/openvla-7b-finetuned-libero-spatial,original,original,,,,1,cuda:0,,0.2,False,0.15,,3,0.5,0.01,1,0.2,220,openvla_libero,,,,10,/home/soumyara004/soumyaratnadebnath/VisionLanguageAction/artifacts/results/openvla_libero/original/libero_spatial,,True,1,0.01,0.03,0.995,0.01,42,,"libero_spatial__task_0,libero_spatial__task_1,libero_spatial__task_2,libero_spatial__task_3,libero_spatial__task_4,libero_spatial__task_5,libero_spatial__task_6,libero_spatial__task_7,libero_spatial__task_8,libero_spatial__task_9",,,,,libero_spatial,,openvla-7b,False,,224,,/home/soumyara004/soumyaratnadebnath/VisionLanguageAction/third_party/LIBERO,openvla-7b,,,,/home/soumyara004/soumyaratnadebnath/VisionLanguageAction/models/openvla_libero/openvla-7b-finetuned-libero-spatial,/home/soumyara004/soumyaratnadebnath/VisionLanguageAction/models/openvla_libero/openvla-7b-finetuned-libero-spatial,15082600832,libero_spatial,,,,,,,,,,,,False,0,0.0,,
/home/user/BiVLA/artifacts/results/mentor_2026-09-11/results/openvla_libero/temporal_fusion_conservative_adaptive/libero_goal/summary.json,openvla_libero,temporal_fusion_conservative_adaptive,libero_goal,completed,temporal_fusion,openvla_libero,temporal_fusion_conservative_adaptive,libero_goal,100,77,0.77,0.0,158.66,0,int,,Task success and timing from LIBERO rollouts. Compare paired seeds across conditions; synthetic action agreement is not used.,<absent>,<absent>,<absent>,False,False,False,[],2,,,,,/home/soumyara004/soumyaratnadebnath/VisionLanguageAction/models/openvla_libero/openvla-7b-finetuned-libero-goal,temporal_fusion,temporal_fusion_conservative_adaptive,,,,1,cuda:0,,0.2,False,0.15,0.03,2,0.25,0.01,1,0.2,300,openvla_libero,,,,10,/home/soumyara004/soumyaratnadebnath/VisionLanguageAction/artifacts/results/openvla_libero/temporal_fusion_conservative_adaptive/libero_goal,,True,1,0.01,0.03,0.995,0.01,42,,"libero_goal__task_0,libero_goal__task_1,libero_goal__task_2,libero_goal__task_3,libero_goal__task_4,libero_goal__task_5,libero_goal__task_6,libero_goal__task_7,libero_goal__task_8,libero_goal__task_9",,,,,libero_goal,,openvla-7b,False,,224,,/home/soumyara004/soumyaratnadebnath/VisionLanguageAction/third_party/LIBERO,openvla-7b,,,,/home/soumyara004/soumyaratnadebnath/VisionLanguageAction/models/openvla_libero/openvla-7b-finetuned-libero-goal,/home/soumyara004/soumyaratnadebnath/VisionLanguageAction/models/openvla_libero/openvla-7b-finetuned-libero-goal,15082600832,libero_goal,,,,,,,,,,,,False,14094,64.0,,
/home/user/BiVLA/artifacts/results/mentor_2026-09-11/results/openvla_libero/temporal_fusion_conservative_adaptive/libero_object/summary.json,openvla_libero,temporal_fusion_conservative_adaptive,libero_object,completed,temporal_fusion,openvla_libero,temporal_fusion_conservative_adaptive,libero_object,100,82,0.82,0.0,171.76,0,int,,Task success and timing from LIBERO rollouts. Compare paired seeds across conditions; synthetic action agreement is not used.,<absent>,<absent>,<absent>,False,False,False,[],2,,,,,/home/soumyara004/soumyaratnadebnath/VisionLanguageAction/models/openvla_libero/openvla-7b-finetuned-libero-object,temporal_fusion,temporal_fusion_conservative_adaptive,,,,1,cuda:0,,0.2,False,0.15,0.03,2,0.25,0.01,1,0.2,280,openvla_libero,,,,10,/home/soumyara004/soumyaratnadebnath/VisionLanguageAction/artifacts/results/openvla_libero/temporal_fusion_conservative_adaptive/libero_object,,True,1,0.01,0.03,0.995,0.01,42,,"libero_object__task_0,libero_object__task_1,libero_object__task_2,libero_object__task_3,libero_object__task_4,libero_object__task_5,libero_object__task_6,libero_object__task_7,libero_object__task_8,libero_object__task_9",,,,,libero_object,,openvla-7b,False,,224,,/home/soumyara004/soumyaratnadebnath/VisionLanguageAction/third_party/LIBERO,openvla-7b,,,,/home/soumyara004/soumyaratnadebnath/VisionLanguageAction/models/openvla_libero/openvla-7b-finetuned-libero-object,/home/soumyara004/soumyaratnadebnath/VisionLanguageAction/models/openvla_libero/openvla-7b-finetuned-libero-object,15082600832,libero_object,,,,,,,,,,,,False,15810,64.0,,
/home/user/BiVLA/artifacts/results/mentor_2026-09-11/results/openvla_libero/temporal_fusion_conservative_adaptive/libero_spatial/summary.json,openvla_libero,temporal_fusion_conservative_adaptive,libero_spatial,completed,temporal_fusion,openvla_libero,temporal_fusion_conservative_adaptive,libero_spatial,100,79,0.79,0.0,133.39,0,int,,Task success and timing from LIBERO rollouts. Compare paired seeds across conditions; synthetic action agreement is not used.,<absent>,<absent>,<absent>,False,False,False,[],2,,,,,/home/soumyara004/soumyaratnadebnath/VisionLanguageAction/models/openvla_libero/openvla-7b-finetuned-libero-spatial,temporal_fusion,temporal_fusion_conservative_adaptive,,,,1,cuda:0,,0.2,False,0.15,0.03,2,0.25,0.01,1,0.2,220,openvla_libero,,,,10,/home/soumyara004/soumyaratnadebnath/VisionLanguageAction/artifacts/results/openvla_libero/temporal_fusion_conservative_adaptive/libero_spatial,,True,1,0.01,0.03,0.995,0.01,42,,"libero_spatial__task_0,libero_spatial__task_1,libero_spatial__task_2,libero_spatial__task_3,libero_spatial__task_4,libero_spatial__task_5,libero_spatial__task_6,libero_spatial__task_7,libero_spatial__task_8,libero_spatial__task_9",,,,,libero_spatial,,openvla-7b,False,,224,,/home/soumyara004/soumyaratnadebnath/VisionLanguageAction/third_party/LIBERO,openvla-7b,,,,/home/soumyara004/soumyaratnadebnath/VisionLanguageAction/models/openvla_libero/openvla-7b-finetuned-libero-spatial,/home/soumyara004/soumyaratnadebnath/VisionLanguageAction/models/openvla_libero/openvla-7b-finetuned-libero-spatial,15082600832,libero_spatial,,,,,,,,,,,,False,12457,64.0,,
/home/user/BiVLA/artifacts/results/mentor_2026-09-11/results/openvla_libero/temporal_fusion_motion_entropy/libero_10/summary.json,openvla_libero,temporal_fusion_motion_entropy,libero_10,completed,temporal_fusion,openvla_libero,temporal_fusion_motion_entropy,libero_10,100,49,0.49,0.0,410.34,0,int,,Task success and timing from LIBERO rollouts. Compare paired seeds across conditions; synthetic action agreement is not used.,<absent>,<absent>,<absent>,False,False,False,[],2,,,,,/home/soumyara004/soumyaratnadebnath/VisionLanguageAction/models/openvla_libero/openvla-7b-finetuned-libero-10,temporal_fusion,temporal_fusion_motion_entropy,,,,1,cuda:0,,0.2,False,0.15,,3,0.5,0.01,1,0.2,520,openvla_libero,,,,10,/home/soumyara004/soumyaratnadebnath/VisionLanguageAction/artifacts/results/openvla_libero/temporal_fusion_motion_entropy/libero_10,,True,1,0.01,0.03,0.995,0.01,42,,"libero_10__task_0,libero_10__task_1,libero_10__task_2,libero_10__task_3,libero_10__task_4,libero_10__task_5,libero_10__task_6,libero_10__task_7,libero_10__task_8,libero_10__task_9",,,,,libero_10,,openvla-7b,False,,224,,/home/soumyara004/soumyaratnadebnath/VisionLanguageAction/third_party/LIBERO,openvla-7b,,,,/home/soumyara004/soumyaratnadebnath/VisionLanguageAction/models/openvla_libero/openvla-7b-finetuned-libero-10,/home/soumyara004/soumyaratnadebnath/VisionLanguageAction/models/openvla_libero/openvla-7b-finetuned-libero-10,15082600832,libero_10,,,,,,,,,,,,False,13731,128.0,,
/home/user/BiVLA/artifacts/results/mentor_2026-09-11/results/openvla_libero/temporal_fusion_motion_entropy/libero_goal/summary.json,openvla_libero,temporal_fusion_motion_entropy,libero_goal,completed,temporal_fusion,openvla_libero,temporal_fusion_motion_entropy,libero_goal,100,74,0.74,0.0,159.57,0,int,,Task success and timing from LIBERO rollouts. Compare paired seeds across conditions; synthetic action agreement is not used.,<absent>,<absent>,<absent>,False,False,False,[],2,,,,,/home/soumyara004/soumyaratnadebnath/VisionLanguageAction/models/openvla_libero/openvla-7b-finetuned-libero-goal,temporal_fusion,temporal_fusion_motion_entropy,,,,1,cuda:0,,0.2,False,0.15,,3,0.5,0.01,1,0.2,300,openvla_libero,,,,10,/home/soumyara004/soumyaratnadebnath/VisionLanguageAction/artifacts/results/openvla_libero/temporal_fusion_motion_entropy/libero_goal,,True,1,0.01,0.03,0.995,0.01,42,,"libero_goal__task_0,libero_goal__task_1,libero_goal__task_2,libero_goal__task_3,libero_goal__task_4,libero_goal__task_5,libero_goal__task_6,libero_goal__task_7,libero_goal__task_8,libero_goal__task_9",,,,,libero_goal,,openvla-7b,False,,224,,/home/soumyara004/soumyaratnadebnath/VisionLanguageAction/third_party/LIBERO,openvla-7b,,,,/home/soumyara004/soumyaratnadebnath/VisionLanguageAction/models/openvla_libero/openvla-7b-finetuned-libero-goal,/home/soumyara004/soumyaratnadebnath/VisionLanguageAction/models/openvla_libero/openvla-7b-finetuned-libero-goal,15082600832,libero_goal,,,,,,,,,,,,False,5348,128.0,,
/home/user/BiVLA/artifacts/results/mentor_2026-09-11/results/openvla_libero/temporal_fusion_motion_entropy/libero_object/summary.json,openvla_libero,temporal_fusion_motion_entropy,libero_object,completed,temporal_fusion,openvla_libero,temporal_fusion_motion_entropy,libero_object,100,83,0.83,0.0,167.01,0,int,,Task success and timing from LIBERO rollouts. Compare paired seeds across conditions; synthetic action agreement is not used.,<absent>,<absent>,<absent>,False,False,False,[],2,,,,,/home/soumyara004/soumyaratnadebnath/VisionLanguageAction/models/openvla_libero/openvla-7b-finetuned-libero-object,temporal_fusion,temporal_fusion_motion_entropy,,,,1,cuda:0,,0.2,False,0.15,,3,0.5,0.01,1,0.2,280,openvla_libero,,,,10,/home/soumyara004/soumyaratnadebnath/VisionLanguageAction/artifacts/results/openvla_libero/temporal_fusion_motion_entropy/libero_object,,True,1,0.01,0.03,0.995,0.01,42,,"libero_object__task_0,libero_object__task_1,libero_object__task_2,libero_object__task_3,libero_object__task_4,libero_object__task_5,libero_object__task_6,libero_object__task_7,libero_object__task_8,libero_object__task_9",,,,,libero_object,,openvla-7b,False,,224,,/home/soumyara004/soumyaratnadebnath/VisionLanguageAction/third_party/LIBERO,openvla-7b,,,,/home/soumyara004/soumyaratnadebnath/VisionLanguageAction/models/openvla_libero/openvla-7b-finetuned-libero-object,/home/soumyara004/soumyaratnadebnath/VisionLanguageAction/models/openvla_libero/openvla-7b-finetuned-libero-object,15082600832,libero_object,,,,,,,,,,,,False,5601,128.0,,
/home/user/BiVLA/artifacts/results/mentor_2026-09-11/results/openvla_libero/temporal_fusion_motion_entropy/libero_spatial/summary.json,openvla_libero,temporal_fusion_motion_entropy,libero_spatial,completed,temporal_fusion,openvla_libero,temporal_fusion_motion_entropy,libero_spatial,100,85,0.85,0.0,125.72,0,int,,Task success and timing from LIBERO rollouts. Compare paired seeds across conditions; synthetic action agreement is not used.,<absent>,<absent>,<absent>,False,False,False,[],2,,,,,/home/soumyara004/soumyaratnadebnath/VisionLanguageAction/models/openvla_libero/openvla-7b-finetuned-libero-spatial,temporal_fusion,temporal_fusion_motion_entropy,,,,1,cuda:0,,0.2,False,0.15,,3,0.5,0.01,1,0.2,220,openvla_libero,,,,10,/home/soumyara004/soumyaratnadebnath/VisionLanguageAction/artifacts/results/openvla_libero/temporal_fusion_motion_entropy/libero_spatial,,True,1,0.01,0.03,0.995,0.01,42,,"libero_spatial__task_0,libero_spatial__task_1,libero_spatial__task_2,libero_spatial__task_3,libero_spatial__task_4,libero_spatial__task_5,libero_spatial__task_6,libero_spatial__task_7,libero_spatial__task_8,libero_spatial__task_9",,,,,libero_spatial,,openvla-7b,False,,224,,/home/soumyara004/soumyaratnadebnath/VisionLanguageAction/third_party/LIBERO,openvla-7b,,,,/home/soumyara004/soumyaratnadebnath/VisionLanguageAction/models/openvla_libero/openvla-7b-finetuned-libero-spatial,/home/soumyara004/soumyaratnadebnath/VisionLanguageAction/models/openvla_libero/openvla-7b-finetuned-libero-spatial,15082600832,libero_spatial,,,,,,,,,,,,False,4231,124.0,,
/home/user/BiVLA/artifacts/results/mentor_2026-09-11/results/openvla_libero/temporal_fusion_task_aware/libero_10/summary.json,openvla_libero,temporal_fusion_task_aware,libero_10,completed,temporal_fusion,openvla_libero,temporal_fusion_task_aware,libero_10,100,48,0.48,0.0,409.33,0,int,,Task success and timing from LIBERO rollouts. Compare paired seeds across conditions; synthetic action agreement is not used.,<absent>,<absent>,<absent>,False,False,False,[],2,,,,,/home/soumyara004/soumyaratnadebnath/VisionLanguageAction/models/openvla_libero/openvla-7b-finetuned-libero-10,temporal_fusion,temporal_fusion_task_aware,,,,1,cuda:0,,0.2,True,0.15,,3,0.5,0.01,1,0.2,520,openvla_libero,,,,10,/home/soumyara004/soumyaratnadebnath/VisionLanguageAction/artifacts/results/openvla_libero/temporal_fusion_task_aware/libero_10,,True,1,0.01,0.03,0.995,0.01,42,,"libero_10__task_0,libero_10__task_1,libero_10__task_2,libero_10__task_3,libero_10__task_4,libero_10__task_5,libero_10__task_6,libero_10__task_7,libero_10__task_8,libero_10__task_9",,,,,libero_10,,openvla-7b,False,,224,,/home/soumyara004/soumyaratnadebnath/VisionLanguageAction/third_party/LIBERO,openvla-7b,,,,/home/soumyara004/soumyaratnadebnath/VisionLanguageAction/models/openvla_libero/openvla-7b-finetuned-libero-10,/home/soumyara004/soumyaratnadebnath/VisionLanguageAction/models/openvla_libero/openvla-7b-finetuned-libero-10,15082600832,libero_10,,,,,,,,,,,,True,13699,69.0,,
/home/user/BiVLA/artifacts/results/mentor_2026-09-11/results/openvla_libero/temporal_fusion_task_aware/libero_goal/summary.json,openvla_libero,temporal_fusion_task_aware,libero_goal,completed,temporal_fusion,openvla_libero,temporal_fusion_task_aware,libero_goal,100,73,0.73,0.0,161.96,0,int,,Task success and timing from LIBERO rollouts. Compare paired seeds across conditions; synthetic action agreement is not used.,<absent>,<absent>,<absent>,False,False,False,[],2,,,,,/home/soumyara004/soumyaratnadebnath/VisionLanguageAction/models/openvla_libero/openvla-7b-finetuned-libero-goal,temporal_fusion,temporal_fusion_task_aware,,,,1,cuda:0,,0.2,True,0.15,,3,0.5,0.01,1,0.2,300,openvla_libero,,,,10,/home/soumyara004/soumyaratnadebnath/VisionLanguageAction/artifacts/results/openvla_libero/temporal_fusion_task_aware/libero_goal,,True,1,0.01,0.03,0.995,0.01,42,,"libero_goal__task_0,libero_goal__task_1,libero_goal__task_2,libero_goal__task_3,libero_goal__task_4,libero_goal__task_5,libero_goal__task_6,libero_goal__task_7,libero_goal__task_8,libero_goal__task_9",,,,,libero_goal,,openvla-7b,False,,224,,/home/soumyara004/soumyaratnadebnath/VisionLanguageAction/third_party/LIBERO,openvla-7b,,,,/home/soumyara004/soumyaratnadebnath/VisionLanguageAction/models/openvla_libero/openvla-7b-finetuned-libero-goal,/home/soumyara004/soumyaratnadebnath/VisionLanguageAction/models/openvla_libero/openvla-7b-finetuned-libero-goal,15082600832,libero_goal,,,,,,,,,,,,True,5424,77.0,,
/home/user/BiVLA/artifacts/results/mentor_2026-09-11/results/openvla_libero/temporal_fusion_task_aware/libero_object/summary.json,openvla_libero,temporal_fusion_task_aware,libero_object,completed,temporal_fusion,openvla_libero,temporal_fusion_task_aware,libero_object,100,86,0.86,0.0,165.91,0,int,,Task success and timing from LIBERO rollouts. Compare paired seeds across conditions; synthetic action agreement is not used.,<absent>,<absent>,<absent>,False,False,False,[],2,,,,,/home/soumyara004/soumyaratnadebnath/VisionLanguageAction/models/openvla_libero/openvla-7b-finetuned-libero-object,temporal_fusion,temporal_fusion_task_aware,,,,1,cuda:0,,0.2,True,0.15,,3,0.5,0.01,1,0.2,280,openvla_libero,,,,10,/home/soumyara004/soumyaratnadebnath/VisionLanguageAction/artifacts/results/openvla_libero/temporal_fusion_task_aware/libero_object,,True,1,0.01,0.03,0.995,0.01,42,,"libero_object__task_0,libero_object__task_1,libero_object__task_2,libero_object__task_3,libero_object__task_4,libero_object__task_5,libero_object__task_6,libero_object__task_7,libero_object__task_8,libero_object__task_9",,,,,libero_object,,openvla-7b,False,,224,,/home/soumyara004/soumyaratnadebnath/VisionLanguageAction/third_party/LIBERO,openvla-7b,,,,/home/soumyara004/soumyaratnadebnath/VisionLanguageAction/models/openvla_libero/openvla-7b-finetuned-libero-object,/home/soumyara004/soumyaratnadebnath/VisionLanguageAction/models/openvla_libero/openvla-7b-finetuned-libero-object,15082600832,libero_object,,,,,,,,,,,,True,5568,65.0,,
/home/user/BiVLA/artifacts/results/mentor_2026-09-11/results/openvla_libero/temporal_fusion_task_aware/libero_spatial/summary.json,openvla_libero,temporal_fusion_task_aware,libero_spatial,completed,temporal_fusion,openvla_libero,temporal_fusion_task_aware,libero_spatial,100,77,0.77,0.0,137.66,0,int,,Task success and timing from LIBERO rollouts. Compare paired seeds across conditions; synthetic action agreement is not used.,<absent>,<absent>,<absent>,False,False,False,[],2,,,,,/home/soumyara004/soumyaratnadebnath/VisionLanguageAction/models/openvla_libero/openvla-7b-finetuned-libero-spatial,temporal_fusion,temporal_fusion_task_aware,,,,1,cuda:0,,0.2,True,0.15,,3,0.5,0.01,1,0.2,220,openvla_libero,,,,10,/home/soumyara004/soumyaratnadebnath/VisionLanguageAction/artifacts/results/openvla_libero/temporal_fusion_task_aware/libero_spatial,,True,1,0.01,0.03,0.995,0.01,42,,"libero_spatial__task_0,libero_spatial__task_1,libero_spatial__task_2,libero_spatial__task_3,libero_spatial__task_4,libero_spatial__task_5,libero_spatial__task_6,libero_spatial__task_7,libero_spatial__task_8,libero_spatial__task_9",,,,,libero_spatial,,openvla-7b,False,,224,,/home/soumyara004/soumyaratnadebnath/VisionLanguageAction/third_party/LIBERO,openvla-7b,,,,/home/soumyara004/soumyaratnadebnath/VisionLanguageAction/models/openvla_libero/openvla-7b-finetuned-libero-spatial,/home/soumyara004/soumyaratnadebnath/VisionLanguageAction/models/openvla_libero/openvla-7b-finetuned-libero-spatial,15082600832,libero_spatial,,,,,,,,,,,,True,4624,61.0,,
/home/user/BiVLA/artifacts/results/mentor_2026-09-11/results/openvla_simplerenv/action_repeat2/widowx_carrot_on_plate/summary.json,openvla_simplerenv,action_repeat2,widowx_carrot_on_plate,completed,action_repeat,openvla_simplerenv,action_repeat2,simpler_widowx,50,10,0.2,27.5,27.58,,NoneType,,Task success and timing from SimplerEnv rollouts. Compare paired seeds across conditions; synthetic action agreement is not used.,<absent>,<absent>,<absent>,False,False,False,[],2,,,,,/home/soumyara004/soumyaratnadebnath/VisionLanguageAction/models/openvla-7b,action_repeat,action_repeat2,,,,1,cuda:0,,0.2,False,0.15,,3,0.5,0.01,1,0.2,150,openvla_simplerenv,,,,50,/home/soumyara004/soumyaratnadebnath/VisionLanguageAction/artifacts/results/openvla_simplerenv/action_repeat2/widowx_carrot_on_plate,,,1,0.01,0.03,0.995,0.01,42,,widowx_carrot_on_plate,,,,,bridge_orig,,openvla-7b,False,,224,,,openvla-7b,,,,/home/soumyara004/soumyaratnadebnath/VisionLanguageAction/models/openvla-7b,/home/soumyara004/soumyaratnadebnath/VisionLanguageAction/models/openvla-7b,15082600824,simpler_widowx,,,,,,,,,,,,False,0,0.0,,
/home/user/BiVLA/artifacts/results/mentor_2026-09-11/results/openvla_simplerenv/action_repeat2/widowx_put_eggplant_in_basket/summary.json,openvla_simplerenv,action_repeat2,widowx_put_eggplant_in_basket,completed,action_repeat,openvla_simplerenv,action_repeat2,simpler_widowx,50,23,0.46,40.26,40.58,,NoneType,,Task success and timing from SimplerEnv rollouts. Compare paired seeds across conditions; synthetic action agreement is not used.,<absent>,<absent>,<absent>,False,False,False,[],2,,,,,/home/soumyara004/soumyaratnadebnath/VisionLanguageAction/models/openvla-7b,action_repeat,action_repeat2,,,,1,cuda:0,,0.2,False,0.15,,3,0.5,0.01,1,0.2,150,openvla_simplerenv,,,,50,/home/soumyara004/soumyaratnadebnath/VisionLanguageAction/artifacts/results/openvla_simplerenv/action_repeat2/widowx_put_eggplant_in_basket,,,1,0.01,0.03,0.995,0.01,42,,widowx_put_eggplant_in_basket,,,,,bridge_orig,,openvla-7b,False,,224,,,openvla-7b,,,,/home/soumyara004/soumyaratnadebnath/VisionLanguageAction/models/openvla-7b,/home/soumyara004/soumyaratnadebnath/VisionLanguageAction/models/openvla-7b,15082600824,simpler_widowx,,,,,,,,,,,,False,0,0.0,,
/home/user/BiVLA/artifacts/results/mentor_2026-09-11/results/openvla_simplerenv/action_repeat2/widowx_spoon_on_towel/summary.json,openvla_simplerenv,action_repeat2,widowx_spoon_on_towel,completed,action_repeat,openvla_simplerenv,action_repeat2,simpler_widowx,50,14,0.28,25.26,25.4,,NoneType,,Task success and timing from SimplerEnv rollouts. Compare paired seeds across conditions; synthetic action agreement is not used.,<absent>,<absent>,<absent>,False,False,False,[],2,,,,,/home/soumyara004/soumyaratnadebnath/VisionLanguageAction/models/openvla-7b,action_repeat,action_repeat2,,,,1,cuda:0,,0.2,False,0.15,,3,0.5,0.01,1,0.2,150,openvla_simplerenv,,,,50,/home/soumyara004/soumyaratnadebnath/VisionLanguageAction/artifacts/results/openvla_simplerenv/action_repeat2/widowx_spoon_on_towel,,,1,0.01,0.03,0.995,0.01,42,,widowx_spoon_on_towel,,,,,bridge_orig,,openvla-7b,False,,224,,,openvla-7b,,,,/home/soumyara004/soumyaratnadebnath/VisionLanguageAction/models/openvla-7b,/home/soumyara004/soumyaratnadebnath/VisionLanguageAction/models/openvla-7b,15082600824,simpler_widowx,,,,,,,,,,,,False,0,0.0,,
/home/user/BiVLA/artifacts/results/mentor_2026-09-11/results/openvla_simplerenv/action_repeat2/widowx_stack_cube/summary.json,openvla_simplerenv,action_repeat2,widowx_stack_cube,completed,action_repeat,openvla_simplerenv,action_repeat2,simpler_widowx,50,9,0.18,27.64,27.76,,NoneType,,Task success and timing from SimplerEnv rollouts. Compare paired seeds across conditions; synthetic action agreement is not used.,<absent>,<absent>,<absent>,False,False,False,[],2,,,,,/home/soumyara004/soumyaratnadebnath/VisionLanguageAction/models/openvla-7b,action_repeat,action_repeat2,,,,1,cuda:0,,0.2,False,0.15,,3,0.5,0.01,1,0.2,150,openvla_simplerenv,,,,50,/home/soumyara004/soumyaratnadebnath/VisionLanguageAction/artifacts/results/openvla_simplerenv/action_repeat2/widowx_stack_cube,,,1,0.01,0.03,0.995,0.01,42,,widowx_stack_cube,,,,,bridge_orig,,openvla-7b,False,,224,,,openvla-7b,,,,/home/soumyara004/soumyaratnadebnath/VisionLanguageAction/models/openvla-7b,/home/soumyara004/soumyaratnadebnath/VisionLanguageAction/models/openvla-7b,15082600824,simpler_widowx,,,,,,,,,,,,False,0,0.0,,
/home/user/BiVLA/artifacts/results/mentor_2026-09-11/results/openvla_simplerenv/action_repeat4/widowx_carrot_on_plate/summary.json,openvla_simplerenv,action_repeat4,widowx_carrot_on_plate,completed,action_repeat,openvla_simplerenv,action_repeat4,simpler_widowx,50,11,0.22,42.0,14.08,,NoneType,,Task success and timing from SimplerEnv rollouts. Compare paired seeds across conditions; synthetic action agreement is not used.,<absent>,<absent>,<absent>,False,False,False,[],4,,,,,/home/soumyara004/soumyaratnadebnath/VisionLanguageAction/models/openvla-7b,action_repeat,action_repeat4,,,,1,cuda:0,,0.2,False,0.15,,3,0.5,0.01,1,0.2,150,openvla_simplerenv,,,,50,/home/soumyara004/soumyaratnadebnath/VisionLanguageAction/artifacts/results/openvla_simplerenv/action_repeat4/widowx_carrot_on_plate,,,1,0.01,0.03,0.995,0.01,42,,widowx_carrot_on_plate,,,,,bridge_orig,,openvla-7b,False,,224,,,openvla-7b,,,,/home/soumyara004/soumyaratnadebnath/VisionLanguageAction/models/openvla-7b,/home/soumyara004/soumyaratnadebnath/VisionLanguageAction/models/openvla-7b,15082600824,simpler_widowx,,,,,,,,,,,,False,0,0.0,,
/home/user/BiVLA/artifacts/results/mentor_2026-09-11/results/openvla_simplerenv/action_repeat4/widowx_put_eggplant_in_basket/summary.json,openvla_simplerenv,action_repeat4,widowx_put_eggplant_in_basket,completed,action_repeat,openvla_simplerenv,action_repeat4,simpler_widowx,50,14,0.28,73.9,24.84,,NoneType,,Task success and timing from SimplerEnv rollouts. Compare paired seeds across conditions; synthetic action agreement is not used.,<absent>,<absent>,<absent>,False,False,False,[],4,,,,,/home/soumyara004/soumyaratnadebnath/VisionLanguageAction/models/openvla-7b,action_repeat,action_repeat4,,,,1,cuda:0,,0.2,False,0.15,,3,0.5,0.01,1,0.2,150,openvla_simplerenv,,,,50,/home/soumyara004/soumyaratnadebnath/VisionLanguageAction/artifacts/results/openvla_simplerenv/action_repeat4/widowx_put_eggplant_in_basket,,,1,0.01,0.03,0.995,0.01,42,,widowx_put_eggplant_in_basket,,,,,bridge_orig,,openvla-7b,False,,224,,,openvla-7b,,,,/home/soumyara004/soumyaratnadebnath/VisionLanguageAction/models/openvla-7b,/home/soumyara004/soumyaratnadebnath/VisionLanguageAction/models/openvla-7b,15082600824,simpler_widowx,,,,,,,,,,,,False,0,0.0,,
/home/user/BiVLA/artifacts/results/mentor_2026-09-11/results/openvla_simplerenv/action_repeat4/widowx_spoon_on_towel/summary.json,openvla_simplerenv,action_repeat4,widowx_spoon_on_towel,completed,action_repeat,openvla_simplerenv,action_repeat4,simpler_widowx,50,3,0.06,44.44,14.86,,NoneType,,Task success and timing from SimplerEnv rollouts. Compare paired seeds across conditions; synthetic action agreement is not used.,<absent>,<absent>,<absent>,False,False,False,[],4,,,,,/home/soumyara004/soumyaratnadebnath/VisionLanguageAction/models/openvla-7b,action_repeat,action_repeat4,,,,1,cuda:0,,0.2,False,0.15,,3,0.5,0.01,1,0.2,150,openvla_simplerenv,,,,50,/home/soumyara004/soumyaratnadebnath/VisionLanguageAction/artifacts/results/openvla_simplerenv/action_repeat4/widowx_spoon_on_towel,,,1,0.01,0.03,0.995,0.01,42,,widowx_spoon_on_towel,,,,,bridge_orig,,openvla-7b,False,,224,,,openvla-7b,,,,/home/soumyara004/soumyaratnadebnath/VisionLanguageAction/models/openvla-7b,/home/soumyara004/soumyaratnadebnath/VisionLanguageAction/models/openvla-7b,15082600824,simpler_widowx,,,,,,,,,,,,False,0,0.0,,
/home/user/BiVLA/artifacts/results/mentor_2026-09-11/results/openvla_simplerenv/action_repeat4/widowx_stack_cube/summary.json,openvla_simplerenv,action_repeat4,widowx_stack_cube,completed,action_repeat,openvla_simplerenv,action_repeat4,simpler_widowx,50,1,0.02,44.64,14.88,,NoneType,,Task success and timing from SimplerEnv rollouts. Compare paired seeds across conditions; synthetic action agreement is not used.,<absent>,<absent>,<absent>,False,False,False,[],4,,,,,/home/soumyara004/soumyaratnadebnath/VisionLanguageAction/models/openvla-7b,action_repeat,action_repeat4,,,,1,cuda:0,,0.2,False,0.15,,3,0.5,0.01,1,0.2,150,openvla_simplerenv,,,,50,/home/soumyara004/soumyaratnadebnath/VisionLanguageAction/artifacts/results/openvla_simplerenv/action_repeat4/widowx_stack_cube,,,1,0.01,0.03,0.995,0.01,42,,widowx_stack_cube,,,,,bridge_orig,,openvla-7b,False,,224,,,openvla-7b,,,,/home/soumyara004/soumyaratnadebnath/VisionLanguageAction/models/openvla-7b,/home/soumyara004/soumyaratnadebnath/VisionLanguageAction/models/openvla-7b,15082600824,simpler_widowx,,,,,,,,,,,,False,0,0.0,,
/home/user/BiVLA/artifacts/results/mentor_2026-09-11/results/openvla_simplerenv/depth_pruning1/widowx_carrot_on_plate/summary.json,openvla_simplerenv,depth_pruning1,widowx_carrot_on_plate,completed,depth_pruning,openvla_simplerenv,depth_pruning1,simpler_widowx,50,8,0.16,0.0,56.16,,NoneType,,Task success and timing from SimplerEnv rollouts. Compare paired seeds across conditions; synthetic action agreement is not used.,<absent>,<absent>,<absent>,False,False,False,[23],2,,,,,/home/soumyara004/soumyaratnadebnath/VisionLanguageAction/models/openvla-7b,depth_pruning,depth_pruning1,,,,1,cuda:0,,0.2,False,0.15,,3,0.5,0.01,1,0.2,150,openvla_simplerenv,,,,50,/home/soumyara004/soumyaratnadebnath/VisionLanguageAction/artifacts/results/openvla_simplerenv/depth_pruning1/widowx_carrot_on_plate,,,1,0.01,0.03,0.995,0.01,42,,widowx_carrot_on_plate,,,,,bridge_orig,,openvla-7b,False,,224,,,openvla-7b,,,,/home/soumyara004/soumyaratnadebnath/VisionLanguageAction/models/openvla-7b,/home/soumyara004/soumyaratnadebnath/VisionLanguageAction/models/openvla-7b,15082600824,simpler_widowx,,,,,"[0.04706062376499176, 0.04410010576248169, 0.010407090187072754, 0.009134456515312195, 0.014608994126319885, 0.01307755708694458, 0.017886698246002197, 0.030825212597846985, 0.036108821630477905, 0.03877384960651398, 0.05048614740371704, 0.05048088729381561, 0.034164369106292725, 0.029001832008361816, 0.036721810698509216, 0.03480468690395355, 0.03324301540851593, 0.020966708660125732, 0.028324052691459656, 0.025085359811782837, 0.021156862378120422, 0.02452331781387329, 0.02790789306163788, 0.016795828938484192, 0.022814735770225525, 0.020068049430847168, 0.021667838096618652, 0.021068692207336426, 0.023721471428871155, 0.03629422187805176, 0.04656541347503662, 0.08935360610485077]",,,,,,,False,0,0.0,,
/home/user/BiVLA/artifacts/results/mentor_2026-09-11/results/openvla_simplerenv/depth_pruning1/widowx_put_eggplant_in_basket/summary.json,openvla_simplerenv,depth_pruning1,widowx_put_eggplant_in_basket,completed,depth_pruning,openvla_simplerenv,depth_pruning1,simpler_widowx,50,36,0.72,0.0,53.92,,NoneType,,Task success and timing from SimplerEnv rollouts. Compare paired seeds across conditions; synthetic action agreement is not used.,<absent>,<absent>,<absent>,False,False,False,[23],2,,,,,/home/soumyara004/soumyaratnadebnath/VisionLanguageAction/models/openvla-7b,depth_pruning,depth_pruning1,,,,1,cuda:0,,0.2,False,0.15,,3,0.5,0.01,1,0.2,150,openvla_simplerenv,,,,50,/home/soumyara004/soumyaratnadebnath/VisionLanguageAction/artifacts/results/openvla_simplerenv/depth_pruning1/widowx_put_eggplant_in_basket,,,1,0.01,0.03,0.995,0.01,42,,widowx_put_eggplant_in_basket,,,,,bridge_orig,,openvla-7b,False,,224,,,openvla-7b,,,,/home/soumyara004/soumyaratnadebnath/VisionLanguageAction/models/openvla-7b,/home/soumyara004/soumyaratnadebnath/VisionLanguageAction/models/openvla-7b,15082600824,simpler_widowx,,,,,"[0.04706062376499176, 0.04410010576248169, 0.010407090187072754, 0.009134456515312195, 0.014608994126319885, 0.01307755708694458, 0.017886698246002197, 0.030825212597846985, 0.036108821630477905, 0.03877384960651398, 0.05048614740371704, 0.05048088729381561, 0.034164369106292725, 0.029001832008361816, 0.036721810698509216, 0.03480468690395355, 0.03324301540851593, 0.020966708660125732, 0.028324052691459656, 0.025085359811782837, 0.021156862378120422, 0.02452331781387329, 0.02790789306163788, 0.016795828938484192, 0.022814735770225525, 0.020068049430847168, 0.021667838096618652, 0.021068692207336426, 0.023721471428871155, 0.03629422187805176, 0.04656541347503662, 0.08935360610485077]",,,,,,,False,0,0.0,,
/home/user/BiVLA/artifacts/results/mentor_2026-09-11/results/openvla_simplerenv/depth_pruning1/widowx_spoon_on_towel/summary.json,openvla_simplerenv,depth_pruning1,widowx_spoon_on_towel,completed,depth_pruning,openvla_simplerenv,depth_pruning1,simpler_widowx,50,22,0.44,0.0,47.04,,NoneType,,Task success and timing from SimplerEnv rollouts. Compare paired seeds across conditions; synthetic action agreement is not used.,<absent>,<absent>,<absent>,False,False,False,[23],2,,,,,/home/soumyara004/soumyaratnadebnath/VisionLanguageAction/models/openvla-7b,depth_pruning,depth_pruning1,,,,1,cuda:0,,0.2,False,0.15,,3,0.5,0.01,1,0.2,150,openvla_simplerenv,,,,50,/home/soumyara004/soumyaratnadebnath/VisionLanguageAction/artifacts/results/openvla_simplerenv/depth_pruning1/widowx_spoon_on_towel,,,1,0.01,0.03,0.995,0.01,42,,widowx_spoon_on_towel,,,,,bridge_orig,,openvla-7b,False,,224,,,openvla-7b,,,,/home/soumyara004/soumyaratnadebnath/VisionLanguageAction/models/openvla-7b,/home/soumyara004/soumyaratnadebnath/VisionLanguageAction/models/openvla-7b,15082600824,simpler_widowx,,,,,"[0.04706062376499176, 0.04410010576248169, 0.010407090187072754, 0.009134456515312195, 0.014608994126319885, 0.01307755708694458, 0.017886698246002197, 0.030825212597846985, 0.036108821630477905, 0.03877384960651398, 0.05048614740371704, 0.05048088729381561, 0.034164369106292725, 0.029001832008361816, 0.036721810698509216, 0.03480468690395355, 0.03324301540851593, 0.020966708660125732, 0.028324052691459656, 0.025085359811782837, 0.021156862378120422, 0.02452331781387329, 0.02790789306163788, 0.016795828938484192, 0.022814735770225525, 0.020068049430847168, 0.021667838096618652, 0.021068692207336426, 0.023721471428871155, 0.03629422187805176, 0.04656541347503662, 0.08935360610485077]",,,,,,,False,0,0.0,,
/home/user/BiVLA/artifacts/results/mentor_2026-09-11/results/openvla_simplerenv/depth_pruning1/widowx_stack_cube/summary.json,openvla_simplerenv,depth_pruning1,widowx_stack_cube,completed,depth_pruning,openvla_simplerenv,depth_pruning1,simpler_widowx,50,21,0.42,0.0,49.5,,NoneType,,Task success and timing from SimplerEnv rollouts. Compare paired seeds across conditions; synthetic action agreement is not used.,<absent>,<absent>,<absent>,False,False,False,[23],2,,,,,/home/soumyara004/soumyaratnadebnath/VisionLanguageAction/models/openvla-7b,depth_pruning,depth_pruning1,,,,1,cuda:0,,0.2,False,0.15,,3,0.5,0.01,1,0.2,150,openvla_simplerenv,,,,50,/home/soumyara004/soumyaratnadebnath/VisionLanguageAction/artifacts/results/openvla_simplerenv/depth_pruning1/widowx_stack_cube,,,1,0.01,0.03,0.995,0.01,42,,widowx_stack_cube,,,,,bridge_orig,,openvla-7b,False,,224,,,openvla-7b,,,,/home/soumyara004/soumyaratnadebnath/VisionLanguageAction/models/openvla-7b,/home/soumyara004/soumyaratnadebnath/VisionLanguageAction/models/openvla-7b,15082600824,simpler_widowx,,,,,"[0.04706062376499176, 0.04410010576248169, 0.010407090187072754, 0.009134456515312195, 0.014608994126319885, 0.01307755708694458, 0.017886698246002197, 0.030825212597846985, 0.036108821630477905, 0.03877384960651398, 0.05048614740371704, 0.05048088729381561, 0.034164369106292725, 0.029001832008361816, 0.036721810698509216, 0.03480468690395355, 0.03324301540851593, 0.020966708660125732, 0.028324052691459656, 0.025085359811782837, 0.021156862378120422, 0.02452331781387329, 0.02790789306163788, 0.016795828938484192, 0.022814735770225525, 0.020068049430847168, 0.021667838096618652, 0.021068692207336426, 0.023721471428871155, 0.03629422187805176, 0.04656541347503662, 0.08935360610485077]",,,,,,,False,0,0.0,,
/home/user/BiVLA/artifacts/results/mentor_2026-09-11/results/openvla_simplerenv/depth_pruning2/widowx_carrot_on_plate/summary.json,openvla_simplerenv,depth_pruning2,widowx_carrot_on_plate,completed,depth_pruning,openvla_simplerenv,depth_pruning2,simpler_widowx,50,19,0.38,0.0,50.02,,NoneType,,Task success and timing from SimplerEnv rollouts. Compare paired seeds across conditions; synthetic action agreement is not used.,<absent>,<absent>,<absent>,False,False,False,"[23, 25]",2,,,,,/home/soumyara004/soumyaratnadebnath/VisionLanguageAction/models/openvla-7b,depth_pruning,depth_pruning2,,,,2,cuda:0,,0.2,False,0.15,,3,0.5,0.01,1,0.2,150,openvla_simplerenv,,,,50,/home/soumyara004/soumyaratnadebnath/VisionLanguageAction/artifacts/results/openvla_simplerenv/depth_pruning2/widowx_carrot_on_plate,,,1,0.01,0.03,0.995,0.01,42,,widowx_carrot_on_plate,,,,,bridge_orig,,openvla-7b,False,,224,,,openvla-7b,,,,/home/soumyara004/soumyaratnadebnath/VisionLanguageAction/models/openvla-7b,/home/soumyara004/soumyaratnadebnath/VisionLanguageAction/models/openvla-7b,15082600824,simpler_widowx,,,,,"[0.04706062376499176, 0.04410010576248169, 0.010407090187072754, 0.009134456515312195, 0.014608994126319885, 0.01307755708694458, 0.017886698246002197, 0.030825212597846985, 0.036108821630477905, 0.03877384960651398, 0.05048614740371704, 0.05048088729381561, 0.034164369106292725, 0.029001832008361816, 0.036721810698509216, 0.03480468690395355, 0.03324301540851593, 0.020966708660125732, 0.028324052691459656, 0.025085359811782837, 0.021156862378120422, 0.02452331781387329, 0.02790789306163788, 0.016795828938484192, 0.022814735770225525, 0.020068049430847168, 0.021667838096618652, 0.021068692207336426, 0.023721471428871155, 0.03629422187805176, 0.04656541347503662, 0.08935360610485077]",,,,,,,False,0,0.0,,
/home/user/BiVLA/artifacts/results/mentor_2026-09-11/results/openvla_simplerenv/depth_pruning2/widowx_put_eggplant_in_basket/summary.json,openvla_simplerenv,depth_pruning2,widowx_put_eggplant_in_basket,completed,depth_pruning,openvla_simplerenv,depth_pruning2,simpler_widowx,50,33,0.66,0.0,59.24,,NoneType,,Task success and timing from SimplerEnv rollouts. Compare paired seeds across conditions; synthetic action agreement is not used.,<absent>,<absent>,<absent>,False,False,False,"[23, 25]",2,,,,,/home/soumyara004/soumyaratnadebnath/VisionLanguageAction/models/openvla-7b,depth_pruning,depth_pruning2,,,,2,cuda:0,,0.2,False,0.15,,3,0.5,0.01,1,0.2,150,openvla_simplerenv,,,,50,/home/soumyara004/soumyaratnadebnath/VisionLanguageAction/artifacts/results/openvla_simplerenv/depth_pruning2/widowx_put_eggplant_in_basket,,,1,0.01,0.03,0.995,0.01,42,,widowx_put_eggplant_in_basket,,,,,bridge_orig,,openvla-7b,False,,224,,,openvla-7b,,,,/home/soumyara004/soumyaratnadebnath/VisionLanguageAction/models/openvla-7b,/home/soumyara004/soumyaratnadebnath/VisionLanguageAction/models/openvla-7b,15082600824,simpler_widowx,,,,,"[0.04706062376499176, 0.04410010576248169, 0.010407090187072754, 0.009134456515312195, 0.014608994126319885, 0.01307755708694458, 0.017886698246002197, 0.030825212597846985, 0.036108821630477905, 0.03877384960651398, 0.05048614740371704, 0.05048088729381561, 0.034164369106292725, 0.029001832008361816, 0.036721810698509216, 0.03480468690395355, 0.03324301540851593, 0.020966708660125732, 0.028324052691459656, 0.025085359811782837, 0.021156862378120422, 0.02452331781387329, 0.02790789306163788, 0.016795828938484192, 0.022814735770225525, 0.020068049430847168, 0.021667838096618652, 0.021068692207336426, 0.023721471428871155, 0.03629422187805176, 0.04656541347503662, 0.08935360610485077]",,,,,,,False,0,0.0,,
/home/user/BiVLA/artifacts/results/mentor_2026-09-11/results/openvla_simplerenv/depth_pruning2/widowx_spoon_on_towel/summary.json,openvla_simplerenv,depth_pruning2,widowx_spoon_on_towel,completed,depth_pruning,openvla_simplerenv,depth_pruning2,simpler_widowx,50,23,0.46,0.0,45.84,,NoneType,,Task success and timing from SimplerEnv rollouts. Compare paired seeds across conditions; synthetic action agreement is not used.,<absent>,<absent>,<absent>,False,False,False,"[23, 25]",2,,,,,/home/soumyara004/soumyaratnadebnath/VisionLanguageAction/models/openvla-7b,depth_pruning,depth_pruning2,,,,2,cuda:0,,0.2,False,0.15,,3,0.5,0.01,1,0.2,150,openvla_simplerenv,,,,50,/home/soumyara004/soumyaratnadebnath/VisionLanguageAction/artifacts/results/openvla_simplerenv/depth_pruning2/widowx_spoon_on_towel,,,1,0.01,0.03,0.995,0.01,42,,widowx_spoon_on_towel,,,,,bridge_orig,,openvla-7b,False,,224,,,openvla-7b,,,,/home/soumyara004/soumyaratnadebnath/VisionLanguageAction/models/openvla-7b,/home/soumyara004/soumyaratnadebnath/VisionLanguageAction/models/openvla-7b,15082600824,simpler_widowx,,,,,"[0.04706062376499176, 0.04410010576248169, 0.010407090187072754, 0.009134456515312195, 0.014608994126319885, 0.01307755708694458, 0.017886698246002197, 0.030825212597846985, 0.036108821630477905, 0.03877384960651398, 0.05048614740371704, 0.05048088729381561, 0.034164369106292725, 0.029001832008361816, 0.036721810698509216, 0.03480468690395355, 0.03324301540851593, 0.020966708660125732, 0.028324052691459656, 0.025085359811782837, 0.021156862378120422, 0.02452331781387329, 0.02790789306163788, 0.016795828938484192, 0.022814735770225525, 0.020068049430847168, 0.021667838096618652, 0.021068692207336426, 0.023721471428871155, 0.03629422187805176, 0.04656541347503662, 0.08935360610485077]",,,,,,,False,0,0.0,,
/home/user/BiVLA/artifacts/results/mentor_2026-09-11/results/openvla_simplerenv/depth_pruning2/widowx_stack_cube/summary.json,openvla_simplerenv,depth_pruning2,widowx_stack_cube,completed,depth_pruning,openvla_simplerenv,depth_pruning2,simpler_widowx,50,20,0.4,0.0,49.9,,NoneType,,Task success and timing from SimplerEnv rollouts. Compare paired seeds across conditions; synthetic action agreement is not used.,<absent>,<absent>,<absent>,False,False,False,"[23, 25]",2,,,,,/home/soumyara004/soumyaratnadebnath/VisionLanguageAction/models/openvla-7b,depth_pruning,depth_pruning2,,,,2,cuda:0,,0.2,False,0.15,,3,0.5,0.01,1,0.2,150,openvla_simplerenv,,,,50,/home/soumyara004/soumyaratnadebnath/VisionLanguageAction/artifacts/results/openvla_simplerenv/depth_pruning2/widowx_stack_cube,,,1,0.01,0.03,0.995,0.01,42,,widowx_stack_cube,,,,,bridge_orig,,openvla-7b,False,,224,,,openvla-7b,,,,/home/soumyara004/soumyaratnadebnath/VisionLanguageAction/models/openvla-7b,/home/soumyara004/soumyaratnadebnath/VisionLanguageAction/models/openvla-7b,15082600824,simpler_widowx,,,,,"[0.04706062376499176, 0.04410010576248169, 0.010407090187072754, 0.009134456515312195, 0.014608994126319885, 0.01307755708694458, 0.017886698246002197, 0.030825212597846985, 0.036108821630477905, 0.03877384960651398, 0.05048614740371704, 0.05048088729381561, 0.034164369106292725, 0.029001832008361816, 0.036721810698509216, 0.03480468690395355, 0.03324301540851593, 0.020966708660125732, 0.028324052691459656, 0.025085359811782837, 0.021156862378120422, 0.02452331781387329, 0.02790789306163788, 0.016795828938484192, 0.022814735770225525, 0.020068049430847168, 0.021667838096618652, 0.021068692207336426, 0.023721471428871155, 0.03629422187805176, 0.04656541347503662, 0.08935360610485077]",,,,,,,False,0,0.0,,
/home/user/BiVLA/artifacts/results/mentor_2026-09-11/results/openvla_simplerenv/depth_pruning4/widowx_carrot_on_plate/summary.json,openvla_simplerenv,depth_pruning4,widowx_carrot_on_plate,completed,depth_pruning,openvla_simplerenv,depth_pruning4,simpler_widowx,50,14,0.28,0.0,54.06,,NoneType,,Task success and timing from SimplerEnv rollouts. Compare paired seeds across conditions; synthetic action agreement is not used.,<absent>,<absent>,<absent>,False,False,False,"[17, 23, 25, 27]",2,,,,,/home/soumyara004/soumyaratnadebnath/VisionLanguageAction/models/openvla-7b,depth_pruning,depth_pruning4,,,,4,cuda:0,,0.2,False,0.15,,3,0.5,0.01,1,0.2,150,openvla_simplerenv,,,,50,/home/soumyara004/soumyaratnadebnath/VisionLanguageAction/artifacts/results/openvla_simplerenv/depth_pruning4/widowx_carrot_on_plate,,,1,0.01,0.03,0.995,0.01,42,,widowx_carrot_on_plate,,,,,bridge_orig,,openvla-7b,False,,224,,,openvla-7b,,,,/home/soumyara004/soumyaratnadebnath/VisionLanguageAction/models/openvla-7b,/home/soumyara004/soumyaratnadebnath/VisionLanguageAction/models/openvla-7b,15082600824,simpler_widowx,,,,,"[0.04706062376499176, 0.04410010576248169, 0.010407090187072754, 0.009134456515312195, 0.014608994126319885, 0.01307755708694458, 0.017886698246002197, 0.030825212597846985, 0.036108821630477905, 0.03877384960651398, 0.05048614740371704, 0.05048088729381561, 0.034164369106292725, 0.029001832008361816, 0.036721810698509216, 0.03480468690395355, 0.03324301540851593, 0.020966708660125732, 0.028324052691459656, 0.025085359811782837, 0.021156862378120422, 0.02452331781387329, 0.02790789306163788, 0.016795828938484192, 0.022814735770225525, 0.020068049430847168, 0.021667838096618652, 0.021068692207336426, 0.023721471428871155, 0.03629422187805176, 0.04656541347503662, 0.08935360610485077]",,,,,,,False,0,0.0,,
/home/user/BiVLA/artifacts/results/mentor_2026-09-11/results/openvla_simplerenv/depth_pruning4/widowx_put_eggplant_in_basket/summary.json,openvla_simplerenv,depth_pruning4,widowx_put_eggplant_in_basket,completed,depth_pruning,openvla_simplerenv,depth_pruning4,simpler_widowx,50,38,0.76,0.0,51.6,,NoneType,,Task success and timing from SimplerEnv rollouts. Compare paired seeds across conditions; synthetic action agreement is not used.,<absent>,<absent>,<absent>,False,False,False,"[17, 23, 25, 27]",2,,,,,/home/soumyara004/soumyaratnadebnath/VisionLanguageAction/models/openvla-7b,depth_pruning,depth_pruning4,,,,4,cuda:0,,0.2,False,0.15,,3,0.5,0.01,1,0.2,150,openvla_simplerenv,,,,50,/home/soumyara004/soumyaratnadebnath/VisionLanguageAction/artifacts/results/openvla_simplerenv/depth_pruning4/widowx_put_eggplant_in_basket,,,1,0.01,0.03,0.995,0.01,42,,widowx_put_eggplant_in_basket,,,,,bridge_orig,,openvla-7b,False,,224,,,openvla-7b,,,,/home/soumyara004/soumyaratnadebnath/VisionLanguageAction/models/openvla-7b,/home/soumyara004/soumyaratnadebnath/VisionLanguageAction/models/openvla-7b,15082600824,simpler_widowx,,,,,"[0.04706062376499176, 0.04410010576248169, 0.010407090187072754, 0.009134456515312195, 0.014608994126319885, 0.01307755708694458, 0.017886698246002197, 0.030825212597846985, 0.036108821630477905, 0.03877384960651398, 0.05048614740371704, 0.05048088729381561, 0.034164369106292725, 0.029001832008361816, 0.036721810698509216, 0.03480468690395355, 0.03324301540851593, 0.020966708660125732, 0.028324052691459656, 0.025085359811782837, 0.021156862378120422, 0.02452331781387329, 0.02790789306163788, 0.016795828938484192, 0.022814735770225525, 0.020068049430847168, 0.021667838096618652, 0.021068692207336426, 0.023721471428871155, 0.03629422187805176, 0.04656541347503662, 0.08935360610485077]",,,,,,,False,0,0.0,,
/home/user/BiVLA/artifacts/results/mentor_2026-09-11/results/openvla_simplerenv/depth_pruning4/widowx_spoon_on_towel/summary.json,openvla_simplerenv,depth_pruning4,widowx_spoon_on_towel,completed,depth_pruning,openvla_simplerenv,depth_pruning4,simpler_widowx,50,13,0.26,0.0,53.3,,NoneType,,Task success and timing from SimplerEnv rollouts. Compare paired seeds across conditions; synthetic action agreement is not used.,<absent>,<absent>,<absent>,False,False,False,"[17, 23, 25, 27]",2,,,,,/home/soumyara004/soumyaratnadebnath/VisionLanguageAction/models/openvla-7b,depth_pruning,depth_pruning4,,,,4,cuda:0,,0.2,False,0.15,,3,0.5,0.01,1,0.2,150,openvla_simplerenv,,,,50,/home/soumyara004/soumyaratnadebnath/VisionLanguageAction/artifacts/results/openvla_simplerenv/depth_pruning4/widowx_spoon_on_towel,,,1,0.01,0.03,0.995,0.01,42,,widowx_spoon_on_towel,,,,,bridge_orig,,openvla-7b,False,,224,,,openvla-7b,,,,/home/soumyara004/soumyaratnadebnath/VisionLanguageAction/models/openvla-7b,/home/soumyara004/soumyaratnadebnath/VisionLanguageAction/models/openvla-7b,15082600824,simpler_widowx,,,,,"[0.04706062376499176, 0.04410010576248169, 0.010407090187072754, 0.009134456515312195, 0.014608994126319885, 0.01307755708694458, 0.017886698246002197, 0.030825212597846985, 0.036108821630477905, 0.03877384960651398, 0.05048614740371704, 0.05048088729381561, 0.034164369106292725, 0.029001832008361816, 0.036721810698509216, 0.03480468690395355, 0.03324301540851593, 0.020966708660125732, 0.028324052691459656, 0.025085359811782837, 0.021156862378120422, 0.02452331781387329, 0.02790789306163788, 0.016795828938484192, 0.022814735770225525, 0.020068049430847168, 0.021667838096618652, 0.021068692207336426, 0.023721471428871155, 0.03629422187805176, 0.04656541347503662, 0.08935360610485077]",,,,,,,False,0,0.0,,
/home/user/BiVLA/artifacts/results/mentor_2026-09-11/results/openvla_simplerenv/depth_pruning4/widowx_stack_cube/summary.json,openvla_simplerenv,depth_pruning4,widowx_stack_cube,completed,depth_pruning,openvla_simplerenv,depth_pruning4,simpler_widowx,50,10,0.2,0.0,56.22,,NoneType,,Task success and timing from SimplerEnv rollouts. Compare paired seeds across conditions; synthetic action agreement is not used.,<absent>,<absent>,<absent>,False,False,False,"[17, 23, 25, 27]",2,,,,,/home/soumyara004/soumyaratnadebnath/VisionLanguageAction/models/openvla-7b,depth_pruning,depth_pruning4,,,,4,cuda:0,,0.2,False,0.15,,3,0.5,0.01,1,0.2,150,openvla_simplerenv,,,,50,/home/soumyara004/soumyaratnadebnath/VisionLanguageAction/artifacts/results/openvla_simplerenv/depth_pruning4/widowx_stack_cube,,,1,0.01,0.03,0.995,0.01,42,,widowx_stack_cube,,,,,bridge_orig,,openvla-7b,False,,224,,,openvla-7b,,,,/home/soumyara004/soumyaratnadebnath/VisionLanguageAction/models/openvla-7b,/home/soumyara004/soumyaratnadebnath/VisionLanguageAction/models/openvla-7b,15082600824,simpler_widowx,,,,,"[0.04706062376499176, 0.04410010576248169, 0.010407090187072754, 0.009134456515312195, 0.014608994126319885, 0.01307755708694458, 0.017886698246002197, 0.030825212597846985, 0.036108821630477905, 0.03877384960651398, 0.05048614740371704, 0.05048088729381561, 0.034164369106292725, 0.029001832008361816, 0.036721810698509216, 0.03480468690395355, 0.03324301540851593, 0.020966708660125732, 0.028324052691459656, 0.025085359811782837, 0.021156862378120422, 0.02452331781387329, 0.02790789306163788, 0.016795828938484192, 0.022814735770225525, 0.020068049430847168, 0.021667838096618652, 0.021068692207336426, 0.023721471428871155, 0.03629422187805176, 0.04656541347503662, 0.08935360610485077]",,,,,,,False,0,0.0,,
/home/user/BiVLA/artifacts/results/mentor_2026-09-11/results/openvla_simplerenv/fixed_foveation_keep20/widowx_carrot_on_plate/summary.json,openvla_simplerenv,fixed_foveation_keep20,widowx_carrot_on_plate,completed,fixed_foveation,openvla_simplerenv,fixed_foveation_keep20,simpler_widowx,50,12,0.24,0.0,51.34,,NoneType,,Task success and timing from SimplerEnv rollouts. Compare paired seeds across conditions; synthetic action agreement is not used.,<absent>,<absent>,<absent>,False,False,False,[],2,,,,,/home/soumyara004/soumyaratnadebnath/VisionLanguageAction/models/openvla-7b,fixed_foveation,fixed_foveation_keep20,,,,1,cuda:0,,0.2,False,0.15,,3,0.5,0.01,1,0.2,150,openvla_simplerenv,,,,50,/home/soumyara004/soumyaratnadebnath/VisionLanguageAction/artifacts/results/openvla_simplerenv/fixed_foveation_keep20/widowx_carrot_on_plate,,,1,0.01,0.03,0.995,0.01,42,,widowx_carrot_on_plate,,,,,bridge_orig,,openvla-7b,False,,224,,,openvla-7b,,,,/home/soumyara004/soumyaratnadebnath/VisionLanguageAction/models/openvla-7b,/home/soumyara004/soumyaratnadebnath/VisionLanguageAction/models/openvla-7b,15082600824,simpler_widowx,,,,,,,,,,,,False,0,0.0,,
/home/user/BiVLA/artifacts/results/mentor_2026-09-11/results/openvla_simplerenv/fixed_foveation_keep20/widowx_put_eggplant_in_basket/summary.json,openvla_simplerenv,fixed_foveation_keep20,widowx_put_eggplant_in_basket,completed,fixed_foveation,openvla_simplerenv,fixed_foveation_keep20,simpler_widowx,50,8,0.16,0.0,104.72,,NoneType,,Task success and timing from SimplerEnv rollouts. Compare paired seeds across conditions; synthetic action agreement is not used.,<absent>,<absent>,<absent>,False,False,False,[],2,,,,,/home/soumyara004/soumyaratnadebnath/VisionLanguageAction/models/openvla-7b,fixed_foveation,fixed_foveation_keep20,,,,1,cuda:0,,0.2,False,0.15,,3,0.5,0.01,1,0.2,150,openvla_simplerenv,,,,50,/home/soumyara004/soumyaratnadebnath/VisionLanguageAction/artifacts/results/openvla_simplerenv/fixed_foveation_keep20/widowx_put_eggplant_in_basket,,,1,0.01,0.03,0.995,0.01,42,,widowx_put_eggplant_in_basket,,,,,bridge_orig,,openvla-7b,False,,224,,,openvla-7b,,,,/home/soumyara004/soumyaratnadebnath/VisionLanguageAction/models/openvla-7b,/home/soumyara004/soumyaratnadebnath/VisionLanguageAction/models/openvla-7b,15082600824,simpler_widowx,,,,,,,,,,,,False,0,0.0,,
/home/user/BiVLA/artifacts/results/mentor_2026-09-11/results/openvla_simplerenv/fixed_foveation_keep20/widowx_spoon_on_towel/summary.json,openvla_simplerenv,fixed_foveation_keep20,widowx_spoon_on_towel,completed,fixed_foveation,openvla_simplerenv,fixed_foveation_keep20,simpler_widowx,50,19,0.38,0.0,49.2,,NoneType,,Task success and timing from SimplerEnv rollouts. Compare paired seeds across conditions; synthetic action agreement is not used.,<absent>,<absent>,<absent>,False,False,False,[],2,,,,,/home/soumyara004/soumyaratnadebnath/VisionLanguageAction/models/openvla-7b,fixed_foveation,fixed_foveation_keep20,,,,1,cuda:0,,0.2,False,0.15,,3,0.5,0.01,1,0.2,150,openvla_simplerenv,,,,50,/home/soumyara004/soumyaratnadebnath/VisionLanguageAction/artifacts/results/openvla_simplerenv/fixed_foveation_keep20/widowx_spoon_on_towel,,,1,0.01,0.03,0.995,0.01,42,,widowx_spoon_on_towel,,,,,bridge_orig,,openvla-7b,False,,224,,,openvla-7b,,,,/home/soumyara004/soumyaratnadebnath/VisionLanguageAction/models/openvla-7b,/home/soumyara004/soumyaratnadebnath/VisionLanguageAction/models/openvla-7b,15082600824,simpler_widowx,,,,,,,,,,,,False,0,0.0,,
/home/user/BiVLA/artifacts/results/mentor_2026-09-11/results/openvla_simplerenv/fixed_foveation_keep20/widowx_stack_cube/summary.json,openvla_simplerenv,fixed_foveation_keep20,widowx_stack_cube,completed,fixed_foveation,openvla_simplerenv,fixed_foveation_keep20,simpler_widowx,50,6,0.12,0.0,55.7,,NoneType,,Task success and timing from SimplerEnv rollouts. Compare paired seeds across conditions; synthetic action agreement is not used.,<absent>,<absent>,<absent>,False,False,False,[],2,,,,,/home/soumyara004/soumyaratnadebnath/VisionLanguageAction/models/openvla-7b,fixed_foveation,fixed_foveation_keep20,,,,1,cuda:0,,0.2,False,0.15,,3,0.5,0.01,1,0.2,150,openvla_simplerenv,,,,50,/home/soumyara004/soumyaratnadebnath/VisionLanguageAction/artifacts/results/openvla_simplerenv/fixed_foveation_keep20/widowx_stack_cube,,,1,0.01,0.03,0.995,0.01,42,,widowx_stack_cube,,,,,bridge_orig,,openvla-7b,False,,224,,,openvla-7b,,,,/home/soumyara004/soumyaratnadebnath/VisionLanguageAction/models/openvla-7b,/home/soumyara004/soumyaratnadebnath/VisionLanguageAction/models/openvla-7b,15082600824,simpler_widowx,,,,,,,,,,,,False,0,0.0,,
/home/user/BiVLA/artifacts/results/mentor_2026-09-11/results/openvla_simplerenv/fixed_foveation_keep50/widowx_carrot_on_plate/summary.json,openvla_simplerenv,fixed_foveation_keep50,widowx_carrot_on_plate,completed,fixed_foveation,openvla_simplerenv,fixed_foveation_keep50,simpler_widowx,50,17,0.34,0.0,50.32,,NoneType,,Task success and timing from SimplerEnv rollouts. Compare paired seeds across conditions; synthetic action agreement is not used.,<absent>,<absent>,<absent>,False,False,False,[],2,,,,,/home/soumyara004/soumyaratnadebnath/VisionLanguageAction/models/openvla-7b,fixed_foveation,fixed_foveation_keep50,,,,1,cuda:0,,0.5,False,0.15,,3,0.5,0.01,1,0.2,150,openvla_simplerenv,,,,50,/home/soumyara004/soumyaratnadebnath/VisionLanguageAction/artifacts/results/openvla_simplerenv/fixed_foveation_keep50/widowx_carrot_on_plate,,,1,0.01,0.03,0.995,0.01,42,,widowx_carrot_on_plate,,,,,bridge_orig,,openvla-7b,False,,224,,,openvla-7b,,,,/home/soumyara004/soumyaratnadebnath/VisionLanguageAction/models/openvla-7b,/home/soumyara004/soumyaratnadebnath/VisionLanguageAction/models/openvla-7b,15082600824,simpler_widowx,,,,,,,,,,,,False,0,0.0,,
/home/user/BiVLA/artifacts/results/mentor_2026-09-11/results/openvla_simplerenv/fixed_foveation_keep50/widowx_put_eggplant_in_basket/summary.json,openvla_simplerenv,fixed_foveation_keep50,widowx_put_eggplant_in_basket,completed,fixed_foveation,openvla_simplerenv,fixed_foveation_keep50,simpler_widowx,50,12,0.24,0.0,97.84,,NoneType,,Task success and timing from SimplerEnv rollouts. Compare paired seeds across conditions; synthetic action agreement is not used.,<absent>,<absent>,<absent>,False,False,False,[],2,,,,,/home/soumyara004/soumyaratnadebnath/VisionLanguageAction/models/openvla-7b,fixed_foveation,fixed_foveation_keep50,,,,1,cuda:0,,0.5,False,0.15,,3,0.5,0.01,1,0.2,150,openvla_simplerenv,,,,50,/home/soumyara004/soumyaratnadebnath/VisionLanguageAction/artifacts/results/openvla_simplerenv/fixed_foveation_keep50/widowx_put_eggplant_in_basket,,,1,0.01,0.03,0.995,0.01,42,,widowx_put_eggplant_in_basket,,,,,bridge_orig,,openvla-7b,False,,224,,,openvla-7b,,,,/home/soumyara004/soumyaratnadebnath/VisionLanguageAction/models/openvla-7b,/home/soumyara004/soumyaratnadebnath/VisionLanguageAction/models/openvla-7b,15082600824,simpler_widowx,,,,,,,,,,,,False,0,0.0,,
/home/user/BiVLA/artifacts/results/mentor_2026-09-11/results/openvla_simplerenv/fixed_foveation_keep50/widowx_spoon_on_towel/summary.json,openvla_simplerenv,fixed_foveation_keep50,widowx_spoon_on_towel,completed,fixed_foveation,openvla_simplerenv,fixed_foveation_keep50,simpler_widowx,50,24,0.48,0.0,46.3,,NoneType,,Task success and timing from SimplerEnv rollouts. Compare paired seeds across conditions; synthetic action agreement is not used.,<absent>,<absent>,<absent>,False,False,False,[],2,,,,,/home/soumyara004/soumyaratnadebnath/VisionLanguageAction/models/openvla-7b,fixed_foveation,fixed_foveation_keep50,,,,1,cuda:0,,0.5,False,0.15,,3,0.5,0.01,1,0.2,150,openvla_simplerenv,,,,50,/home/soumyara004/soumyaratnadebnath/VisionLanguageAction/artifacts/results/openvla_simplerenv/fixed_foveation_keep50/widowx_spoon_on_towel,,,1,0.01,0.03,0.995,0.01,42,,widowx_spoon_on_towel,,,,,bridge_orig,,openvla-7b,False,,224,,,openvla-7b,,,,/home/soumyara004/soumyaratnadebnath/VisionLanguageAction/models/openvla-7b,/home/soumyara004/soumyaratnadebnath/VisionLanguageAction/models/openvla-7b,15082600824,simpler_widowx,,,,,,,,,,,,False,0,0.0,,
/home/user/BiVLA/artifacts/results/mentor_2026-09-11/results/openvla_simplerenv/fixed_foveation_keep50/widowx_stack_cube/summary.json,openvla_simplerenv,fixed_foveation_keep50,widowx_stack_cube,completed,fixed_foveation,openvla_simplerenv,fixed_foveation_keep50,simpler_widowx,50,7,0.14,0.0,55.6,,NoneType,,Task success and timing from SimplerEnv rollouts. Compare paired seeds across conditions; synthetic action agreement is not used.,<absent>,<absent>,<absent>,False,False,False,[],2,,,,,/home/soumyara004/soumyaratnadebnath/VisionLanguageAction/models/openvla-7b,fixed_foveation,fixed_foveation_keep50,,,,1,cuda:0,,0.5,False,0.15,,3,0.5,0.01,1,0.2,150,openvla_simplerenv,,,,50,/home/soumyara004/soumyaratnadebnath/VisionLanguageAction/artifacts/results/openvla_simplerenv/fixed_foveation_keep50/widowx_stack_cube,,,1,0.01,0.03,0.995,0.01,42,,widowx_stack_cube,,,,,bridge_orig,,openvla-7b,False,,224,,,openvla-7b,,,,/home/soumyara004/soumyaratnadebnath/VisionLanguageAction/models/openvla-7b,/home/soumyara004/soumyaratnadebnath/VisionLanguageAction/models/openvla-7b,15082600824,simpler_widowx,,,,,,,,,,,,False,0,0.0,,
/home/user/BiVLA/artifacts/results/mentor_2026-09-11/results/openvla_simplerenv/guarded_reuse_aggressive/widowx_carrot_on_plate/summary.json,openvla_simplerenv,guarded_reuse_aggressive,widowx_carrot_on_plate,completed,guarded_action_reuse,openvla_simplerenv,guarded_reuse_aggressive,simpler_widowx,50,14,0.28,4.36,49.26,,NoneType,,Task success and timing from SimplerEnv rollouts. Compare paired seeds across conditions; synthetic action agreement is not used.,<absent>,<absent>,<absent>,False,False,False,[],2,,,,,/home/soumyara004/soumyaratnadebnath/VisionLanguageAction/models/openvla-7b,guarded_action_reuse,guarded_reuse_aggressive,,,,1,cuda:0,,0.2,False,0.15,,3,0.5,0.01,1,0.2,150,openvla_simplerenv,,,,50,/home/soumyara004/soumyaratnadebnath/VisionLanguageAction/artifacts/results/openvla_simplerenv/guarded_reuse_aggressive/widowx_carrot_on_plate,,,2,0.02,0.05,0.98,0.01,42,,widowx_carrot_on_plate,,,,,bridge_orig,,openvla-7b,False,,224,,,openvla-7b,,,,/home/soumyara004/soumyaratnadebnath/VisionLanguageAction/models/openvla-7b,/home/soumyara004/soumyaratnadebnath/VisionLanguageAction/models/openvla-7b,15082600824,simpler_widowx,,,,,,,,,,,,False,0,0.0,,
/home/user/BiVLA/artifacts/results/mentor_2026-09-11/results/openvla_simplerenv/guarded_reuse_aggressive/widowx_put_eggplant_in_basket/summary.json,openvla_simplerenv,guarded_reuse_aggressive,widowx_put_eggplant_in_basket,completed,guarded_action_reuse,openvla_simplerenv,guarded_reuse_aggressive,simpler_widowx,50,35,0.7,1.58,54.76,,NoneType,,Task success and timing from SimplerEnv rollouts. Compare paired seeds across conditions; synthetic action agreement is not used.,<absent>,<absent>,<absent>,False,False,False,[],2,,,,,/home/soumyara004/soumyaratnadebnath/VisionLanguageAction/models/openvla-7b,guarded_action_reuse,guarded_reuse_aggressive,,,,1,cuda:0,,0.2,False,0.15,,3,0.5,0.01,1,0.2,150,openvla_simplerenv,,,,50,/home/soumyara004/soumyaratnadebnath/VisionLanguageAction/artifacts/results/openvla_simplerenv/guarded_reuse_aggressive/widowx_put_eggplant_in_basket,,,2,0.02,0.05,0.98,0.01,42,,widowx_put_eggplant_in_basket,,,,,bridge_orig,,openvla-7b,False,,224,,,openvla-7b,,,,/home/soumyara004/soumyaratnadebnath/VisionLanguageAction/models/openvla-7b,/home/soumyara004/soumyaratnadebnath/VisionLanguageAction/models/openvla-7b,15082600824,simpler_widowx,,,,,,,,,,,,False,0,0.0,,
/home/user/BiVLA/artifacts/results/mentor_2026-09-11/results/openvla_simplerenv/guarded_reuse_aggressive/widowx_spoon_on_towel/summary.json,openvla_simplerenv,guarded_reuse_aggressive,widowx_spoon_on_towel,completed,guarded_action_reuse,openvla_simplerenv,guarded_reuse_aggressive,simpler_widowx,50,19,0.38,0.98,47.98,,NoneType,,Task success and timing from SimplerEnv rollouts. Compare paired seeds across conditions; synthetic action agreement is not used.,<absent>,<absent>,<absent>,False,False,False,[],2,,,,,/home/soumyara004/soumyaratnadebnath/VisionLanguageAction/models/openvla-7b,guarded_action_reuse,guarded_reuse_aggressive,,,,1,cuda:0,,0.2,False,0.15,,3,0.5,0.01,1,0.2,150,openvla_simplerenv,,,,50,/home/soumyara004/soumyaratnadebnath/VisionLanguageAction/artifacts/results/openvla_simplerenv/guarded_reuse_aggressive/widowx_spoon_on_towel,,,2,0.02,0.05,0.98,0.01,42,,widowx_spoon_on_towel,,,,,bridge_orig,,openvla-7b,False,,224,,,openvla-7b,,,,/home/soumyara004/soumyaratnadebnath/VisionLanguageAction/models/openvla-7b,/home/soumyara004/soumyaratnadebnath/VisionLanguageAction/models/openvla-7b,15082600824,simpler_widowx,,,,,,,,,,,,False,0,0.0,,
/home/user/BiVLA/artifacts/results/mentor_2026-09-11/results/openvla_simplerenv/guarded_reuse_aggressive/widowx_stack_cube/summary.json,openvla_simplerenv,guarded_reuse_aggressive,widowx_stack_cube,completed,guarded_action_reuse,openvla_simplerenv,guarded_reuse_aggressive,simpler_widowx,50,14,0.28,6.3,45.56,,NoneType,,Task success and timing from SimplerEnv rollouts. Compare paired seeds across conditions; synthetic action agreement is not used.,<absent>,<absent>,<absent>,False,False,False,[],2,,,,,/home/soumyara004/soumyaratnadebnath/VisionLanguageAction/models/openvla-7b,guarded_action_reuse,guarded_reuse_aggressive,,,,1,cuda:0,,0.2,False,0.15,,3,0.5,0.01,1,0.2,150,openvla_simplerenv,,,,50,/home/soumyara004/soumyaratnadebnath/VisionLanguageAction/artifacts/results/openvla_simplerenv/guarded_reuse_aggressive/widowx_stack_cube,,,2,0.02,0.05,0.98,0.01,42,,widowx_stack_cube,,,,,bridge_orig,,openvla-7b,False,,224,,,openvla-7b,,,,/home/soumyara004/soumyaratnadebnath/VisionLanguageAction/models/openvla-7b,/home/soumyara004/soumyaratnadebnath/VisionLanguageAction/models/openvla-7b,15082600824,simpler_widowx,,,,,,,,,,,,False,0,0.0,,
/home/user/BiVLA/artifacts/results/mentor_2026-09-11/results/openvla_simplerenv/guarded_reuse_moderate/widowx_carrot_on_plate/summary.json,openvla_simplerenv,guarded_reuse_moderate,widowx_carrot_on_plate,completed,guarded_action_reuse,openvla_simplerenv,guarded_reuse_moderate,simpler_widowx,50,14,0.28,2.92,50.8,,NoneType,,Task success and timing from SimplerEnv rollouts. Compare paired seeds across conditions; synthetic action agreement is not used.,<absent>,<absent>,<absent>,False,False,False,[],2,,,,,/home/soumyara004/soumyaratnadebnath/VisionLanguageAction/models/openvla-7b,guarded_action_reuse,guarded_reuse_moderate,,,,1,cuda:0,,0.2,False,0.15,,3,0.5,0.01,1,0.2,150,openvla_simplerenv,,,,50,/home/soumyara004/soumyaratnadebnath/VisionLanguageAction/artifacts/results/openvla_simplerenv/guarded_reuse_moderate/widowx_carrot_on_plate,,,1,0.015,0.04,0.99,0.01,42,,widowx_carrot_on_plate,,,,,bridge_orig,,openvla-7b,False,,224,,,openvla-7b,,,,/home/soumyara004/soumyaratnadebnath/VisionLanguageAction/models/openvla-7b,/home/soumyara004/soumyaratnadebnath/VisionLanguageAction/models/openvla-7b,15082600824,simpler_widowx,,,,,,,,,,,,False,0,0.0,,
/home/user/BiVLA/artifacts/results/mentor_2026-09-11/results/openvla_simplerenv/guarded_reuse_moderate/widowx_put_eggplant_in_basket/summary.json,openvla_simplerenv,guarded_reuse_moderate,widowx_put_eggplant_in_basket,completed,guarded_action_reuse,openvla_simplerenv,guarded_reuse_moderate,simpler_widowx,50,35,0.7,1.64,53.16,,NoneType,,Task success and timing from SimplerEnv rollouts. Compare paired seeds across conditions; synthetic action agreement is not used.,<absent>,<absent>,<absent>,False,False,False,[],2,,,,,/home/soumyara004/soumyaratnadebnath/VisionLanguageAction/models/openvla-7b,guarded_action_reuse,guarded_reuse_moderate,,,,1,cuda:0,,0.2,False,0.15,,3,0.5,0.01,1,0.2,150,openvla_simplerenv,,,,50,/home/soumyara004/soumyaratnadebnath/VisionLanguageAction/artifacts/results/openvla_simplerenv/guarded_reuse_moderate/widowx_put_eggplant_in_basket,,,1,0.015,0.04,0.99,0.01,42,,widowx_put_eggplant_in_basket,,,,,bridge_orig,,openvla-7b,False,,224,,,openvla-7b,,,,/home/soumyara004/soumyaratnadebnath/VisionLanguageAction/models/openvla-7b,/home/soumyara004/soumyaratnadebnath/VisionLanguageAction/models/openvla-7b,15082600824,simpler_widowx,,,,,,,,,,,,False,0,0.0,,
/home/user/BiVLA/artifacts/results/mentor_2026-09-11/results/openvla_simplerenv/guarded_reuse_moderate/widowx_spoon_on_towel/summary.json,openvla_simplerenv,guarded_reuse_moderate,widowx_spoon_on_towel,completed,guarded_action_reuse,openvla_simplerenv,guarded_reuse_moderate,simpler_widowx,50,20,0.4,1.42,46.72,,NoneType,,Task success and timing from SimplerEnv rollouts. Compare paired seeds across conditions; synthetic action agreement is not used.,<absent>,<absent>,<absent>,False,False,False,[],2,,,,,/home/soumyara004/soumyaratnadebnath/VisionLanguageAction/models/openvla-7b,guarded_action_reuse,guarded_reuse_moderate,,,,1,cuda:0,,0.2,False,0.15,,3,0.5,0.01,1,0.2,150,openvla_simplerenv,,,,50,/home/soumyara004/soumyaratnadebnath/VisionLanguageAction/artifacts/results/openvla_simplerenv/guarded_reuse_moderate/widowx_spoon_on_towel,,,1,0.015,0.04,0.99,0.01,42,,widowx_spoon_on_towel,,,,,bridge_orig,,openvla-7b,False,,224,,,openvla-7b,,,,/home/soumyara004/soumyaratnadebnath/VisionLanguageAction/models/openvla-7b,/home/soumyara004/soumyaratnadebnath/VisionLanguageAction/models/openvla-7b,15082600824,simpler_widowx,,,,,,,,,,,,False,0,0.0,,
/home/user/BiVLA/artifacts/results/mentor_2026-09-11/results/openvla_simplerenv/guarded_reuse_moderate/widowx_stack_cube/summary.json,openvla_simplerenv,guarded_reuse_moderate,widowx_stack_cube,completed,guarded_action_reuse,openvla_simplerenv,guarded_reuse_moderate,simpler_widowx,50,14,0.28,4.06,47.74,,NoneType,,Task success and timing from SimplerEnv rollouts. Compare paired seeds across conditions; synthetic action agreement is not used.,<absent>,<absent>,<absent>,False,False,False,[],2,,,,,/home/soumyara004/soumyaratnadebnath/VisionLanguageAction/models/openvla-7b,guarded_action_reuse,guarded_reuse_moderate,,,,1,cuda:0,,0.2,False,0.15,,3,0.5,0.01,1,0.2,150,openvla_simplerenv,,,,50,/home/soumyara004/soumyaratnadebnath/VisionLanguageAction/artifacts/results/openvla_simplerenv/guarded_reuse_moderate/widowx_stack_cube,,,1,0.015,0.04,0.99,0.01,42,,widowx_stack_cube,,,,,bridge_orig,,openvla-7b,False,,224,,,openvla-7b,,,,/home/soumyara004/soumyaratnadebnath/VisionLanguageAction/models/openvla-7b,/home/soumyara004/soumyaratnadebnath/VisionLanguageAction/models/openvla-7b,15082600824,simpler_widowx,,,,,,,,,,,,False,0,0.0,,
/home/user/BiVLA/artifacts/results/mentor_2026-09-11/results/openvla_simplerenv/guarded_reuse_strict/widowx_carrot_on_plate/summary.json,openvla_simplerenv,guarded_reuse_strict,widowx_carrot_on_plate,completed,guarded_action_reuse,openvla_simplerenv,guarded_reuse_strict,simpler_widowx,50,14,0.28,2.12,49.7,,NoneType,,Task success and timing from SimplerEnv rollouts. Compare paired seeds across conditions; synthetic action agreement is not used.,<absent>,<absent>,<absent>,False,False,False,[],2,,,,,/home/soumyara004/soumyaratnadebnath/VisionLanguageAction/models/openvla-7b,guarded_action_reuse,guarded_reuse_strict,,,,1,cuda:0,,0.2,False,0.15,,3,0.5,0.01,1,0.2,150,openvla_simplerenv,,,,50,/home/soumyara004/soumyaratnadebnath/VisionLanguageAction/artifacts/results/openvla_simplerenv/guarded_reuse_strict/widowx_carrot_on_plate,,,1,0.01,0.03,0.995,0.01,42,,widowx_carrot_on_plate,,,,,bridge_orig,,openvla-7b,False,,224,,,openvla-7b,,,,/home/soumyara004/soumyaratnadebnath/VisionLanguageAction/models/openvla-7b,/home/soumyara004/soumyaratnadebnath/VisionLanguageAction/models/openvla-7b,15082600824,simpler_widowx,,,,,,,,,,,,False,0,0.0,,
/home/user/BiVLA/artifacts/results/mentor_2026-09-11/results/openvla_simplerenv/guarded_reuse_strict/widowx_put_eggplant_in_basket/summary.json,openvla_simplerenv,guarded_reuse_strict,widowx_put_eggplant_in_basket,completed,guarded_action_reuse,openvla_simplerenv,guarded_reuse_strict,simpler_widowx,50,39,0.78,0.24,49.42,,NoneType,,Task success and timing from SimplerEnv rollouts. Compare paired seeds across conditions; synthetic action agreement is not used.,<absent>,<absent>,<absent>,False,False,False,[],2,,,,,/home/soumyara004/soumyaratnadebnath/VisionLanguageAction/models/openvla-7b,guarded_action_reuse,guarded_reuse_strict,,,,1,cuda:0,,0.2,False,0.15,,3,0.5,0.01,1,0.2,150,openvla_simplerenv,,,,50,/home/soumyara004/soumyaratnadebnath/VisionLanguageAction/artifacts/results/openvla_simplerenv/guarded_reuse_strict/widowx_put_eggplant_in_basket,,,1,0.01,0.03,0.995,0.01,42,,widowx_put_eggplant_in_basket,,,,,bridge_orig,,openvla-7b,False,,224,,,openvla-7b,,,,/home/soumyara004/soumyaratnadebnath/VisionLanguageAction/models/openvla-7b,/home/soumyara004/soumyaratnadebnath/VisionLanguageAction/models/openvla-7b,15082600824,simpler_widowx,,,,,,,,,,,,False,0,0.0,,
/home/user/BiVLA/artifacts/results/mentor_2026-09-11/results/openvla_simplerenv/guarded_reuse_strict/widowx_spoon_on_towel/summary.json,openvla_simplerenv,guarded_reuse_strict,widowx_spoon_on_towel,completed,guarded_action_reuse,openvla_simplerenv,guarded_reuse_strict,simpler_widowx,50,23,0.46,1.02,45.08,,NoneType,,Task success and timing from SimplerEnv rollouts. Compare paired seeds across conditions; synthetic action agreement is not used.,<absent>,<absent>,<absent>,False,False,False,[],2,,,,,/home/soumyara004/soumyaratnadebnath/VisionLanguageAction/models/openvla-7b,guarded_action_reuse,guarded_reuse_strict,,,,1,cuda:0,,0.2,False,0.15,,3,0.5,0.01,1,0.2,150,openvla_simplerenv,,,,50,/home/soumyara004/soumyaratnadebnath/VisionLanguageAction/artifacts/results/openvla_simplerenv/guarded_reuse_strict/widowx_spoon_on_towel,,,1,0.01,0.03,0.995,0.01,42,,widowx_spoon_on_towel,,,,,bridge_orig,,openvla-7b,False,,224,,,openvla-7b,,,,/home/soumyara004/soumyaratnadebnath/VisionLanguageAction/models/openvla-7b,/home/soumyara004/soumyaratnadebnath/VisionLanguageAction/models/openvla-7b,15082600824,simpler_widowx,,,,,,,,,,,,False,0,0.0,,
/home/user/BiVLA/artifacts/results/mentor_2026-09-11/results/openvla_simplerenv/guarded_reuse_strict/widowx_stack_cube/summary.json,openvla_simplerenv,guarded_reuse_strict,widowx_stack_cube,completed,guarded_action_reuse,openvla_simplerenv,guarded_reuse_strict,simpler_widowx,50,15,0.3,3.98,47.18,,NoneType,,Task success and timing from SimplerEnv rollouts. Compare paired seeds across conditions; synthetic action agreement is not used.,<absent>,<absent>,<absent>,False,False,False,[],2,,,,,/home/soumyara004/soumyaratnadebnath/VisionLanguageAction/models/openvla-7b,guarded_action_reuse,guarded_reuse_strict,,,,1,cuda:0,,0.2,False,0.15,,3,0.5,0.01,1,0.2,150,openvla_simplerenv,,,,50,/home/soumyara004/soumyaratnadebnath/VisionLanguageAction/artifacts/results/openvla_simplerenv/guarded_reuse_strict/widowx_stack_cube,,,1,0.01,0.03,0.995,0.01,42,,widowx_stack_cube,,,,,bridge_orig,,openvla-7b,False,,224,,,openvla-7b,,,,/home/soumyara004/soumyaratnadebnath/VisionLanguageAction/models/openvla-7b,/home/soumyara004/soumyaratnadebnath/VisionLanguageAction/models/openvla-7b,15082600824,simpler_widowx,,,,,,,,,,,,False,0,0.0,,
/home/user/BiVLA/artifacts/results/mentor_2026-09-11/results/openvla_simplerenv/original/widowx_carrot_on_plate/summary.json,openvla_simplerenv,original,widowx_carrot_on_plate,completed,original,openvla_simplerenv,original,simpler_widowx,50,16,0.32,0.0,51.22,,NoneType,,Task success and timing from SimplerEnv rollouts. Compare paired seeds across conditions; synthetic action agreement is not used.,<absent>,<absent>,<absent>,False,False,False,[],2,,,,,/home/soumyara004/soumyaratnadebnath/VisionLanguageAction/models/openvla-7b,original,original,,,,1,cuda:0,,0.2,False,0.15,,3,0.5,0.01,1,0.2,150,openvla_simplerenv,,,,50,/home/soumyara004/soumyaratnadebnath/VisionLanguageAction/artifacts/results/openvla_simplerenv/original/widowx_carrot_on_plate,,,1,0.01,0.03,0.995,0.01,42,,widowx_carrot_on_plate,,,,,bridge_orig,,openvla-7b,False,,224,,,openvla-7b,,,,/home/soumyara004/soumyaratnadebnath/VisionLanguageAction/models/openvla-7b,/home/soumyara004/soumyaratnadebnath/VisionLanguageAction/models/openvla-7b,15082600824,simpler_widowx,,,,,,,,,,,,False,0,0.0,,
/home/user/BiVLA/artifacts/results/mentor_2026-09-11/results/openvla_simplerenv/original/widowx_put_eggplant_in_basket/summary.json,openvla_simplerenv,original,widowx_put_eggplant_in_basket,completed,original,openvla_simplerenv,original,simpler_widowx,50,37,0.74,0.0,53.74,,NoneType,,Task success and timing from SimplerEnv rollouts. Compare paired seeds across conditions; synthetic action agreement is not used.,<absent>,<absent>,<absent>,False,False,False,[],2,,,,,/home/soumyara004/soumyaratnadebnath/VisionLanguageAction/models/openvla-7b,original,original,,,,1,cuda:0,,0.2,False,0.15,,3,0.5,0.01,1,0.2,150,openvla_simplerenv,,,,50,/home/soumyara004/soumyaratnadebnath/VisionLanguageAction/artifacts/results/openvla_simplerenv/original/widowx_put_eggplant_in_basket,,,1,0.01,0.03,0.995,0.01,42,,widowx_put_eggplant_in_basket,,,,,bridge_orig,,openvla-7b,False,,224,,,openvla-7b,,,,/home/soumyara004/soumyaratnadebnath/VisionLanguageAction/models/openvla-7b,/home/soumyara004/soumyaratnadebnath/VisionLanguageAction/models/openvla-7b,15082600824,simpler_widowx,,,,,,,,,,,,False,0,0.0,,
/home/user/BiVLA/artifacts/results/mentor_2026-09-11/results/openvla_simplerenv/original/widowx_spoon_on_towel/summary.json,openvla_simplerenv,original,widowx_spoon_on_towel,completed,original,openvla_simplerenv,original,simpler_widowx,50,19,0.38,0.0,47.52,,NoneType,,Task success and timing from SimplerEnv rollouts. Compare paired seeds across conditions; synthetic action agreement is not used.,<absent>,<absent>,<absent>,False,False,False,[],2,,,,,/home/soumyara004/soumyaratnadebnath/VisionLanguageAction/models/openvla-7b,original,original,,,,1,cuda:0,,0.2,False,0.15,,3,0.5,0.01,1,0.2,150,openvla_simplerenv,,,,50,/home/soumyara004/soumyaratnadebnath/VisionLanguageAction/artifacts/results/openvla_simplerenv/original/widowx_spoon_on_towel,,,1,0.01,0.03,0.995,0.01,42,,widowx_spoon_on_towel,,,,,bridge_orig,,openvla-7b,False,,224,,,openvla-7b,,,,/home/soumyara004/soumyaratnadebnath/VisionLanguageAction/models/openvla-7b,/home/soumyara004/soumyaratnadebnath/VisionLanguageAction/models/openvla-7b,15082600824,simpler_widowx,,,,,,,,,,,,False,0,0.0,,
/home/user/BiVLA/artifacts/results/mentor_2026-09-11/results/openvla_simplerenv/original/widowx_stack_cube/summary.json,openvla_simplerenv,original,widowx_stack_cube,completed,original,openvla_simplerenv,original,simpler_widowx,50,15,0.3,0.0,51.16,,NoneType,,Task success and timing from SimplerEnv rollouts. Compare paired seeds across conditions; synthetic action agreement is not used.,<absent>,<absent>,<absent>,False,False,False,[],2,,,,,/home/soumyara004/soumyaratnadebnath/VisionLanguageAction/models/openvla-7b,original,original,,,,1,cuda:0,,0.2,False,0.15,,3,0.5,0.01,1,0.2,150,openvla_simplerenv,,,,50,/home/soumyara004/soumyaratnadebnath/VisionLanguageAction/artifacts/results/openvla_simplerenv/original/widowx_stack_cube,,,1,0.01,0.03,0.995,0.01,42,,widowx_stack_cube,,,,,bridge_orig,,openvla-7b,False,,224,,,openvla-7b,,,,/home/soumyara004/soumyaratnadebnath/VisionLanguageAction/models/openvla-7b,/home/soumyara004/soumyaratnadebnath/VisionLanguageAction/models/openvla-7b,15082600824,simpler_widowx,,,,,,,,,,,,False,0,0.0,,
/home/user/BiVLA/artifacts/results/mentor_2026-09-11/results/openvla_simplerenv/temporal_fusion_conservative_adaptive/widowx_carrot_on_plate/summary.json,openvla_simplerenv,temporal_fusion_conservative_adaptive,widowx_carrot_on_plate,completed,temporal_fusion,openvla_simplerenv,temporal_fusion_conservative_adaptive,simpler_widowx,50,14,0.28,0.0,52.06,,NoneType,,Task success and timing from SimplerEnv rollouts. Compare paired seeds across conditions; synthetic action agreement is not used.,<absent>,<absent>,<absent>,False,False,False,[],2,,,,,/home/soumyara004/soumyaratnadebnath/VisionLanguageAction/models/openvla-7b,temporal_fusion,temporal_fusion_conservative_adaptive,,,,1,cuda:0,,0.2,False,0.15,0.03,2,0.25,0.01,1,0.2,150,openvla_simplerenv,,,,50,/home/soumyara004/soumyaratnadebnath/VisionLanguageAction/artifacts/results/openvla_simplerenv/temporal_fusion_conservative_adaptive/widowx_carrot_on_plate,,,1,0.01,0.03,0.995,0.01,42,,widowx_carrot_on_plate,,,,,bridge_orig,,openvla-7b,False,,224,,,openvla-7b,,,,/home/soumyara004/soumyaratnadebnath/VisionLanguageAction/models/openvla-7b,/home/soumyara004/soumyaratnadebnath/VisionLanguageAction/models/openvla-7b,15082600824,simpler_widowx,,,,,,,,,,,,False,2370,64.0,,
/home/user/BiVLA/artifacts/results/mentor_2026-09-11/results/openvla_simplerenv/temporal_fusion_conservative_adaptive/widowx_put_eggplant_in_basket/summary.json,openvla_simplerenv,temporal_fusion_conservative_adaptive,widowx_put_eggplant_in_basket,completed,temporal_fusion,openvla_simplerenv,temporal_fusion_conservative_adaptive,simpler_widowx,50,41,0.82,0.0,46.6,,NoneType,,Task success and timing from SimplerEnv rollouts. Compare paired seeds across conditions; synthetic action agreement is not used.,<absent>,<absent>,<absent>,False,False,False,[],2,,,,,/home/soumyara004/soumyaratnadebnath/VisionLanguageAction/models/openvla-7b,temporal_fusion,temporal_fusion_conservative_adaptive,,,,1,cuda:0,,0.2,False,0.15,0.03,2,0.25,0.01,1,0.2,150,openvla_simplerenv,,,,50,/home/soumyara004/soumyaratnadebnath/VisionLanguageAction/artifacts/results/openvla_simplerenv/temporal_fusion_conservative_adaptive/widowx_put_eggplant_in_basket,,,1,0.01,0.03,0.995,0.01,42,,widowx_put_eggplant_in_basket,,,,,bridge_orig,,openvla-7b,False,,224,,,openvla-7b,,,,/home/soumyara004/soumyaratnadebnath/VisionLanguageAction/models/openvla-7b,/home/soumyara004/soumyaratnadebnath/VisionLanguageAction/models/openvla-7b,15082600824,simpler_widowx,,,,,,,,,,,,False,2196,64.0,,
/home/user/BiVLA/artifacts/results/mentor_2026-09-11/results/openvla_simplerenv/temporal_fusion_conservative_adaptive/widowx_spoon_on_towel/summary.json,openvla_simplerenv,temporal_fusion_conservative_adaptive,widowx_spoon_on_towel,completed,temporal_fusion,openvla_simplerenv,temporal_fusion_conservative_adaptive,simpler_widowx,50,26,0.52,0.0,43.96,,NoneType,,Task success and timing from SimplerEnv rollouts. Compare paired seeds across conditions; synthetic action agreement is not used.,<absent>,<absent>,<absent>,False,False,False,[],2,,,,,/home/soumyara004/soumyaratnadebnath/VisionLanguageAction/models/openvla-7b,temporal_fusion,temporal_fusion_conservative_adaptive,,,,1,cuda:0,,0.2,False,0.15,0.03,2,0.25,0.01,1,0.2,150,openvla_simplerenv,,,,50,/home/soumyara004/soumyaratnadebnath/VisionLanguageAction/artifacts/results/openvla_simplerenv/temporal_fusion_conservative_adaptive/widowx_spoon_on_towel,,,1,0.01,0.03,0.995,0.01,42,,widowx_spoon_on_towel,,,,,bridge_orig,,openvla-7b,False,,224,,,openvla-7b,,,,/home/soumyara004/soumyaratnadebnath/VisionLanguageAction/models/openvla-7b,/home/soumyara004/soumyaratnadebnath/VisionLanguageAction/models/openvla-7b,15082600824,simpler_widowx,,,,,,,,,,,,False,2124,64.0,,
/home/user/BiVLA/artifacts/results/mentor_2026-09-11/results/openvla_simplerenv/temporal_fusion_conservative_adaptive/widowx_stack_cube/summary.json,openvla_simplerenv,temporal_fusion_conservative_adaptive,widowx_stack_cube,completed,temporal_fusion,openvla_simplerenv,temporal_fusion_conservative_adaptive,simpler_widowx,50,15,0.3,0.0,51.46,,NoneType,,Task success and timing from SimplerEnv rollouts. Compare paired seeds across conditions; synthetic action agreement is not used.,<absent>,<absent>,<absent>,False,False,False,[],2,,,,,/home/soumyara004/soumyaratnadebnath/VisionLanguageAction/models/openvla-7b,temporal_fusion,temporal_fusion_conservative_adaptive,,,,1,cuda:0,,0.2,False,0.15,0.03,2,0.25,0.01,1,0.2,150,openvla_simplerenv,,,,50,/home/soumyara004/soumyaratnadebnath/VisionLanguageAction/artifacts/results/openvla_simplerenv/temporal_fusion_conservative_adaptive/widowx_stack_cube,,,1,0.01,0.03,0.995,0.01,42,,widowx_stack_cube,,,,,bridge_orig,,openvla-7b,False,,224,,,openvla-7b,,,,/home/soumyara004/soumyaratnadebnath/VisionLanguageAction/models/openvla-7b,/home/soumyara004/soumyaratnadebnath/VisionLanguageAction/models/openvla-7b,15082600824,simpler_widowx,,,,,,,,,,,,False,2287,64.0,,
/home/user/BiVLA/artifacts/results/mentor_2026-09-11/results/openvla_simplerenv/temporal_fusion_motion_entropy/widowx_carrot_on_plate/summary.json,openvla_simplerenv,temporal_fusion_motion_entropy,widowx_carrot_on_plate,completed,temporal_fusion,openvla_simplerenv,temporal_fusion_motion_entropy,simpler_widowx,50,13,0.26,0.0,55.14,,NoneType,,Task success and timing from SimplerEnv rollouts. Compare paired seeds across conditions; synthetic action agreement is not used.,<absent>,<absent>,<absent>,False,False,False,[],2,,,,,/home/soumyara004/soumyaratnadebnath/VisionLanguageAction/models/openvla-7b,temporal_fusion,temporal_fusion_motion_entropy,,,,1,cuda:0,,0.2,False,0.15,,3,0.5,0.01,1,0.2,150,openvla_simplerenv,,,,50,/home/soumyara004/soumyaratnadebnath/VisionLanguageAction/artifacts/results/openvla_simplerenv/temporal_fusion_motion_entropy/widowx_carrot_on_plate,,,1,0.01,0.03,0.995,0.01,42,,widowx_carrot_on_plate,,,,,bridge_orig,,openvla-7b,False,,224,,,openvla-7b,,,,/home/soumyara004/soumyaratnadebnath/VisionLanguageAction/models/openvla-7b,/home/soumyara004/soumyaratnadebnath/VisionLanguageAction/models/openvla-7b,15082600824,simpler_widowx,,,,,,,,,,,,False,924,127.0,,
/home/user/BiVLA/artifacts/results/mentor_2026-09-11/results/openvla_simplerenv/temporal_fusion_motion_entropy/widowx_put_eggplant_in_basket/summary.json,openvla_simplerenv,temporal_fusion_motion_entropy,widowx_put_eggplant_in_basket,completed,temporal_fusion,openvla_simplerenv,temporal_fusion_motion_entropy,simpler_widowx,50,30,0.6,0.0,65.4,,NoneType,,Task success and timing from SimplerEnv rollouts. Compare paired seeds across conditions; synthetic action agreement is not used.,<absent>,<absent>,<absent>,False,False,False,[],2,,,,,/home/soumyara004/soumyaratnadebnath/VisionLanguageAction/models/openvla-7b,temporal_fusion,temporal_fusion_motion_entropy,,,,1,cuda:0,,0.2,False,0.15,,3,0.5,0.01,1,0.2,150,openvla_simplerenv,,,,50,/home/soumyara004/soumyaratnadebnath/VisionLanguageAction/artifacts/results/openvla_simplerenv/temporal_fusion_motion_entropy/widowx_put_eggplant_in_basket,,,1,0.01,0.03,0.995,0.01,42,,widowx_put_eggplant_in_basket,,,,,bridge_orig,,openvla-7b,False,,224,,,openvla-7b,,,,/home/soumyara004/soumyaratnadebnath/VisionLanguageAction/models/openvla-7b,/home/soumyara004/soumyaratnadebnath/VisionLanguageAction/models/openvla-7b,15082600824,simpler_widowx,,,,,,,,,,,,False,1098,78.0,,
/home/user/BiVLA/artifacts/results/mentor_2026-09-11/results/openvla_simplerenv/temporal_fusion_motion_entropy/widowx_spoon_on_towel/summary.json,openvla_simplerenv,temporal_fusion_motion_entropy,widowx_spoon_on_towel,completed,temporal_fusion,openvla_simplerenv,temporal_fusion_motion_entropy,simpler_widowx,50,27,0.54,0.0,45.5,,NoneType,,Task success and timing from SimplerEnv rollouts. Compare paired seeds across conditions; synthetic action agreement is not used.,<absent>,<absent>,<absent>,False,False,False,[],2,,,,,/home/soumyara004/soumyaratnadebnath/VisionLanguageAction/models/openvla-7b,temporal_fusion,temporal_fusion_motion_entropy,,,,1,cuda:0,,0.2,False,0.15,,3,0.5,0.01,1,0.2,150,openvla_simplerenv,,,,50,/home/soumyara004/soumyaratnadebnath/VisionLanguageAction/artifacts/results/openvla_simplerenv/temporal_fusion_motion_entropy/widowx_spoon_on_towel,,,1,0.01,0.03,0.995,0.01,42,,widowx_spoon_on_towel,,,,,bridge_orig,,openvla-7b,False,,224,,,openvla-7b,,,,/home/soumyara004/soumyaratnadebnath/VisionLanguageAction/models/openvla-7b,/home/soumyara004/soumyaratnadebnath/VisionLanguageAction/models/openvla-7b,15082600824,simpler_widowx,,,,,,,,,,,,False,768,121.0,,
/home/user/BiVLA/artifacts/results/mentor_2026-09-11/results/openvla_simplerenv/temporal_fusion_motion_entropy/widowx_stack_cube/summary.json,openvla_simplerenv,temporal_fusion_motion_entropy,widowx_stack_cube,completed,temporal_fusion,openvla_simplerenv,temporal_fusion_motion_entropy,simpler_widowx,50,12,0.24,0.0,53.32,,NoneType,,Task success and timing from SimplerEnv rollouts. Compare paired seeds across conditions; synthetic action agreement is not used.,<absent>,<absent>,<absent>,False,False,False,[],2,,,,,/home/soumyara004/soumyaratnadebnath/VisionLanguageAction/models/openvla-7b,temporal_fusion,temporal_fusion_motion_entropy,,,,1,cuda:0,,0.2,False,0.15,,3,0.5,0.01,1,0.2,150,openvla_simplerenv,,,,50,/home/soumyara004/soumyaratnadebnath/VisionLanguageAction/artifacts/results/openvla_simplerenv/temporal_fusion_motion_entropy/widowx_stack_cube,,,1,0.01,0.03,0.995,0.01,42,,widowx_stack_cube,,,,,bridge_orig,,openvla-7b,False,,224,,,openvla-7b,,,,/home/soumyara004/soumyaratnadebnath/VisionLanguageAction/models/openvla-7b,/home/soumyara004/soumyaratnadebnath/VisionLanguageAction/models/openvla-7b,15082600824,simpler_widowx,,,,,,,,,,,,False,893,128.0,,
/home/user/BiVLA/artifacts/results/mentor_2026-09-11/results/openvla_simplerenv/temporal_fusion_task_aware/widowx_carrot_on_plate/summary.json,openvla_simplerenv,temporal_fusion_task_aware,widowx_carrot_on_plate,completed,temporal_fusion,openvla_simplerenv,temporal_fusion_task_aware,simpler_widowx,50,23,0.46,0.0,49.38,,NoneType,,Task success and timing from SimplerEnv rollouts. Compare paired seeds across conditions; synthetic action agreement is not used.,<absent>,<absent>,<absent>,False,False,False,[],2,,,,,/home/soumyara004/soumyaratnadebnath/VisionLanguageAction/models/openvla-7b,temporal_fusion,temporal_fusion_task_aware,,,,1,cuda:0,,0.2,True,0.15,,3,0.5,0.01,1,0.2,150,openvla_simplerenv,,,,50,/home/soumyara004/soumyaratnadebnath/VisionLanguageAction/artifacts/results/openvla_simplerenv/temporal_fusion_task_aware/widowx_carrot_on_plate,,,1,0.01,0.03,0.995,0.01,42,,widowx_carrot_on_plate,,,,,bridge_orig,,openvla-7b,False,,224,,,openvla-7b,,,,/home/soumyara004/soumyaratnadebnath/VisionLanguageAction/models/openvla-7b,/home/soumyara004/soumyaratnadebnath/VisionLanguageAction/models/openvla-7b,15082600824,simpler_widowx,,,,,,,,,,,,True,833,80.0,,
/home/user/BiVLA/artifacts/results/mentor_2026-09-11/results/openvla_simplerenv/temporal_fusion_task_aware/widowx_put_eggplant_in_basket/summary.json,openvla_simplerenv,temporal_fusion_task_aware,widowx_put_eggplant_in_basket,completed,temporal_fusion,openvla_simplerenv,temporal_fusion_task_aware,simpler_widowx,50,37,0.74,0.0,51.62,,NoneType,,Task success and timing from SimplerEnv rollouts. Compare paired seeds across conditions; synthetic action agreement is not used.,<absent>,<absent>,<absent>,False,False,False,[],2,,,,,/home/soumyara004/soumyaratnadebnath/VisionLanguageAction/models/openvla-7b,temporal_fusion,temporal_fusion_task_aware,,,,1,cuda:0,,0.2,True,0.15,,3,0.5,0.01,1,0.2,150,openvla_simplerenv,,,,50,/home/soumyara004/soumyaratnadebnath/VisionLanguageAction/artifacts/results/openvla_simplerenv/temporal_fusion_task_aware/widowx_put_eggplant_in_basket,,,1,0.01,0.03,0.995,0.01,42,,widowx_put_eggplant_in_basket,,,,,bridge_orig,,openvla-7b,False,,224,,,openvla-7b,,,,/home/soumyara004/soumyaratnadebnath/VisionLanguageAction/models/openvla-7b,/home/soumyara004/soumyaratnadebnath/VisionLanguageAction/models/openvla-7b,15082600824,simpler_widowx,,,,,,,,,,,,True,873,46.0,,
/home/user/BiVLA/artifacts/results/mentor_2026-09-11/results/openvla_simplerenv/temporal_fusion_task_aware/widowx_spoon_on_towel/summary.json,openvla_simplerenv,temporal_fusion_task_aware,widowx_spoon_on_towel,completed,temporal_fusion,openvla_simplerenv,temporal_fusion_task_aware,simpler_widowx,50,26,0.52,0.0,47.88,,NoneType,,Task success and timing from SimplerEnv rollouts. Compare paired seeds across conditions; synthetic action agreement is not used.,<absent>,<absent>,<absent>,False,False,False,[],2,,,,,/home/soumyara004/soumyaratnadebnath/VisionLanguageAction/models/openvla-7b,temporal_fusion,temporal_fusion_task_aware,,,,1,cuda:0,,0.2,True,0.15,,3,0.5,0.01,1,0.2,150,openvla_simplerenv,,,,50,/home/soumyara004/soumyaratnadebnath/VisionLanguageAction/artifacts/results/openvla_simplerenv/temporal_fusion_task_aware/widowx_spoon_on_towel,,,1,0.01,0.03,0.995,0.01,42,,widowx_spoon_on_towel,,,,,bridge_orig,,openvla-7b,False,,224,,,openvla-7b,,,,/home/soumyara004/soumyaratnadebnath/VisionLanguageAction/models/openvla-7b,/home/soumyara004/soumyaratnadebnath/VisionLanguageAction/models/openvla-7b,15082600824,simpler_widowx,,,,,,,,,,,,True,806,75.0,,
/home/user/BiVLA/artifacts/results/mentor_2026-09-11/results/openvla_simplerenv/temporal_fusion_task_aware/widowx_stack_cube/summary.json,openvla_simplerenv,temporal_fusion_task_aware,widowx_stack_cube,completed,temporal_fusion,openvla_simplerenv,temporal_fusion_task_aware,simpler_widowx,50,15,0.3,0.0,53.24,,NoneType,,Task success and timing from SimplerEnv rollouts. Compare paired seeds across conditions; synthetic action agreement is not used.,<absent>,<absent>,<absent>,False,False,False,[],2,,,,,/home/soumyara004/soumyaratnadebnath/VisionLanguageAction/models/openvla-7b,temporal_fusion,temporal_fusion_task_aware,,,,1,cuda:0,,0.2,True,0.15,,3,0.5,0.01,1,0.2,150,openvla_simplerenv,,,,50,/home/soumyara004/soumyaratnadebnath/VisionLanguageAction/artifacts/results/openvla_simplerenv/temporal_fusion_task_aware/widowx_stack_cube,,,1,0.01,0.03,0.995,0.01,42,,widowx_stack_cube,,,,,bridge_orig,,openvla-7b,False,,224,,,openvla-7b,,,,/home/soumyara004/soumyaratnadebnath/VisionLanguageAction/models/openvla-7b,/home/soumyara004/soumyaratnadebnath/VisionLanguageAction/models/openvla-7b,15082600824,simpler_widowx,,,,,,,,,,,,True,892,91.0,,
/home/user/BiVLA/artifacts/results/mentor_2026-09-11/results/openvla_simplerenv_fractal/action_repeat2/google_robot_close_drawer/summary.json,openvla_simplerenv_fractal,action_repeat2,google_robot_close_drawer,completed,action_repeat,openvla_simplerenv_fractal,action_repeat2,simpler_google_robot_fractal,50,23,0.46,30.92,31.18,,NoneType,,Google Robot/Fractal SimplerEnv setup; report only completed paired rollouts.,<absent>,<absent>,<absent>,False,False,False,[],2,,,,,models/openvla-7b,action_repeat,action_repeat2,,,,1,cuda:0,,0.2,False,0.15,,3,0.5,0.01,1,0.2,80,openvla_simplerenv_fractal,,,,50,artifacts/results/openvla_simplerenv_fractal/action_repeat2/google_robot_close_drawer,,,1,0.01,0.03,0.995,0.01,42,,google_robot_close_drawer,,,,,fractal20220817_data,,openvla-7b,False,,224,,,openvla-7b,,,google_robot,/home/soumyara004/soumyaratnadebnath/VisionLanguageAction/models/openvla-7b,/home/soumyara004/soumyaratnadebnath/VisionLanguageAction/models/openvla-7b,15082600824,simpler_google_robot_fractal,,,,,,,,,,,,False,0,0.0,,
/home/user/BiVLA/artifacts/results/mentor_2026-09-11/results/openvla_simplerenv_fractal/action_repeat2/google_robot_move_near/summary.json,openvla_simplerenv_fractal,action_repeat2,google_robot_move_near,completed,action_repeat,openvla_simplerenv_fractal,action_repeat2,simpler_google_robot_fractal,50,29,0.58,24.88,25.2,,NoneType,,Google Robot/Fractal SimplerEnv setup; report only completed paired rollouts.,<absent>,<absent>,<absent>,False,False,False,[],2,,,,,models/openvla-7b,action_repeat,action_repeat2,,,,1,cuda:0,,0.2,False,0.15,,3,0.5,0.01,1,0.2,80,openvla_simplerenv_fractal,,,,50,artifacts/results/openvla_simplerenv_fractal/action_repeat2/google_robot_move_near,,,1,0.01,0.03,0.995,0.01,42,,google_robot_move_near,,,,,fractal20220817_data,,openvla-7b,False,,224,,,openvla-7b,,,google_robot,/home/soumyara004/soumyaratnadebnath/VisionLanguageAction/models/openvla-7b,/home/soumyara004/soumyaratnadebnath/VisionLanguageAction/models/openvla-7b,15082600824,simpler_google_robot_fractal,,,,,,,,,,,,False,0,0.0,,
/home/user/BiVLA/artifacts/results/mentor_2026-09-11/results/openvla_simplerenv_fractal/action_repeat2/google_robot_open_drawer/summary.json,openvla_simplerenv_fractal,action_repeat2,google_robot_open_drawer,completed,action_repeat,openvla_simplerenv_fractal,action_repeat2,simpler_google_robot_fractal,50,17,0.34,34.0,34.18,,NoneType,,Google Robot/Fractal SimplerEnv setup; report only completed paired rollouts.,<absent>,<absent>,<absent>,False,False,False,[],2,,,,,models/openvla-7b,action_repeat,action_repeat2,,,,1,cuda:0,,0.2,False,0.15,,3,0.5,0.01,1,0.2,80,openvla_simplerenv_fractal,,,,50,artifacts/results/openvla_simplerenv_fractal/action_repeat2/google_robot_open_drawer,,,1,0.01,0.03,0.995,0.01,42,,google_robot_open_drawer,,,,,fractal20220817_data,,openvla-7b,False,,224,,,openvla-7b,,,google_robot,/home/soumyara004/soumyaratnadebnath/VisionLanguageAction/models/openvla-7b,/home/soumyara004/soumyaratnadebnath/VisionLanguageAction/models/openvla-7b,15082600824,simpler_google_robot_fractal,,,,,,,,,,,,False,0,0.0,,
/home/user/BiVLA/artifacts/results/mentor_2026-09-11/results/openvla_simplerenv_fractal/action_repeat2/google_robot_pick_coke_can/summary.json,openvla_simplerenv_fractal,action_repeat2,google_robot_pick_coke_can,completed,action_repeat,openvla_simplerenv_fractal,action_repeat2,simpler_google_robot_fractal,50,31,0.62,26.98,27.22,,NoneType,,Google Robot/Fractal SimplerEnv setup; report only completed paired rollouts.,<absent>,<absent>,<absent>,False,False,False,[],2,,,,,models/openvla-7b,action_repeat,action_repeat2,,,,1,cuda:0,,0.2,False,0.15,,3,0.5,0.01,1,0.2,80,openvla_simplerenv_fractal,,,,50,artifacts/results/openvla_simplerenv_fractal/action_repeat2/google_robot_pick_coke_can,,,1,0.01,0.03,0.995,0.01,42,,google_robot_pick_coke_can,,,,,fractal20220817_data,,openvla-7b,False,,224,,,openvla-7b,,,google_robot,/home/soumyara004/soumyaratnadebnath/VisionLanguageAction/models/openvla-7b,/home/soumyara004/soumyaratnadebnath/VisionLanguageAction/models/openvla-7b,15082600824,simpler_google_robot_fractal,,,,,,,,,,,,False,0,0.0,,
/home/user/BiVLA/artifacts/results/mentor_2026-09-11/results/openvla_simplerenv_fractal/action_repeat2/google_robot_place_apple_in_closed_top_drawer/summary.json,openvla_simplerenv_fractal,action_repeat2,google_robot_place_apple_in_closed_top_drawer,completed,action_repeat,openvla_simplerenv_fractal,action_repeat2,simpler_google_robot_fractal,50,0,0.0,40.0,40.0,,NoneType,,Google Robot/Fractal SimplerEnv setup; report only completed paired rollouts.,<absent>,<absent>,<absent>,False,False,False,[],2,,,,,models/openvla-7b,action_repeat,action_repeat2,,,,1,cuda:0,,0.2,False,0.15,,3,0.5,0.01,1,0.2,80,openvla_simplerenv_fractal,,,,50,artifacts/results/openvla_simplerenv_fractal/action_repeat2/google_robot_place_apple_in_closed_top_drawer,,,1,0.01,0.03,0.995,0.01,42,,google_robot_place_apple_in_closed_top_drawer,,,,,fractal20220817_data,,openvla-7b,False,,224,,,openvla-7b,,,google_robot,/home/soumyara004/soumyaratnadebnath/VisionLanguageAction/models/openvla-7b,/home/soumyara004/soumyaratnadebnath/VisionLanguageAction/models/openvla-7b,15082600824,simpler_google_robot_fractal,,,,,,,,,,,,False,0,0.0,,
/home/user/BiVLA/artifacts/results/mentor_2026-09-11/results/openvla_simplerenv_fractal/action_repeat4/google_robot_close_drawer/summary.json,openvla_simplerenv_fractal,action_repeat4,google_robot_close_drawer,completed,action_repeat,openvla_simplerenv_fractal,action_repeat4,simpler_google_robot_fractal,50,26,0.52,47.16,15.94,,NoneType,,Google Robot/Fractal SimplerEnv setup; report only completed paired rollouts.,<absent>,<absent>,<absent>,False,False,False,[],4,,,,,models/openvla-7b,action_repeat,action_repeat4,,,,1,cuda:0,,0.2,False,0.15,,3,0.5,0.01,1,0.2,80,openvla_simplerenv_fractal,,,,50,artifacts/results/openvla_simplerenv_fractal/action_repeat4/google_robot_close_drawer,,,1,0.01,0.03,0.995,0.01,42,,google_robot_close_drawer,,,,,fractal20220817_data,,openvla-7b,False,,224,,,openvla-7b,,,google_robot,/home/soumyara004/soumyaratnadebnath/VisionLanguageAction/models/openvla-7b,/home/soumyara004/soumyaratnadebnath/VisionLanguageAction/models/openvla-7b,15082600824,simpler_google_robot_fractal,,,,,,,,,,,,False,0,0.0,,
/home/user/BiVLA/artifacts/results/mentor_2026-09-11/results/openvla_simplerenv_fractal/action_repeat4/google_robot_move_near/summary.json,openvla_simplerenv_fractal,action_repeat4,google_robot_move_near,completed,action_repeat,openvla_simplerenv_fractal,action_repeat4,simpler_google_robot_fractal,50,22,0.44,44.16,14.96,,NoneType,,Google Robot/Fractal SimplerEnv setup; report only completed paired rollouts.,<absent>,<absent>,<absent>,False,False,False,[],4,,,,,models/openvla-7b,action_repeat,action_repeat4,,,,1,cuda:0,,0.2,False,0.15,,3,0.5,0.01,1,0.2,80,openvla_simplerenv_fractal,,,,50,artifacts/results/openvla_simplerenv_fractal/action_repeat4/google_robot_move_near,,,1,0.01,0.03,0.995,0.01,42,,google_robot_move_near,,,,,fractal20220817_data,,openvla-7b,False,,224,,,openvla-7b,,,google_robot,/home/soumyara004/soumyaratnadebnath/VisionLanguageAction/models/openvla-7b,/home/soumyara004/soumyaratnadebnath/VisionLanguageAction/models/openvla-7b,15082600824,simpler_google_robot_fractal,,,,,,,,,,,,False,0,0.0,,
/home/user/BiVLA/artifacts/results/mentor_2026-09-11/results/openvla_simplerenv_fractal/action_repeat4/google_robot_open_drawer/summary.json,openvla_simplerenv_fractal,action_repeat4,google_robot_open_drawer,completed,action_repeat,openvla_simplerenv_fractal,action_repeat4,simpler_google_robot_fractal,50,15,0.3,54.16,18.22,,NoneType,,Google Robot/Fractal SimplerEnv setup; report only completed paired rollouts.,<absent>,<absent>,<absent>,False,False,False,[],4,,,,,models/openvla-7b,action_repeat,action_repeat4,,,,1,cuda:0,,0.2,False,0.15,,3,0.5,0.01,1,0.2,80,openvla_simplerenv_fractal,,,,50,artifacts/results/openvla_simplerenv_fractal/action_repeat4/google_robot_open_drawer,,,1,0.01,0.03,0.995,0.01,42,,google_robot_open_drawer,,,,,fractal20220817_data,,openvla-7b,False,,224,,,openvla-7b,,,google_robot,/home/soumyara004/soumyaratnadebnath/VisionLanguageAction/models/openvla-7b,/home/soumyara004/soumyaratnadebnath/VisionLanguageAction/models/openvla-7b,15082600824,simpler_google_robot_fractal,,,,,,,,,,,,False,0,0.0,,
/home/user/BiVLA/artifacts/results/mentor_2026-09-11/results/openvla_simplerenv_fractal/action_repeat4/google_robot_pick_coke_can/summary.json,openvla_simplerenv_fractal,action_repeat4,google_robot_pick_coke_can,completed,action_repeat,openvla_simplerenv_fractal,action_repeat4,simpler_google_robot_fractal,50,26,0.52,45.14,15.36,,NoneType,,Google Robot/Fractal SimplerEnv setup; report only completed paired rollouts.,<absent>,<absent>,<absent>,False,False,False,[],4,,,,,models/openvla-7b,action_repeat,action_repeat4,,,,1,cuda:0,,0.2,False,0.15,,3,0.5,0.01,1,0.2,80,openvla_simplerenv_fractal,,,,50,artifacts/results/openvla_simplerenv_fractal/action_repeat4/google_robot_pick_coke_can,,,1,0.01,0.03,0.995,0.01,42,,google_robot_pick_coke_can,,,,,fractal20220817_data,,openvla-7b,False,,224,,,openvla-7b,,,google_robot,/home/soumyara004/soumyaratnadebnath/VisionLanguageAction/models/openvla-7b,/home/soumyara004/soumyaratnadebnath/VisionLanguageAction/models/openvla-7b,15082600824,simpler_google_robot_fractal,,,,,,,,,,,,False,0,0.0,,
/home/user/BiVLA/artifacts/results/mentor_2026-09-11/results/openvla_simplerenv_fractal/action_repeat4/google_robot_place_apple_in_closed_top_drawer/summary.json,openvla_simplerenv_fractal,action_repeat4,google_robot_place_apple_in_closed_top_drawer,completed,action_repeat,openvla_simplerenv_fractal,action_repeat4,simpler_google_robot_fractal,50,0,0.0,60.0,20.0,,NoneType,,Google Robot/Fractal SimplerEnv setup; report only completed paired rollouts.,<absent>,<absent>,<absent>,False,False,False,[],4,,,,,models/openvla-7b,action_repeat,action_repeat4,,,,1,cuda:0,,0.2,False,0.15,,3,0.5,0.01,1,0.2,80,openvla_simplerenv_fractal,,,,50,artifacts/results/openvla_simplerenv_fractal/action_repeat4/google_robot_place_apple_in_closed_top_drawer,,,1,0.01,0.03,0.995,0.01,42,,google_robot_place_apple_in_closed_top_drawer,,,,,fractal20220817_data,,openvla-7b,False,,224,,,openvla-7b,,,google_robot,/home/soumyara004/soumyaratnadebnath/VisionLanguageAction/models/openvla-7b,/home/soumyara004/soumyaratnadebnath/VisionLanguageAction/models/openvla-7b,15082600824,simpler_google_robot_fractal,,,,,,,,,,,,False,0,0.0,,
/home/user/BiVLA/artifacts/results/mentor_2026-09-11/results/openvla_simplerenv_fractal/depth_pruning1/google_robot_close_drawer/summary.json,openvla_simplerenv_fractal,depth_pruning1,google_robot_close_drawer,completed,depth_pruning,openvla_simplerenv_fractal,depth_pruning1,simpler_google_robot_fractal,50,19,0.38,0.0,61.62,,NoneType,,Google Robot/Fractal SimplerEnv setup; report only completed paired rollouts.,<absent>,<absent>,<absent>,False,False,False,[23],2,,,,,models/openvla-7b,depth_pruning,depth_pruning1,,,,1,cuda:0,,0.2,False,0.15,,3,0.5,0.01,1,0.2,80,openvla_simplerenv_fractal,,,,50,artifacts/results/openvla_simplerenv_fractal/depth_pruning1/google_robot_close_drawer,,,1,0.01,0.03,0.995,0.01,42,,google_robot_close_drawer,,,,,fractal20220817_data,,openvla-7b,False,,224,,,openvla-7b,,,google_robot,/home/soumyara004/soumyaratnadebnath/VisionLanguageAction/models/openvla-7b,/home/soumyara004/soumyaratnadebnath/VisionLanguageAction/models/openvla-7b,15082600824,simpler_google_robot_fractal,,,,,"[0.0453218936920166, 0.04337875843048096, 0.00775294303894043, 0.009916722774505615, 0.013738977909088134, 0.016492629051208497, 0.020130014419555663, 0.02733215093612671, 0.0353218674659729, 0.04118257761001587, 0.05480334758758545, 0.04686185121536255, 0.03136063814163208, 0.030238139629364013, 0.03815300464630127, 0.03715777397155762, 0.03586817979812622, 0.02160975933074951, 0.026805424690246583, 0.023917746543884278, 0.02311338186264038, 0.02378641366958618, 0.029810070991516113, 0.016344618797302247, 0.021001529693603516, 0.019220447540283202, 0.020298862457275392, 0.021121764183044435, 0.02488284111022949, 0.03484675884246826, 0.040893948078155516, 0.09232417345046998]",,,,,,,False,0,0.0,,
/home/user/BiVLA/artifacts/results/mentor_2026-09-11/results/openvla_simplerenv_fractal/depth_pruning1/google_robot_move_near/summary.json,openvla_simplerenv_fractal,depth_pruning1,google_robot_move_near,completed,depth_pruning,openvla_simplerenv_fractal,depth_pruning1,simpler_google_robot_fractal,50,38,0.76,0.0,40.34,,NoneType,,Google Robot/Fractal SimplerEnv setup; report only completed paired rollouts.,<absent>,<absent>,<absent>,False,False,False,[23],2,,,,,models/openvla-7b,depth_pruning,depth_pruning1,,,,1,cuda:0,,0.2,False,0.15,,3,0.5,0.01,1,0.2,80,openvla_simplerenv_fractal,,,,50,artifacts/results/openvla_simplerenv_fractal/depth_pruning1/google_robot_move_near,,,1,0.01,0.03,0.995,0.01,42,,google_robot_move_near,,,,,fractal20220817_data,,openvla-7b,False,,224,,,openvla-7b,,,google_robot,/home/soumyara004/soumyaratnadebnath/VisionLanguageAction/models/openvla-7b,/home/soumyara004/soumyaratnadebnath/VisionLanguageAction/models/openvla-7b,15082600824,simpler_google_robot_fractal,,,,,"[0.0453218936920166, 0.04337875843048096, 0.00775294303894043, 0.009916722774505615, 0.013738977909088134, 0.016492629051208497, 0.020130014419555663, 0.02733215093612671, 0.0353218674659729, 0.04118257761001587, 0.05480334758758545, 0.04686185121536255, 0.03136063814163208, 0.030238139629364013, 0.03815300464630127, 0.03715777397155762, 0.03586817979812622, 0.02160975933074951, 0.026805424690246583, 0.023917746543884278, 0.02311338186264038, 0.02378641366958618, 0.029810070991516113, 0.016344618797302247, 0.021001529693603516, 0.019220447540283202, 0.020298862457275392, 0.021121764183044435, 0.02488284111022949, 0.03484675884246826, 0.040893948078155516, 0.09232417345046998]",,,,,,,False,0,0.0,,
/home/user/BiVLA/artifacts/results/mentor_2026-09-11/results/openvla_simplerenv_fractal/depth_pruning1/google_robot_open_drawer/summary.json,openvla_simplerenv_fractal,depth_pruning1,google_robot_open_drawer,completed,depth_pruning,openvla_simplerenv_fractal,depth_pruning1,simpler_google_robot_fractal,50,13,0.26,0.0,75.36,,NoneType,,Google Robot/Fractal SimplerEnv setup; report only completed paired rollouts.,<absent>,<absent>,<absent>,False,False,False,[23],2,,,,,models/openvla-7b,depth_pruning,depth_pruning1,,,,1,cuda:0,,0.2,False,0.15,,3,0.5,0.01,1,0.2,80,openvla_simplerenv_fractal,,,,50,artifacts/results/openvla_simplerenv_fractal/depth_pruning1/google_robot_open_drawer,,,1,0.01,0.03,0.995,0.01,42,,google_robot_open_drawer,,,,,fractal20220817_data,,openvla-7b,False,,224,,,openvla-7b,,,google_robot,/home/soumyara004/soumyaratnadebnath/VisionLanguageAction/models/openvla-7b,/home/soumyara004/soumyaratnadebnath/VisionLanguageAction/models/openvla-7b,15082600824,simpler_google_robot_fractal,,,,,"[0.0453218936920166, 0.04337875843048096, 0.00775294303894043, 0.009916722774505615, 0.013738977909088134, 0.016492629051208497, 0.020130014419555663, 0.02733215093612671, 0.0353218674659729, 0.04118257761001587, 0.05480334758758545, 0.04686185121536255, 0.03136063814163208, 0.030238139629364013, 0.03815300464630127, 0.03715777397155762, 0.03586817979812622, 0.02160975933074951, 0.026805424690246583, 0.023917746543884278, 0.02311338186264038, 0.02378641366958618, 0.029810070991516113, 0.016344618797302247, 0.021001529693603516, 0.019220447540283202, 0.020298862457275392, 0.021121764183044435, 0.02488284111022949, 0.03484675884246826, 0.040893948078155516, 0.09232417345046998]",,,,,,,False,0,0.0,,
/home/user/BiVLA/artifacts/results/mentor_2026-09-11/results/openvla_simplerenv_fractal/depth_pruning1/google_robot_pick_coke_can/summary.json,openvla_simplerenv_fractal,depth_pruning1,google_robot_pick_coke_can,completed,depth_pruning,openvla_simplerenv_fractal,depth_pruning1,simpler_google_robot_fractal,50,26,0.52,0.0,56.86,,NoneType,,Google Robot/Fractal SimplerEnv setup; report only completed paired rollouts.,<absent>,<absent>,<absent>,False,False,False,[23],2,,,,,models/openvla-7b,depth_pruning,depth_pruning1,,,,1,cuda:0,,0.2,False,0.15,,3,0.5,0.01,1,0.2,80,openvla_simplerenv_fractal,,,,50,artifacts/results/openvla_simplerenv_fractal/depth_pruning1/google_robot_pick_coke_can,,,1,0.01,0.03,0.995,0.01,42,,google_robot_pick_coke_can,,,,,fractal20220817_data,,openvla-7b,False,,224,,,openvla-7b,,,google_robot,/home/soumyara004/soumyaratnadebnath/VisionLanguageAction/models/openvla-7b,/home/soumyara004/soumyaratnadebnath/VisionLanguageAction/models/openvla-7b,15082600824,simpler_google_robot_fractal,,,,,"[0.0453218936920166, 0.04337875843048096, 0.00775294303894043, 0.009916722774505615, 0.013738977909088134, 0.016492629051208497, 0.020130014419555663, 0.02733215093612671, 0.0353218674659729, 0.04118257761001587, 0.05480334758758545, 0.04686185121536255, 0.03136063814163208, 0.030238139629364013, 0.03815300464630127, 0.03715777397155762, 0.03586817979812622, 0.02160975933074951, 0.026805424690246583, 0.023917746543884278, 0.02311338186264038, 0.02378641366958618, 0.029810070991516113, 0.016344618797302247, 0.021001529693603516, 0.019220447540283202, 0.020298862457275392, 0.021121764183044435, 0.02488284111022949, 0.03484675884246826, 0.040893948078155516, 0.09232417345046998]",,,,,,,False,0,0.0,,
/home/user/BiVLA/artifacts/results/mentor_2026-09-11/results/openvla_simplerenv_fractal/depth_pruning1/google_robot_place_apple_in_closed_top_drawer/summary.json,openvla_simplerenv_fractal,depth_pruning1,google_robot_place_apple_in_closed_top_drawer,completed,depth_pruning,openvla_simplerenv_fractal,depth_pruning1,simpler_google_robot_fractal,50,0,0.0,0.0,80.0,,NoneType,,Google Robot/Fractal SimplerEnv setup; report only completed paired rollouts.,<absent>,<absent>,<absent>,False,False,False,[23],2,,,,,models/openvla-7b,depth_pruning,depth_pruning1,,,,1,cuda:0,,0.2,False,0.15,,3,0.5,0.01,1,0.2,80,openvla_simplerenv_fractal,,,,50,artifacts/results/openvla_simplerenv_fractal/depth_pruning1/google_robot_place_apple_in_closed_top_drawer,,,1,0.01,0.03,0.995,0.01,42,,google_robot_place_apple_in_closed_top_drawer,,,,,fractal20220817_data,,openvla-7b,False,,224,,,openvla-7b,,,google_robot,/home/soumyara004/soumyaratnadebnath/VisionLanguageAction/models/openvla-7b,/home/soumyara004/soumyaratnadebnath/VisionLanguageAction/models/openvla-7b,15082600824,simpler_google_robot_fractal,,,,,"[0.0453218936920166, 0.04337875843048096, 0.00775294303894043, 0.009916722774505615, 0.013738977909088134, 0.016492629051208497, 0.020130014419555663, 0.02733215093612671, 0.0353218674659729, 0.04118257761001587, 0.05480334758758545, 0.04686185121536255, 0.03136063814163208, 0.030238139629364013, 0.03815300464630127, 0.03715777397155762, 0.03586817979812622, 0.02160975933074951, 0.026805424690246583, 0.023917746543884278, 0.02311338186264038, 0.02378641366958618, 0.029810070991516113, 0.016344618797302247, 0.021001529693603516, 0.019220447540283202, 0.020298862457275392, 0.021121764183044435, 0.02488284111022949, 0.03484675884246826, 0.040893948078155516, 0.09232417345046998]",,,,,,,False,0,0.0,,
/home/user/BiVLA/artifacts/results/mentor_2026-09-11/results/openvla_simplerenv_fractal/depth_pruning2/google_robot_close_drawer/summary.json,openvla_simplerenv_fractal,depth_pruning2,google_robot_close_drawer,completed,depth_pruning,openvla_simplerenv_fractal,depth_pruning2,simpler_google_robot_fractal,50,25,0.5,0.0,58.32,,NoneType,,Google Robot/Fractal SimplerEnv setup; report only completed paired rollouts.,<absent>,<absent>,<absent>,False,False,False,"[23, 25]",2,,,,,models/openvla-7b,depth_pruning,depth_pruning2,,,,2,cuda:0,,0.2,False,0.15,,3,0.5,0.01,1,0.2,80,openvla_simplerenv_fractal,,,,50,artifacts/results/openvla_simplerenv_fractal/depth_pruning2/google_robot_close_drawer,,,1,0.01,0.03,0.995,0.01,42,,google_robot_close_drawer,,,,,fractal20220817_data,,openvla-7b,False,,224,,,openvla-7b,,,google_robot,/home/soumyara004/soumyaratnadebnath/VisionLanguageAction/models/openvla-7b,/home/soumyara004/soumyaratnadebnath/VisionLanguageAction/models/openvla-7b,15082600824,simpler_google_robot_fractal,,,,,"[0.0453218936920166, 0.04337875843048096, 0.00775294303894043, 0.009916722774505615, 0.013738977909088134, 0.016492629051208497, 0.020130014419555663, 0.02733215093612671, 0.0353218674659729, 0.04118257761001587, 0.05480334758758545, 0.04686185121536255, 0.03136063814163208, 0.030238139629364013, 0.03815300464630127, 0.03715777397155762, 0.03586817979812622, 0.02160975933074951, 0.026805424690246583, 0.023917746543884278, 0.02311338186264038, 0.02378641366958618, 0.029810070991516113, 0.016344618797302247, 0.021001529693603516, 0.019220447540283202, 0.020298862457275392, 0.021121764183044435, 0.02488284111022949, 0.03484675884246826, 0.040893948078155516, 0.09232417345046998]",,,,,,,False,0,0.0,,
/home/user/BiVLA/artifacts/results/mentor_2026-09-11/results/openvla_simplerenv_fractal/depth_pruning2/google_robot_move_near/summary.json,openvla_simplerenv_fractal,depth_pruning2,google_robot_move_near,completed,depth_pruning,openvla_simplerenv_fractal,depth_pruning2,simpler_google_robot_fractal,50,34,0.68,0.0,43.38,,NoneType,,Google Robot/Fractal SimplerEnv setup; report only completed paired rollouts.,<absent>,<absent>,<absent>,False,False,False,"[23, 25]",2,,,,,models/openvla-7b,depth_pruning,depth_pruning2,,,,2,cuda:0,,0.2,False,0.15,,3,0.5,0.01,1,0.2,80,openvla_simplerenv_fractal,,,,50,artifacts/results/openvla_simplerenv_fractal/depth_pruning2/google_robot_move_near,,,1,0.01,0.03,0.995,0.01,42,,google_robot_move_near,,,,,fractal20220817_data,,openvla-7b,False,,224,,,openvla-7b,,,google_robot,/home/soumyara004/soumyaratnadebnath/VisionLanguageAction/models/openvla-7b,/home/soumyara004/soumyaratnadebnath/VisionLanguageAction/models/openvla-7b,15082600824,simpler_google_robot_fractal,,,,,"[0.0453218936920166, 0.04337875843048096, 0.00775294303894043, 0.009916722774505615, 0.013738977909088134, 0.016492629051208497, 0.020130014419555663, 0.02733215093612671, 0.0353218674659729, 0.04118257761001587, 0.05480334758758545, 0.04686185121536255, 0.03136063814163208, 0.030238139629364013, 0.03815300464630127, 0.03715777397155762, 0.03586817979812622, 0.02160975933074951, 0.026805424690246583, 0.023917746543884278, 0.02311338186264038, 0.02378641366958618, 0.029810070991516113, 0.016344618797302247, 0.021001529693603516, 0.019220447540283202, 0.020298862457275392, 0.021121764183044435, 0.02488284111022949, 0.03484675884246826, 0.040893948078155516, 0.09232417345046998]",,,,,,,False,0,0.0,,
/home/user/BiVLA/artifacts/results/mentor_2026-09-11/results/openvla_simplerenv_fractal/depth_pruning2/google_robot_open_drawer/summary.json,openvla_simplerenv_fractal,depth_pruning2,google_robot_open_drawer,completed,depth_pruning,openvla_simplerenv_fractal,depth_pruning2,simpler_google_robot_fractal,50,13,0.26,0.0,74.08,,NoneType,,Google Robot/Fractal SimplerEnv setup; report only completed paired rollouts.,<absent>,<absent>,<absent>,False,False,False,"[23, 25]",2,,,,,models/openvla-7b,depth_pruning,depth_pruning2,,,,2,cuda:0,,0.2,False,0.15,,3,0.5,0.01,1,0.2,80,openvla_simplerenv_fractal,,,,50,artifacts/results/openvla_simplerenv_fractal/depth_pruning2/google_robot_open_drawer,,,1,0.01,0.03,0.995,0.01,42,,google_robot_open_drawer,,,,,fractal20220817_data,,openvla-7b,False,,224,,,openvla-7b,,,google_robot,/home/soumyara004/soumyaratnadebnath/VisionLanguageAction/models/openvla-7b,/home/soumyara004/soumyaratnadebnath/VisionLanguageAction/models/openvla-7b,15082600824,simpler_google_robot_fractal,,,,,"[0.0453218936920166, 0.04337875843048096, 0.00775294303894043, 0.009916722774505615, 0.013738977909088134, 0.016492629051208497, 0.020130014419555663, 0.02733215093612671, 0.0353218674659729, 0.04118257761001587, 0.05480334758758545, 0.04686185121536255, 0.03136063814163208, 0.030238139629364013, 0.03815300464630127, 0.03715777397155762, 0.03586817979812622, 0.02160975933074951, 0.026805424690246583, 0.023917746543884278, 0.02311338186264038, 0.02378641366958618, 0.029810070991516113, 0.016344618797302247, 0.021001529693603516, 0.019220447540283202, 0.020298862457275392, 0.021121764183044435, 0.02488284111022949, 0.03484675884246826, 0.040893948078155516, 0.09232417345046998]",,,,,,,False,0,0.0,,
/home/user/BiVLA/artifacts/results/mentor_2026-09-11/results/openvla_simplerenv_fractal/depth_pruning2/google_robot_pick_coke_can/summary.json,openvla_simplerenv_fractal,depth_pruning2,google_robot_pick_coke_can,completed,depth_pruning,openvla_simplerenv_fractal,depth_pruning2,simpler_google_robot_fractal,50,30,0.6,0.0,53.5,,NoneType,,Google Robot/Fractal SimplerEnv setup; report only completed paired rollouts.,<absent>,<absent>,<absent>,False,False,False,"[23, 25]",2,,,,,models/openvla-7b,depth_pruning,depth_pruning2,,,,2,cuda:0,,0.2,False,0.15,,3,0.5,0.01,1,0.2,80,openvla_simplerenv_fractal,,,,50,artifacts/results/openvla_simplerenv_fractal/depth_pruning2/google_robot_pick_coke_can,,,1,0.01,0.03,0.995,0.01,42,,google_robot_pick_coke_can,,,,,fractal20220817_data,,openvla-7b,False,,224,,,openvla-7b,,,google_robot,/home/soumyara004/soumyaratnadebnath/VisionLanguageAction/models/openvla-7b,/home/soumyara004/soumyaratnadebnath/VisionLanguageAction/models/openvla-7b,15082600824,simpler_google_robot_fractal,,,,,"[0.0453218936920166, 0.04337875843048096, 0.00775294303894043, 0.009916722774505615, 0.013738977909088134, 0.016492629051208497, 0.020130014419555663, 0.02733215093612671, 0.0353218674659729, 0.04118257761001587, 0.05480334758758545, 0.04686185121536255, 0.03136063814163208, 0.030238139629364013, 0.03815300464630127, 0.03715777397155762, 0.03586817979812622, 0.02160975933074951, 0.026805424690246583, 0.023917746543884278, 0.02311338186264038, 0.02378641366958618, 0.029810070991516113, 0.016344618797302247, 0.021001529693603516, 0.019220447540283202, 0.020298862457275392, 0.021121764183044435, 0.02488284111022949, 0.03484675884246826, 0.040893948078155516, 0.09232417345046998]",,,,,,,False,0,0.0,,
/home/user/BiVLA/artifacts/results/mentor_2026-09-11/results/openvla_simplerenv_fractal/depth_pruning2/google_robot_place_apple_in_closed_top_drawer/summary.json,openvla_simplerenv_fractal,depth_pruning2,google_robot_place_apple_in_closed_top_drawer,completed,depth_pruning,openvla_simplerenv_fractal,depth_pruning2,simpler_google_robot_fractal,50,0,0.0,0.0,80.0,,NoneType,,Google Robot/Fractal SimplerEnv setup; report only completed paired rollouts.,<absent>,<absent>,<absent>,False,False,False,"[23, 25]",2,,,,,models/openvla-7b,depth_pruning,depth_pruning2,,,,2,cuda:0,,0.2,False,0.15,,3,0.5,0.01,1,0.2,80,openvla_simplerenv_fractal,,,,50,artifacts/results/openvla_simplerenv_fractal/depth_pruning2/google_robot_place_apple_in_closed_top_drawer,,,1,0.01,0.03,0.995,0.01,42,,google_robot_place_apple_in_closed_top_drawer,,,,,fractal20220817_data,,openvla-7b,False,,224,,,openvla-7b,,,google_robot,/home/soumyara004/soumyaratnadebnath/VisionLanguageAction/models/openvla-7b,/home/soumyara004/soumyaratnadebnath/VisionLanguageAction/models/openvla-7b,15082600824,simpler_google_robot_fractal,,,,,"[0.0453218936920166, 0.04337875843048096, 0.00775294303894043, 0.009916722774505615, 0.013738977909088134, 0.016492629051208497, 0.020130014419555663, 0.02733215093612671, 0.0353218674659729, 0.04118257761001587, 0.05480334758758545, 0.04686185121536255, 0.03136063814163208, 0.030238139629364013, 0.03815300464630127, 0.03715777397155762, 0.03586817979812622, 0.02160975933074951, 0.026805424690246583, 0.023917746543884278, 0.02311338186264038, 0.02378641366958618, 0.029810070991516113, 0.016344618797302247, 0.021001529693603516, 0.019220447540283202, 0.020298862457275392, 0.021121764183044435, 0.02488284111022949, 0.03484675884246826, 0.040893948078155516, 0.09232417345046998]",,,,,,,False,0,0.0,,
/home/user/BiVLA/artifacts/results/mentor_2026-09-11/results/openvla_simplerenv_fractal/depth_pruning4/google_robot_close_drawer/summary.json,openvla_simplerenv_fractal,depth_pruning4,google_robot_close_drawer,completed,depth_pruning,openvla_simplerenv_fractal,depth_pruning4,simpler_google_robot_fractal,50,20,0.4,0.0,60.12,,NoneType,,Google Robot/Fractal SimplerEnv setup; report only completed paired rollouts.,<absent>,<absent>,<absent>,False,False,False,"[17, 23, 25, 27]",2,,,,,models/openvla-7b,depth_pruning,depth_pruning4,,,,4,cuda:0,,0.2,False,0.15,,3,0.5,0.01,1,0.2,80,openvla_simplerenv_fractal,,,,50,artifacts/results/openvla_simplerenv_fractal/depth_pruning4/google_robot_close_drawer,,,1,0.01,0.03,0.995,0.01,42,,google_robot_close_drawer,,,,,fractal20220817_data,,openvla-7b,False,,224,,,openvla-7b,,,google_robot,/home/soumyara004/soumyaratnadebnath/VisionLanguageAction/models/openvla-7b,/home/soumyara004/soumyaratnadebnath/VisionLanguageAction/models/openvla-7b,15082600824,simpler_google_robot_fractal,,,,,"[0.0453218936920166, 0.04337875843048096, 0.00775294303894043, 0.009916722774505615, 0.013738977909088134, 0.016492629051208497, 0.020130014419555663, 0.02733215093612671, 0.0353218674659729, 0.04118257761001587, 0.05480334758758545, 0.04686185121536255, 0.03136063814163208, 0.030238139629364013, 0.03815300464630127, 0.03715777397155762, 0.03586817979812622, 0.02160975933074951, 0.026805424690246583, 0.023917746543884278, 0.02311338186264038, 0.02378641366958618, 0.029810070991516113, 0.016344618797302247, 0.021001529693603516, 0.019220447540283202, 0.020298862457275392, 0.021121764183044435, 0.02488284111022949, 0.03484675884246826, 0.040893948078155516, 0.09232417345046998]",,,,,,,False,0,0.0,,
/home/user/BiVLA/artifacts/results/mentor_2026-09-11/results/openvla_simplerenv_fractal/depth_pruning4/google_robot_move_near/summary.json,openvla_simplerenv_fractal,depth_pruning4,google_robot_move_near,completed,depth_pruning,openvla_simplerenv_fractal,depth_pruning4,simpler_google_robot_fractal,50,31,0.62,0.0,48.58,,NoneType,,Google Robot/Fractal SimplerEnv setup; report only completed paired rollouts.,<absent>,<absent>,<absent>,False,False,False,"[17, 23, 25, 27]",2,,,,,models/openvla-7b,depth_pruning,depth_pruning4,,,,4,cuda:0,,0.2,False,0.15,,3,0.5,0.01,1,0.2,80,openvla_simplerenv_fractal,,,,50,artifacts/results/openvla_simplerenv_fractal/depth_pruning4/google_robot_move_near,,,1,0.01,0.03,0.995,0.01,42,,google_robot_move_near,,,,,fractal20220817_data,,openvla-7b,False,,224,,,openvla-7b,,,google_robot,/home/soumyara004/soumyaratnadebnath/VisionLanguageAction/models/openvla-7b,/home/soumyara004/soumyaratnadebnath/VisionLanguageAction/models/openvla-7b,15082600824,simpler_google_robot_fractal,,,,,"[0.0453218936920166, 0.04337875843048096, 0.00775294303894043, 0.009916722774505615, 0.013738977909088134, 0.016492629051208497, 0.020130014419555663, 0.02733215093612671, 0.0353218674659729, 0.04118257761001587, 0.05480334758758545, 0.04686185121536255, 0.03136063814163208, 0.030238139629364013, 0.03815300464630127, 0.03715777397155762, 0.03586817979812622, 0.02160975933074951, 0.026805424690246583, 0.023917746543884278, 0.02311338186264038, 0.02378641366958618, 0.029810070991516113, 0.016344618797302247, 0.021001529693603516, 0.019220447540283202, 0.020298862457275392, 0.021121764183044435, 0.02488284111022949, 0.03484675884246826, 0.040893948078155516, 0.09232417345046998]",,,,,,,False,0,0.0,,
/home/user/BiVLA/artifacts/results/mentor_2026-09-11/results/openvla_simplerenv_fractal/depth_pruning4/google_robot_open_drawer/summary.json,openvla_simplerenv_fractal,depth_pruning4,google_robot_open_drawer,completed,depth_pruning,openvla_simplerenv_fractal,depth_pruning4,simpler_google_robot_fractal,50,9,0.18,0.0,75.3,,NoneType,,Google Robot/Fractal SimplerEnv setup; report only completed paired rollouts.,<absent>,<absent>,<absent>,False,False,False,"[17, 23, 25, 27]",2,,,,,models/openvla-7b,depth_pruning,depth_pruning4,,,,4,cuda:0,,0.2,False,0.15,,3,0.5,0.01,1,0.2,80,openvla_simplerenv_fractal,,,,50,artifacts/results/openvla_simplerenv_fractal/depth_pruning4/google_robot_open_drawer,,,1,0.01,0.03,0.995,0.01,42,,google_robot_open_drawer,,,,,fractal20220817_data,,openvla-7b,False,,224,,,openvla-7b,,,google_robot,/home/soumyara004/soumyaratnadebnath/VisionLanguageAction/models/openvla-7b,/home/soumyara004/soumyaratnadebnath/VisionLanguageAction/models/openvla-7b,15082600824,simpler_google_robot_fractal,,,,,"[0.0453218936920166, 0.04337875843048096, 0.00775294303894043, 0.009916722774505615, 0.013738977909088134, 0.016492629051208497, 0.020130014419555663, 0.02733215093612671, 0.0353218674659729, 0.04118257761001587, 0.05480334758758545, 0.04686185121536255, 0.03136063814163208, 0.030238139629364013, 0.03815300464630127, 0.03715777397155762, 0.03586817979812622, 0.02160975933074951, 0.026805424690246583, 0.023917746543884278, 0.02311338186264038, 0.02378641366958618, 0.029810070991516113, 0.016344618797302247, 0.021001529693603516, 0.019220447540283202, 0.020298862457275392, 0.021121764183044435, 0.02488284111022949, 0.03484675884246826, 0.040893948078155516, 0.09232417345046998]",,,,,,,False,0,0.0,,
/home/user/BiVLA/artifacts/results/mentor_2026-09-11/results/openvla_simplerenv_fractal/depth_pruning4/google_robot_pick_coke_can/summary.json,openvla_simplerenv_fractal,depth_pruning4,google_robot_pick_coke_can,completed,depth_pruning,openvla_simplerenv_fractal,depth_pruning4,simpler_google_robot_fractal,50,32,0.64,0.0,50.0,,NoneType,,Google Robot/Fractal SimplerEnv setup; report only completed paired rollouts.,<absent>,<absent>,<absent>,False,False,False,"[17, 23, 25, 27]",2,,,,,models/openvla-7b,depth_pruning,depth_pruning4,,,,4,cuda:0,,0.2,False,0.15,,3,0.5,0.01,1,0.2,80,openvla_simplerenv_fractal,,,,50,artifacts/results/openvla_simplerenv_fractal/depth_pruning4/google_robot_pick_coke_can,,,1,0.01,0.03,0.995,0.01,42,,google_robot_pick_coke_can,,,,,fractal20220817_data,,openvla-7b,False,,224,,,openvla-7b,,,google_robot,/home/soumyara004/soumyaratnadebnath/VisionLanguageAction/models/openvla-7b,/home/soumyara004/soumyaratnadebnath/VisionLanguageAction/models/openvla-7b,15082600824,simpler_google_robot_fractal,,,,,"[0.0453218936920166, 0.04337875843048096, 0.00775294303894043, 0.009916722774505615, 0.013738977909088134, 0.016492629051208497, 0.020130014419555663, 0.02733215093612671, 0.0353218674659729, 0.04118257761001587, 0.05480334758758545, 0.04686185121536255, 0.03136063814163208, 0.030238139629364013, 0.03815300464630127, 0.03715777397155762, 0.03586817979812622, 0.02160975933074951, 0.026805424690246583, 0.023917746543884278, 0.02311338186264038, 0.02378641366958618, 0.029810070991516113, 0.016344618797302247, 0.021001529693603516, 0.019220447540283202, 0.020298862457275392, 0.021121764183044435, 0.02488284111022949, 0.03484675884246826, 0.040893948078155516, 0.09232417345046998]",,,,,,,False,0,0.0,,
/home/user/BiVLA/artifacts/results/mentor_2026-09-11/results/openvla_simplerenv_fractal/depth_pruning4/google_robot_place_apple_in_closed_top_drawer/summary.json,openvla_simplerenv_fractal,depth_pruning4,google_robot_place_apple_in_closed_top_drawer,completed,depth_pruning,openvla_simplerenv_fractal,depth_pruning4,simpler_google_robot_fractal,50,0,0.0,0.0,80.0,,NoneType,,Google Robot/Fractal SimplerEnv setup; report only completed paired rollouts.,<absent>,<absent>,<absent>,False,False,False,"[17, 23, 25, 27]",2,,,,,models/openvla-7b,depth_pruning,depth_pruning4,,,,4,cuda:0,,0.2,False,0.15,,3,0.5,0.01,1,0.2,80,openvla_simplerenv_fractal,,,,50,artifacts/results/openvla_simplerenv_fractal/depth_pruning4/google_robot_place_apple_in_closed_top_drawer,,,1,0.01,0.03,0.995,0.01,42,,google_robot_place_apple_in_closed_top_drawer,,,,,fractal20220817_data,,openvla-7b,False,,224,,,openvla-7b,,,google_robot,/home/soumyara004/soumyaratnadebnath/VisionLanguageAction/models/openvla-7b,/home/soumyara004/soumyaratnadebnath/VisionLanguageAction/models/openvla-7b,15082600824,simpler_google_robot_fractal,,,,,"[0.0453218936920166, 0.04337875843048096, 0.00775294303894043, 0.009916722774505615, 0.013738977909088134, 0.016492629051208497, 0.020130014419555663, 0.02733215093612671, 0.0353218674659729, 0.04118257761001587, 0.05480334758758545, 0.04686185121536255, 0.03136063814163208, 0.030238139629364013, 0.03815300464630127, 0.03715777397155762, 0.03586817979812622, 0.02160975933074951, 0.026805424690246583, 0.023917746543884278, 0.02311338186264038, 0.02378641366958618, 0.029810070991516113, 0.016344618797302247, 0.021001529693603516, 0.019220447540283202, 0.020298862457275392, 0.021121764183044435, 0.02488284111022949, 0.03484675884246826, 0.040893948078155516, 0.09232417345046998]",,,,,,,False,0,0.0,,
/home/user/BiVLA/artifacts/results/mentor_2026-09-11/results/openvla_simplerenv_fractal/fixed_foveation_keep20/google_robot_close_drawer/summary.json,openvla_simplerenv_fractal,fixed_foveation_keep20,google_robot_close_drawer,completed,fixed_foveation,openvla_simplerenv_fractal,fixed_foveation_keep20,simpler_google_robot_fractal,50,15,0.3,0.0,66.16,,NoneType,,Google Robot/Fractal SimplerEnv setup; report only completed paired rollouts.,<absent>,<absent>,<absent>,False,False,False,[],2,,,,,models/openvla-7b,fixed_foveation,fixed_foveation_keep20,,,,1,cuda:0,,0.2,False,0.15,,3,0.5,0.01,1,0.2,80,openvla_simplerenv_fractal,,,,50,artifacts/results/openvla_simplerenv_fractal/fixed_foveation_keep20/google_robot_close_drawer,,,1,0.01,0.03,0.995,0.01,42,,google_robot_close_drawer,,,,,fractal20220817_data,,openvla-7b,False,,224,,,openvla-7b,,,google_robot,/home/soumyara004/soumyaratnadebnath/VisionLanguageAction/models/openvla-7b,/home/soumyara004/soumyaratnadebnath/VisionLanguageAction/models/openvla-7b,15082600824,simpler_google_robot_fractal,,,,,,,,,,,,False,0,0.0,,
/home/user/BiVLA/artifacts/results/mentor_2026-09-11/results/openvla_simplerenv_fractal/fixed_foveation_keep20/google_robot_move_near/summary.json,openvla_simplerenv_fractal,fixed_foveation_keep20,google_robot_move_near,completed,fixed_foveation,openvla_simplerenv_fractal,fixed_foveation_keep20,simpler_google_robot_fractal,50,3,0.06,0.0,76.34,,NoneType,,Google Robot/Fractal SimplerEnv setup; report only completed paired rollouts.,<absent>,<absent>,<absent>,False,False,False,[],2,,,,,models/openvla-7b,fixed_foveation,fixed_foveation_keep20,,,,1,cuda:0,,0.2,False,0.15,,3,0.5,0.01,1,0.2,80,openvla_simplerenv_fractal,,,,50,artifacts/results/openvla_simplerenv_fractal/fixed_foveation_keep20/google_robot_move_near,,,1,0.01,0.03,0.995,0.01,42,,google_robot_move_near,,,,,fractal20220817_data,,openvla-7b,False,,224,,,openvla-7b,,,google_robot,/home/soumyara004/soumyaratnadebnath/VisionLanguageAction/models/openvla-7b,/home/soumyara004/soumyaratnadebnath/VisionLanguageAction/models/openvla-7b,15082600824,simpler_google_robot_fractal,,,,,,,,,,,,False,0,0.0,,
/home/user/BiVLA/artifacts/results/mentor_2026-09-11/results/openvla_simplerenv_fractal/fixed_foveation_keep20/google_robot_open_drawer/summary.json,openvla_simplerenv_fractal,fixed_foveation_keep20,google_robot_open_drawer,completed,fixed_foveation,openvla_simplerenv_fractal,fixed_foveation_keep20,simpler_google_robot_fractal,50,0,0.0,0.0,80.0,,NoneType,,Google Robot/Fractal SimplerEnv setup; report only completed paired rollouts.,<absent>,<absent>,<absent>,False,False,False,[],2,,,,,models/openvla-7b,fixed_foveation,fixed_foveation_keep20,,,,1,cuda:0,,0.2,False,0.15,,3,0.5,0.01,1,0.2,80,openvla_simplerenv_fractal,,,,50,artifacts/results/openvla_simplerenv_fractal/fixed_foveation_keep20/google_robot_open_drawer,,,1,0.01,0.03,0.995,0.01,42,,google_robot_open_drawer,,,,,fractal20220817_data,,openvla-7b,False,,224,,,openvla-7b,,,google_robot,/home/soumyara004/soumyaratnadebnath/VisionLanguageAction/models/openvla-7b,/home/soumyara004/soumyaratnadebnath/VisionLanguageAction/models/openvla-7b,15082600824,simpler_google_robot_fractal,,,,,,,,,,,,False,0,0.0,,
/home/user/BiVLA/artifacts/results/mentor_2026-09-11/results/openvla_simplerenv_fractal/fixed_foveation_keep20/google_robot_pick_coke_can/summary.json,openvla_simplerenv_fractal,fixed_foveation_keep20,google_robot_pick_coke_can,completed,fixed_foveation,openvla_simplerenv_fractal,fixed_foveation_keep20,simpler_google_robot_fractal,50,1,0.02,0.0,78.98,,NoneType,,Google Robot/Fractal SimplerEnv setup; report only completed paired rollouts.,<absent>,<absent>,<absent>,False,False,False,[],2,,,,,models/openvla-7b,fixed_foveation,fixed_foveation_keep20,,,,1,cuda:0,,0.2,False,0.15,,3,0.5,0.01,1,0.2,80,openvla_simplerenv_fractal,,,,50,artifacts/results/openvla_simplerenv_fractal/fixed_foveation_keep20/google_robot_pick_coke_can,,,1,0.01,0.03,0.995,0.01,42,,google_robot_pick_coke_can,,,,,fractal20220817_data,,openvla-7b,False,,224,,,openvla-7b,,,google_robot,/home/soumyara004/soumyaratnadebnath/VisionLanguageAction/models/openvla-7b,/home/soumyara004/soumyaratnadebnath/VisionLanguageAction/models/openvla-7b,15082600824,simpler_google_robot_fractal,,,,,,,,,,,,False,0,0.0,,
/home/user/BiVLA/artifacts/results/mentor_2026-09-11/results/openvla_simplerenv_fractal/fixed_foveation_keep20/google_robot_place_apple_in_closed_top_drawer/summary.json,openvla_simplerenv_fractal,fixed_foveation_keep20,google_robot_place_apple_in_closed_top_drawer,completed,fixed_foveation,openvla_simplerenv_fractal,fixed_foveation_keep20,simpler_google_robot_fractal,50,0,0.0,0.0,80.0,,NoneType,,Google Robot/Fractal SimplerEnv setup; report only completed paired rollouts.,<absent>,<absent>,<absent>,False,False,False,[],2,,,,,models/openvla-7b,fixed_foveation,fixed_foveation_keep20,,,,1,cuda:0,,0.2,False,0.15,,3,0.5,0.01,1,0.2,80,openvla_simplerenv_fractal,,,,50,artifacts/results/openvla_simplerenv_fractal/fixed_foveation_keep20/google_robot_place_apple_in_closed_top_drawer,,,1,0.01,0.03,0.995,0.01,42,,google_robot_place_apple_in_closed_top_drawer,,,,,fractal20220817_data,,openvla-7b,False,,224,,,openvla-7b,,,google_robot,/home/soumyara004/soumyaratnadebnath/VisionLanguageAction/models/openvla-7b,/home/soumyara004/soumyaratnadebnath/VisionLanguageAction/models/openvla-7b,15082600824,simpler_google_robot_fractal,,,,,,,,,,,,False,0,0.0,,
/home/user/BiVLA/artifacts/results/mentor_2026-09-11/results/openvla_simplerenv_fractal/fixed_foveation_keep50/google_robot_close_drawer/summary.json,openvla_simplerenv_fractal,fixed_foveation_keep50,google_robot_close_drawer,completed,fixed_foveation,openvla_simplerenv_fractal,fixed_foveation_keep50,simpler_google_robot_fractal,50,17,0.34,0.0,63.56,,NoneType,,Google Robot/Fractal SimplerEnv setup; report only completed paired rollouts.,<absent>,<absent>,<absent>,False,False,False,[],2,,,,,models/openvla-7b,fixed_foveation,fixed_foveation_keep50,,,,1,cuda:0,,0.5,False,0.15,,3,0.5,0.01,1,0.2,80,openvla_simplerenv_fractal,,,,50,artifacts/results/openvla_simplerenv_fractal/fixed_foveation_keep50/google_robot_close_drawer,,,1,0.01,0.03,0.995,0.01,42,,google_robot_close_drawer,,,,,fractal20220817_data,,openvla-7b,False,,224,,,openvla-7b,,,google_robot,/home/soumyara004/soumyaratnadebnath/VisionLanguageAction/models/openvla-7b,/home/soumyara004/soumyaratnadebnath/VisionLanguageAction/models/openvla-7b,15082600824,simpler_google_robot_fractal,,,,,,,,,,,,False,0,0.0,,
/home/user/BiVLA/artifacts/results/mentor_2026-09-11/results/openvla_simplerenv_fractal/fixed_foveation_keep50/google_robot_move_near/summary.json,openvla_simplerenv_fractal,fixed_foveation_keep50,google_robot_move_near,completed,fixed_foveation,openvla_simplerenv_fractal,fixed_foveation_keep50,simpler_google_robot_fractal,50,16,0.32,0.0,63.42,,NoneType,,Google Robot/Fractal SimplerEnv setup; report only completed paired rollouts.,<absent>,<absent>,<absent>,False,False,False,[],2,,,,,models/openvla-7b,fixed_foveation,fixed_foveation_keep50,,,,1,cuda:0,,0.5,False,0.15,,3,0.5,0.01,1,0.2,80,openvla_simplerenv_fractal,,,,50,artifacts/results/openvla_simplerenv_fractal/fixed_foveation_keep50/google_robot_move_near,,,1,0.01,0.03,0.995,0.01,42,,google_robot_move_near,,,,,fractal20220817_data,,openvla-7b,False,,224,,,openvla-7b,,,google_robot,/home/soumyara004/soumyaratnadebnath/VisionLanguageAction/models/openvla-7b,/home/soumyara004/soumyaratnadebnath/VisionLanguageAction/models/openvla-7b,15082600824,simpler_google_robot_fractal,,,,,,,,,,,,False,0,0.0,,
/home/user/BiVLA/artifacts/results/mentor_2026-09-11/results/openvla_simplerenv_fractal/fixed_foveation_keep50/google_robot_open_drawer/summary.json,openvla_simplerenv_fractal,fixed_foveation_keep50,google_robot_open_drawer,completed,fixed_foveation,openvla_simplerenv_fractal,fixed_foveation_keep50,simpler_google_robot_fractal,50,5,0.1,0.0,76.18,,NoneType,,Google Robot/Fractal SimplerEnv setup; report only completed paired rollouts.,<absent>,<absent>,<absent>,False,False,False,[],2,,,,,models/openvla-7b,fixed_foveation,fixed_foveation_keep50,,,,1,cuda:0,,0.5,False,0.15,,3,0.5,0.01,1,0.2,80,openvla_simplerenv_fractal,,,,50,artifacts/results/openvla_simplerenv_fractal/fixed_foveation_keep50/google_robot_open_drawer,,,1,0.01,0.03,0.995,0.01,42,,google_robot_open_drawer,,,,,fractal20220817_data,,openvla-7b,False,,224,,,openvla-7b,,,google_robot,/home/soumyara004/soumyaratnadebnath/VisionLanguageAction/models/openvla-7b,/home/soumyara004/soumyaratnadebnath/VisionLanguageAction/models/openvla-7b,15082600824,simpler_google_robot_fractal,,,,,,,,,,,,False,0,0.0,,
/home/user/BiVLA/artifacts/results/mentor_2026-09-11/results/openvla_simplerenv_fractal/fixed_foveation_keep50/google_robot_pick_coke_can/summary.json,openvla_simplerenv_fractal,fixed_foveation_keep50,google_robot_pick_coke_can,completed,fixed_foveation,openvla_simplerenv_fractal,fixed_foveation_keep50,simpler_google_robot_fractal,50,23,0.46,0.0,58.02,,NoneType,,Google Robot/Fractal SimplerEnv setup; report only completed paired rollouts.,<absent>,<absent>,<absent>,False,False,False,[],2,,,,,models/openvla-7b,fixed_foveation,fixed_foveation_keep50,,,,1,cuda:0,,0.5,False,0.15,,3,0.5,0.01,1,0.2,80,openvla_simplerenv_fractal,,,,50,artifacts/results/openvla_simplerenv_fractal/fixed_foveation_keep50/google_robot_pick_coke_can,,,1,0.01,0.03,0.995,0.01,42,,google_robot_pick_coke_can,,,,,fractal20220817_data,,openvla-7b,False,,224,,,openvla-7b,,,google_robot,/home/soumyara004/soumyaratnadebnath/VisionLanguageAction/models/openvla-7b,/home/soumyara004/soumyaratnadebnath/VisionLanguageAction/models/openvla-7b,15082600824,simpler_google_robot_fractal,,,,,,,,,,,,False,0,0.0,,
/home/user/BiVLA/artifacts/results/mentor_2026-09-11/results/openvla_simplerenv_fractal/fixed_foveation_keep50/google_robot_place_apple_in_closed_top_drawer/summary.json,openvla_simplerenv_fractal,fixed_foveation_keep50,google_robot_place_apple_in_closed_top_drawer,completed,fixed_foveation,openvla_simplerenv_fractal,fixed_foveation_keep50,simpler_google_robot_fractal,50,0,0.0,0.0,80.0,,NoneType,,Google Robot/Fractal SimplerEnv setup; report only completed paired rollouts.,<absent>,<absent>,<absent>,False,False,False,[],2,,,,,models/openvla-7b,fixed_foveation,fixed_foveation_keep50,,,,1,cuda:0,,0.5,False,0.15,,3,0.5,0.01,1,0.2,80,openvla_simplerenv_fractal,,,,50,artifacts/results/openvla_simplerenv_fractal/fixed_foveation_keep50/google_robot_place_apple_in_closed_top_drawer,,,1,0.01,0.03,0.995,0.01,42,,google_robot_place_apple_in_closed_top_drawer,,,,,fractal20220817_data,,openvla-7b,False,,224,,,openvla-7b,,,google_robot,/home/soumyara004/soumyaratnadebnath/VisionLanguageAction/models/openvla-7b,/home/soumyara004/soumyaratnadebnath/VisionLanguageAction/models/openvla-7b,15082600824,simpler_google_robot_fractal,,,,,,,,,,,,False,0,0.0,,
/home/user/BiVLA/artifacts/results/mentor_2026-09-11/results/openvla_simplerenv_fractal/guarded_reuse_aggressive/google_robot_close_drawer/summary.json,openvla_simplerenv_fractal,guarded_reuse_aggressive,google_robot_close_drawer,completed,guarded_action_reuse,openvla_simplerenv_fractal,guarded_reuse_aggressive,simpler_google_robot_fractal,50,17,0.34,3.0,61.74,,NoneType,,Google Robot/Fractal SimplerEnv setup; report only completed paired rollouts.,<absent>,<absent>,<absent>,False,False,False,[],2,,,,,models/openvla-7b,guarded_action_reuse,guarded_reuse_aggressive,,,,1,cuda:0,,0.2,False,0.15,,3,0.5,0.01,1,0.2,80,openvla_simplerenv_fractal,,,,50,artifacts/results/openvla_simplerenv_fractal/guarded_reuse_aggressive/google_robot_close_drawer,,,2,0.02,0.05,0.98,0.01,42,,google_robot_close_drawer,,,,,fractal20220817_data,,openvla-7b,False,,224,,,openvla-7b,,,google_robot,/home/soumyara004/soumyaratnadebnath/VisionLanguageAction/models/openvla-7b,/home/soumyara004/soumyaratnadebnath/VisionLanguageAction/models/openvla-7b,15082600824,simpler_google_robot_fractal,,,,,,,,,,,,False,0,0.0,,
/home/user/BiVLA/artifacts/results/mentor_2026-09-11/results/openvla_simplerenv_fractal/guarded_reuse_aggressive/google_robot_move_near/summary.json,openvla_simplerenv_fractal,guarded_reuse_aggressive,google_robot_move_near,completed,guarded_action_reuse,openvla_simplerenv_fractal,guarded_reuse_aggressive,simpler_google_robot_fractal,50,31,0.62,0.44,47.4,,NoneType,,Google Robot/Fractal SimplerEnv setup; report only completed paired rollouts.,<absent>,<absent>,<absent>,False,False,False,[],2,,,,,models/openvla-7b,guarded_action_reuse,guarded_reuse_aggressive,,,,1,cuda:0,,0.2,False,0.15,,3,0.5,0.01,1,0.2,80,openvla_simplerenv_fractal,,,,50,artifacts/results/openvla_simplerenv_fractal/guarded_reuse_aggressive/google_robot_move_near,,,2,0.02,0.05,0.98,0.01,42,,google_robot_move_near,,,,,fractal20220817_data,,openvla-7b,False,,224,,,openvla-7b,,,google_robot,/home/soumyara004/soumyaratnadebnath/VisionLanguageAction/models/openvla-7b,/home/soumyara004/soumyaratnadebnath/VisionLanguageAction/models/openvla-7b,15082600824,simpler_google_robot_fractal,,,,,,,,,,,,False,0,0.0,,
/home/user/BiVLA/artifacts/results/mentor_2026-09-11/results/openvla_simplerenv_fractal/guarded_reuse_aggressive/google_robot_open_drawer/summary.json,openvla_simplerenv_fractal,guarded_reuse_aggressive,google_robot_open_drawer,completed,guarded_action_reuse,openvla_simplerenv_fractal,guarded_reuse_aggressive,simpler_google_robot_fractal,50,10,0.2,8.5,65.98,,NoneType,,Google Robot/Fractal SimplerEnv setup; report only completed paired rollouts.,<absent>,<absent>,<absent>,False,False,False,[],2,,,,,models/openvla-7b,guarded_action_reuse,guarded_reuse_aggressive,,,,1,cuda:0,,0.2,False,0.15,,3,0.5,0.01,1,0.2,80,openvla_simplerenv_fractal,,,,50,artifacts/results/openvla_simplerenv_fractal/guarded_reuse_aggressive/google_robot_open_drawer,,,2,0.02,0.05,0.98,0.01,42,,google_robot_open_drawer,,,,,fractal20220817_data,,openvla-7b,False,,224,,,openvla-7b,,,google_robot,/home/soumyara004/soumyaratnadebnath/VisionLanguageAction/models/openvla-7b,/home/soumyara004/soumyaratnadebnath/VisionLanguageAction/models/openvla-7b,15082600824,simpler_google_robot_fractal,,,,,,,,,,,,False,0,0.0,,
/home/user/BiVLA/artifacts/results/mentor_2026-09-11/results/openvla_simplerenv_fractal/guarded_reuse_aggressive/google_robot_pick_coke_can/summary.json,openvla_simplerenv_fractal,guarded_reuse_aggressive,google_robot_pick_coke_can,completed,guarded_action_reuse,openvla_simplerenv_fractal,guarded_reuse_aggressive,simpler_google_robot_fractal,50,30,0.6,0.06,54.12,,NoneType,,Google Robot/Fractal SimplerEnv setup; report only completed paired rollouts.,<absent>,<absent>,<absent>,False,False,False,[],2,,,,,models/openvla-7b,guarded_action_reuse,guarded_reuse_aggressive,,,,1,cuda:0,,0.2,False,0.15,,3,0.5,0.01,1,0.2,80,openvla_simplerenv_fractal,,,,50,artifacts/results/openvla_simplerenv_fractal/guarded_reuse_aggressive/google_robot_pick_coke_can,,,2,0.02,0.05,0.98,0.01,42,,google_robot_pick_coke_can,,,,,fractal20220817_data,,openvla-7b,False,,224,,,openvla-7b,,,google_robot,/home/soumyara004/soumyaratnadebnath/VisionLanguageAction/models/openvla-7b,/home/soumyara004/soumyaratnadebnath/VisionLanguageAction/models/openvla-7b,15082600824,simpler_google_robot_fractal,,,,,,,,,,,,False,0,0.0,,
/home/user/BiVLA/artifacts/results/mentor_2026-09-11/results/openvla_simplerenv_fractal/guarded_reuse_aggressive/google_robot_place_apple_in_closed_top_drawer/summary.json,openvla_simplerenv_fractal,guarded_reuse_aggressive,google_robot_place_apple_in_closed_top_drawer,completed,guarded_action_reuse,openvla_simplerenv_fractal,guarded_reuse_aggressive,simpler_google_robot_fractal,50,0,0.0,0.46,79.54,,NoneType,,Google Robot/Fractal SimplerEnv setup; report only completed paired rollouts.,<absent>,<absent>,<absent>,False,False,False,[],2,,,,,models/openvla-7b,guarded_action_reuse,guarded_reuse_aggressive,,,,1,cuda:0,,0.2,False,0.15,,3,0.5,0.01,1,0.2,80,openvla_simplerenv_fractal,,,,50,artifacts/results/openvla_simplerenv_fractal/guarded_reuse_aggressive/google_robot_place_apple_in_closed_top_drawer,,,2,0.02,0.05,0.98,0.01,42,,google_robot_place_apple_in_closed_top_drawer,,,,,fractal20220817_data,,openvla-7b,False,,224,,,openvla-7b,,,google_robot,/home/soumyara004/soumyaratnadebnath/VisionLanguageAction/models/openvla-7b,/home/soumyara004/soumyaratnadebnath/VisionLanguageAction/models/openvla-7b,15082600824,simpler_google_robot_fractal,,,,,,,,,,,,False,0,0.0,,
/home/user/BiVLA/artifacts/results/mentor_2026-09-11/results/openvla_simplerenv_fractal/guarded_reuse_moderate/google_robot_close_drawer/summary.json,openvla_simplerenv_fractal,guarded_reuse_moderate,google_robot_close_drawer,completed,guarded_action_reuse,openvla_simplerenv_fractal,guarded_reuse_moderate,simpler_google_robot_fractal,50,21,0.42,2.24,61.94,,NoneType,,Google Robot/Fractal SimplerEnv setup; report only completed paired rollouts.,<absent>,<absent>,<absent>,False,False,False,[],2,,,,,models/openvla-7b,guarded_action_reuse,guarded_reuse_moderate,,,,1,cuda:0,,0.2,False,0.15,,3,0.5,0.01,1,0.2,80,openvla_simplerenv_fractal,,,,50,artifacts/results/openvla_simplerenv_fractal/guarded_reuse_moderate/google_robot_close_drawer,,,1,0.015,0.04,0.99,0.01,42,,google_robot_close_drawer,,,,,fractal20220817_data,,openvla-7b,False,,224,,,openvla-7b,,,google_robot,/home/soumyara004/soumyaratnadebnath/VisionLanguageAction/models/openvla-7b,/home/soumyara004/soumyaratnadebnath/VisionLanguageAction/models/openvla-7b,15082600824,simpler_google_robot_fractal,,,,,,,,,,,,False,0,0.0,,
/home/user/BiVLA/artifacts/results/mentor_2026-09-11/results/openvla_simplerenv_fractal/guarded_reuse_moderate/google_robot_move_near/summary.json,openvla_simplerenv_fractal,guarded_reuse_moderate,google_robot_move_near,completed,guarded_action_reuse,openvla_simplerenv_fractal,guarded_reuse_moderate,simpler_google_robot_fractal,50,31,0.62,0.22,47.62,,NoneType,,Google Robot/Fractal SimplerEnv setup; report only completed paired rollouts.,<absent>,<absent>,<absent>,False,False,False,[],2,,,,,models/openvla-7b,guarded_action_reuse,guarded_reuse_moderate,,,,1,cuda:0,,0.2,False,0.15,,3,0.5,0.01,1,0.2,80,openvla_simplerenv_fractal,,,,50,artifacts/results/openvla_simplerenv_fractal/guarded_reuse_moderate/google_robot_move_near,,,1,0.015,0.04,0.99,0.01,42,,google_robot_move_near,,,,,fractal20220817_data,,openvla-7b,False,,224,,,openvla-7b,,,google_robot,/home/soumyara004/soumyaratnadebnath/VisionLanguageAction/models/openvla-7b,/home/soumyara004/soumyaratnadebnath/VisionLanguageAction/models/openvla-7b,15082600824,simpler_google_robot_fractal,,,,,,,,,,,,False,0,0.0,,
/home/user/BiVLA/artifacts/results/mentor_2026-09-11/results/openvla_simplerenv_fractal/guarded_reuse_moderate/google_robot_open_drawer/summary.json,openvla_simplerenv_fractal,guarded_reuse_moderate,google_robot_open_drawer,completed,guarded_action_reuse,openvla_simplerenv_fractal,guarded_reuse_moderate,simpler_google_robot_fractal,50,9,0.18,5.22,69.42,,NoneType,,Google Robot/Fractal SimplerEnv setup; report only completed paired rollouts.,<absent>,<absent>,<absent>,False,False,False,[],2,,,,,models/openvla-7b,guarded_action_reuse,guarded_reuse_moderate,,,,1,cuda:0,,0.2,False,0.15,,3,0.5,0.01,1,0.2,80,openvla_simplerenv_fractal,,,,50,artifacts/results/openvla_simplerenv_fractal/guarded_reuse_moderate/google_robot_open_drawer,,,1,0.015,0.04,0.99,0.01,42,,google_robot_open_drawer,,,,,fractal20220817_data,,openvla-7b,False,,224,,,openvla-7b,,,google_robot,/home/soumyara004/soumyaratnadebnath/VisionLanguageAction/models/openvla-7b,/home/soumyara004/soumyaratnadebnath/VisionLanguageAction/models/openvla-7b,15082600824,simpler_google_robot_fractal,,,,,,,,,,,,False,0,0.0,,
/home/user/BiVLA/artifacts/results/mentor_2026-09-11/results/openvla_simplerenv_fractal/guarded_reuse_moderate/google_robot_pick_coke_can/summary.json,openvla_simplerenv_fractal,guarded_reuse_moderate,google_robot_pick_coke_can,completed,guarded_action_reuse,openvla_simplerenv_fractal,guarded_reuse_moderate,simpler_google_robot_fractal,50,30,0.6,0.02,54.3,,NoneType,,Google Robot/Fractal SimplerEnv setup; report only completed paired rollouts.,<absent>,<absent>,<absent>,False,False,False,[],2,,,,,models/openvla-7b,guarded_action_reuse,guarded_reuse_moderate,,,,1,cuda:0,,0.2,False,0.15,,3,0.5,0.01,1,0.2,80,openvla_simplerenv_fractal,,,,50,artifacts/results/openvla_simplerenv_fractal/guarded_reuse_moderate/google_robot_pick_coke_can,,,1,0.015,0.04,0.99,0.01,42,,google_robot_pick_coke_can,,,,,fractal20220817_data,,openvla-7b,False,,224,,,openvla-7b,,,google_robot,/home/soumyara004/soumyaratnadebnath/VisionLanguageAction/models/openvla-7b,/home/soumyara004/soumyaratnadebnath/VisionLanguageAction/models/openvla-7b,15082600824,simpler_google_robot_fractal,,,,,,,,,,,,False,0,0.0,,
/home/user/BiVLA/artifacts/results/mentor_2026-09-11/results/openvla_simplerenv_fractal/guarded_reuse_moderate/google_robot_place_apple_in_closed_top_drawer/summary.json,openvla_simplerenv_fractal,guarded_reuse_moderate,google_robot_place_apple_in_closed_top_drawer,completed,guarded_action_reuse,openvla_simplerenv_fractal,guarded_reuse_moderate,simpler_google_robot_fractal,50,0,0.0,0.32,79.68,,NoneType,,Google Robot/Fractal SimplerEnv setup; report only completed paired rollouts.,<absent>,<absent>,<absent>,False,False,False,[],2,,,,,models/openvla-7b,guarded_action_reuse,guarded_reuse_moderate,,,,1,cuda:0,,0.2,False,0.15,,3,0.5,0.01,1,0.2,80,openvla_simplerenv_fractal,,,,50,artifacts/results/openvla_simplerenv_fractal/guarded_reuse_moderate/google_robot_place_apple_in_closed_top_drawer,,,1,0.015,0.04,0.99,0.01,42,,google_robot_place_apple_in_closed_top_drawer,,,,,fractal20220817_data,,openvla-7b,False,,224,,,openvla-7b,,,google_robot,/home/soumyara004/soumyaratnadebnath/VisionLanguageAction/models/openvla-7b,/home/soumyara004/soumyaratnadebnath/VisionLanguageAction/models/openvla-7b,15082600824,simpler_google_robot_fractal,,,,,,,,,,,,False,0,0.0,,
/home/user/BiVLA/artifacts/results/mentor_2026-09-11/results/openvla_simplerenv_fractal/guarded_reuse_strict/google_robot_close_drawer/summary.json,openvla_simplerenv_fractal,guarded_reuse_strict,google_robot_close_drawer,completed,guarded_action_reuse,openvla_simplerenv_fractal,guarded_reuse_strict,simpler_google_robot_fractal,50,21,0.42,2.16,62.02,,NoneType,,Google Robot/Fractal SimplerEnv setup; report only completed paired rollouts.,<absent>,<absent>,<absent>,False,False,False,[],2,,,,,models/openvla-7b,guarded_action_reuse,guarded_reuse_strict,,,,1,cuda:0,,0.2,False,0.15,,3,0.5,0.01,1,0.2,80,openvla_simplerenv_fractal,,,,50,artifacts/results/openvla_simplerenv_fractal/guarded_reuse_strict/google_robot_close_drawer,,,1,0.01,0.03,0.995,0.01,42,,google_robot_close_drawer,,,,,fractal20220817_data,,openvla-7b,False,,224,,,openvla-7b,,,google_robot,/home/soumyara004/soumyaratnadebnath/VisionLanguageAction/models/openvla-7b,/home/soumyara004/soumyaratnadebnath/VisionLanguageAction/models/openvla-7b,15082600824,simpler_google_robot_fractal,,,,,,,,,,,,False,0,0.0,,
/home/user/BiVLA/artifacts/results/mentor_2026-09-11/results/openvla_simplerenv_fractal/guarded_reuse_strict/google_robot_move_near/summary.json,openvla_simplerenv_fractal,guarded_reuse_strict,google_robot_move_near,completed,guarded_action_reuse,openvla_simplerenv_fractal,guarded_reuse_strict,simpler_google_robot_fractal,50,31,0.62,0.12,47.72,,NoneType,,Google Robot/Fractal SimplerEnv setup; report only completed paired rollouts.,<absent>,<absent>,<absent>,False,False,False,[],2,,,,,models/openvla-7b,guarded_action_reuse,guarded_reuse_strict,,,,1,cuda:0,,0.2,False,0.15,,3,0.5,0.01,1,0.2,80,openvla_simplerenv_fractal,,,,50,artifacts/results/openvla_simplerenv_fractal/guarded_reuse_strict/google_robot_move_near,,,1,0.01,0.03,0.995,0.01,42,,google_robot_move_near,,,,,fractal20220817_data,,openvla-7b,False,,224,,,openvla-7b,,,google_robot,/home/soumyara004/soumyaratnadebnath/VisionLanguageAction/models/openvla-7b,/home/soumyara004/soumyaratnadebnath/VisionLanguageAction/models/openvla-7b,15082600824,simpler_google_robot_fractal,,,,,,,,,,,,False,0,0.0,,
/home/user/BiVLA/artifacts/results/mentor_2026-09-11/results/openvla_simplerenv_fractal/guarded_reuse_strict/google_robot_open_drawer/summary.json,openvla_simplerenv_fractal,guarded_reuse_strict,google_robot_open_drawer,completed,guarded_action_reuse,openvla_simplerenv_fractal,guarded_reuse_strict,simpler_google_robot_fractal,50,9,0.18,4.86,69.78,,NoneType,,Google Robot/Fractal SimplerEnv setup; report only completed paired rollouts.,<absent>,<absent>,<absent>,False,False,False,[],2,,,,,models/openvla-7b,guarded_action_reuse,guarded_reuse_strict,,,,1,cuda:0,,0.2,False,0.15,,3,0.5,0.01,1,0.2,80,openvla_simplerenv_fractal,,,,50,artifacts/results/openvla_simplerenv_fractal/guarded_reuse_strict/google_robot_open_drawer,,,1,0.01,0.03,0.995,0.01,42,,google_robot_open_drawer,,,,,fractal20220817_data,,openvla-7b,False,,224,,,openvla-7b,,,google_robot,/home/soumyara004/soumyaratnadebnath/VisionLanguageAction/models/openvla-7b,/home/soumyara004/soumyaratnadebnath/VisionLanguageAction/models/openvla-7b,15082600824,simpler_google_robot_fractal,,,,,,,,,,,,False,0,0.0,,
/home/user/BiVLA/artifacts/results/mentor_2026-09-11/results/openvla_simplerenv_fractal/guarded_reuse_strict/google_robot_pick_coke_can/summary.json,openvla_simplerenv_fractal,guarded_reuse_strict,google_robot_pick_coke_can,completed,guarded_action_reuse,openvla_simplerenv_fractal,guarded_reuse_strict,simpler_google_robot_fractal,50,29,0.58,0.0,54.8,,NoneType,,Google Robot/Fractal SimplerEnv setup; report only completed paired rollouts.,<absent>,<absent>,<absent>,False,False,False,[],2,,,,,models/openvla-7b,guarded_action_reuse,guarded_reuse_strict,,,,1,cuda:0,,0.2,False,0.15,,3,0.5,0.01,1,0.2,80,openvla_simplerenv_fractal,,,,50,artifacts/results/openvla_simplerenv_fractal/guarded_reuse_strict/google_robot_pick_coke_can,,,1,0.01,0.03,0.995,0.01,42,,google_robot_pick_coke_can,,,,,fractal20220817_data,,openvla-7b,False,,224,,,openvla-7b,,,google_robot,/home/soumyara004/soumyaratnadebnath/VisionLanguageAction/models/openvla-7b,/home/soumyara004/soumyaratnadebnath/VisionLanguageAction/models/openvla-7b,15082600824,simpler_google_robot_fractal,,,,,,,,,,,,False,0,0.0,,
/home/user/BiVLA/artifacts/results/mentor_2026-09-11/results/openvla_simplerenv_fractal/guarded_reuse_strict/google_robot_place_apple_in_closed_top_drawer/summary.json,openvla_simplerenv_fractal,guarded_reuse_strict,google_robot_place_apple_in_closed_top_drawer,completed,guarded_action_reuse,openvla_simplerenv_fractal,guarded_reuse_strict,simpler_google_robot_fractal,50,0,0.0,0.18,79.82,,NoneType,,Google Robot/Fractal SimplerEnv setup; report only completed paired rollouts.,<absent>,<absent>,<absent>,False,False,False,[],2,,,,,models/openvla-7b,guarded_action_reuse,guarded_reuse_strict,,,,1,cuda:0,,0.2,False,0.15,,3,0.5,0.01,1,0.2,80,openvla_simplerenv_fractal,,,,50,artifacts/results/openvla_simplerenv_fractal/guarded_reuse_strict/google_robot_place_apple_in_closed_top_drawer,,,1,0.01,0.03,0.995,0.01,42,,google_robot_place_apple_in_closed_top_drawer,,,,,fractal20220817_data,,openvla-7b,False,,224,,,openvla-7b,,,google_robot,/home/soumyara004/soumyaratnadebnath/VisionLanguageAction/models/openvla-7b,/home/soumyara004/soumyaratnadebnath/VisionLanguageAction/models/openvla-7b,15082600824,simpler_google_robot_fractal,,,,,,,,,,,,False,0,0.0,,
/home/user/BiVLA/artifacts/results/mentor_2026-09-11/results/openvla_simplerenv_fractal/original/google_robot_close_drawer/summary.json,openvla_simplerenv_fractal,original,google_robot_close_drawer,completed,original,openvla_simplerenv_fractal,original,simpler_google_robot_fractal,50,20,0.4,0.0,64.28,,NoneType,,Google Robot/Fractal SimplerEnv setup; report only completed paired rollouts.,<absent>,<absent>,<absent>,False,False,False,[],2,,,,,models/openvla-7b,original,original,,,,1,cuda:0,,0.2,False,0.15,,3,0.5,0.01,1,0.2,80,openvla_simplerenv_fractal,,,,50,artifacts/results/openvla_simplerenv_fractal/original/google_robot_close_drawer,,,1,0.01,0.03,0.995,0.01,42,,google_robot_close_drawer,,,,,fractal20220817_data,,openvla-7b,False,,224,,,openvla-7b,,,google_robot,/home/soumyara004/soumyaratnadebnath/VisionLanguageAction/models/openvla-7b,/home/soumyara004/soumyaratnadebnath/VisionLanguageAction/models/openvla-7b,15082600824,simpler_google_robot_fractal,,,,,,,,,,,,False,0,0.0,,
/home/user/BiVLA/artifacts/results/mentor_2026-09-11/results/openvla_simplerenv_fractal/original/google_robot_move_near/summary.json,openvla_simplerenv_fractal,original,google_robot_move_near,completed,original,openvla_simplerenv_fractal,original,simpler_google_robot_fractal,50,31,0.62,0.0,47.84,,NoneType,,Google Robot/Fractal SimplerEnv setup; report only completed paired rollouts.,<absent>,<absent>,<absent>,False,False,False,[],2,,,,,models/openvla-7b,original,original,,,,1,cuda:0,,0.2,False,0.15,,3,0.5,0.01,1,0.2,80,openvla_simplerenv_fractal,,,,50,artifacts/results/openvla_simplerenv_fractal/original/google_robot_move_near,,,1,0.01,0.03,0.995,0.01,42,,google_robot_move_near,,,,,fractal20220817_data,,openvla-7b,False,,224,,,openvla-7b,,,google_robot,/home/soumyara004/soumyaratnadebnath/VisionLanguageAction/models/openvla-7b,/home/soumyara004/soumyaratnadebnath/VisionLanguageAction/models/openvla-7b,15082600824,simpler_google_robot_fractal,,,,,,,,,,,,False,0,0.0,,
/home/user/BiVLA/artifacts/results/mentor_2026-09-11/results/openvla_simplerenv_fractal/original/google_robot_open_drawer/summary.json,openvla_simplerenv_fractal,original,google_robot_open_drawer,completed,original,openvla_simplerenv_fractal,original,simpler_google_robot_fractal,50,9,0.18,0.0,74.64,,NoneType,,Google Robot/Fractal SimplerEnv setup; report only completed paired rollouts.,<absent>,<absent>,<absent>,False,False,False,[],2,,,,,models/openvla-7b,original,original,,,,1,cuda:0,,0.2,False,0.15,,3,0.5,0.01,1,0.2,80,openvla_simplerenv_fractal,,,,50,artifacts/results/openvla_simplerenv_fractal/original/google_robot_open_drawer,,,1,0.01,0.03,0.995,0.01,42,,google_robot_open_drawer,,,,,fractal20220817_data,,openvla-7b,False,,224,,,openvla-7b,,,google_robot,/home/soumyara004/soumyaratnadebnath/VisionLanguageAction/models/openvla-7b,/home/soumyara004/soumyaratnadebnath/VisionLanguageAction/models/openvla-7b,15082600824,simpler_google_robot_fractal,,,,,,,,,,,,False,0,0.0,,
/home/user/BiVLA/artifacts/results/mentor_2026-09-11/results/openvla_simplerenv_fractal/original/google_robot_pick_coke_can/summary.json,openvla_simplerenv_fractal,original,google_robot_pick_coke_can,completed,original,openvla_simplerenv_fractal,original,simpler_google_robot_fractal,50,29,0.58,0.0,54.8,,NoneType,,Google Robot/Fractal SimplerEnv setup; report only completed paired rollouts.,<absent>,<absent>,<absent>,False,False,False,[],2,,,,,models/openvla-7b,original,original,,,,1,cuda:0,,0.2,False,0.15,,3,0.5,0.01,1,0.2,80,openvla_simplerenv_fractal,,,,50,artifacts/results/openvla_simplerenv_fractal/original/google_robot_pick_coke_can,,,1,0.01,0.03,0.995,0.01,42,,google_robot_pick_coke_can,,,,,fractal20220817_data,,openvla-7b,False,,224,,,openvla-7b,,,google_robot,/home/soumyara004/soumyaratnadebnath/VisionLanguageAction/models/openvla-7b,/home/soumyara004/soumyaratnadebnath/VisionLanguageAction/models/openvla-7b,15082600824,simpler_google_robot_fractal,,,,,,,,,,,,False,0,0.0,,
/home/user/BiVLA/artifacts/results/mentor_2026-09-11/results/openvla_simplerenv_fractal/original/google_robot_place_apple_in_closed_top_drawer/summary.json,openvla_simplerenv_fractal,original,google_robot_place_apple_in_closed_top_drawer,completed,original,openvla_simplerenv_fractal,original,simpler_google_robot_fractal,50,0,0.0,0.0,80.0,,NoneType,,Google Robot/Fractal SimplerEnv setup; report only completed paired rollouts.,<absent>,<absent>,<absent>,False,False,False,[],2,,,,,models/openvla-7b,original,original,,,,1,cuda:0,,0.2,False,0.15,,3,0.5,0.01,1,0.2,80,openvla_simplerenv_fractal,,,,50,artifacts/results/openvla_simplerenv_fractal/original/google_robot_place_apple_in_closed_top_drawer,,,1,0.01,0.03,0.995,0.01,42,,google_robot_place_apple_in_closed_top_drawer,,,,,fractal20220817_data,,openvla-7b,False,,224,,,openvla-7b,,,google_robot,/home/soumyara004/soumyaratnadebnath/VisionLanguageAction/models/openvla-7b,/home/soumyara004/soumyaratnadebnath/VisionLanguageAction/models/openvla-7b,15082600824,simpler_google_robot_fractal,,,,,,,,,,,,False,0,0.0,,
/home/user/BiVLA/artifacts/results/mentor_2026-09-11/results/openvla_simplerenv_fractal/temporal_fusion_conservative_adaptive/google_robot_close_drawer/summary.json,openvla_simplerenv_fractal,temporal_fusion_conservative_adaptive,google_robot_close_drawer,completed,temporal_fusion,openvla_simplerenv_fractal,temporal_fusion_conservative_adaptive,simpler_google_robot_fractal,50,20,0.4,0.0,61.56,,NoneType,,Google Robot/Fractal SimplerEnv setup; report only completed paired rollouts.,<absent>,<absent>,<absent>,False,False,False,[],2,,,,,models/openvla-7b,temporal_fusion,temporal_fusion_conservative_adaptive,,,,1,cuda:0,,0.2,False,0.15,0.03,2,0.25,0.01,1,0.2,80,openvla_simplerenv_fractal,,,,50,artifacts/results/openvla_simplerenv_fractal/temporal_fusion_conservative_adaptive/google_robot_close_drawer,,,1,0.01,0.03,0.995,0.01,42,,google_robot_close_drawer,,,,,fractal20220817_data,,openvla-7b,False,,224,,,openvla-7b,,,google_robot,/home/soumyara004/soumyaratnadebnath/VisionLanguageAction/models/openvla-7b,/home/soumyara004/soumyaratnadebnath/VisionLanguageAction/models/openvla-7b,15082600824,simpler_google_robot_fractal,,,,,,,,,,,,False,2629,64.0,,
/home/user/BiVLA/artifacts/results/mentor_2026-09-11/results/openvla_simplerenv_fractal/temporal_fusion_conservative_adaptive/google_robot_move_near/summary.json,openvla_simplerenv_fractal,temporal_fusion_conservative_adaptive,google_robot_move_near,completed,temporal_fusion,openvla_simplerenv_fractal,temporal_fusion_conservative_adaptive,simpler_google_robot_fractal,50,31,0.62,0.0,47.84,,NoneType,,Google Robot/Fractal SimplerEnv setup; report only completed paired rollouts.,<absent>,<absent>,<absent>,False,False,False,[],2,,,,,models/openvla-7b,temporal_fusion,temporal_fusion_conservative_adaptive,,,,1,cuda:0,,0.2,False,0.15,0.03,2,0.25,0.01,1,0.2,80,openvla_simplerenv_fractal,,,,50,artifacts/results/openvla_simplerenv_fractal/temporal_fusion_conservative_adaptive/google_robot_move_near,,,1,0.01,0.03,0.995,0.01,42,,google_robot_move_near,,,,,fractal20220817_data,,openvla-7b,False,,224,,,openvla-7b,,,google_robot,/home/soumyara004/soumyaratnadebnath/VisionLanguageAction/models/openvla-7b,/home/soumyara004/soumyaratnadebnath/VisionLanguageAction/models/openvla-7b,15082600824,simpler_google_robot_fractal,,,,,,,,,,,,False,2098,64.0,,
/home/user/BiVLA/artifacts/results/mentor_2026-09-11/results/openvla_simplerenv_fractal/temporal_fusion_conservative_adaptive/google_robot_open_drawer/summary.json,openvla_simplerenv_fractal,temporal_fusion_conservative_adaptive,google_robot_open_drawer,completed,temporal_fusion,openvla_simplerenv_fractal,temporal_fusion_conservative_adaptive,simpler_google_robot_fractal,50,10,0.2,0.0,74.64,,NoneType,,Google Robot/Fractal SimplerEnv setup; report only completed paired rollouts.,<absent>,<absent>,<absent>,False,False,False,[],2,,,,,models/openvla-7b,temporal_fusion,temporal_fusion_conservative_adaptive,,,,1,cuda:0,,0.2,False,0.15,0.03,2,0.25,0.01,1,0.2,80,openvla_simplerenv_fractal,,,,50,artifacts/results/openvla_simplerenv_fractal/temporal_fusion_conservative_adaptive/google_robot_open_drawer,,,1,0.01,0.03,0.995,0.01,42,,google_robot_open_drawer,,,,,fractal20220817_data,,openvla-7b,False,,224,,,openvla-7b,,,google_robot,/home/soumyara004/soumyaratnadebnath/VisionLanguageAction/models/openvla-7b,/home/soumyara004/soumyaratnadebnath/VisionLanguageAction/models/openvla-7b,15082600824,simpler_google_robot_fractal,,,,,,,,,,,,False,3094,64.0,,
/home/user/BiVLA/artifacts/results/mentor_2026-09-11/results/openvla_simplerenv_fractal/temporal_fusion_conservative_adaptive/google_robot_pick_coke_can/summary.json,openvla_simplerenv_fractal,temporal_fusion_conservative_adaptive,google_robot_pick_coke_can,completed,temporal_fusion,openvla_simplerenv_fractal,temporal_fusion_conservative_adaptive,simpler_google_robot_fractal,50,31,0.62,0.0,52.32,,NoneType,,Google Robot/Fractal SimplerEnv setup; report only completed paired rollouts.,<absent>,<absent>,<absent>,False,False,False,[],2,,,,,models/openvla-7b,temporal_fusion,temporal_fusion_conservative_adaptive,,,,1,cuda:0,,0.2,False,0.15,0.03,2,0.25,0.01,1,0.2,80,openvla_simplerenv_fractal,,,,50,artifacts/results/openvla_simplerenv_fractal/temporal_fusion_conservative_adaptive/google_robot_pick_coke_can,,,1,0.01,0.03,0.995,0.01,42,,google_robot_pick_coke_can,,,,,fractal20220817_data,,openvla-7b,False,,224,,,openvla-7b,,,google_robot,/home/soumyara004/soumyaratnadebnath/VisionLanguageAction/models/openvla-7b,/home/soumyara004/soumyaratnadebnath/VisionLanguageAction/models/openvla-7b,15082600824,simpler_google_robot_fractal,,,,,,,,,,,,False,1957,64.0,,
/home/user/BiVLA/artifacts/results/mentor_2026-09-11/results/openvla_simplerenv_fractal/temporal_fusion_conservative_adaptive/google_robot_place_apple_in_closed_top_drawer/summary.json,openvla_simplerenv_fractal,temporal_fusion_conservative_adaptive,google_robot_place_apple_in_closed_top_drawer,completed,temporal_fusion,openvla_simplerenv_fractal,temporal_fusion_conservative_adaptive,simpler_google_robot_fractal,50,0,0.0,0.0,80.0,,NoneType,,Google Robot/Fractal SimplerEnv setup; report only completed paired rollouts.,<absent>,<absent>,<absent>,False,False,False,[],2,,,,,models/openvla-7b,temporal_fusion,temporal_fusion_conservative_adaptive,,,,1,cuda:0,,0.2,False,0.15,0.03,2,0.25,0.01,1,0.2,80,openvla_simplerenv_fractal,,,,50,artifacts/results/openvla_simplerenv_fractal/temporal_fusion_conservative_adaptive/google_robot_place_apple_in_closed_top_drawer,,,1,0.01,0.03,0.995,0.01,42,,google_robot_place_apple_in_closed_top_drawer,,,,,fractal20220817_data,,openvla-7b,False,,224,,,openvla-7b,,,google_robot,/home/soumyara004/soumyaratnadebnath/VisionLanguageAction/models/openvla-7b,/home/soumyara004/soumyaratnadebnath/VisionLanguageAction/models/openvla-7b,15082600824,simpler_google_robot_fractal,,,,,,,,,,,,False,3240,64.0,,
/home/user/BiVLA/artifacts/results/mentor_2026-09-11/results/openvla_simplerenv_fractal/temporal_fusion_motion_entropy/google_robot_close_drawer/summary.json,openvla_simplerenv_fractal,temporal_fusion_motion_entropy,google_robot_close_drawer,completed,temporal_fusion,openvla_simplerenv_fractal,temporal_fusion_motion_entropy,simpler_google_robot_fractal,50,20,0.4,0.0,65.84,,NoneType,,Google Robot/Fractal SimplerEnv setup; report only completed paired rollouts.,<absent>,<absent>,<absent>,False,False,False,[],2,,,,,models/openvla-7b,temporal_fusion,temporal_fusion_motion_entropy,,,,1,cuda:0,,0.2,False,0.15,,3,0.5,0.01,1,0.2,80,openvla_simplerenv_fractal,,,,50,artifacts/results/openvla_simplerenv_fractal/temporal_fusion_motion_entropy/google_robot_close_drawer,,,1,0.01,0.03,0.995,0.01,42,,google_robot_close_drawer,,,,,fractal20220817_data,,openvla-7b,False,,224,,,openvla-7b,,,google_robot,/home/soumyara004/soumyaratnadebnath/VisionLanguageAction/models/openvla-7b,/home/soumyara004/soumyaratnadebnath/VisionLanguageAction/models/openvla-7b,15082600824,simpler_google_robot_fractal,,,,,,,,,,,,False,1113,114.0,,
/home/user/BiVLA/artifacts/results/mentor_2026-09-11/results/openvla_simplerenv_fractal/temporal_fusion_motion_entropy/google_robot_move_near/summary.json,openvla_simplerenv_fractal,temporal_fusion_motion_entropy,google_robot_move_near,completed,temporal_fusion,openvla_simplerenv_fractal,temporal_fusion_motion_entropy,simpler_google_robot_fractal,50,42,0.84,0.0,36.78,,NoneType,,Google Robot/Fractal SimplerEnv setup; report only completed paired rollouts.,<absent>,<absent>,<absent>,False,False,False,[],2,,,,,models/openvla-7b,temporal_fusion,temporal_fusion_motion_entropy,,,,1,cuda:0,,0.2,False,0.15,,3,0.5,0.01,1,0.2,80,openvla_simplerenv_fractal,,,,50,artifacts/results/openvla_simplerenv_fractal/temporal_fusion_motion_entropy/google_robot_move_near,,,1,0.01,0.03,0.995,0.01,42,,google_robot_move_near,,,,,fractal20220817_data,,openvla-7b,False,,224,,,openvla-7b,,,google_robot,/home/soumyara004/soumyaratnadebnath/VisionLanguageAction/models/openvla-7b,/home/soumyara004/soumyaratnadebnath/VisionLanguageAction/models/openvla-7b,15082600824,simpler_google_robot_fractal,,,,,,,,,,,,False,631,102.0,,
/home/user/BiVLA/artifacts/results/mentor_2026-09-11/results/openvla_simplerenv_fractal/temporal_fusion_motion_entropy/google_robot_open_drawer/summary.json,openvla_simplerenv_fractal,temporal_fusion_motion_entropy,google_robot_open_drawer,completed,temporal_fusion,openvla_simplerenv_fractal,temporal_fusion_motion_entropy,simpler_google_robot_fractal,50,13,0.26,0.0,71.2,,NoneType,,Google Robot/Fractal SimplerEnv setup; report only completed paired rollouts.,<absent>,<absent>,<absent>,False,False,False,[],2,,,,,models/openvla-7b,temporal_fusion,temporal_fusion_motion_entropy,,,,1,cuda:0,,0.2,False,0.15,,3,0.5,0.01,1,0.2,80,openvla_simplerenv_fractal,,,,50,artifacts/results/openvla_simplerenv_fractal/temporal_fusion_motion_entropy/google_robot_open_drawer,,,1,0.01,0.03,0.995,0.01,42,,google_robot_open_drawer,,,,,fractal20220817_data,,openvla-7b,False,,224,,,openvla-7b,,,google_robot,/home/soumyara004/soumyaratnadebnath/VisionLanguageAction/models/openvla-7b,/home/soumyara004/soumyaratnadebnath/VisionLanguageAction/models/openvla-7b,15082600824,simpler_google_robot_fractal,,,,,,,,,,,,False,1204,108.0,,
/home/user/BiVLA/artifacts/results/mentor_2026-09-11/results/openvla_simplerenv_fractal/temporal_fusion_motion_entropy/google_robot_pick_coke_can/summary.json,openvla_simplerenv_fractal,temporal_fusion_motion_entropy,google_robot_pick_coke_can,completed,temporal_fusion,openvla_simplerenv_fractal,temporal_fusion_motion_entropy,simpler_google_robot_fractal,50,30,0.6,0.0,56.32,,NoneType,,Google Robot/Fractal SimplerEnv setup; report only completed paired rollouts.,<absent>,<absent>,<absent>,False,False,False,[],2,,,,,models/openvla-7b,temporal_fusion,temporal_fusion_motion_entropy,,,,1,cuda:0,,0.2,False,0.15,,3,0.5,0.01,1,0.2,80,openvla_simplerenv_fractal,,,,50,artifacts/results/openvla_simplerenv_fractal/temporal_fusion_motion_entropy/google_robot_pick_coke_can,,,1,0.01,0.03,0.995,0.01,42,,google_robot_pick_coke_can,,,,,fractal20220817_data,,openvla-7b,False,,224,,,openvla-7b,,,google_robot,/home/soumyara004/soumyaratnadebnath/VisionLanguageAction/models/openvla-7b,/home/soumyara004/soumyaratnadebnath/VisionLanguageAction/models/openvla-7b,15082600824,simpler_google_robot_fractal,,,,,,,,,,,,False,958,114.0,,
/home/user/BiVLA/artifacts/results/mentor_2026-09-11/results/openvla_simplerenv_fractal/temporal_fusion_motion_entropy/google_robot_place_apple_in_closed_top_drawer/summary.json,openvla_simplerenv_fractal,temporal_fusion_motion_entropy,google_robot_place_apple_in_closed_top_drawer,completed,temporal_fusion,openvla_simplerenv_fractal,temporal_fusion_motion_entropy,simpler_google_robot_fractal,50,0,0.0,0.0,80.0,,NoneType,,Google Robot/Fractal SimplerEnv setup; report only completed paired rollouts.,<absent>,<absent>,<absent>,False,False,False,[],2,,,,,models/openvla-7b,temporal_fusion,temporal_fusion_motion_entropy,,,,1,cuda:0,,0.2,False,0.15,,3,0.5,0.01,1,0.2,80,openvla_simplerenv_fractal,,,,50,artifacts/results/openvla_simplerenv_fractal/temporal_fusion_motion_entropy/google_robot_place_apple_in_closed_top_drawer,,,1,0.01,0.03,0.995,0.01,42,,google_robot_place_apple_in_closed_top_drawer,,,,,fractal20220817_data,,openvla-7b,False,,224,,,openvla-7b,,,google_robot,/home/soumyara004/soumyaratnadebnath/VisionLanguageAction/models/openvla-7b,/home/soumyara004/soumyaratnadebnath/VisionLanguageAction/models/openvla-7b,15082600824,simpler_google_robot_fractal,,,,,,,,,,,,False,1350,117.0,,
/home/user/BiVLA/artifacts/results/mentor_2026-09-11/results/openvla_simplerenv_fractal/temporal_fusion_task_aware/google_robot_close_drawer/summary.json,openvla_simplerenv_fractal,temporal_fusion_task_aware,google_robot_close_drawer,completed,temporal_fusion,openvla_simplerenv_fractal,temporal_fusion_task_aware,simpler_google_robot_fractal,50,25,0.5,0.0,58.6,,NoneType,,Google Robot/Fractal SimplerEnv setup; report only completed paired rollouts.,<absent>,<absent>,<absent>,False,False,False,[],2,,,,,models/openvla-7b,temporal_fusion,temporal_fusion_task_aware,,,,1,cuda:0,,0.2,True,0.15,,3,0.5,0.01,1,0.2,80,openvla_simplerenv_fractal,,,,50,artifacts/results/openvla_simplerenv_fractal/temporal_fusion_task_aware/google_robot_close_drawer,,,1,0.01,0.03,0.995,0.01,42,,google_robot_close_drawer,,,,,fractal20220817_data,,openvla-7b,False,,224,,,openvla-7b,,,google_robot,/home/soumyara004/soumyaratnadebnath/VisionLanguageAction/models/openvla-7b,/home/soumyara004/soumyaratnadebnath/VisionLanguageAction/models/openvla-7b,15082600824,simpler_google_robot_fractal,,,,,,,,,,,,True,993,56.0,,
/home/user/BiVLA/artifacts/results/mentor_2026-09-11/results/openvla_simplerenv_fractal/temporal_fusion_task_aware/google_robot_move_near/summary.json,openvla_simplerenv_fractal,temporal_fusion_task_aware,google_robot_move_near,completed,temporal_fusion,openvla_simplerenv_fractal,temporal_fusion_task_aware,simpler_google_robot_fractal,50,32,0.64,0.0,47.18,,NoneType,,Google Robot/Fractal SimplerEnv setup; report only completed paired rollouts.,<absent>,<absent>,<absent>,False,False,False,[],2,,,,,models/openvla-7b,temporal_fusion,temporal_fusion_task_aware,,,,1,cuda:0,,0.2,True,0.15,,3,0.5,0.01,1,0.2,80,openvla_simplerenv_fractal,,,,50,artifacts/results/openvla_simplerenv_fractal/temporal_fusion_task_aware/google_robot_move_near,,,1,0.01,0.03,0.995,0.01,42,,google_robot_move_near,,,,,fractal20220817_data,,openvla-7b,False,,224,,,openvla-7b,,,google_robot,/home/soumyara004/soumyaratnadebnath/VisionLanguageAction/models/openvla-7b,/home/soumyara004/soumyaratnadebnath/VisionLanguageAction/models/openvla-7b,15082600824,simpler_google_robot_fractal,,,,,,,,,,,,True,805,47.0,,
/home/user/BiVLA/artifacts/results/mentor_2026-09-11/results/openvla_simplerenv_fractal/temporal_fusion_task_aware/google_robot_open_drawer/summary.json,openvla_simplerenv_fractal,temporal_fusion_task_aware,google_robot_open_drawer,completed,temporal_fusion,openvla_simplerenv_fractal,temporal_fusion_task_aware,simpler_google_robot_fractal,50,17,0.34,0.0,68.92,,NoneType,,Google Robot/Fractal SimplerEnv setup; report only completed paired rollouts.,<absent>,<absent>,<absent>,False,False,False,[],2,,,,,models/openvla-7b,temporal_fusion,temporal_fusion_task_aware,,,,1,cuda:0,,0.2,True,0.15,,3,0.5,0.01,1,0.2,80,openvla_simplerenv_fractal,,,,50,artifacts/results/openvla_simplerenv_fractal/temporal_fusion_task_aware/google_robot_open_drawer,,,1,0.01,0.03,0.995,0.01,42,,google_robot_open_drawer,,,,,fractal20220817_data,,openvla-7b,False,,224,,,openvla-7b,,,google_robot,/home/soumyara004/soumyaratnadebnath/VisionLanguageAction/models/openvla-7b,/home/soumyara004/soumyaratnadebnath/VisionLanguageAction/models/openvla-7b,15082600824,simpler_google_robot_fractal,,,,,,,,,,,,True,1164,53.0,,
/home/user/BiVLA/artifacts/results/mentor_2026-09-11/results/openvla_simplerenv_fractal/temporal_fusion_task_aware/google_robot_pick_coke_can/summary.json,openvla_simplerenv_fractal,temporal_fusion_task_aware,google_robot_pick_coke_can,completed,temporal_fusion,openvla_simplerenv_fractal,temporal_fusion_task_aware,simpler_google_robot_fractal,50,32,0.64,0.0,52.48,,NoneType,,Google Robot/Fractal SimplerEnv setup; report only completed paired rollouts.,<absent>,<absent>,<absent>,False,False,False,[],2,,,,,models/openvla-7b,temporal_fusion,temporal_fusion_task_aware,,,,1,cuda:0,,0.2,True,0.15,,3,0.5,0.01,1,0.2,80,openvla_simplerenv_fractal,,,,50,artifacts/results/openvla_simplerenv_fractal/temporal_fusion_task_aware/google_robot_pick_coke_can,,,1,0.01,0.03,0.995,0.01,42,,google_robot_pick_coke_can,,,,,fractal20220817_data,,openvla-7b,False,,224,,,openvla-7b,,,google_robot,/home/soumyara004/soumyaratnadebnath/VisionLanguageAction/models/openvla-7b,/home/soumyara004/soumyaratnadebnath/VisionLanguageAction/models/openvla-7b,15082600824,simpler_google_robot_fractal,,,,,,,,,,,,True,890,62.0,,
/home/user/BiVLA/artifacts/results/mentor_2026-09-11/results/openvla_simplerenv_fractal/temporal_fusion_task_aware/google_robot_place_apple_in_closed_top_drawer/summary.json,openvla_simplerenv_fractal,temporal_fusion_task_aware,google_robot_place_apple_in_closed_top_drawer,completed,temporal_fusion,openvla_simplerenv_fractal,temporal_fusion_task_aware,simpler_google_robot_fractal,50,0,0.0,0.0,80.0,,NoneType,,Google Robot/Fractal SimplerEnv setup; report only completed paired rollouts.,<absent>,<absent>,<absent>,False,False,False,[],2,,,,,models/openvla-7b,temporal_fusion,temporal_fusion_task_aware,,,,1,cuda:0,,0.2,True,0.15,,3,0.5,0.01,1,0.2,80,openvla_simplerenv_fractal,,,,50,artifacts/results/openvla_simplerenv_fractal/temporal_fusion_task_aware/google_robot_place_apple_in_closed_top_drawer,,,1,0.01,0.03,0.995,0.01,42,,google_robot_place_apple_in_closed_top_drawer,,,,,fractal20220817_data,,openvla-7b,False,,224,,,openvla-7b,,,google_robot,/home/soumyara004/soumyaratnadebnath/VisionLanguageAction/models/openvla-7b,/home/soumyara004/soumyaratnadebnath/VisionLanguageAction/models/openvla-7b,15082600824,simpler_google_robot_fractal,,,,,,,,,,,,True,1350,57.0,,
/home/user/BiVLA/artifacts/results/mentor_2026-09-11/results/smolvla_libero/action_repeat2/libero_10/summary.json,smolvla_libero,action_repeat2,libero_10,completed,action_repeat,smolvla_libero,action_repeat2,libero_10,100,31,0.31,221.65,221.8,0,int,,SmolVLA LIBERO paired rollout evidence. Depth and temporal settings are candidate controls; no calibration or improvement claim is implied.,<absent>,<absent>,<absent>,True,False,False,[],2,,,,,/home/shriram003/soumya/VisionLanguageAction/models/SmolVLA/checkpoints/smolvla_libero,action_repeat,action_repeat2,,,,1,cuda,,0.2,,,,3,0.5,,,,,,,,,10,artifacts/results/smolvla_libero/action_repeat2/libero_10,,True,1,0.01,0.03,0.995,0.01,42,libero_10,,,,/home/shriram003/soumya/VisionLanguageAction/models/SmolVLA/checkpoints/SmolVLM2-500M-Instruct,,,,,,,,0.4.4,,,,/home/shriram003/soumya/VisionLanguageAction/models/SmolVLA/checkpoints/smolvla_libero,,,,,,4.51.3 (isolated),,/home/shriram003/soumya/VisionLanguageAction/models/SmolVLA/checkpoints/SmolVLM2-500M-Instruct,False,,,,,,,,,,,,
/home/user/BiVLA/artifacts/results/mentor_2026-09-11/results/smolvla_libero/action_repeat2/libero_goal/summary.json,smolvla_libero,action_repeat2,libero_goal,completed,action_repeat,smolvla_libero,action_repeat2,libero_goal,100,72,0.72,81.91,82.31,0,int,,SmolVLA LIBERO paired rollout evidence. Depth and temporal settings are candidate controls; no calibration or improvement claim is implied.,<absent>,<absent>,<absent>,True,False,False,[],2,,,,,/home/shriram003/soumya/VisionLanguageAction/models/SmolVLA/checkpoints/smolvla_libero,action_repeat,action_repeat2,,,,1,cuda,,0.2,,,,3,0.5,,,,,,,,,10,artifacts/results/smolvla_libero/action_repeat2/libero_goal,,True,1,0.01,0.03,0.995,0.01,42,libero_goal,,,,/home/shriram003/soumya/VisionLanguageAction/models/SmolVLA/checkpoints/SmolVLM2-500M-Instruct,,,,,,,,0.4.4,,,,/home/shriram003/soumya/VisionLanguageAction/models/SmolVLA/checkpoints/smolvla_libero,,,,,,4.51.3 (isolated),,/home/shriram003/soumya/VisionLanguageAction/models/SmolVLA/checkpoints/SmolVLM2-500M-Instruct,False,,,,,,,,,,,,
/home/user/BiVLA/artifacts/results/mentor_2026-09-11/results/smolvla_libero/action_repeat2/libero_object/summary.json,smolvla_libero,action_repeat2,libero_object,completed,action_repeat,smolvla_libero,action_repeat2,libero_object,100,90,0.9,84.27,84.75,0,int,,SmolVLA LIBERO paired rollout evidence. Depth and temporal settings are candidate controls; no calibration or improvement claim is implied.,<absent>,<absent>,<absent>,True,False,False,[],2,,,,,/home/shriram003/soumya/VisionLanguageAction/models/SmolVLA/checkpoints/smolvla_libero,action_repeat,action_repeat2,,,,1,cuda,,0.2,,,,3,0.5,,,,,,,,,10,artifacts/results/smolvla_libero/action_repeat2/libero_object,,True,1,0.01,0.03,0.995,0.01,42,libero_object,,,,/home/shriram003/soumya/VisionLanguageAction/models/SmolVLA/checkpoints/SmolVLM2-500M-Instruct,,,,,,,,0.4.4,,,,/home/shriram003/soumya/VisionLanguageAction/models/SmolVLA/checkpoints/smolvla_libero,,,,,,4.51.3 (isolated),,/home/shriram003/soumya/VisionLanguageAction/models/SmolVLA/checkpoints/SmolVLM2-500M-Instruct,False,,,,,,,,,,,,
/home/user/BiVLA/artifacts/results/mentor_2026-09-11/results/smolvla_libero/action_repeat2/libero_spatial/summary.json,smolvla_libero,action_repeat2,libero_spatial,completed,action_repeat,smolvla_libero,action_repeat2,libero_spatial,100,64,0.64,73.95,74.23,0,int,,SmolVLA LIBERO paired rollout evidence. Depth and temporal settings are candidate controls; no calibration or improvement claim is implied.,<absent>,<absent>,<absent>,True,False,False,[],2,,,,,/home/shriram003/soumya/VisionLanguageAction/models/SmolVLA/checkpoints/smolvla_libero,action_repeat,action_repeat2,,,,1,cuda,,0.2,,,,3,0.5,,,,,,,,,10,artifacts/results/smolvla_libero/action_repeat2/libero_spatial,,True,1,0.01,0.03,0.995,0.01,42,libero_spatial,,,,/home/shriram003/soumya/VisionLanguageAction/models/SmolVLA/checkpoints/SmolVLM2-500M-Instruct,,,,,,,,0.4.4,,,,/home/shriram003/soumya/VisionLanguageAction/models/SmolVLA/checkpoints/smolvla_libero,,,,,,4.51.3 (isolated),,/home/shriram003/soumya/VisionLanguageAction/models/SmolVLA/checkpoints/SmolVLM2-500M-Instruct,False,,,,,,,,,,,,
/home/user/BiVLA/artifacts/results/mentor_2026-09-11/results/smolvla_libero/action_repeat4/libero_10/summary.json,smolvla_libero,action_repeat4,libero_10,completed,action_repeat,smolvla_libero,action_repeat4,libero_10,100,20,0.2,352.58,117.64,0,int,,SmolVLA LIBERO paired rollout evidence. Depth and temporal settings are candidate controls; no calibration or improvement claim is implied.,<absent>,<absent>,<absent>,True,False,False,[],4,,,,,/home/shriram003/soumya/VisionLanguageAction/models/SmolVLA/checkpoints/smolvla_libero,action_repeat,action_repeat4,,,,1,cuda,,0.2,,,,3,0.5,,,,,,,,,10,artifacts/results/smolvla_libero/action_repeat4/libero_10,,True,1,0.01,0.03,0.995,0.01,42,libero_10,,,,/home/shriram003/soumya/VisionLanguageAction/models/SmolVLA/checkpoints/SmolVLM2-500M-Instruct,,,,,,,,0.4.4,,,,/home/shriram003/soumya/VisionLanguageAction/models/SmolVLA/checkpoints/smolvla_libero,,,,,,4.51.3 (isolated),,/home/shriram003/soumya/VisionLanguageAction/models/SmolVLA/checkpoints/SmolVLM2-500M-Instruct,False,,,,,,,,,,,,
/home/user/BiVLA/artifacts/results/mentor_2026-09-11/results/smolvla_libero/action_repeat4/libero_goal/summary.json,smolvla_libero,action_repeat4,libero_goal,completed,action_repeat,smolvla_libero,action_repeat4,libero_goal,100,59,0.59,147.81,49.51,0,int,,SmolVLA LIBERO paired rollout evidence. Depth and temporal settings are candidate controls; no calibration or improvement claim is implied.,<absent>,<absent>,<absent>,True,False,False,[],4,,,,,/home/shriram003/soumya/VisionLanguageAction/models/SmolVLA/checkpoints/smolvla_libero,action_repeat,action_repeat4,,,,1,cuda,,0.2,,,,3,0.5,,,,,,,,,10,artifacts/results/smolvla_libero/action_repeat4/libero_goal,,True,1,0.01,0.03,0.995,0.01,42,libero_goal,,,,/home/shriram003/soumya/VisionLanguageAction/models/SmolVLA/checkpoints/SmolVLM2-500M-Instruct,,,,,,,,0.4.4,,,,/home/shriram003/soumya/VisionLanguageAction/models/SmolVLA/checkpoints/smolvla_libero,,,,,,4.51.3 (isolated),,/home/shriram003/soumya/VisionLanguageAction/models/SmolVLA/checkpoints/SmolVLM2-500M-Instruct,False,,,,,,,,,,,,
/home/user/BiVLA/artifacts/results/mentor_2026-09-11/results/smolvla_libero/action_repeat4/libero_object/summary.json,smolvla_libero,action_repeat4,libero_object,completed,action_repeat,smolvla_libero,action_repeat4,libero_object,100,71,0.71,151.28,50.74,0,int,,SmolVLA LIBERO paired rollout evidence. Depth and temporal settings are candidate controls; no calibration or improvement claim is implied.,<absent>,<absent>,<absent>,True,False,False,[],4,,,,,/home/shriram003/soumya/VisionLanguageAction/models/SmolVLA/checkpoints/smolvla_libero,action_repeat,action_repeat4,,,,1,cuda,,0.2,,,,3,0.5,,,,,,,,,10,artifacts/results/smolvla_libero/action_repeat4/libero_object,,True,1,0.01,0.03,0.995,0.01,42,libero_object,,,,/home/shriram003/soumya/VisionLanguageAction/models/SmolVLA/checkpoints/SmolVLM2-500M-Instruct,,,,,,,,0.4.4,,,,/home/shriram003/soumya/VisionLanguageAction/models/SmolVLA/checkpoints/smolvla_libero,,,,,,4.51.3 (isolated),,/home/shriram003/soumya/VisionLanguageAction/models/SmolVLA/checkpoints/SmolVLM2-500M-Instruct,False,,,,,,,,,,,,
/home/user/BiVLA/artifacts/results/mentor_2026-09-11/results/smolvla_libero/action_repeat4/libero_spatial/summary.json,smolvla_libero,action_repeat4,libero_spatial,completed,action_repeat,smolvla_libero,action_repeat4,libero_spatial,100,35,0.35,142.14,47.59,0,int,,SmolVLA LIBERO paired rollout evidence. Depth and temporal settings are candidate controls; no calibration or improvement claim is implied.,<absent>,<absent>,<absent>,True,False,False,[],4,,,,,/home/shriram003/soumya/VisionLanguageAction/models/SmolVLA/checkpoints/smolvla_libero,action_repeat,action_repeat4,,,,1,cuda,,0.2,,,,3,0.5,,,,,,,,,10,artifacts/results/smolvla_libero/action_repeat4/libero_spatial,,True,1,0.01,0.03,0.995,0.01,42,libero_spatial,,,,/home/shriram003/soumya/VisionLanguageAction/models/SmolVLA/checkpoints/SmolVLM2-500M-Instruct,,,,,,,,0.4.4,,,,/home/shriram003/soumya/VisionLanguageAction/models/SmolVLA/checkpoints/smolvla_libero,,,,,,4.51.3 (isolated),,/home/shriram003/soumya/VisionLanguageAction/models/SmolVLA/checkpoints/SmolVLM2-500M-Instruct,False,,,,,,,,,,,,
/home/user/BiVLA/artifacts/results/mentor_2026-09-11/results/smolvla_libero/depth_pruning1/libero_10/summary.json,smolvla_libero,depth_pruning1,libero_10,completed,depth_pruning,smolvla_libero,depth_pruning1,libero_10,100,9,0.09,0.0,500.07,0,int,,SmolVLA LIBERO paired rollout evidence. Depth and temporal settings are candidate controls; no calibration or improvement claim is implied.,<absent>,<absent>,<absent>,True,False,False,[30],2,,,,,/home/shriram003/soumya/VisionLanguageAction/models/SmolVLA/checkpoints/smolvla_libero,depth_pruning,depth_pruning1,,,,1,cuda,,0.2,,,,3,0.5,,,,,,,,,10,artifacts/results/smolvla_libero/depth_pruning1/libero_10,,True,1,0.01,0.03,0.995,0.01,42,libero_10,,,,/home/shriram003/soumya/VisionLanguageAction/models/SmolVLA/checkpoints/SmolVLM2-500M-Instruct,,,,,,,,0.4.4,,,,/home/shriram003/soumya/VisionLanguageAction/models/SmolVLA/checkpoints/smolvla_libero,,,,,,4.51.3 (isolated),,/home/shriram003/soumya/VisionLanguageAction/models/SmolVLA/checkpoints/SmolVLM2-500M-Instruct,False,,,,,,,,,,,,
/home/user/BiVLA/artifacts/results/mentor_2026-09-11/results/smolvla_libero/depth_pruning1/libero_goal/summary.json,smolvla_libero,depth_pruning1,libero_goal,completed,depth_pruning,smolvla_libero,depth_pruning1,libero_goal,100,62,0.62,0.0,187.03,0,int,,SmolVLA LIBERO paired rollout evidence. Depth and temporal settings are candidate controls; no calibration or improvement claim is implied.,<absent>,<absent>,<absent>,True,False,False,[30],2,,,,,/home/shriram003/soumya/VisionLanguageAction/models/SmolVLA/checkpoints/smolvla_libero,depth_pruning,depth_pruning1,,,,1,cuda,,0.2,,,,3,0.5,,,,,,,,,10,artifacts/results/smolvla_libero/depth_pruning1/libero_goal,,True,1,0.01,0.03,0.995,0.01,42,libero_goal,,,,/home/shriram003/soumya/VisionLanguageAction/models/SmolVLA/checkpoints/SmolVLM2-500M-Instruct,,,,,,,,0.4.4,,,,/home/shriram003/soumya/VisionLanguageAction/models/SmolVLA/checkpoints/smolvla_libero,,,,,,4.51.3 (isolated),,/home/shriram003/soumya/VisionLanguageAction/models/SmolVLA/checkpoints/SmolVLM2-500M-Instruct,False,,,,,,,,,,,,
/home/user/BiVLA/artifacts/results/mentor_2026-09-11/results/smolvla_libero/depth_pruning1/libero_object/summary.json,smolvla_libero,depth_pruning1,libero_object,completed,depth_pruning,smolvla_libero,depth_pruning1,libero_object,100,73,0.73,0.0,193.35,0,int,,SmolVLA LIBERO paired rollout evidence. Depth and temporal settings are candidate controls; no calibration or improvement claim is implied.,<absent>,<absent>,<absent>,True,False,False,[30],2,,,,,/home/shriram003/soumya/VisionLanguageAction/models/SmolVLA/checkpoints/smolvla_libero,depth_pruning,depth_pruning1,,,,1,cuda,,0.2,,,,3,0.5,,,,,,,,,10,artifacts/results/smolvla_libero/depth_pruning1/libero_object,,True,1,0.01,0.03,0.995,0.01,42,libero_object,,,,/home/shriram003/soumya/VisionLanguageAction/models/SmolVLA/checkpoints/SmolVLM2-500M-Instruct,,,,,,,,0.4.4,,,,/home/shriram003/soumya/VisionLanguageAction/models/SmolVLA/checkpoints/smolvla_libero,,,,,,4.51.3 (isolated),,/home/shriram003/soumya/VisionLanguageAction/models/SmolVLA/checkpoints/SmolVLM2-500M-Instruct,False,,,,,,,,,,,,
/home/user/BiVLA/artifacts/results/mentor_2026-09-11/results/smolvla_libero/depth_pruning1/libero_spatial/summary.json,smolvla_libero,depth_pruning1,libero_spatial,completed,depth_pruning,smolvla_libero,depth_pruning1,libero_spatial,100,62,0.62,0.0,151.44,0,int,,SmolVLA LIBERO paired rollout evidence. Depth and temporal settings are candidate controls; no calibration or improvement claim is implied.,<absent>,<absent>,<absent>,True,False,False,[30],2,,,,,/home/shriram003/soumya/VisionLanguageAction/models/SmolVLA/checkpoints/smolvla_libero,depth_pruning,depth_pruning1,,,,1,cuda,,0.2,,,,3,0.5,,,,,,,,,10,artifacts/results/smolvla_libero/depth_pruning1/libero_spatial,,True,1,0.01,0.03,0.995,0.01,42,libero_spatial,,,,/home/shriram003/soumya/VisionLanguageAction/models/SmolVLA/checkpoints/SmolVLM2-500M-Instruct,,,,,,,,0.4.4,,,,/home/shriram003/soumya/VisionLanguageAction/models/SmolVLA/checkpoints/smolvla_libero,,,,,,4.51.3 (isolated),,/home/shriram003/soumya/VisionLanguageAction/models/SmolVLA/checkpoints/SmolVLM2-500M-Instruct,False,,,,,,,,,,,,
/home/user/BiVLA/artifacts/results/mentor_2026-09-11/results/smolvla_libero/depth_pruning2/libero_10/summary.json,smolvla_libero,depth_pruning2,libero_10,completed,depth_pruning,smolvla_libero,depth_pruning2,libero_10,100,3,0.03,0.0,515.08,0,int,,Reconstructed continuation. Legacy and new implementation/hardware timings are not a matched comparison; no improvement claim.,"[""legacy-original-source-unavailable"", ""smolvla-reconstructed-sdpa-v1""]",<absent>,<absent>,False,True,True,<absent>,,,,,,,,,,,,,,,,,,,,,,,,,,,,,,,,,,,,,,,,,,,,,,,,,,,,,,,,,,,,,,,,,,,,,,,,,,,,
/home/user/BiVLA/artifacts/results/mentor_2026-09-11/results/smolvla_libero/depth_pruning2/libero_goal/summary.json,smolvla_libero,depth_pruning2,libero_goal,completed,depth_pruning,smolvla_libero,depth_pruning2,libero_goal,100,53,0.53,0.0,210.43,0,int,,Reconstructed continuation. Legacy and new implementation/hardware timings are not a matched comparison; no improvement claim.,"[""legacy-original-source-unavailable"", ""smolvla-reconstructed-sdpa-v1""]",<absent>,<absent>,False,True,True,<absent>,,,,,,,,,,,,,,,,,,,,,,,,,,,,,,,,,,,,,,,,,,,,,,,,,,,,,,,,,,,,,,,,,,,,,,,,,,,,
/home/user/BiVLA/artifacts/results/mentor_2026-09-11/results/smolvla_libero/depth_pruning2/libero_object/summary.json,smolvla_libero,depth_pruning2,libero_object,completed,depth_pruning,smolvla_libero,depth_pruning2,libero_object,100,40,0.4,0.0,233.84,0,int,,SmolVLA LIBERO paired rollout evidence. Depth and temporal settings are candidate controls; no calibration or improvement claim is implied.,<absent>,<absent>,<absent>,True,False,False,"[28, 30]",2,,,,,/home/shriram003/soumya/VisionLanguageAction/models/SmolVLA/checkpoints/smolvla_libero,depth_pruning,depth_pruning2,,,,2,cuda,,0.2,,,,3,0.5,,,,,,,,,10,artifacts/results/smolvla_libero/depth_pruning2/libero_object,,True,1,0.01,0.03,0.995,0.01,42,libero_object,,,,/home/shriram003/soumya/VisionLanguageAction/models/SmolVLA/checkpoints/SmolVLM2-500M-Instruct,,,,,,,,0.4.4,,,,/home/shriram003/soumya/VisionLanguageAction/models/SmolVLA/checkpoints/smolvla_libero,,,,,,4.51.3 (isolated),,/home/shriram003/soumya/VisionLanguageAction/models/SmolVLA/checkpoints/SmolVLM2-500M-Instruct,False,,,,,,,,,,,,
/home/user/BiVLA/artifacts/results/mentor_2026-09-11/results/smolvla_libero/depth_pruning2/libero_spatial/summary.json,smolvla_libero,depth_pruning2,libero_spatial,completed,depth_pruning,smolvla_libero,depth_pruning2,libero_spatial,100,38,0.38,0.0,177.76,0,int,,SmolVLA LIBERO paired rollout evidence. Depth and temporal settings are candidate controls; no calibration or improvement claim is implied.,<absent>,<absent>,<absent>,True,False,False,"[28, 30]",2,,,,,/home/shriram003/soumya/VisionLanguageAction/models/SmolVLA/checkpoints/smolvla_libero,depth_pruning,depth_pruning2,,,,2,cuda,,0.2,,,,3,0.5,,,,,,,,,10,artifacts/results/smolvla_libero/depth_pruning2/libero_spatial,,True,1,0.01,0.03,0.995,0.01,42,libero_spatial,,,,/home/shriram003/soumya/VisionLanguageAction/models/SmolVLA/checkpoints/SmolVLM2-500M-Instruct,,,,,,,,0.4.4,,,,/home/shriram003/soumya/VisionLanguageAction/models/SmolVLA/checkpoints/smolvla_libero,,,,,,4.51.3 (isolated),,/home/shriram003/soumya/VisionLanguageAction/models/SmolVLA/checkpoints/SmolVLM2-500M-Instruct,False,,,,,,,,,,,,
/home/user/BiVLA/artifacts/results/mentor_2026-09-11/results/smolvla_libero/depth_pruning4/libero_10/summary.json,smolvla_libero,depth_pruning4,libero_10,completed,depth_pruning,smolvla_libero,depth_pruning4,libero_10,100,0,0.0,0.0,520.0,0,int,,Reconstructed continuation. Legacy and new implementation/hardware timings are not a matched comparison; no improvement claim.,"[""legacy-original-source-unavailable"", ""smolvla-reconstructed-sdpa-v1""]",<absent>,<absent>,False,True,True,<absent>,,,,,,,,,,,,,,,,,,,,,,,,,,,,,,,,,,,,,,,,,,,,,,,,,,,,,,,,,,,,,,,,,,,,,,,,,,,,
/home/user/BiVLA/artifacts/results/mentor_2026-09-11/results/smolvla_libero/depth_pruning4/libero_goal/summary.json,smolvla_libero,depth_pruning4,libero_goal,completed,depth_pruning,smolvla_libero,depth_pruning4,libero_goal,100,28,0.28,0.0,260.99,0,int,,Reconstructed continuation. Legacy and new implementation/hardware timings are not a matched comparison; no improvement claim.,"[""smolvla-reconstructed-sdpa-v1""]",<absent>,<absent>,False,True,True,<absent>,,,,,,,,,,,,,,,,,,,,,,,,,,,,,,,,,,,,,,,,,,,,,,,,,,,,,,,,,,,,,,,,,,,,,,,,,,,,
/home/user/BiVLA/artifacts/results/mentor_2026-09-11/results/smolvla_libero/depth_pruning4/libero_object/summary.json,smolvla_libero,depth_pruning4,libero_object,completed,depth_pruning,smolvla_libero,depth_pruning4,libero_object,100,13,0.13,0.0,266.05,0,int,,Reconstructed continuation. Legacy and new implementation/hardware timings are not a matched comparison; no improvement claim.,"[""smolvla-reconstructed-sdpa-v1""]",<absent>,<absent>,False,True,True,<absent>,,,,,,,,,,,,,,,,,,,,,,,,,,,,,,,,,,,,,,,,,,,,,,,,,,,,,,,,,,,,,,,,,,,,,,,,,,,,
/home/user/BiVLA/artifacts/results/mentor_2026-09-11/results/smolvla_libero/depth_pruning4/libero_spatial/summary.json,smolvla_libero,depth_pruning4,libero_spatial,completed,depth_pruning,smolvla_libero,depth_pruning4,libero_spatial,100,29,0.29,0.0,188.55,0,int,,SmolVLA LIBERO paired rollout evidence. Depth and temporal settings are candidate controls; no calibration or improvement claim is implied.,<absent>,<absent>,<absent>,True,False,False,"[24, 26, 28, 30]",2,,,,,/home/shriram003/soumya/VisionLanguageAction/models/SmolVLA/checkpoints/smolvla_libero,depth_pruning,depth_pruning4,,,,4,cuda,,0.2,,,,3,0.5,,,,,,,,,10,artifacts/results/smolvla_libero/depth_pruning4/libero_spatial,,True,1,0.01,0.03,0.995,0.01,42,libero_spatial,,,,/home/shriram003/soumya/VisionLanguageAction/models/SmolVLA/checkpoints/SmolVLM2-500M-Instruct,,,,,,,,0.4.4,,,,/home/shriram003/soumya/VisionLanguageAction/models/SmolVLA/checkpoints/smolvla_libero,,,,,,4.51.3 (isolated),,/home/shriram003/soumya/VisionLanguageAction/models/SmolVLA/checkpoints/SmolVLM2-500M-Instruct,False,,,,,,,,,,,,
/home/user/BiVLA/artifacts/results/mentor_2026-09-11/results/smolvla_libero/fixed_foveation_keep20/libero_10/summary.json,smolvla_libero,fixed_foveation_keep20,libero_10,completed,fixed_foveation,smolvla_libero,fixed_foveation_keep20,libero_10,100,19,0.19,0.0,481.49,0,int,,SmolVLA LIBERO paired rollout evidence. Depth and temporal settings are candidate controls; no calibration or improvement claim is implied.,<absent>,<absent>,<absent>,True,False,False,[],2,,,,,/home/shriram003/soumya/VisionLanguageAction/models/SmolVLA/checkpoints/smolvla_libero,fixed_foveation,fixed_foveation_keep20,,,,1,cuda,,0.2,,,,3,0.5,,,,,,,,,10,artifacts/results/smolvla_libero/fixed_foveation_keep20/libero_10,,True,1,0.01,0.03,0.995,0.01,42,libero_10,,,,/home/shriram003/soumya/VisionLanguageAction/models/SmolVLA/checkpoints/SmolVLM2-500M-Instruct,,,,,,,,0.4.4,,,,/home/shriram003/soumya/VisionLanguageAction/models/SmolVLA/checkpoints/smolvla_libero,,,,,,4.51.3 (isolated),,/home/shriram003/soumya/VisionLanguageAction/models/SmolVLA/checkpoints/SmolVLM2-500M-Instruct,False,,,,,,,,,,,,
/home/user/BiVLA/artifacts/results/mentor_2026-09-11/results/smolvla_libero/fixed_foveation_keep20/libero_goal/summary.json,smolvla_libero,fixed_foveation_keep20,libero_goal,completed,fixed_foveation,smolvla_libero,fixed_foveation_keep20,libero_goal,100,58,0.58,0.0,186.72,0,int,,SmolVLA LIBERO paired rollout evidence. Depth and temporal settings are candidate controls; no calibration or improvement claim is implied.,<absent>,<absent>,<absent>,True,False,False,[],2,,,,,/home/shriram003/soumya/VisionLanguageAction/models/SmolVLA/checkpoints/smolvla_libero,fixed_foveation,fixed_foveation_keep20,,,,1,cuda,,0.2,,,,3,0.5,,,,,,,,,10,artifacts/results/smolvla_libero/fixed_foveation_keep20/libero_goal,,True,1,0.01,0.03,0.995,0.01,42,libero_goal,,,,/home/shriram003/soumya/VisionLanguageAction/models/SmolVLA/checkpoints/SmolVLM2-500M-Instruct,,,,,,,,0.4.4,,,,/home/shriram003/soumya/VisionLanguageAction/models/SmolVLA/checkpoints/smolvla_libero,,,,,,4.51.3 (isolated),,/home/shriram003/soumya/VisionLanguageAction/models/SmolVLA/checkpoints/SmolVLM2-500M-Instruct,False,,,,,,,,,,,,
/home/user/BiVLA/artifacts/results/mentor_2026-09-11/results/smolvla_libero/fixed_foveation_keep20/libero_object/summary.json,smolvla_libero,fixed_foveation_keep20,libero_object,completed,fixed_foveation,smolvla_libero,fixed_foveation_keep20,libero_object,100,74,0.74,0.0,189.28,0,int,,SmolVLA LIBERO paired rollout evidence. Depth and temporal settings are candidate controls; no calibration or improvement claim is implied.,<absent>,<absent>,<absent>,True,False,False,[],2,,,,,/home/shriram003/soumya/VisionLanguageAction/models/SmolVLA/checkpoints/smolvla_libero,fixed_foveation,fixed_foveation_keep20,,,,1,cuda,,0.2,,,,3,0.5,,,,,,,,,10,artifacts/results/smolvla_libero/fixed_foveation_keep20/libero_object,,True,1,0.01,0.03,0.995,0.01,42,libero_object,,,,/home/shriram003/soumya/VisionLanguageAction/models/SmolVLA/checkpoints/SmolVLM2-500M-Instruct,,,,,,,,0.4.4,,,,/home/shriram003/soumya/VisionLanguageAction/models/SmolVLA/checkpoints/smolvla_libero,,,,,,4.51.3 (isolated),,/home/shriram003/soumya/VisionLanguageAction/models/SmolVLA/checkpoints/SmolVLM2-500M-Instruct,False,,,,,,,,,,,,
/home/user/BiVLA/artifacts/results/mentor_2026-09-11/results/smolvla_libero/fixed_foveation_keep20/libero_spatial/summary.json,smolvla_libero,fixed_foveation_keep20,libero_spatial,completed,fixed_foveation,smolvla_libero,fixed_foveation_keep20,libero_spatial,100,63,0.63,0.0,149.31,0,int,,SmolVLA LIBERO paired rollout evidence. Depth and temporal settings are candidate controls; no calibration or improvement claim is implied.,<absent>,<absent>,<absent>,True,False,False,[],2,,,,,/home/shriram003/soumya/VisionLanguageAction/models/SmolVLA/checkpoints/smolvla_libero,fixed_foveation,fixed_foveation_keep20,,,,1,cuda,,0.2,,,,3,0.5,,,,,,,,,10,artifacts/results/smolvla_libero/fixed_foveation_keep20/libero_spatial,,True,1,0.01,0.03,0.995,0.01,42,libero_spatial,,,,/home/shriram003/soumya/VisionLanguageAction/models/SmolVLA/checkpoints/SmolVLM2-500M-Instruct,,,,,,,,0.4.4,,,,/home/shriram003/soumya/VisionLanguageAction/models/SmolVLA/checkpoints/smolvla_libero,,,,,,4.51.3 (isolated),,/home/shriram003/soumya/VisionLanguageAction/models/SmolVLA/checkpoints/SmolVLM2-500M-Instruct,False,,,,,,,,,,,,
/home/user/BiVLA/artifacts/results/mentor_2026-09-11/results/smolvla_libero/fixed_foveation_keep50/libero_10/summary.json,smolvla_libero,fixed_foveation_keep50,libero_10,completed,fixed_foveation,smolvla_libero,fixed_foveation_keep50,libero_10,100,21,0.21,0.0,477.84,0,int,,SmolVLA LIBERO paired rollout evidence. Depth and temporal settings are candidate controls; no calibration or improvement claim is implied.,<absent>,<absent>,<absent>,True,False,False,[],2,,,,,/home/shriram003/soumya/VisionLanguageAction/models/SmolVLA/checkpoints/smolvla_libero,fixed_foveation,fixed_foveation_keep50,,,,1,cuda,,0.5,,,,3,0.5,,,,,,,,,10,artifacts/results/smolvla_libero/fixed_foveation_keep50/libero_10,,True,1,0.01,0.03,0.995,0.01,42,libero_10,,,,/home/shriram003/soumya/VisionLanguageAction/models/SmolVLA/checkpoints/SmolVLM2-500M-Instruct,,,,,,,,0.4.4,,,,/home/shriram003/soumya/VisionLanguageAction/models/SmolVLA/checkpoints/smolvla_libero,,,,,,4.51.3 (isolated),,/home/shriram003/soumya/VisionLanguageAction/models/SmolVLA/checkpoints/SmolVLM2-500M-Instruct,False,,,,,,,,,,,,
/home/user/BiVLA/artifacts/results/mentor_2026-09-11/results/smolvla_libero/fixed_foveation_keep50/libero_goal/summary.json,smolvla_libero,fixed_foveation_keep50,libero_goal,completed,fixed_foveation,smolvla_libero,fixed_foveation_keep50,libero_goal,100,67,0.67,0.0,168.51,0,int,,SmolVLA LIBERO paired rollout evidence. Depth and temporal settings are candidate controls; no calibration or improvement claim is implied.,<absent>,<absent>,<absent>,True,False,False,[],2,,,,,/home/shriram003/soumya/VisionLanguageAction/models/SmolVLA/checkpoints/smolvla_libero,fixed_foveation,fixed_foveation_keep50,,,,1,cuda,,0.5,,,,3,0.5,,,,,,,,,10,artifacts/results/smolvla_libero/fixed_foveation_keep50/libero_goal,,True,1,0.01,0.03,0.995,0.01,42,libero_goal,,,,/home/shriram003/soumya/VisionLanguageAction/models/SmolVLA/checkpoints/SmolVLM2-500M-Instruct,,,,,,,,0.4.4,,,,/home/shriram003/soumya/VisionLanguageAction/models/SmolVLA/checkpoints/smolvla_libero,,,,,,4.51.3 (isolated),,/home/shriram003/soumya/VisionLanguageAction/models/SmolVLA/checkpoints/SmolVLM2-500M-Instruct,False,,,,,,,,,,,,
/home/user/BiVLA/artifacts/results/mentor_2026-09-11/results/smolvla_libero/fixed_foveation_keep50/libero_object/summary.json,smolvla_libero,fixed_foveation_keep50,libero_object,completed,fixed_foveation,smolvla_libero,fixed_foveation_keep50,libero_object,100,81,0.81,0.0,176.39,0,int,,SmolVLA LIBERO paired rollout evidence. Depth and temporal settings are candidate controls; no calibration or improvement claim is implied.,<absent>,<absent>,<absent>,True,False,False,[],2,,,,,/home/shriram003/soumya/VisionLanguageAction/models/SmolVLA/checkpoints/smolvla_libero,fixed_foveation,fixed_foveation_keep50,,,,1,cuda,,0.5,,,,3,0.5,,,,,,,,,10,artifacts/results/smolvla_libero/fixed_foveation_keep50/libero_object,,True,1,0.01,0.03,0.995,0.01,42,libero_object,,,,/home/shriram003/soumya/VisionLanguageAction/models/SmolVLA/checkpoints/SmolVLM2-500M-Instruct,,,,,,,,0.4.4,,,,/home/shriram003/soumya/VisionLanguageAction/models/SmolVLA/checkpoints/smolvla_libero,,,,,,4.51.3 (isolated),,/home/shriram003/soumya/VisionLanguageAction/models/SmolVLA/checkpoints/SmolVLM2-500M-Instruct,False,,,,,,,,,,,,
/home/user/BiVLA/artifacts/results/mentor_2026-09-11/results/smolvla_libero/fixed_foveation_keep50/libero_spatial/summary.json,smolvla_libero,fixed_foveation_keep50,libero_spatial,completed,fixed_foveation,smolvla_libero,fixed_foveation_keep50,libero_spatial,100,76,0.76,0.0,135.92,0,int,,SmolVLA LIBERO paired rollout evidence. Depth and temporal settings are candidate controls; no calibration or improvement claim is implied.,<absent>,<absent>,<absent>,True,False,False,[],2,,,,,/home/shriram003/soumya/VisionLanguageAction/models/SmolVLA/checkpoints/smolvla_libero,fixed_foveation,fixed_foveation_keep50,,,,1,cuda,,0.5,,,,3,0.5,,,,,,,,,10,artifacts/results/smolvla_libero/fixed_foveation_keep50/libero_spatial,,True,1,0.01,0.03,0.995,0.01,42,libero_spatial,,,,/home/shriram003/soumya/VisionLanguageAction/models/SmolVLA/checkpoints/SmolVLM2-500M-Instruct,,,,,,,,0.4.4,,,,/home/shriram003/soumya/VisionLanguageAction/models/SmolVLA/checkpoints/smolvla_libero,,,,,,4.51.3 (isolated),,/home/shriram003/soumya/VisionLanguageAction/models/SmolVLA/checkpoints/SmolVLM2-500M-Instruct,False,,,,,,,,,,,,
/home/user/BiVLA/artifacts/results/mentor_2026-09-11/results/smolvla_libero/guarded_reuse_aggressive/libero_10/summary.json,smolvla_libero,guarded_reuse_aggressive,libero_10,completed,guarded_action_reuse,smolvla_libero,guarded_reuse_aggressive,libero_10,100,47,0.47,11.47,407.87,0,int,,Reconstructed continuation. Legacy and new implementation/hardware timings are not a matched comparison; no improvement claim.,"[""smolvla-reconstructed-sdpa-v1""]",<absent>,<absent>,False,True,True,<absent>,,,,,,,,,,,,,,,,,,,,,,,,,,,,,,,,,,,,,,,,,,,,,,,,,,,,,,,,,,,,,,,,,,,,,,,,,,,,
/home/user/BiVLA/artifacts/results/mentor_2026-09-11/results/smolvla_libero/guarded_reuse_aggressive/libero_goal/summary.json,smolvla_libero,guarded_reuse_aggressive,libero_goal,completed,guarded_action_reuse,smolvla_libero,guarded_reuse_aggressive,libero_goal,100,77,0.77,4.3,147.48,0,int,,Reconstructed continuation. Legacy and new implementation/hardware timings are not a matched comparison; no improvement claim.,"[""smolvla-reconstructed-sdpa-v1""]",<absent>,<absent>,False,True,True,<absent>,,,,,,,,,,,,,,,,,,,,,,,,,,,,,,,,,,,,,,,,,,,,,,,,,,,,,,,,,,,,,,,,,,,,,,,,,,,,
/home/user/BiVLA/artifacts/results/mentor_2026-09-11/results/smolvla_libero/guarded_reuse_aggressive/libero_object/summary.json,smolvla_libero,guarded_reuse_aggressive,libero_object,completed,guarded_action_reuse,smolvla_libero,guarded_reuse_aggressive,libero_object,100,91,0.91,2.3,160.11,0,int,,Reconstructed continuation. Legacy and new implementation/hardware timings are not a matched comparison; no improvement claim.,"[""smolvla-reconstructed-sdpa-v1""]",<absent>,<absent>,False,True,True,<absent>,,,,,,,,,,,,,,,,,,,,,,,,,,,,,,,,,,,,,,,,,,,,,,,,,,,,,,,,,,,,,,,,,,,,,,,,,,,,
/home/user/BiVLA/artifacts/results/mentor_2026-09-11/results/smolvla_libero/guarded_reuse_aggressive/libero_spatial/summary.json,smolvla_libero,guarded_reuse_aggressive,libero_spatial,completed,guarded_action_reuse,smolvla_libero,guarded_reuse_aggressive,libero_spatial,100,78,0.78,1.82,128.82,0,int,,Reconstructed continuation. Legacy and new implementation/hardware timings are not a matched comparison; no improvement claim.,"[""smolvla-reconstructed-sdpa-v1""]",<absent>,<absent>,False,True,True,<absent>,,,,,,,,,,,,,,,,,,,,,,,,,,,,,,,,,,,,,,,,,,,,,,,,,,,,,,,,,,,,,,,,,,,,,,,,,,,,
/home/user/BiVLA/artifacts/results/mentor_2026-09-11/results/smolvla_libero/guarded_reuse_moderate/libero_10/summary.json,smolvla_libero,guarded_reuse_moderate,libero_10,completed,guarded_action_reuse,smolvla_libero,guarded_reuse_moderate,libero_10,100,37,0.37,2.23,435.61,0,int,,Reconstructed continuation. Legacy and new implementation/hardware timings are not a matched comparison; no improvement claim.,"[""smolvla-reconstructed-sdpa-v1""]",<absent>,<absent>,False,True,True,<absent>,,,,,,,,,,,,,,,,,,,,,,,,,,,,,,,,,,,,,,,,,,,,,,,,,,,,,,,,,,,,,,,,,,,,,,,,,,,,
/home/user/BiVLA/artifacts/results/mentor_2026-09-11/results/smolvla_libero/guarded_reuse_moderate/libero_goal/summary.json,smolvla_libero,guarded_reuse_moderate,libero_goal,completed,guarded_action_reuse,smolvla_libero,guarded_reuse_moderate,libero_goal,100,75,0.75,0.76,154.6,0,int,,Reconstructed continuation. Legacy and new implementation/hardware timings are not a matched comparison; no improvement claim.,"[""smolvla-reconstructed-sdpa-v1""]",<absent>,<absent>,False,True,True,<absent>,,,,,,,,,,,,,,,,,,,,,,,,,,,,,,,,,,,,,,,,,,,,,,,,,,,,,,,,,,,,,,,,,,,,,,,,,,,,
/home/user/BiVLA/artifacts/results/mentor_2026-09-11/results/smolvla_libero/guarded_reuse_moderate/libero_object/summary.json,smolvla_libero,guarded_reuse_moderate,libero_object,completed,guarded_action_reuse,smolvla_libero,guarded_reuse_moderate,libero_object,100,89,0.89,0.33,163.94,0,int,,Reconstructed continuation. Legacy and new implementation/hardware timings are not a matched comparison; no improvement claim.,"[""smolvla-reconstructed-sdpa-v1""]",<absent>,<absent>,False,True,True,<absent>,,,,,,,,,,,,,,,,,,,,,,,,,,,,,,,,,,,,,,,,,,,,,,,,,,,,,,,,,,,,,,,,,,,,,,,,,,,,
/home/user/BiVLA/artifacts/results/mentor_2026-09-11/results/smolvla_libero/guarded_reuse_moderate/libero_spatial/summary.json,smolvla_libero,guarded_reuse_moderate,libero_spatial,completed,guarded_action_reuse,smolvla_libero,guarded_reuse_moderate,libero_spatial,100,79,0.79,0.32,129.27,0,int,,Reconstructed continuation. Legacy and new implementation/hardware timings are not a matched comparison; no improvement claim.,"[""smolvla-reconstructed-sdpa-v1""]",<absent>,<absent>,False,True,True,<absent>,,,,,,,,,,,,,,,,,,,,,,,,,,,,,,,,,,,,,,,,,,,,,,,,,,,,,,,,,,,,,,,,,,,,,,,,,,,,
/home/user/BiVLA/artifacts/results/mentor_2026-09-11/results/smolvla_libero/guarded_reuse_strict/libero_10/summary.json,smolvla_libero,guarded_reuse_strict,libero_10,completed,guarded_action_reuse,smolvla_libero,guarded_reuse_strict,libero_10,100,40,0.4,0.7,425.75,0,int,,Reconstructed continuation. Legacy and new implementation/hardware timings are not a matched comparison; no improvement claim.,"[""smolvla-reconstructed-sdpa-v1""]",<absent>,<absent>,False,True,True,<absent>,,,,,,,,,,,,,,,,,,,,,,,,,,,,,,,,,,,,,,,,,,,,,,,,,,,,,,,,,,,,,,,,,,,,,,,,,,,,
/home/user/BiVLA/artifacts/results/mentor_2026-09-11/results/smolvla_libero/guarded_reuse_strict/libero_goal/summary.json,smolvla_libero,guarded_reuse_strict,libero_goal,completed,guarded_action_reuse,smolvla_libero,guarded_reuse_strict,libero_goal,100,76,0.76,0.23,153.41,0,int,,Reconstructed continuation. Legacy and new implementation/hardware timings are not a matched comparison; no improvement claim.,"[""smolvla-reconstructed-sdpa-v1""]",<absent>,<absent>,False,True,True,<absent>,,,,,,,,,,,,,,,,,,,,,,,,,,,,,,,,,,,,,,,,,,,,,,,,,,,,,,,,,,,,,,,,,,,,,,,,,,,,
/home/user/BiVLA/artifacts/results/mentor_2026-09-11/results/smolvla_libero/guarded_reuse_strict/libero_object/summary.json,smolvla_libero,guarded_reuse_strict,libero_object,completed,guarded_action_reuse,smolvla_libero,guarded_reuse_strict,libero_object,100,90,0.9,0.13,163.93,0,int,,Reconstructed continuation. Legacy and new implementation/hardware timings are not a matched comparison; no improvement claim.,"[""smolvla-reconstructed-sdpa-v1""]",<absent>,<absent>,False,True,True,<absent>,,,,,,,,,,,,,,,,,,,,,,,,,,,,,,,,,,,,,,,,,,,,,,,,,,,,,,,,,,,,,,,,,,,,,,,,,,,,
/home/user/BiVLA/artifacts/results/mentor_2026-09-11/results/smolvla_libero/guarded_reuse_strict/libero_spatial/summary.json,smolvla_libero,guarded_reuse_strict,libero_spatial,completed,guarded_action_reuse,smolvla_libero,guarded_reuse_strict,libero_spatial,100,79,0.79,0.03,129.17,0,int,,Reconstructed continuation. Legacy and new implementation/hardware timings are not a matched comparison; no improvement claim.,"[""smolvla-reconstructed-sdpa-v1""]",<absent>,<absent>,False,True,True,<absent>,,,,,,,,,,,,,,,,,,,,,,,,,,,,,,,,,,,,,,,,,,,,,,,,,,,,,,,,,,,,,,,,,,,,,,,,,,,,
/home/user/BiVLA/artifacts/results/mentor_2026-09-11/results/smolvla_libero/original/libero_10/summary.json,smolvla_libero,original,libero_10,completed,original,smolvla_libero,original,libero_10,100,42,0.42,0.0,428.35,0,int,,SmolVLA LIBERO paired rollout evidence. Depth and temporal settings are candidate controls; no calibration or improvement claim is implied.,<absent>,<absent>,<absent>,True,False,False,[],2,,,,,/home/shriram003/soumya/VisionLanguageAction/models/SmolVLA/checkpoints/smolvla_libero,original,original,,,,1,cuda,,0.2,,,,3,0.5,,,,,,,,,10,artifacts/results/smolvla_libero/original/libero_10,,True,1,0.01,0.03,0.995,0.01,42,libero_10,,,,/home/shriram003/soumya/VisionLanguageAction/models/SmolVLA/checkpoints/SmolVLM2-500M-Instruct,,,,,,,,0.4.4,,,,/home/shriram003/soumya/VisionLanguageAction/models/SmolVLA/checkpoints/smolvla_libero,,,,,,4.51.3 (isolated),,/home/shriram003/soumya/VisionLanguageAction/models/SmolVLA/checkpoints/SmolVLM2-500M-Instruct,False,,,,,,,,,,,,
/home/user/BiVLA/artifacts/results/mentor_2026-09-11/results/smolvla_libero/original/libero_goal/summary.json,smolvla_libero,original,libero_goal,completed,original,smolvla_libero,original,libero_goal,100,80,0.8,0.0,147.66,0,int,,SmolVLA LIBERO paired rollout evidence. Depth and temporal settings are candidate controls; no calibration or improvement claim is implied.,<absent>,<absent>,<absent>,True,False,False,[],2,,,,,/home/shriram003/soumya/VisionLanguageAction/models/SmolVLA/checkpoints/smolvla_libero,original,original,,,,1,cuda,,0.2,,,,3,0.5,,,,,,,,,10,artifacts/results/smolvla_libero/original/libero_goal,,True,1,0.01,0.03,0.995,0.01,42,libero_goal,,,,/home/shriram003/soumya/VisionLanguageAction/models/SmolVLA/checkpoints/SmolVLM2-500M-Instruct,,,,,,,,0.4.4,,,,/home/shriram003/soumya/VisionLanguageAction/models/SmolVLA/checkpoints/smolvla_libero,,,,,,4.51.3 (isolated),,/home/shriram003/soumya/VisionLanguageAction/models/SmolVLA/checkpoints/SmolVLM2-500M-Instruct,False,,,,,,,,,,,,
/home/user/BiVLA/artifacts/results/mentor_2026-09-11/results/smolvla_libero/original/libero_object/summary.json,smolvla_libero,original,libero_object,completed,original,smolvla_libero,original,libero_object,100,94,0.94,0.0,162.25,0,int,,SmolVLA LIBERO paired rollout evidence. Depth and temporal settings are candidate controls; no calibration or improvement claim is implied.,<absent>,<absent>,<absent>,True,False,False,[],2,,,,,/home/shriram003/soumya/VisionLanguageAction/models/SmolVLA/checkpoints/smolvla_libero,original,original,,,,1,cuda,,0.2,,,,3,0.5,,,,,,,,,10,artifacts/results/smolvla_libero/original/libero_object,,True,1,0.01,0.03,0.995,0.01,42,libero_object,,,,/home/shriram003/soumya/VisionLanguageAction/models/SmolVLA/checkpoints/SmolVLM2-500M-Instruct,,,,,,,,0.4.4,,,,/home/shriram003/soumya/VisionLanguageAction/models/SmolVLA/checkpoints/smolvla_libero,,,,,,4.51.3 (isolated),,/home/shriram003/soumya/VisionLanguageAction/models/SmolVLA/checkpoints/SmolVLM2-500M-Instruct,False,,,,,,,,,,,,
/home/user/BiVLA/artifacts/results/mentor_2026-09-11/results/smolvla_libero/original/libero_spatial/summary.json,smolvla_libero,original,libero_spatial,completed,original,smolvla_libero,original,libero_spatial,100,76,0.76,0.0,132.92,0,int,,SmolVLA LIBERO paired rollout evidence. Depth and temporal settings are candidate controls; no calibration or improvement claim is implied.,<absent>,<absent>,<absent>,True,False,False,[],2,,,,,/home/shriram003/soumya/VisionLanguageAction/models/SmolVLA/checkpoints/smolvla_libero,original,original,,,,1,cuda,,0.2,,,,3,0.5,,,,,,,,,10,artifacts/results/smolvla_libero/original/libero_spatial,,True,1,0.01,0.03,0.995,0.01,42,libero_spatial,,,,/home/shriram003/soumya/VisionLanguageAction/models/SmolVLA/checkpoints/SmolVLM2-500M-Instruct,,,,,,,,0.4.4,,,,/home/shriram003/soumya/VisionLanguageAction/models/SmolVLA/checkpoints/smolvla_libero,,,,,,4.51.3 (isolated),,/home/shriram003/soumya/VisionLanguageAction/models/SmolVLA/checkpoints/SmolVLM2-500M-Instruct,False,,,,,,,,,,,,
/home/user/BiVLA/artifacts/results/mentor_2026-09-11/results/smolvla_libero/temporal_fusion_conservative_adaptive/libero_10/summary.json,smolvla_libero,temporal_fusion_conservative_adaptive,libero_10,completed,temporal_fusion,smolvla_libero,temporal_fusion_conservative_adaptive,libero_10,100,44,0.44,0.0,414.93,0,int,,Reconstructed continuation. Legacy and new implementation/hardware timings are not a matched comparison; no improvement claim.,"[""smolvla-reconstructed-sdpa-v1""]",<absent>,<absent>,False,True,True,<absent>,,,,,,,,,,,,,,,,,,,,,,,,,,,,,,,,,,,,,,,,,,,,,,,,,,,,,,,,,,,,,,,,,,,,,,,,,,,,
/home/user/BiVLA/artifacts/results/mentor_2026-09-11/results/smolvla_libero/temporal_fusion_conservative_adaptive/libero_goal/summary.json,smolvla_libero,temporal_fusion_conservative_adaptive,libero_goal,completed,temporal_fusion,smolvla_libero,temporal_fusion_conservative_adaptive,libero_goal,100,77,0.77,0.0,151.34,0,int,,Reconstructed continuation. Legacy and new implementation/hardware timings are not a matched comparison; no improvement claim.,"[""smolvla-reconstructed-sdpa-v1""]",<absent>,<absent>,False,True,True,<absent>,,,,,,,,,,,,,,,,,,,,,,,,,,,,,,,,,,,,,,,,,,,,,,,,,,,,,,,,,,,,,,,,,,,,,,,,,,,,
/home/user/BiVLA/artifacts/results/mentor_2026-09-11/results/smolvla_libero/temporal_fusion_conservative_adaptive/libero_object/summary.json,smolvla_libero,temporal_fusion_conservative_adaptive,libero_object,completed,temporal_fusion,smolvla_libero,temporal_fusion_conservative_adaptive,libero_object,100,86,0.86,0.0,168.94,0,int,,Reconstructed continuation. Legacy and new implementation/hardware timings are not a matched comparison; no improvement claim.,"[""smolvla-reconstructed-sdpa-v1""]",<absent>,<absent>,False,True,True,<absent>,,,,,,,,,,,,,,,,,,,,,,,,,,,,,,,,,,,,,,,,,,,,,,,,,,,,,,,,,,,,,,,,,,,,,,,,,,,,
/home/user/BiVLA/artifacts/results/mentor_2026-09-11/results/smolvla_libero/temporal_fusion_conservative_adaptive/libero_spatial/summary.json,smolvla_libero,temporal_fusion_conservative_adaptive,libero_spatial,completed,temporal_fusion,smolvla_libero,temporal_fusion_conservative_adaptive,libero_spatial,100,82,0.82,0.0,125.71,0,int,,Reconstructed continuation. Legacy and new implementation/hardware timings are not a matched comparison; no improvement claim.,"[""smolvla-reconstructed-sdpa-v1""]",<absent>,<absent>,False,True,True,<absent>,,,,,,,,,,,,,,,,,,,,,,,,,,,,,,,,,,,,,,,,,,,,,,,,,,,,,,,,,,,,,,,,,,,,,,,,,,,,
/home/user/BiVLA/artifacts/results/mentor_2026-09-11/results/smolvla_libero/temporal_fusion_motion_entropy/libero_10/summary.json,smolvla_libero,temporal_fusion_motion_entropy,libero_10,completed,temporal_fusion,smolvla_libero,temporal_fusion_motion_entropy,libero_10,100,44,0.44,0.0,415.45,0,int,,Reconstructed continuation. Legacy and new implementation/hardware timings are not a matched comparison; no improvement claim.,"[""smolvla-reconstructed-sdpa-v1""]",<absent>,<absent>,False,True,True,<absent>,,,,,,,,,,,,,,,,,,,,,,,,,,,,,,,,,,,,,,,,,,,,,,,,,,,,,,,,,,,,,,,,,,,,,,,,,,,,
/home/user/BiVLA/artifacts/results/mentor_2026-09-11/results/smolvla_libero/temporal_fusion_motion_entropy/libero_goal/summary.json,smolvla_libero,temporal_fusion_motion_entropy,libero_goal,completed,temporal_fusion,smolvla_libero,temporal_fusion_motion_entropy,libero_goal,100,77,0.77,0.0,150.61,0,int,,Reconstructed continuation. Legacy and new implementation/hardware timings are not a matched comparison; no improvement claim.,"[""smolvla-reconstructed-sdpa-v1""]",<absent>,<absent>,False,True,True,<absent>,,,,,,,,,,,,,,,,,,,,,,,,,,,,,,,,,,,,,,,,,,,,,,,,,,,,,,,,,,,,,,,,,,,,,,,,,,,,
/home/user/BiVLA/artifacts/results/mentor_2026-09-11/results/smolvla_libero/temporal_fusion_motion_entropy/libero_object/summary.json,smolvla_libero,temporal_fusion_motion_entropy,libero_object,completed,temporal_fusion,smolvla_libero,temporal_fusion_motion_entropy,libero_object,100,90,0.9,0.0,163.32,0,int,,Reconstructed continuation. Legacy and new implementation/hardware timings are not a matched comparison; no improvement claim.,"[""smolvla-reconstructed-sdpa-v1""]",<absent>,<absent>,False,True,True,<absent>,,,,,,,,,,,,,,,,,,,,,,,,,,,,,,,,,,,,,,,,,,,,,,,,,,,,,,,,,,,,,,,,,,,,,,,,,,,,
/home/user/BiVLA/artifacts/results/mentor_2026-09-11/results/smolvla_libero/temporal_fusion_motion_entropy/libero_spatial/summary.json,smolvla_libero,temporal_fusion_motion_entropy,libero_spatial,completed,temporal_fusion,smolvla_libero,temporal_fusion_motion_entropy,libero_spatial,100,80,0.8,0.0,129.17,0,int,,Reconstructed continuation. Legacy and new implementation/hardware timings are not a matched comparison; no improvement claim.,"[""smolvla-reconstructed-sdpa-v1""]",<absent>,<absent>,False,True,True,<absent>,,,,,,,,,,,,,,,,,,,,,,,,,,,,,,,,,,,,,,,,,,,,,,,,,,,,,,,,,,,,,,,,,,,,,,,,,,,,
/home/user/BiVLA/artifacts/results/mentor_2026-09-11/results/smolvla_libero/temporal_fusion_task_aware/libero_10/summary.json,smolvla_libero,temporal_fusion_task_aware,libero_10,completed,temporal_fusion,smolvla_libero,temporal_fusion_task_aware,libero_10,100,41,0.41,0.0,422.78,0,int,,Reconstructed continuation. Legacy and new implementation/hardware timings are not a matched comparison; no improvement claim.,"[""smolvla-reconstructed-sdpa-v1""]",<absent>,<absent>,False,True,True,<absent>,,,,,,,,,,,,,,,,,,,,,,,,,,,,,,,,,,,,,,,,,,,,,,,,,,,,,,,,,,,,,,,,,,,,,,,,,,,,
/home/user/BiVLA/artifacts/results/mentor_2026-09-11/results/smolvla_libero/temporal_fusion_task_aware/libero_goal/summary.json,smolvla_libero,temporal_fusion_task_aware,libero_goal,completed,temporal_fusion,smolvla_libero,temporal_fusion_task_aware,libero_goal,100,74,0.74,0.0,158.82,0,int,,Reconstructed continuation. Legacy and new implementation/hardware timings are not a matched comparison; no improvement claim.,"[""smolvla-reconstructed-sdpa-v1""]",<absent>,<absent>,False,True,True,<absent>,,,,,,,,,,,,,,,,,,,,,,,,,,,,,,,,,,,,,,,,,,,,,,,,,,,,,,,,,,,,,,,,,,,,,,,,,,,,
/home/user/BiVLA/artifacts/results/mentor_2026-09-11/results/smolvla_libero/temporal_fusion_task_aware/libero_object/summary.json,smolvla_libero,temporal_fusion_task_aware,libero_object,completed,temporal_fusion,smolvla_libero,temporal_fusion_task_aware,libero_object,100,90,0.9,0.0,162.51,0,int,,Reconstructed continuation. Legacy and new implementation/hardware timings are not a matched comparison; no improvement claim.,"[""smolvla-reconstructed-sdpa-v1""]",<absent>,<absent>,False,True,True,<absent>,,,,,,,,,,,,,,,,,,,,,,,,,,,,,,,,,,,,,,,,,,,,,,,,,,,,,,,,,,,,,,,,,,,,,,,,,,,,
/home/user/BiVLA/artifacts/results/mentor_2026-09-11/results/smolvla_libero/temporal_fusion_task_aware/libero_spatial/summary.json,smolvla_libero,temporal_fusion_task_aware,libero_spatial,completed,temporal_fusion,smolvla_libero,temporal_fusion_task_aware,libero_spatial,100,80,0.8,0.0,128.72,0,int,,Reconstructed continuation. Legacy and new implementation/hardware timings are not a matched comparison; no improvement claim.,"[""smolvla-reconstructed-sdpa-v1""]",<absent>,<absent>,False,True,True,<absent>,,,,,,,,,,,,,,,,,,,,,,,,,,,,,,,,,,,,,,,,,,,,,,,,,,,,,,,,,,,,,,,,,,,,,,,,,,,,
/home/user/BiVLA/artifacts/results/mentor_2026-09-11/results/spatialvla_simplerenv_bridge/action_repeat2/widowx_carrot_on_plate/summary.json,spatialvla_simplerenv_bridge,action_repeat2,widowx_carrot_on_plate,completed,action_repeat,spatialvla_4b_simplerenv_bridge,action_repeat2,simpler_widowx,50,2,0.04,0.0,29.4,,NoneType,,Paired SimplerEnv WidowX task success and timing. SpatialVLA's released Bridge image-history and action-ensembling semantics are retained; synthetic action agreement is not used.,<absent>,<absent>,<absent>,False,False,False,[],2,,sdpa,,,/home/soumyara004/soumyaratnadebnath/VisionLanguageAction/models/SpatialVLA/weights/spatialvla-4b-224-sft-bridge,action_repeat,action_repeat2,,,,1,cuda:0,,0.2,False,0.15,,3,0.5,0.01,1,0.2,150,spatialvla_4b_simplerenv_bridge,,,,50,/home/soumyara004/soumyaratnadebnath/VisionLanguageAction/artifacts/results/spatialvla_simplerenv_bridge/action_repeat2/widowx_carrot_on_plate,,,1,0.01,0.03,0.995,0.01,42,,widowx_carrot_on_plate,,,,-0.8,bridge_orig/1.0.0,native_mixed (SDPA where supported; ZoeDepth compatible),PaLiGemma2-3B,,8055902750,,,,IPEC-COMMUNITY/spatialvla-4b-224-sft-bridge,4,,,/home/soumyara004/soumyaratnadebnath/VisionLanguageAction/models/SpatialVLA/weights/spatialvla-4b-224-sft-bridge,/home/soumyara004/soumyaratnadebnath/VisionLanguageAction/models/SpatialVLA/weights/spatialvla-4b-224-sft-bridge,,simpler_widowx,,,,,,,,,,,,False,0,0.0,SpatialVLA 16x16 projected visual tokens before Gemma decoding,
/home/user/BiVLA/artifacts/results/mentor_2026-09-11/results/spatialvla_simplerenv_bridge/action_repeat2/widowx_put_eggplant_in_basket/summary.json,spatialvla_simplerenv_bridge,action_repeat2,widowx_put_eggplant_in_basket,completed,action_repeat,spatialvla_4b_simplerenv_bridge,action_repeat2,simpler_widowx,50,49,0.98,0.0,18.46,,NoneType,,Paired SimplerEnv WidowX task success and timing. SpatialVLA's released Bridge image-history and action-ensembling semantics are retained; synthetic action agreement is not used.,<absent>,<absent>,<absent>,False,False,False,[],2,,sdpa,,,/home/soumyara004/soumyaratnadebnath/VisionLanguageAction/models/SpatialVLA/weights/spatialvla-4b-224-sft-bridge,action_repeat,action_repeat2,,,,1,cuda:0,,0.2,False,0.15,,3,0.5,0.01,1,0.2,150,spatialvla_4b_simplerenv_bridge,,,,50,/home/soumyara004/soumyaratnadebnath/VisionLanguageAction/artifacts/results/spatialvla_simplerenv_bridge/action_repeat2/widowx_put_eggplant_in_basket,,,1,0.01,0.03,0.995,0.01,42,,widowx_put_eggplant_in_basket,,,,-0.8,bridge_orig/1.0.0,native_mixed (SDPA where supported; ZoeDepth compatible),PaLiGemma2-3B,,8055902750,,,,IPEC-COMMUNITY/spatialvla-4b-224-sft-bridge,4,,,/home/soumyara004/soumyaratnadebnath/VisionLanguageAction/models/SpatialVLA/weights/spatialvla-4b-224-sft-bridge,/home/soumyara004/soumyaratnadebnath/VisionLanguageAction/models/SpatialVLA/weights/spatialvla-4b-224-sft-bridge,,simpler_widowx,,,,,,,,,,,,False,0,0.0,SpatialVLA 16x16 projected visual tokens before Gemma decoding,
/home/user/BiVLA/artifacts/results/mentor_2026-09-11/results/spatialvla_simplerenv_bridge/action_repeat2/widowx_spoon_on_towel/summary.json,spatialvla_simplerenv_bridge,action_repeat2,widowx_spoon_on_towel,completed,action_repeat,spatialvla_4b_simplerenv_bridge,action_repeat2,simpler_widowx,50,20,0.4,0.0,24.5,,NoneType,,Paired SimplerEnv WidowX task success and timing. SpatialVLA's released Bridge image-history and action-ensembling semantics are retained; synthetic action agreement is not used.,<absent>,<absent>,<absent>,False,False,False,[],2,,sdpa,,,/home/soumyara004/soumyaratnadebnath/VisionLanguageAction/models/SpatialVLA/weights/spatialvla-4b-224-sft-bridge,action_repeat,action_repeat2,,,,1,cuda:0,,0.2,False,0.15,,3,0.5,0.01,1,0.2,150,spatialvla_4b_simplerenv_bridge,,,,50,/home/soumyara004/soumyaratnadebnath/VisionLanguageAction/artifacts/results/spatialvla_simplerenv_bridge/action_repeat2/widowx_spoon_on_towel,,,1,0.01,0.03,0.995,0.01,42,,widowx_spoon_on_towel,,,,-0.8,bridge_orig/1.0.0,native_mixed (SDPA where supported; ZoeDepth compatible),PaLiGemma2-3B,,8055902750,,,,IPEC-COMMUNITY/spatialvla-4b-224-sft-bridge,4,,,/home/soumyara004/soumyaratnadebnath/VisionLanguageAction/models/SpatialVLA/weights/spatialvla-4b-224-sft-bridge,/home/soumyara004/soumyaratnadebnath/VisionLanguageAction/models/SpatialVLA/weights/spatialvla-4b-224-sft-bridge,,simpler_widowx,,,,,,,,,,,,False,0,0.0,SpatialVLA 16x16 projected visual tokens before Gemma decoding,
/home/user/BiVLA/artifacts/results/mentor_2026-09-11/results/spatialvla_simplerenv_bridge/action_repeat2/widowx_stack_cube/summary.json,spatialvla_simplerenv_bridge,action_repeat2,widowx_stack_cube,completed,action_repeat,spatialvla_4b_simplerenv_bridge,action_repeat2,simpler_widowx,50,11,0.22,0.0,27.04,,NoneType,,Paired SimplerEnv WidowX task success and timing. SpatialVLA's released Bridge image-history and action-ensembling semantics are retained; synthetic action agreement is not used.,<absent>,<absent>,<absent>,False,False,False,[],2,,sdpa,,,/home/soumyara004/soumyaratnadebnath/VisionLanguageAction/models/SpatialVLA/weights/spatialvla-4b-224-sft-bridge,action_repeat,action_repeat2,,,,1,cuda:0,,0.2,False,0.15,,3,0.5,0.01,1,0.2,150,spatialvla_4b_simplerenv_bridge,,,,50,/home/soumyara004/soumyaratnadebnath/VisionLanguageAction/artifacts/results/spatialvla_simplerenv_bridge/action_repeat2/widowx_stack_cube,,,1,0.01,0.03,0.995,0.01,42,,widowx_stack_cube,,,,-0.8,bridge_orig/1.0.0,native_mixed (SDPA where supported; ZoeDepth compatible),PaLiGemma2-3B,,8055902750,,,,IPEC-COMMUNITY/spatialvla-4b-224-sft-bridge,4,,,/home/soumyara004/soumyaratnadebnath/VisionLanguageAction/models/SpatialVLA/weights/spatialvla-4b-224-sft-bridge,/home/soumyara004/soumyaratnadebnath/VisionLanguageAction/models/SpatialVLA/weights/spatialvla-4b-224-sft-bridge,,simpler_widowx,,,,,,,,,,,,False,0,0.0,SpatialVLA 16x16 projected visual tokens before Gemma decoding,
/home/user/BiVLA/artifacts/results/mentor_2026-09-11/results/spatialvla_simplerenv_bridge/action_repeat4/widowx_carrot_on_plate/summary.json,spatialvla_simplerenv_bridge,action_repeat4,widowx_carrot_on_plate,completed,action_repeat,spatialvla_4b_simplerenv_bridge,action_repeat4,simpler_widowx,50,6,0.12,0.0,14.84,,NoneType,,Paired SimplerEnv WidowX task success and timing. SpatialVLA's released Bridge image-history and action-ensembling semantics are retained; synthetic action agreement is not used.,<absent>,<absent>,<absent>,False,False,False,[],4,,sdpa,,,/home/soumyara004/soumyaratnadebnath/VisionLanguageAction/models/SpatialVLA/weights/spatialvla-4b-224-sft-bridge,action_repeat,action_repeat4,,,,1,cuda:0,,0.2,False,0.15,,3,0.5,0.01,1,0.2,150,spatialvla_4b_simplerenv_bridge,,,,50,/home/soumyara004/soumyaratnadebnath/VisionLanguageAction/artifacts/results/spatialvla_simplerenv_bridge/action_repeat4/widowx_carrot_on_plate,,,1,0.01,0.03,0.995,0.01,42,,widowx_carrot_on_plate,,,,-0.8,bridge_orig/1.0.0,native_mixed (SDPA where supported; ZoeDepth compatible),PaLiGemma2-3B,,8055902750,,,,IPEC-COMMUNITY/spatialvla-4b-224-sft-bridge,4,,,/home/soumyara004/soumyaratnadebnath/VisionLanguageAction/models/SpatialVLA/weights/spatialvla-4b-224-sft-bridge,/home/soumyara004/soumyaratnadebnath/VisionLanguageAction/models/SpatialVLA/weights/spatialvla-4b-224-sft-bridge,,simpler_widowx,,,,,,,,,,,,False,0,0.0,SpatialVLA 16x16 projected visual tokens before Gemma decoding,
/home/user/BiVLA/artifacts/results/mentor_2026-09-11/results/spatialvla_simplerenv_bridge/action_repeat4/widowx_put_eggplant_in_basket/summary.json,spatialvla_simplerenv_bridge,action_repeat4,widowx_put_eggplant_in_basket,completed,action_repeat,spatialvla_4b_simplerenv_bridge,action_repeat4,simpler_widowx,50,37,0.74,0.0,18.92,,NoneType,,Paired SimplerEnv WidowX task success and timing. SpatialVLA's released Bridge image-history and action-ensembling semantics are retained; synthetic action agreement is not used.,<absent>,<absent>,<absent>,False,False,False,[],4,,sdpa,,,/home/soumyara004/soumyaratnadebnath/VisionLanguageAction/models/SpatialVLA/weights/spatialvla-4b-224-sft-bridge,action_repeat,action_repeat4,,,,1,cuda:0,,0.2,False,0.15,,3,0.5,0.01,1,0.2,150,spatialvla_4b_simplerenv_bridge,,,,50,/home/soumyara004/soumyaratnadebnath/VisionLanguageAction/artifacts/results/spatialvla_simplerenv_bridge/action_repeat4/widowx_put_eggplant_in_basket,,,1,0.01,0.03,0.995,0.01,42,,widowx_put_eggplant_in_basket,,,,-0.8,bridge_orig/1.0.0,native_mixed (SDPA where supported; ZoeDepth compatible),PaLiGemma2-3B,,8055902750,,,,IPEC-COMMUNITY/spatialvla-4b-224-sft-bridge,4,,,/home/soumyara004/soumyaratnadebnath/VisionLanguageAction/models/SpatialVLA/weights/spatialvla-4b-224-sft-bridge,/home/soumyara004/soumyaratnadebnath/VisionLanguageAction/models/SpatialVLA/weights/spatialvla-4b-224-sft-bridge,,simpler_widowx,,,,,,,,,,,,False,0,0.0,SpatialVLA 16x16 projected visual tokens before Gemma decoding,
/home/user/BiVLA/artifacts/results/mentor_2026-09-11/results/spatialvla_simplerenv_bridge/action_repeat4/widowx_spoon_on_towel/summary.json,spatialvla_simplerenv_bridge,action_repeat4,widowx_spoon_on_towel,completed,action_repeat,spatialvla_4b_simplerenv_bridge,action_repeat4,simpler_widowx,50,9,0.18,0.0,14.64,,NoneType,,Paired SimplerEnv WidowX task success and timing. SpatialVLA's released Bridge image-history and action-ensembling semantics are retained; synthetic action agreement is not used.,<absent>,<absent>,<absent>,False,False,False,[],4,,sdpa,,,/home/soumyara004/soumyaratnadebnath/VisionLanguageAction/models/SpatialVLA/weights/spatialvla-4b-224-sft-bridge,action_repeat,action_repeat4,,,,1,cuda:0,,0.2,False,0.15,,3,0.5,0.01,1,0.2,150,spatialvla_4b_simplerenv_bridge,,,,50,/home/soumyara004/soumyaratnadebnath/VisionLanguageAction/artifacts/results/spatialvla_simplerenv_bridge/action_repeat4/widowx_spoon_on_towel,,,1,0.01,0.03,0.995,0.01,42,,widowx_spoon_on_towel,,,,-0.8,bridge_orig/1.0.0,native_mixed (SDPA where supported; ZoeDepth compatible),PaLiGemma2-3B,,8055902750,,,,IPEC-COMMUNITY/spatialvla-4b-224-sft-bridge,4,,,/home/soumyara004/soumyaratnadebnath/VisionLanguageAction/models/SpatialVLA/weights/spatialvla-4b-224-sft-bridge,/home/soumyara004/soumyaratnadebnath/VisionLanguageAction/models/SpatialVLA/weights/spatialvla-4b-224-sft-bridge,,simpler_widowx,,,,,,,,,,,,False,0,0.0,SpatialVLA 16x16 projected visual tokens before Gemma decoding,
/home/user/BiVLA/artifacts/results/mentor_2026-09-11/results/spatialvla_simplerenv_bridge/action_repeat4/widowx_stack_cube/summary.json,spatialvla_simplerenv_bridge,action_repeat4,widowx_stack_cube,completed,action_repeat,spatialvla_4b_simplerenv_bridge,action_repeat4,simpler_widowx,50,6,0.12,0.0,14.72,,NoneType,,Paired SimplerEnv WidowX task success and timing. SpatialVLA's released Bridge image-history and action-ensembling semantics are retained; synthetic action agreement is not used.,<absent>,<absent>,<absent>,False,False,False,[],4,,sdpa,,,/home/soumyara004/soumyaratnadebnath/VisionLanguageAction/models/SpatialVLA/weights/spatialvla-4b-224-sft-bridge,action_repeat,action_repeat4,,,,1,cuda:0,,0.2,False,0.15,,3,0.5,0.01,1,0.2,150,spatialvla_4b_simplerenv_bridge,,,,50,/home/soumyara004/soumyaratnadebnath/VisionLanguageAction/artifacts/results/spatialvla_simplerenv_bridge/action_repeat4/widowx_stack_cube,,,1,0.01,0.03,0.995,0.01,42,,widowx_stack_cube,,,,-0.8,bridge_orig/1.0.0,native_mixed (SDPA where supported; ZoeDepth compatible),PaLiGemma2-3B,,8055902750,,,,IPEC-COMMUNITY/spatialvla-4b-224-sft-bridge,4,,,/home/soumyara004/soumyaratnadebnath/VisionLanguageAction/models/SpatialVLA/weights/spatialvla-4b-224-sft-bridge,/home/soumyara004/soumyaratnadebnath/VisionLanguageAction/models/SpatialVLA/weights/spatialvla-4b-224-sft-bridge,,simpler_widowx,,,,,,,,,,,,False,0,0.0,SpatialVLA 16x16 projected visual tokens before Gemma decoding,
/home/user/BiVLA/artifacts/results/mentor_2026-09-11/results/spatialvla_simplerenv_bridge/depth_pruning1/widowx_carrot_on_plate/summary.json,spatialvla_simplerenv_bridge,depth_pruning1,widowx_carrot_on_plate,completed,depth_pruning,spatialvla_4b_simplerenv_bridge,depth_pruning1,simpler_widowx,50,10,0.2,0.0,54.08,,NoneType,,Paired SimplerEnv WidowX task success and timing. SpatialVLA's released Bridge image-history and action-ensembling semantics are retained; synthetic action agreement is not used.,<absent>,<absent>,<absent>,False,False,False,[8],2,,sdpa,,,/home/soumyara004/soumyaratnadebnath/VisionLanguageAction/models/SpatialVLA/weights/spatialvla-4b-224-sft-bridge,depth_pruning,depth_pruning1,,,,1,cuda:0,,0.2,False,0.15,,3,0.5,0.01,1,0.2,150,spatialvla_4b_simplerenv_bridge,,,,50,/home/soumyara004/soumyaratnadebnath/VisionLanguageAction/artifacts/results/spatialvla_simplerenv_bridge/depth_pruning1/widowx_carrot_on_plate,,,1,0.01,0.03,0.995,0.01,42,,widowx_carrot_on_plate,,,,-0.8,bridge_orig/1.0.0,native_mixed (SDPA where supported; ZoeDepth compatible),PaLiGemma2-3B,,8055902750,,,,IPEC-COMMUNITY/spatialvla-4b-224-sft-bridge,4,,,/home/soumyara004/soumyaratnadebnath/VisionLanguageAction/models/SpatialVLA/weights/spatialvla-4b-224-sft-bridge,/home/soumyara004/soumyaratnadebnath/VisionLanguageAction/models/SpatialVLA/weights/spatialvla-4b-224-sft-bridge,,simpler_widowx,,,,,"[0.39185748994350433, 0.1568472981452942, 0.19456961750984192, 0.07779504358768463, 0.0906745195388794, 0.03709724545478821, 0.08948968350887299, 0.044187963008880615, 0.0321531742811203, 0.03316996991634369, 0.034301742911338806, 0.04464989900588989, 0.06779170036315918, 0.05844709277153015, 0.1037725955247879, 0.08394114673137665, 0.09942764043807983, 0.10863730311393738, 0.10523734986782074, 0.09895738959312439, 0.08916094899177551, 0.07238945364952087, 0.07477869093418121, 0.06587909162044525, 0.07559630274772644, 0.20287753641605377]",,,,,,,False,0,0.0,SpatialVLA 16x16 projected visual tokens before Gemma decoding,
/home/user/BiVLA/artifacts/results/mentor_2026-09-11/results/spatialvla_simplerenv_bridge/depth_pruning1/widowx_put_eggplant_in_basket/summary.json,spatialvla_simplerenv_bridge,depth_pruning1,widowx_put_eggplant_in_basket,completed,depth_pruning,spatialvla_4b_simplerenv_bridge,depth_pruning1,simpler_widowx,50,46,0.92,0.0,36.12,,NoneType,,Paired SimplerEnv WidowX task success and timing. SpatialVLA's released Bridge image-history and action-ensembling semantics are retained; synthetic action agreement is not used.,<absent>,<absent>,<absent>,False,False,False,[8],2,,sdpa,,,/home/soumyara004/soumyaratnadebnath/VisionLanguageAction/models/SpatialVLA/weights/spatialvla-4b-224-sft-bridge,depth_pruning,depth_pruning1,,,,1,cuda:0,,0.2,False,0.15,,3,0.5,0.01,1,0.2,150,spatialvla_4b_simplerenv_bridge,,,,50,/home/soumyara004/soumyaratnadebnath/VisionLanguageAction/artifacts/results/spatialvla_simplerenv_bridge/depth_pruning1/widowx_put_eggplant_in_basket,,,1,0.01,0.03,0.995,0.01,42,,widowx_put_eggplant_in_basket,,,,-0.8,bridge_orig/1.0.0,native_mixed (SDPA where supported; ZoeDepth compatible),PaLiGemma2-3B,,8055902750,,,,IPEC-COMMUNITY/spatialvla-4b-224-sft-bridge,4,,,/home/soumyara004/soumyaratnadebnath/VisionLanguageAction/models/SpatialVLA/weights/spatialvla-4b-224-sft-bridge,/home/soumyara004/soumyaratnadebnath/VisionLanguageAction/models/SpatialVLA/weights/spatialvla-4b-224-sft-bridge,,simpler_widowx,,,,,"[0.39185748994350433, 0.1568472981452942, 0.19456961750984192, 0.07779504358768463, 0.0906745195388794, 0.03709724545478821, 0.08948968350887299, 0.044187963008880615, 0.0321531742811203, 0.03316996991634369, 0.034301742911338806, 0.04464989900588989, 0.06779170036315918, 0.05844709277153015, 0.1037725955247879, 0.08394114673137665, 0.09942764043807983, 0.10863730311393738, 0.10523734986782074, 0.09895738959312439, 0.08916094899177551, 0.07238945364952087, 0.07477869093418121, 0.06587909162044525, 0.07559630274772644, 0.20287753641605377]",,,,,,,False,0,0.0,SpatialVLA 16x16 projected visual tokens before Gemma decoding,
/home/user/BiVLA/artifacts/results/mentor_2026-09-11/results/spatialvla_simplerenv_bridge/depth_pruning1/widowx_spoon_on_towel/summary.json,spatialvla_simplerenv_bridge,depth_pruning1,widowx_spoon_on_towel,completed,depth_pruning,spatialvla_4b_simplerenv_bridge,depth_pruning1,simpler_widowx,50,9,0.18,0.0,54.46,,NoneType,,Paired SimplerEnv WidowX task success and timing. SpatialVLA's released Bridge image-history and action-ensembling semantics are retained; synthetic action agreement is not used.,<absent>,<absent>,<absent>,False,False,False,[8],2,,sdpa,,,/home/soumyara004/soumyaratnadebnath/VisionLanguageAction/models/SpatialVLA/weights/spatialvla-4b-224-sft-bridge,depth_pruning,depth_pruning1,,,,1,cuda:0,,0.2,False,0.15,,3,0.5,0.01,1,0.2,150,spatialvla_4b_simplerenv_bridge,,,,50,/home/soumyara004/soumyaratnadebnath/VisionLanguageAction/artifacts/results/spatialvla_simplerenv_bridge/depth_pruning1/widowx_spoon_on_towel,,,1,0.01,0.03,0.995,0.01,42,,widowx_spoon_on_towel,,,,-0.8,bridge_orig/1.0.0,native_mixed (SDPA where supported; ZoeDepth compatible),PaLiGemma2-3B,,8055902750,,,,IPEC-COMMUNITY/spatialvla-4b-224-sft-bridge,4,,,/home/soumyara004/soumyaratnadebnath/VisionLanguageAction/models/SpatialVLA/weights/spatialvla-4b-224-sft-bridge,/home/soumyara004/soumyaratnadebnath/VisionLanguageAction/models/SpatialVLA/weights/spatialvla-4b-224-sft-bridge,,simpler_widowx,,,,,"[0.39185748994350433, 0.1568472981452942, 0.19456961750984192, 0.07779504358768463, 0.0906745195388794, 0.03709724545478821, 0.08948968350887299, 0.044187963008880615, 0.0321531742811203, 0.03316996991634369, 0.034301742911338806, 0.04464989900588989, 0.06779170036315918, 0.05844709277153015, 0.1037725955247879, 0.08394114673137665, 0.09942764043807983, 0.10863730311393738, 0.10523734986782074, 0.09895738959312439, 0.08916094899177551, 0.07238945364952087, 0.07477869093418121, 0.06587909162044525, 0.07559630274772644, 0.20287753641605377]",,,,,,,False,0,0.0,SpatialVLA 16x16 projected visual tokens before Gemma decoding,
/home/user/BiVLA/artifacts/results/mentor_2026-09-11/results/spatialvla_simplerenv_bridge/depth_pruning1/widowx_stack_cube/summary.json,spatialvla_simplerenv_bridge,depth_pruning1,widowx_stack_cube,completed,depth_pruning,spatialvla_4b_simplerenv_bridge,depth_pruning1,simpler_widowx,50,12,0.24,0.0,54.16,,NoneType,,Paired SimplerEnv WidowX task success and timing. SpatialVLA's released Bridge image-history and action-ensembling semantics are retained; synthetic action agreement is not used.,<absent>,<absent>,<absent>,False,False,False,[8],2,,sdpa,,,/home/soumyara004/soumyaratnadebnath/VisionLanguageAction/models/SpatialVLA/weights/spatialvla-4b-224-sft-bridge,depth_pruning,depth_pruning1,,,,1,cuda:0,,0.2,False,0.15,,3,0.5,0.01,1,0.2,150,spatialvla_4b_simplerenv_bridge,,,,50,/home/soumyara004/soumyaratnadebnath/VisionLanguageAction/artifacts/results/spatialvla_simplerenv_bridge/depth_pruning1/widowx_stack_cube,,,1,0.01,0.03,0.995,0.01,42,,widowx_stack_cube,,,,-0.8,bridge_orig/1.0.0,native_mixed (SDPA where supported; ZoeDepth compatible),PaLiGemma2-3B,,8055902750,,,,IPEC-COMMUNITY/spatialvla-4b-224-sft-bridge,4,,,/home/soumyara004/soumyaratnadebnath/VisionLanguageAction/models/SpatialVLA/weights/spatialvla-4b-224-sft-bridge,/home/soumyara004/soumyaratnadebnath/VisionLanguageAction/models/SpatialVLA/weights/spatialvla-4b-224-sft-bridge,,simpler_widowx,,,,,"[0.39185748994350433, 0.1568472981452942, 0.19456961750984192, 0.07779504358768463, 0.0906745195388794, 0.03709724545478821, 0.08948968350887299, 0.044187963008880615, 0.0321531742811203, 0.03316996991634369, 0.034301742911338806, 0.04464989900588989, 0.06779170036315918, 0.05844709277153015, 0.1037725955247879, 0.08394114673137665, 0.09942764043807983, 0.10863730311393738, 0.10523734986782074, 0.09895738959312439, 0.08916094899177551, 0.07238945364952087, 0.07477869093418121, 0.06587909162044525, 0.07559630274772644, 0.20287753641605377]",,,,,,,False,0,0.0,SpatialVLA 16x16 projected visual tokens before Gemma decoding,
/home/user/BiVLA/artifacts/results/mentor_2026-09-11/results/spatialvla_simplerenv_bridge/depth_pruning2/widowx_carrot_on_plate/summary.json,spatialvla_simplerenv_bridge,depth_pruning2,widowx_carrot_on_plate,completed,depth_pruning,spatialvla_4b_simplerenv_bridge,depth_pruning2,simpler_widowx,50,8,0.16,0.0,55.56,,NoneType,,Paired SimplerEnv WidowX task success and timing. SpatialVLA's released Bridge image-history and action-ensembling semantics are retained; synthetic action agreement is not used.,<absent>,<absent>,<absent>,False,False,False,"[8, 10]",2,,sdpa,,,/home/soumyara004/soumyaratnadebnath/VisionLanguageAction/models/SpatialVLA/weights/spatialvla-4b-224-sft-bridge,depth_pruning,depth_pruning2,,,,2,cuda:0,,0.2,False,0.15,,3,0.5,0.01,1,0.2,150,spatialvla_4b_simplerenv_bridge,,,,50,/home/soumyara004/soumyaratnadebnath/VisionLanguageAction/artifacts/results/spatialvla_simplerenv_bridge/depth_pruning2/widowx_carrot_on_plate,,,1,0.01,0.03,0.995,0.01,42,,widowx_carrot_on_plate,,,,-0.8,bridge_orig/1.0.0,native_mixed (SDPA where supported; ZoeDepth compatible),PaLiGemma2-3B,,8055902750,,,,IPEC-COMMUNITY/spatialvla-4b-224-sft-bridge,4,,,/home/soumyara004/soumyaratnadebnath/VisionLanguageAction/models/SpatialVLA/weights/spatialvla-4b-224-sft-bridge,/home/soumyara004/soumyaratnadebnath/VisionLanguageAction/models/SpatialVLA/weights/spatialvla-4b-224-sft-bridge,,simpler_widowx,,,,,"[0.39185748994350433, 0.1568472981452942, 0.19456961750984192, 0.07779504358768463, 0.0906745195388794, 0.03709724545478821, 0.08948968350887299, 0.044187963008880615, 0.0321531742811203, 0.03316996991634369, 0.034301742911338806, 0.04464989900588989, 0.06779170036315918, 0.05844709277153015, 0.1037725955247879, 0.08394114673137665, 0.09942764043807983, 0.10863730311393738, 0.10523734986782074, 0.09895738959312439, 0.08916094899177551, 0.07238945364952087, 0.07477869093418121, 0.06587909162044525, 0.07559630274772644, 0.20287753641605377]",,,,,,,False,0,0.0,SpatialVLA 16x16 projected visual tokens before Gemma decoding,
/home/user/BiVLA/artifacts/results/mentor_2026-09-11/results/spatialvla_simplerenv_bridge/depth_pruning2/widowx_put_eggplant_in_basket/summary.json,spatialvla_simplerenv_bridge,depth_pruning2,widowx_put_eggplant_in_basket,completed,depth_pruning,spatialvla_4b_simplerenv_bridge,depth_pruning2,simpler_widowx,50,41,0.82,0.0,48.46,,NoneType,,Paired SimplerEnv WidowX task success and timing. SpatialVLA's released Bridge image-history and action-ensembling semantics are retained; synthetic action agreement is not used.,<absent>,<absent>,<absent>,False,False,False,"[8, 10]",2,,sdpa,,,/home/soumyara004/soumyaratnadebnath/VisionLanguageAction/models/SpatialVLA/weights/spatialvla-4b-224-sft-bridge,depth_pruning,depth_pruning2,,,,2,cuda:0,,0.2,False,0.15,,3,0.5,0.01,1,0.2,150,spatialvla_4b_simplerenv_bridge,,,,50,/home/soumyara004/soumyaratnadebnath/VisionLanguageAction/artifacts/results/spatialvla_simplerenv_bridge/depth_pruning2/widowx_put_eggplant_in_basket,,,1,0.01,0.03,0.995,0.01,42,,widowx_put_eggplant_in_basket,,,,-0.8,bridge_orig/1.0.0,native_mixed (SDPA where supported; ZoeDepth compatible),PaLiGemma2-3B,,8055902750,,,,IPEC-COMMUNITY/spatialvla-4b-224-sft-bridge,4,,,/home/soumyara004/soumyaratnadebnath/VisionLanguageAction/models/SpatialVLA/weights/spatialvla-4b-224-sft-bridge,/home/soumyara004/soumyaratnadebnath/VisionLanguageAction/models/SpatialVLA/weights/spatialvla-4b-224-sft-bridge,,simpler_widowx,,,,,"[0.39185748994350433, 0.1568472981452942, 0.19456961750984192, 0.07779504358768463, 0.0906745195388794, 0.03709724545478821, 0.08948968350887299, 0.044187963008880615, 0.0321531742811203, 0.03316996991634369, 0.034301742911338806, 0.04464989900588989, 0.06779170036315918, 0.05844709277153015, 0.1037725955247879, 0.08394114673137665, 0.09942764043807983, 0.10863730311393738, 0.10523734986782074, 0.09895738959312439, 0.08916094899177551, 0.07238945364952087, 0.07477869093418121, 0.06587909162044525, 0.07559630274772644, 0.20287753641605377]",,,,,,,False,0,0.0,SpatialVLA 16x16 projected visual tokens before Gemma decoding,
/home/user/BiVLA/artifacts/results/mentor_2026-09-11/results/spatialvla_simplerenv_bridge/depth_pruning2/widowx_spoon_on_towel/summary.json,spatialvla_simplerenv_bridge,depth_pruning2,widowx_spoon_on_towel,completed,depth_pruning,spatialvla_4b_simplerenv_bridge,depth_pruning2,simpler_widowx,50,0,0.0,0.0,60.0,,NoneType,,Paired SimplerEnv WidowX task success and timing. SpatialVLA's released Bridge image-history and action-ensembling semantics are retained; synthetic action agreement is not used.,<absent>,<absent>,<absent>,False,False,False,"[8, 10]",2,,sdpa,,,/home/soumyara004/soumyaratnadebnath/VisionLanguageAction/models/SpatialVLA/weights/spatialvla-4b-224-sft-bridge,depth_pruning,depth_pruning2,,,,2,cuda:0,,0.2,False,0.15,,3,0.5,0.01,1,0.2,150,spatialvla_4b_simplerenv_bridge,,,,50,/home/soumyara004/soumyaratnadebnath/VisionLanguageAction/artifacts/results/spatialvla_simplerenv_bridge/depth_pruning2/widowx_spoon_on_towel,,,1,0.01,0.03,0.995,0.01,42,,widowx_spoon_on_towel,,,,-0.8,bridge_orig/1.0.0,native_mixed (SDPA where supported; ZoeDepth compatible),PaLiGemma2-3B,,8055902750,,,,IPEC-COMMUNITY/spatialvla-4b-224-sft-bridge,4,,,/home/soumyara004/soumyaratnadebnath/VisionLanguageAction/models/SpatialVLA/weights/spatialvla-4b-224-sft-bridge,/home/soumyara004/soumyaratnadebnath/VisionLanguageAction/models/SpatialVLA/weights/spatialvla-4b-224-sft-bridge,,simpler_widowx,,,,,"[0.39185748994350433, 0.1568472981452942, 0.19456961750984192, 0.07779504358768463, 0.0906745195388794, 0.03709724545478821, 0.08948968350887299, 0.044187963008880615, 0.0321531742811203, 0.03316996991634369, 0.034301742911338806, 0.04464989900588989, 0.06779170036315918, 0.05844709277153015, 0.1037725955247879, 0.08394114673137665, 0.09942764043807983, 0.10863730311393738, 0.10523734986782074, 0.09895738959312439, 0.08916094899177551, 0.07238945364952087, 0.07477869093418121, 0.06587909162044525, 0.07559630274772644, 0.20287753641605377]",,,,,,,False,0,0.0,SpatialVLA 16x16 projected visual tokens before Gemma decoding,
/home/user/BiVLA/artifacts/results/mentor_2026-09-11/results/spatialvla_simplerenv_bridge/depth_pruning2/widowx_stack_cube/summary.json,spatialvla_simplerenv_bridge,depth_pruning2,widowx_stack_cube,completed,depth_pruning,spatialvla_4b_simplerenv_bridge,depth_pruning2,simpler_widowx,50,7,0.14,0.0,57.26,,NoneType,,Paired SimplerEnv WidowX task success and timing. SpatialVLA's released Bridge image-history and action-ensembling semantics are retained; synthetic action agreement is not used.,<absent>,<absent>,<absent>,False,False,False,"[8, 10]",2,,sdpa,,,/home/soumyara004/soumyaratnadebnath/VisionLanguageAction/models/SpatialVLA/weights/spatialvla-4b-224-sft-bridge,depth_pruning,depth_pruning2,,,,2,cuda:0,,0.2,False,0.15,,3,0.5,0.01,1,0.2,150,spatialvla_4b_simplerenv_bridge,,,,50,/home/soumyara004/soumyaratnadebnath/VisionLanguageAction/artifacts/results/spatialvla_simplerenv_bridge/depth_pruning2/widowx_stack_cube,,,1,0.01,0.03,0.995,0.01,42,,widowx_stack_cube,,,,-0.8,bridge_orig/1.0.0,native_mixed (SDPA where supported; ZoeDepth compatible),PaLiGemma2-3B,,8055902750,,,,IPEC-COMMUNITY/spatialvla-4b-224-sft-bridge,4,,,/home/soumyara004/soumyaratnadebnath/VisionLanguageAction/models/SpatialVLA/weights/spatialvla-4b-224-sft-bridge,/home/soumyara004/soumyaratnadebnath/VisionLanguageAction/models/SpatialVLA/weights/spatialvla-4b-224-sft-bridge,,simpler_widowx,,,,,"[0.39185748994350433, 0.1568472981452942, 0.19456961750984192, 0.07779504358768463, 0.0906745195388794, 0.03709724545478821, 0.08948968350887299, 0.044187963008880615, 0.0321531742811203, 0.03316996991634369, 0.034301742911338806, 0.04464989900588989, 0.06779170036315918, 0.05844709277153015, 0.1037725955247879, 0.08394114673137665, 0.09942764043807983, 0.10863730311393738, 0.10523734986782074, 0.09895738959312439, 0.08916094899177551, 0.07238945364952087, 0.07477869093418121, 0.06587909162044525, 0.07559630274772644, 0.20287753641605377]",,,,,,,False,0,0.0,SpatialVLA 16x16 projected visual tokens before Gemma decoding,
/home/user/BiVLA/artifacts/results/mentor_2026-09-11/results/spatialvla_simplerenv_bridge/depth_pruning4/widowx_carrot_on_plate/summary.json,spatialvla_simplerenv_bridge,depth_pruning4,widowx_carrot_on_plate,completed,depth_pruning,spatialvla_4b_simplerenv_bridge,depth_pruning4,simpler_widowx,50,13,0.26,0.0,55.66,,NoneType,,Paired SimplerEnv WidowX task success and timing. SpatialVLA's released Bridge image-history and action-ensembling semantics are retained; synthetic action agreement is not used.,<absent>,<absent>,<absent>,False,False,False,"[8, 10, 13, 23]",2,,sdpa,,,/home/soumyara004/soumyaratnadebnath/VisionLanguageAction/models/SpatialVLA/weights/spatialvla-4b-224-sft-bridge,depth_pruning,depth_pruning4,,,,4,cuda:0,,0.2,False,0.15,,3,0.5,0.01,1,0.2,150,spatialvla_4b_simplerenv_bridge,,,,50,/home/soumyara004/soumyaratnadebnath/VisionLanguageAction/artifacts/results/spatialvla_simplerenv_bridge/depth_pruning4/widowx_carrot_on_plate,,,1,0.01,0.03,0.995,0.01,42,,widowx_carrot_on_plate,,,,-0.8,bridge_orig/1.0.0,native_mixed (SDPA where supported; ZoeDepth compatible),PaLiGemma2-3B,,8055902750,,,,IPEC-COMMUNITY/spatialvla-4b-224-sft-bridge,4,,,/home/soumyara004/soumyaratnadebnath/VisionLanguageAction/models/SpatialVLA/weights/spatialvla-4b-224-sft-bridge,/home/soumyara004/soumyaratnadebnath/VisionLanguageAction/models/SpatialVLA/weights/spatialvla-4b-224-sft-bridge,,simpler_widowx,,,,,"[0.39185748994350433, 0.1568472981452942, 0.19456961750984192, 0.07779504358768463, 0.0906745195388794, 0.03709724545478821, 0.08948968350887299, 0.044187963008880615, 0.0321531742811203, 0.03316996991634369, 0.034301742911338806, 0.04464989900588989, 0.06779170036315918, 0.05844709277153015, 0.1037725955247879, 0.08394114673137665, 0.09942764043807983, 0.10863730311393738, 0.10523734986782074, 0.09895738959312439, 0.08916094899177551, 0.07238945364952087, 0.07477869093418121, 0.06587909162044525, 0.07559630274772644, 0.20287753641605377]",,,,,,,False,0,0.0,SpatialVLA 16x16 projected visual tokens before Gemma decoding,
/home/user/BiVLA/artifacts/results/mentor_2026-09-11/results/spatialvla_simplerenv_bridge/depth_pruning4/widowx_put_eggplant_in_basket/summary.json,spatialvla_simplerenv_bridge,depth_pruning4,widowx_put_eggplant_in_basket,completed,depth_pruning,spatialvla_4b_simplerenv_bridge,depth_pruning4,simpler_widowx,50,8,0.16,0.0,110.9,,NoneType,,Paired SimplerEnv WidowX task success and timing. SpatialVLA's released Bridge image-history and action-ensembling semantics are retained; synthetic action agreement is not used.,<absent>,<absent>,<absent>,False,False,False,"[8, 10, 13, 23]",2,,sdpa,,,/home/soumyara004/soumyaratnadebnath/VisionLanguageAction/models/SpatialVLA/weights/spatialvla-4b-224-sft-bridge,depth_pruning,depth_pruning4,,,,4,cuda:0,,0.2,False,0.15,,3,0.5,0.01,1,0.2,150,spatialvla_4b_simplerenv_bridge,,,,50,/home/soumyara004/soumyaratnadebnath/VisionLanguageAction/artifacts/results/spatialvla_simplerenv_bridge/depth_pruning4/widowx_put_eggplant_in_basket,,,1,0.01,0.03,0.995,0.01,42,,widowx_put_eggplant_in_basket,,,,-0.8,bridge_orig/1.0.0,native_mixed (SDPA where supported; ZoeDepth compatible),PaLiGemma2-3B,,8055902750,,,,IPEC-COMMUNITY/spatialvla-4b-224-sft-bridge,4,,,/home/soumyara004/soumyaratnadebnath/VisionLanguageAction/models/SpatialVLA/weights/spatialvla-4b-224-sft-bridge,/home/soumyara004/soumyaratnadebnath/VisionLanguageAction/models/SpatialVLA/weights/spatialvla-4b-224-sft-bridge,,simpler_widowx,,,,,"[0.39185748994350433, 0.1568472981452942, 0.19456961750984192, 0.07779504358768463, 0.0906745195388794, 0.03709724545478821, 0.08948968350887299, 0.044187963008880615, 0.0321531742811203, 0.03316996991634369, 0.034301742911338806, 0.04464989900588989, 0.06779170036315918, 0.05844709277153015, 0.1037725955247879, 0.08394114673137665, 0.09942764043807983, 0.10863730311393738, 0.10523734986782074, 0.09895738959312439, 0.08916094899177551, 0.07238945364952087, 0.07477869093418121, 0.06587909162044525, 0.07559630274772644, 0.20287753641605377]",,,,,,,False,0,0.0,SpatialVLA 16x16 projected visual tokens before Gemma decoding,
/home/user/BiVLA/artifacts/results/mentor_2026-09-11/results/spatialvla_simplerenv_bridge/depth_pruning4/widowx_spoon_on_towel/summary.json,spatialvla_simplerenv_bridge,depth_pruning4,widowx_spoon_on_towel,completed,depth_pruning,spatialvla_4b_simplerenv_bridge,depth_pruning4,simpler_widowx,50,3,0.06,0.0,59.04,,NoneType,,Paired SimplerEnv WidowX task success and timing. SpatialVLA's released Bridge image-history and action-ensembling semantics are retained; synthetic action agreement is not used.,<absent>,<absent>,<absent>,False,False,False,"[8, 10, 13, 23]",2,,sdpa,,,/home/soumyara004/soumyaratnadebnath/VisionLanguageAction/models/SpatialVLA/weights/spatialvla-4b-224-sft-bridge,depth_pruning,depth_pruning4,,,,4,cuda:0,,0.2,False,0.15,,3,0.5,0.01,1,0.2,150,spatialvla_4b_simplerenv_bridge,,,,50,/home/soumyara004/soumyaratnadebnath/VisionLanguageAction/artifacts/results/spatialvla_simplerenv_bridge/depth_pruning4/widowx_spoon_on_towel,,,1,0.01,0.03,0.995,0.01,42,,widowx_spoon_on_towel,,,,-0.8,bridge_orig/1.0.0,native_mixed (SDPA where supported; ZoeDepth compatible),PaLiGemma2-3B,,8055902750,,,,IPEC-COMMUNITY/spatialvla-4b-224-sft-bridge,4,,,/home/soumyara004/soumyaratnadebnath/VisionLanguageAction/models/SpatialVLA/weights/spatialvla-4b-224-sft-bridge,/home/soumyara004/soumyaratnadebnath/VisionLanguageAction/models/SpatialVLA/weights/spatialvla-4b-224-sft-bridge,,simpler_widowx,,,,,"[0.39185748994350433, 0.1568472981452942, 0.19456961750984192, 0.07779504358768463, 0.0906745195388794, 0.03709724545478821, 0.08948968350887299, 0.044187963008880615, 0.0321531742811203, 0.03316996991634369, 0.034301742911338806, 0.04464989900588989, 0.06779170036315918, 0.05844709277153015, 0.1037725955247879, 0.08394114673137665, 0.09942764043807983, 0.10863730311393738, 0.10523734986782074, 0.09895738959312439, 0.08916094899177551, 0.07238945364952087, 0.07477869093418121, 0.06587909162044525, 0.07559630274772644, 0.20287753641605377]",,,,,,,False,0,0.0,SpatialVLA 16x16 projected visual tokens before Gemma decoding,
/home/user/BiVLA/artifacts/results/mentor_2026-09-11/results/spatialvla_simplerenv_bridge/depth_pruning4/widowx_stack_cube/summary.json,spatialvla_simplerenv_bridge,depth_pruning4,widowx_stack_cube,completed,depth_pruning,spatialvla_4b_simplerenv_bridge,depth_pruning4,simpler_widowx,50,4,0.08,0.0,57.92,,NoneType,,Paired SimplerEnv WidowX task success and timing. SpatialVLA's released Bridge image-history and action-ensembling semantics are retained; synthetic action agreement is not used.,<absent>,<absent>,<absent>,False,False,False,"[8, 10, 13, 23]",2,,sdpa,,,/home/soumyara004/soumyaratnadebnath/VisionLanguageAction/models/SpatialVLA/weights/spatialvla-4b-224-sft-bridge,depth_pruning,depth_pruning4,,,,4,cuda:0,,0.2,False,0.15,,3,0.5,0.01,1,0.2,150,spatialvla_4b_simplerenv_bridge,,,,50,/home/soumyara004/soumyaratnadebnath/VisionLanguageAction/artifacts/results/spatialvla_simplerenv_bridge/depth_pruning4/widowx_stack_cube,,,1,0.01,0.03,0.995,0.01,42,,widowx_stack_cube,,,,-0.8,bridge_orig/1.0.0,native_mixed (SDPA where supported; ZoeDepth compatible),PaLiGemma2-3B,,8055902750,,,,IPEC-COMMUNITY/spatialvla-4b-224-sft-bridge,4,,,/home/soumyara004/soumyaratnadebnath/VisionLanguageAction/models/SpatialVLA/weights/spatialvla-4b-224-sft-bridge,/home/soumyara004/soumyaratnadebnath/VisionLanguageAction/models/SpatialVLA/weights/spatialvla-4b-224-sft-bridge,,simpler_widowx,,,,,"[0.39185748994350433, 0.1568472981452942, 0.19456961750984192, 0.07779504358768463, 0.0906745195388794, 0.03709724545478821, 0.08948968350887299, 0.044187963008880615, 0.0321531742811203, 0.03316996991634369, 0.034301742911338806, 0.04464989900588989, 0.06779170036315918, 0.05844709277153015, 0.1037725955247879, 0.08394114673137665, 0.09942764043807983, 0.10863730311393738, 0.10523734986782074, 0.09895738959312439, 0.08916094899177551, 0.07238945364952087, 0.07477869093418121, 0.06587909162044525, 0.07559630274772644, 0.20287753641605377]",,,,,,,False,0,0.0,SpatialVLA 16x16 projected visual tokens before Gemma decoding,
/home/user/BiVLA/artifacts/results/mentor_2026-09-11/results/spatialvla_simplerenv_bridge/fixed_foveation_keep20/widowx_carrot_on_plate/summary.json,spatialvla_simplerenv_bridge,fixed_foveation_keep20,widowx_carrot_on_plate,completed,fixed_foveation,spatialvla_4b_simplerenv_bridge,fixed_foveation_keep20,simpler_widowx,50,17,0.34,0.0,52.9,,NoneType,,Paired SimplerEnv WidowX task success and timing. SpatialVLA's released Bridge image-history and action-ensembling semantics are retained; synthetic action agreement is not used.,<absent>,<absent>,<absent>,False,False,False,[],2,,sdpa,,,/home/soumyara004/soumyaratnadebnath/VisionLanguageAction/models/SpatialVLA/weights/spatialvla-4b-224-sft-bridge,fixed_foveation,fixed_foveation_keep20,,,,1,cuda:0,,0.2,False,0.15,,3,0.5,0.01,1,0.2,150,spatialvla_4b_simplerenv_bridge,,,,50,/home/soumyara004/soumyaratnadebnath/VisionLanguageAction/artifacts/results/spatialvla_simplerenv_bridge/fixed_foveation_keep20/widowx_carrot_on_plate,,,1,0.01,0.03,0.995,0.01,42,,widowx_carrot_on_plate,,,,-0.8,bridge_orig/1.0.0,native_mixed (SDPA where supported; ZoeDepth compatible),PaLiGemma2-3B,,8055902750,,,,IPEC-COMMUNITY/spatialvla-4b-224-sft-bridge,4,,,/home/soumyara004/soumyaratnadebnath/VisionLanguageAction/models/SpatialVLA/weights/spatialvla-4b-224-sft-bridge,/home/soumyara004/soumyaratnadebnath/VisionLanguageAction/models/SpatialVLA/weights/spatialvla-4b-224-sft-bridge,,simpler_widowx,,,,,,,,,,,,False,0,0.0,SpatialVLA 16x16 projected visual tokens before Gemma decoding,
/home/user/BiVLA/artifacts/results/mentor_2026-09-11/results/spatialvla_simplerenv_bridge/fixed_foveation_keep20/widowx_put_eggplant_in_basket/summary.json,spatialvla_simplerenv_bridge,fixed_foveation_keep20,widowx_put_eggplant_in_basket,completed,fixed_foveation,spatialvla_4b_simplerenv_bridge,fixed_foveation_keep20,simpler_widowx,50,50,1.0,0.0,27.56,,NoneType,,Paired SimplerEnv WidowX task success and timing. SpatialVLA's released Bridge image-history and action-ensembling semantics are retained; synthetic action agreement is not used.,<absent>,<absent>,<absent>,False,False,False,[],2,,sdpa,,,/home/soumyara004/soumyaratnadebnath/VisionLanguageAction/models/SpatialVLA/weights/spatialvla-4b-224-sft-bridge,fixed_foveation,fixed_foveation_keep20,,,,1,cuda:0,,0.2,False,0.15,,3,0.5,0.01,1,0.2,150,spatialvla_4b_simplerenv_bridge,,,,50,/home/soumyara004/soumyaratnadebnath/VisionLanguageAction/artifacts/results/spatialvla_simplerenv_bridge/fixed_foveation_keep20/widowx_put_eggplant_in_basket,,,1,0.01,0.03,0.995,0.01,42,,widowx_put_eggplant_in_basket,,,,-0.8,bridge_orig/1.0.0,native_mixed (SDPA where supported; ZoeDepth compatible),PaLiGemma2-3B,,8055902750,,,,IPEC-COMMUNITY/spatialvla-4b-224-sft-bridge,4,,,/home/soumyara004/soumyaratnadebnath/VisionLanguageAction/models/SpatialVLA/weights/spatialvla-4b-224-sft-bridge,/home/soumyara004/soumyaratnadebnath/VisionLanguageAction/models/SpatialVLA/weights/spatialvla-4b-224-sft-bridge,,simpler_widowx,,,,,,,,,,,,False,0,0.0,SpatialVLA 16x16 projected visual tokens before Gemma decoding,
/home/user/BiVLA/artifacts/results/mentor_2026-09-11/results/spatialvla_simplerenv_bridge/fixed_foveation_keep20/widowx_spoon_on_towel/summary.json,spatialvla_simplerenv_bridge,fixed_foveation_keep20,widowx_spoon_on_towel,completed,fixed_foveation,spatialvla_4b_simplerenv_bridge,fixed_foveation_keep20,simpler_widowx,50,12,0.24,0.0,52.32,,NoneType,,Paired SimplerEnv WidowX task success and timing. SpatialVLA's released Bridge image-history and action-ensembling semantics are retained; synthetic action agreement is not used.,<absent>,<absent>,<absent>,False,False,False,[],2,,sdpa,,,/home/soumyara004/soumyaratnadebnath/VisionLanguageAction/models/SpatialVLA/weights/spatialvla-4b-224-sft-bridge,fixed_foveation,fixed_foveation_keep20,,,,1,cuda:0,,0.2,False,0.15,,3,0.5,0.01,1,0.2,150,spatialvla_4b_simplerenv_bridge,,,,50,/home/soumyara004/soumyaratnadebnath/VisionLanguageAction/artifacts/results/spatialvla_simplerenv_bridge/fixed_foveation_keep20/widowx_spoon_on_towel,,,1,0.01,0.03,0.995,0.01,42,,widowx_spoon_on_towel,,,,-0.8,bridge_orig/1.0.0,native_mixed (SDPA where supported; ZoeDepth compatible),PaLiGemma2-3B,,8055902750,,,,IPEC-COMMUNITY/spatialvla-4b-224-sft-bridge,4,,,/home/soumyara004/soumyaratnadebnath/VisionLanguageAction/models/SpatialVLA/weights/spatialvla-4b-224-sft-bridge,/home/soumyara004/soumyaratnadebnath/VisionLanguageAction/models/SpatialVLA/weights/spatialvla-4b-224-sft-bridge,,simpler_widowx,,,,,,,,,,,,False,0,0.0,SpatialVLA 16x16 projected visual tokens before Gemma decoding,
/home/user/BiVLA/artifacts/results/mentor_2026-09-11/results/spatialvla_simplerenv_bridge/fixed_foveation_keep20/widowx_stack_cube/summary.json,spatialvla_simplerenv_bridge,fixed_foveation_keep20,widowx_stack_cube,completed,fixed_foveation,spatialvla_4b_simplerenv_bridge,fixed_foveation_keep20,simpler_widowx,50,21,0.42,0.0,49.48,,NoneType,,Paired SimplerEnv WidowX task success and timing. SpatialVLA's released Bridge image-history and action-ensembling semantics are retained; synthetic action agreement is not used.,<absent>,<absent>,<absent>,False,False,False,[],2,,sdpa,,,/home/soumyara004/soumyaratnadebnath/VisionLanguageAction/models/SpatialVLA/weights/spatialvla-4b-224-sft-bridge,fixed_foveation,fixed_foveation_keep20,,,,1,cuda:0,,0.2,False,0.15,,3,0.5,0.01,1,0.2,150,spatialvla_4b_simplerenv_bridge,,,,50,/home/soumyara004/soumyaratnadebnath/VisionLanguageAction/artifacts/results/spatialvla_simplerenv_bridge/fixed_foveation_keep20/widowx_stack_cube,,,1,0.01,0.03,0.995,0.01,42,,widowx_stack_cube,,,,-0.8,bridge_orig/1.0.0,native_mixed (SDPA where supported; ZoeDepth compatible),PaLiGemma2-3B,,8055902750,,,,IPEC-COMMUNITY/spatialvla-4b-224-sft-bridge,4,,,/home/soumyara004/soumyaratnadebnath/VisionLanguageAction/models/SpatialVLA/weights/spatialvla-4b-224-sft-bridge,/home/soumyara004/soumyaratnadebnath/VisionLanguageAction/models/SpatialVLA/weights/spatialvla-4b-224-sft-bridge,,simpler_widowx,,,,,,,,,,,,False,0,0.0,SpatialVLA 16x16 projected visual tokens before Gemma decoding,
/home/user/BiVLA/artifacts/results/mentor_2026-09-11/results/spatialvla_simplerenv_bridge/fixed_foveation_keep50/widowx_carrot_on_plate/summary.json,spatialvla_simplerenv_bridge,fixed_foveation_keep50,widowx_carrot_on_plate,completed,fixed_foveation,spatialvla_4b_simplerenv_bridge,fixed_foveation_keep50,simpler_widowx,50,14,0.28,0.0,50.62,,NoneType,,Paired SimplerEnv WidowX task success and timing. SpatialVLA's released Bridge image-history and action-ensembling semantics are retained; synthetic action agreement is not used.,<absent>,<absent>,<absent>,False,False,False,[],2,,sdpa,,,/home/soumyara004/soumyaratnadebnath/VisionLanguageAction/models/SpatialVLA/weights/spatialvla-4b-224-sft-bridge,fixed_foveation,fixed_foveation_keep50,,,,1,cuda:0,,0.5,False,0.15,,3,0.5,0.01,1,0.2,150,spatialvla_4b_simplerenv_bridge,,,,50,/home/soumyara004/soumyaratnadebnath/VisionLanguageAction/artifacts/results/spatialvla_simplerenv_bridge/fixed_foveation_keep50/widowx_carrot_on_plate,,,1,0.01,0.03,0.995,0.01,42,,widowx_carrot_on_plate,,,,-0.8,bridge_orig/1.0.0,native_mixed (SDPA where supported; ZoeDepth compatible),PaLiGemma2-3B,,8055902750,,,,IPEC-COMMUNITY/spatialvla-4b-224-sft-bridge,4,,,/home/soumyara004/soumyaratnadebnath/VisionLanguageAction/models/SpatialVLA/weights/spatialvla-4b-224-sft-bridge,/home/soumyara004/soumyaratnadebnath/VisionLanguageAction/models/SpatialVLA/weights/spatialvla-4b-224-sft-bridge,,simpler_widowx,,,,,,,,,,,,False,0,0.0,SpatialVLA 16x16 projected visual tokens before Gemma decoding,
/home/user/BiVLA/artifacts/results/mentor_2026-09-11/results/spatialvla_simplerenv_bridge/fixed_foveation_keep50/widowx_put_eggplant_in_basket/summary.json,spatialvla_simplerenv_bridge,fixed_foveation_keep50,widowx_put_eggplant_in_basket,completed,fixed_foveation,spatialvla_4b_simplerenv_bridge,fixed_foveation_keep50,simpler_widowx,50,50,1.0,0.0,27.48,,NoneType,,Paired SimplerEnv WidowX task success and timing. SpatialVLA's released Bridge image-history and action-ensembling semantics are retained; synthetic action agreement is not used.,<absent>,<absent>,<absent>,False,False,False,[],2,,sdpa,,,/home/soumyara004/soumyaratnadebnath/VisionLanguageAction/models/SpatialVLA/weights/spatialvla-4b-224-sft-bridge,fixed_foveation,fixed_foveation_keep50,,,,1,cuda:0,,0.5,False,0.15,,3,0.5,0.01,1,0.2,150,spatialvla_4b_simplerenv_bridge,,,,50,/home/soumyara004/soumyaratnadebnath/VisionLanguageAction/artifacts/results/spatialvla_simplerenv_bridge/fixed_foveation_keep50/widowx_put_eggplant_in_basket,,,1,0.01,0.03,0.995,0.01,42,,widowx_put_eggplant_in_basket,,,,-0.8,bridge_orig/1.0.0,native_mixed (SDPA where supported; ZoeDepth compatible),PaLiGemma2-3B,,8055902750,,,,IPEC-COMMUNITY/spatialvla-4b-224-sft-bridge,4,,,/home/soumyara004/soumyaratnadebnath/VisionLanguageAction/models/SpatialVLA/weights/spatialvla-4b-224-sft-bridge,/home/soumyara004/soumyaratnadebnath/VisionLanguageAction/models/SpatialVLA/weights/spatialvla-4b-224-sft-bridge,,simpler_widowx,,,,,,,,,,,,False,0,0.0,SpatialVLA 16x16 projected visual tokens before Gemma decoding,
/home/user/BiVLA/artifacts/results/mentor_2026-09-11/results/spatialvla_simplerenv_bridge/fixed_foveation_keep50/widowx_spoon_on_towel/summary.json,spatialvla_simplerenv_bridge,fixed_foveation_keep50,widowx_spoon_on_towel,completed,fixed_foveation,spatialvla_4b_simplerenv_bridge,fixed_foveation_keep50,simpler_widowx,50,10,0.2,0.0,53.78,,NoneType,,Paired SimplerEnv WidowX task success and timing. SpatialVLA's released Bridge image-history and action-ensembling semantics are retained; synthetic action agreement is not used.,<absent>,<absent>,<absent>,False,False,False,[],2,,sdpa,,,/home/soumyara004/soumyaratnadebnath/VisionLanguageAction/models/SpatialVLA/weights/spatialvla-4b-224-sft-bridge,fixed_foveation,fixed_foveation_keep50,,,,1,cuda:0,,0.5,False,0.15,,3,0.5,0.01,1,0.2,150,spatialvla_4b_simplerenv_bridge,,,,50,/home/soumyara004/soumyaratnadebnath/VisionLanguageAction/artifacts/results/spatialvla_simplerenv_bridge/fixed_foveation_keep50/widowx_spoon_on_towel,,,1,0.01,0.03,0.995,0.01,42,,widowx_spoon_on_towel,,,,-0.8,bridge_orig/1.0.0,native_mixed (SDPA where supported; ZoeDepth compatible),PaLiGemma2-3B,,8055902750,,,,IPEC-COMMUNITY/spatialvla-4b-224-sft-bridge,4,,,/home/soumyara004/soumyaratnadebnath/VisionLanguageAction/models/SpatialVLA/weights/spatialvla-4b-224-sft-bridge,/home/soumyara004/soumyaratnadebnath/VisionLanguageAction/models/SpatialVLA/weights/spatialvla-4b-224-sft-bridge,,simpler_widowx,,,,,,,,,,,,False,0,0.0,SpatialVLA 16x16 projected visual tokens before Gemma decoding,
/home/user/BiVLA/artifacts/results/mentor_2026-09-11/results/spatialvla_simplerenv_bridge/fixed_foveation_keep50/widowx_stack_cube/summary.json,spatialvla_simplerenv_bridge,fixed_foveation_keep50,widowx_stack_cube,completed,fixed_foveation,spatialvla_4b_simplerenv_bridge,fixed_foveation_keep50,simpler_widowx,50,15,0.3,0.0,52.36,,NoneType,,Paired SimplerEnv WidowX task success and timing. SpatialVLA's released Bridge image-history and action-ensembling semantics are retained; synthetic action agreement is not used.,<absent>,<absent>,<absent>,False,False,False,[],2,,sdpa,,,/home/soumyara004/soumyaratnadebnath/VisionLanguageAction/models/SpatialVLA/weights/spatialvla-4b-224-sft-bridge,fixed_foveation,fixed_foveation_keep50,,,,1,cuda:0,,0.5,False,0.15,,3,0.5,0.01,1,0.2,150,spatialvla_4b_simplerenv_bridge,,,,50,/home/soumyara004/soumyaratnadebnath/VisionLanguageAction/artifacts/results/spatialvla_simplerenv_bridge/fixed_foveation_keep50/widowx_stack_cube,,,1,0.01,0.03,0.995,0.01,42,,widowx_stack_cube,,,,-0.8,bridge_orig/1.0.0,native_mixed (SDPA where supported; ZoeDepth compatible),PaLiGemma2-3B,,8055902750,,,,IPEC-COMMUNITY/spatialvla-4b-224-sft-bridge,4,,,/home/soumyara004/soumyaratnadebnath/VisionLanguageAction/models/SpatialVLA/weights/spatialvla-4b-224-sft-bridge,/home/soumyara004/soumyaratnadebnath/VisionLanguageAction/models/SpatialVLA/weights/spatialvla-4b-224-sft-bridge,,simpler_widowx,,,,,,,,,,,,False,0,0.0,SpatialVLA 16x16 projected visual tokens before Gemma decoding,
/home/user/BiVLA/artifacts/results/mentor_2026-09-11/results/spatialvla_simplerenv_bridge/guarded_reuse_aggressive/widowx_carrot_on_plate/summary.json,spatialvla_simplerenv_bridge,guarded_reuse_aggressive,widowx_carrot_on_plate,completed,guarded_action_reuse,spatialvla_4b_simplerenv_bridge,guarded_reuse_aggressive,simpler_widowx,50,13,0.26,0.36,51.44,,NoneType,,Paired SimplerEnv WidowX task success and timing. SpatialVLA's released Bridge image-history and action-ensembling semantics are retained; synthetic action agreement is not used.,<absent>,<absent>,<absent>,False,False,False,[],2,,sdpa,,,/home/soumyara004/soumyaratnadebnath/VisionLanguageAction/models/SpatialVLA/weights/spatialvla-4b-224-sft-bridge,guarded_action_reuse,guarded_reuse_aggressive,,,,1,cuda:0,,0.2,False,0.15,,3,0.5,0.01,1,0.2,150,spatialvla_4b_simplerenv_bridge,,,,50,/home/soumyara004/soumyaratnadebnath/VisionLanguageAction/artifacts/results/spatialvla_simplerenv_bridge/guarded_reuse_aggressive/widowx_carrot_on_plate,,,2,0.02,0.05,0.98,0.01,42,,widowx_carrot_on_plate,,,,-0.8,bridge_orig/1.0.0,native_mixed (SDPA where supported; ZoeDepth compatible),PaLiGemma2-3B,,8055902750,,,,IPEC-COMMUNITY/spatialvla-4b-224-sft-bridge,4,,,/home/soumyara004/soumyaratnadebnath/VisionLanguageAction/models/SpatialVLA/weights/spatialvla-4b-224-sft-bridge,/home/soumyara004/soumyaratnadebnath/VisionLanguageAction/models/SpatialVLA/weights/spatialvla-4b-224-sft-bridge,,simpler_widowx,,,,,,,,,,,,False,0,0.0,SpatialVLA 16x16 projected visual tokens before Gemma decoding,
/home/user/BiVLA/artifacts/results/mentor_2026-09-11/results/spatialvla_simplerenv_bridge/guarded_reuse_aggressive/widowx_put_eggplant_in_basket/summary.json,spatialvla_simplerenv_bridge,guarded_reuse_aggressive,widowx_put_eggplant_in_basket,completed,guarded_action_reuse,spatialvla_4b_simplerenv_bridge,guarded_reuse_aggressive,simpler_widowx,50,50,1.0,0.0,26.26,,NoneType,,Paired SimplerEnv WidowX task success and timing. SpatialVLA's released Bridge image-history and action-ensembling semantics are retained; synthetic action agreement is not used.,<absent>,<absent>,<absent>,False,False,False,[],2,,sdpa,,,/home/soumyara004/soumyaratnadebnath/VisionLanguageAction/models/SpatialVLA/weights/spatialvla-4b-224-sft-bridge,guarded_action_reuse,guarded_reuse_aggressive,,,,1,cuda:0,,0.2,False,0.15,,3,0.5,0.01,1,0.2,150,spatialvla_4b_simplerenv_bridge,,,,50,/home/soumyara004/soumyaratnadebnath/VisionLanguageAction/artifacts/results/spatialvla_simplerenv_bridge/guarded_reuse_aggressive/widowx_put_eggplant_in_basket,,,2,0.02,0.05,0.98,0.01,42,,widowx_put_eggplant_in_basket,,,,-0.8,bridge_orig/1.0.0,native_mixed (SDPA where supported; ZoeDepth compatible),PaLiGemma2-3B,,8055902750,,,,IPEC-COMMUNITY/spatialvla-4b-224-sft-bridge,4,,,/home/soumyara004/soumyaratnadebnath/VisionLanguageAction/models/SpatialVLA/weights/spatialvla-4b-224-sft-bridge,/home/soumyara004/soumyaratnadebnath/VisionLanguageAction/models/SpatialVLA/weights/spatialvla-4b-224-sft-bridge,,simpler_widowx,,,,,,,,,,,,False,0,0.0,SpatialVLA 16x16 projected visual tokens before Gemma decoding,
/home/user/BiVLA/artifacts/results/mentor_2026-09-11/results/spatialvla_simplerenv_bridge/guarded_reuse_aggressive/widowx_spoon_on_towel/summary.json,spatialvla_simplerenv_bridge,guarded_reuse_aggressive,widowx_spoon_on_towel,completed,guarded_action_reuse,spatialvla_4b_simplerenv_bridge,guarded_reuse_aggressive,simpler_widowx,50,10,0.2,0.28,52.54,,NoneType,,Paired SimplerEnv WidowX task success and timing. SpatialVLA's released Bridge image-history and action-ensembling semantics are retained; synthetic action agreement is not used.,<absent>,<absent>,<absent>,False,False,False,[],2,,sdpa,,,/home/soumyara004/soumyaratnadebnath/VisionLanguageAction/models/SpatialVLA/weights/spatialvla-4b-224-sft-bridge,guarded_action_reuse,guarded_reuse_aggressive,,,,1,cuda:0,,0.2,False,0.15,,3,0.5,0.01,1,0.2,150,spatialvla_4b_simplerenv_bridge,,,,50,/home/soumyara004/soumyaratnadebnath/VisionLanguageAction/artifacts/results/spatialvla_simplerenv_bridge/guarded_reuse_aggressive/widowx_spoon_on_towel,,,2,0.02,0.05,0.98,0.01,42,,widowx_spoon_on_towel,,,,-0.8,bridge_orig/1.0.0,native_mixed (SDPA where supported; ZoeDepth compatible),PaLiGemma2-3B,,8055902750,,,,IPEC-COMMUNITY/spatialvla-4b-224-sft-bridge,4,,,/home/soumyara004/soumyaratnadebnath/VisionLanguageAction/models/SpatialVLA/weights/spatialvla-4b-224-sft-bridge,/home/soumyara004/soumyaratnadebnath/VisionLanguageAction/models/SpatialVLA/weights/spatialvla-4b-224-sft-bridge,,simpler_widowx,,,,,,,,,,,,False,0,0.0,SpatialVLA 16x16 projected visual tokens before Gemma decoding,
/home/user/BiVLA/artifacts/results/mentor_2026-09-11/results/spatialvla_simplerenv_bridge/guarded_reuse_aggressive/widowx_stack_cube/summary.json,spatialvla_simplerenv_bridge,guarded_reuse_aggressive,widowx_stack_cube,completed,guarded_action_reuse,spatialvla_4b_simplerenv_bridge,guarded_reuse_aggressive,simpler_widowx,50,18,0.36,0.12,49.5,,NoneType,,Paired SimplerEnv WidowX task success and timing. SpatialVLA's released Bridge image-history and action-ensembling semantics are retained; synthetic action agreement is not used.,<absent>,<absent>,<absent>,False,False,False,[],2,,sdpa,,,/home/soumyara004/soumyaratnadebnath/VisionLanguageAction/models/SpatialVLA/weights/spatialvla-4b-224-sft-bridge,guarded_action_reuse,guarded_reuse_aggressive,,,,1,cuda:0,,0.2,False,0.15,,3,0.5,0.01,1,0.2,150,spatialvla_4b_simplerenv_bridge,,,,50,/home/soumyara004/soumyaratnadebnath/VisionLanguageAction/artifacts/results/spatialvla_simplerenv_bridge/guarded_reuse_aggressive/widowx_stack_cube,,,2,0.02,0.05,0.98,0.01,42,,widowx_stack_cube,,,,-0.8,bridge_orig/1.0.0,native_mixed (SDPA where supported; ZoeDepth compatible),PaLiGemma2-3B,,8055902750,,,,IPEC-COMMUNITY/spatialvla-4b-224-sft-bridge,4,,,/home/soumyara004/soumyaratnadebnath/VisionLanguageAction/models/SpatialVLA/weights/spatialvla-4b-224-sft-bridge,/home/soumyara004/soumyaratnadebnath/VisionLanguageAction/models/SpatialVLA/weights/spatialvla-4b-224-sft-bridge,,simpler_widowx,,,,,,,,,,,,False,0,0.0,SpatialVLA 16x16 projected visual tokens before Gemma decoding,
/home/user/BiVLA/artifacts/results/mentor_2026-09-11/results/spatialvla_simplerenv_bridge/guarded_reuse_moderate/widowx_carrot_on_plate/summary.json,spatialvla_simplerenv_bridge,guarded_reuse_moderate,widowx_carrot_on_plate,completed,guarded_action_reuse,spatialvla_4b_simplerenv_bridge,guarded_reuse_moderate,simpler_widowx,50,13,0.26,0.1,51.8,,NoneType,,Paired SimplerEnv WidowX task success and timing. SpatialVLA's released Bridge image-history and action-ensembling semantics are retained; synthetic action agreement is not used.,<absent>,<absent>,<absent>,False,False,False,[],2,,sdpa,,,/home/soumyara004/soumyaratnadebnath/VisionLanguageAction/models/SpatialVLA/weights/spatialvla-4b-224-sft-bridge,guarded_action_reuse,guarded_reuse_moderate,,,,1,cuda:0,,0.2,False,0.15,,3,0.5,0.01,1,0.2,150,spatialvla_4b_simplerenv_bridge,,,,50,/home/soumyara004/soumyaratnadebnath/VisionLanguageAction/artifacts/results/spatialvla_simplerenv_bridge/guarded_reuse_moderate/widowx_carrot_on_plate,,,1,0.015,0.04,0.99,0.01,42,,widowx_carrot_on_plate,,,,-0.8,bridge_orig/1.0.0,native_mixed (SDPA where supported; ZoeDepth compatible),PaLiGemma2-3B,,8055902750,,,,IPEC-COMMUNITY/spatialvla-4b-224-sft-bridge,4,,,/home/soumyara004/soumyaratnadebnath/VisionLanguageAction/models/SpatialVLA/weights/spatialvla-4b-224-sft-bridge,/home/soumyara004/soumyaratnadebnath/VisionLanguageAction/models/SpatialVLA/weights/spatialvla-4b-224-sft-bridge,,simpler_widowx,,,,,,,,,,,,False,0,0.0,SpatialVLA 16x16 projected visual tokens before Gemma decoding,
/home/user/BiVLA/artifacts/results/mentor_2026-09-11/results/spatialvla_simplerenv_bridge/guarded_reuse_moderate/widowx_put_eggplant_in_basket/summary.json,spatialvla_simplerenv_bridge,guarded_reuse_moderate,widowx_put_eggplant_in_basket,completed,guarded_action_reuse,spatialvla_4b_simplerenv_bridge,guarded_reuse_moderate,simpler_widowx,50,50,1.0,0.0,26.26,,NoneType,,Paired SimplerEnv WidowX task success and timing. SpatialVLA's released Bridge image-history and action-ensembling semantics are retained; synthetic action agreement is not used.,<absent>,<absent>,<absent>,False,False,False,[],2,,sdpa,,,/home/soumyara004/soumyaratnadebnath/VisionLanguageAction/models/SpatialVLA/weights/spatialvla-4b-224-sft-bridge,guarded_action_reuse,guarded_reuse_moderate,,,,1,cuda:0,,0.2,False,0.15,,3,0.5,0.01,1,0.2,150,spatialvla_4b_simplerenv_bridge,,,,50,/home/soumyara004/soumyaratnadebnath/VisionLanguageAction/artifacts/results/spatialvla_simplerenv_bridge/guarded_reuse_moderate/widowx_put_eggplant_in_basket,,,1,0.015,0.04,0.99,0.01,42,,widowx_put_eggplant_in_basket,,,,-0.8,bridge_orig/1.0.0,native_mixed (SDPA where supported; ZoeDepth compatible),PaLiGemma2-3B,,8055902750,,,,IPEC-COMMUNITY/spatialvla-4b-224-sft-bridge,4,,,/home/soumyara004/soumyaratnadebnath/VisionLanguageAction/models/SpatialVLA/weights/spatialvla-4b-224-sft-bridge,/home/soumyara004/soumyaratnadebnath/VisionLanguageAction/models/SpatialVLA/weights/spatialvla-4b-224-sft-bridge,,simpler_widowx,,,,,,,,,,,,False,0,0.0,SpatialVLA 16x16 projected visual tokens before Gemma decoding,
/home/user/BiVLA/artifacts/results/mentor_2026-09-11/results/spatialvla_simplerenv_bridge/guarded_reuse_moderate/widowx_spoon_on_towel/summary.json,spatialvla_simplerenv_bridge,guarded_reuse_moderate,widowx_spoon_on_towel,completed,guarded_action_reuse,spatialvla_4b_simplerenv_bridge,guarded_reuse_moderate,simpler_widowx,50,11,0.22,0.02,52.56,,NoneType,,Paired SimplerEnv WidowX task success and timing. SpatialVLA's released Bridge image-history and action-ensembling semantics are retained; synthetic action agreement is not used.,<absent>,<absent>,<absent>,False,False,False,[],2,,sdpa,,,/home/soumyara004/soumyaratnadebnath/VisionLanguageAction/models/SpatialVLA/weights/spatialvla-4b-224-sft-bridge,guarded_action_reuse,guarded_reuse_moderate,,,,1,cuda:0,,0.2,False,0.15,,3,0.5,0.01,1,0.2,150,spatialvla_4b_simplerenv_bridge,,,,50,/home/soumyara004/soumyaratnadebnath/VisionLanguageAction/artifacts/results/spatialvla_simplerenv_bridge/guarded_reuse_moderate/widowx_spoon_on_towel,,,1,0.015,0.04,0.99,0.01,42,,widowx_spoon_on_towel,,,,-0.8,bridge_orig/1.0.0,native_mixed (SDPA where supported; ZoeDepth compatible),PaLiGemma2-3B,,8055902750,,,,IPEC-COMMUNITY/spatialvla-4b-224-sft-bridge,4,,,/home/soumyara004/soumyaratnadebnath/VisionLanguageAction/models/SpatialVLA/weights/spatialvla-4b-224-sft-bridge,/home/soumyara004/soumyaratnadebnath/VisionLanguageAction/models/SpatialVLA/weights/spatialvla-4b-224-sft-bridge,,simpler_widowx,,,,,,,,,,,,False,0,0.0,SpatialVLA 16x16 projected visual tokens before Gemma decoding,
/home/user/BiVLA/artifacts/results/mentor_2026-09-11/results/spatialvla_simplerenv_bridge/guarded_reuse_moderate/widowx_stack_cube/summary.json,spatialvla_simplerenv_bridge,guarded_reuse_moderate,widowx_stack_cube,completed,guarded_action_reuse,spatialvla_4b_simplerenv_bridge,guarded_reuse_moderate,simpler_widowx,50,16,0.32,0.0,49.7,,NoneType,,Paired SimplerEnv WidowX task success and timing. SpatialVLA's released Bridge image-history and action-ensembling semantics are retained; synthetic action agreement is not used.,<absent>,<absent>,<absent>,False,False,False,[],2,,sdpa,,,/home/soumyara004/soumyaratnadebnath/VisionLanguageAction/models/SpatialVLA/weights/spatialvla-4b-224-sft-bridge,guarded_action_reuse,guarded_reuse_moderate,,,,1,cuda:0,,0.2,False,0.15,,3,0.5,0.01,1,0.2,150,spatialvla_4b_simplerenv_bridge,,,,50,/home/soumyara004/soumyaratnadebnath/VisionLanguageAction/artifacts/results/spatialvla_simplerenv_bridge/guarded_reuse_moderate/widowx_stack_cube,,,1,0.015,0.04,0.99,0.01,42,,widowx_stack_cube,,,,-0.8,bridge_orig/1.0.0,native_mixed (SDPA where supported; ZoeDepth compatible),PaLiGemma2-3B,,8055902750,,,,IPEC-COMMUNITY/spatialvla-4b-224-sft-bridge,4,,,/home/soumyara004/soumyaratnadebnath/VisionLanguageAction/models/SpatialVLA/weights/spatialvla-4b-224-sft-bridge,/home/soumyara004/soumyaratnadebnath/VisionLanguageAction/models/SpatialVLA/weights/spatialvla-4b-224-sft-bridge,,simpler_widowx,,,,,,,,,,,,False,0,0.0,SpatialVLA 16x16 projected visual tokens before Gemma decoding,
/home/user/BiVLA/artifacts/results/mentor_2026-09-11/results/spatialvla_simplerenv_bridge/guarded_reuse_strict/widowx_carrot_on_plate/summary.json,spatialvla_simplerenv_bridge,guarded_reuse_strict,widowx_carrot_on_plate,completed,guarded_action_reuse,spatialvla_4b_simplerenv_bridge,guarded_reuse_strict,simpler_widowx,50,13,0.26,0.04,51.86,,NoneType,,Paired SimplerEnv WidowX task success and timing. SpatialVLA's released Bridge image-history and action-ensembling semantics are retained; synthetic action agreement is not used.,<absent>,<absent>,<absent>,False,False,False,[],2,,sdpa,,,/home/soumyara004/soumyaratnadebnath/VisionLanguageAction/models/SpatialVLA/weights/spatialvla-4b-224-sft-bridge,guarded_action_reuse,guarded_reuse_strict,,,,1,cuda:0,,0.2,False,0.15,,3,0.5,0.01,1,0.2,150,spatialvla_4b_simplerenv_bridge,,,,50,/home/soumyara004/soumyaratnadebnath/VisionLanguageAction/artifacts/results/spatialvla_simplerenv_bridge/guarded_reuse_strict/widowx_carrot_on_plate,,,1,0.01,0.03,0.995,0.01,42,,widowx_carrot_on_plate,,,,-0.8,bridge_orig/1.0.0,native_mixed (SDPA where supported; ZoeDepth compatible),PaLiGemma2-3B,,8055902750,,,,IPEC-COMMUNITY/spatialvla-4b-224-sft-bridge,4,,,/home/soumyara004/soumyaratnadebnath/VisionLanguageAction/models/SpatialVLA/weights/spatialvla-4b-224-sft-bridge,/home/soumyara004/soumyaratnadebnath/VisionLanguageAction/models/SpatialVLA/weights/spatialvla-4b-224-sft-bridge,,simpler_widowx,,,,,,,,,,,,False,0,0.0,SpatialVLA 16x16 projected visual tokens before Gemma decoding,
/home/user/BiVLA/artifacts/results/mentor_2026-09-11/results/spatialvla_simplerenv_bridge/guarded_reuse_strict/widowx_put_eggplant_in_basket/summary.json,spatialvla_simplerenv_bridge,guarded_reuse_strict,widowx_put_eggplant_in_basket,completed,guarded_action_reuse,spatialvla_4b_simplerenv_bridge,guarded_reuse_strict,simpler_widowx,50,50,1.0,0.0,26.26,,NoneType,,Paired SimplerEnv WidowX task success and timing. SpatialVLA's released Bridge image-history and action-ensembling semantics are retained; synthetic action agreement is not used.,<absent>,<absent>,<absent>,False,False,False,[],2,,sdpa,,,/home/soumyara004/soumyaratnadebnath/VisionLanguageAction/models/SpatialVLA/weights/spatialvla-4b-224-sft-bridge,guarded_action_reuse,guarded_reuse_strict,,,,1,cuda:0,,0.2,False,0.15,,3,0.5,0.01,1,0.2,150,spatialvla_4b_simplerenv_bridge,,,,50,/home/soumyara004/soumyaratnadebnath/VisionLanguageAction/artifacts/results/spatialvla_simplerenv_bridge/guarded_reuse_strict/widowx_put_eggplant_in_basket,,,1,0.01,0.03,0.995,0.01,42,,widowx_put_eggplant_in_basket,,,,-0.8,bridge_orig/1.0.0,native_mixed (SDPA where supported; ZoeDepth compatible),PaLiGemma2-3B,,8055902750,,,,IPEC-COMMUNITY/spatialvla-4b-224-sft-bridge,4,,,/home/soumyara004/soumyaratnadebnath/VisionLanguageAction/models/SpatialVLA/weights/spatialvla-4b-224-sft-bridge,/home/soumyara004/soumyaratnadebnath/VisionLanguageAction/models/SpatialVLA/weights/spatialvla-4b-224-sft-bridge,,simpler_widowx,,,,,,,,,,,,False,0,0.0,SpatialVLA 16x16 projected visual tokens before Gemma decoding,
/home/user/BiVLA/artifacts/results/mentor_2026-09-11/results/spatialvla_simplerenv_bridge/guarded_reuse_strict/widowx_spoon_on_towel/summary.json,spatialvla_simplerenv_bridge,guarded_reuse_strict,widowx_spoon_on_towel,completed,guarded_action_reuse,spatialvla_4b_simplerenv_bridge,guarded_reuse_strict,simpler_widowx,50,11,0.22,0.0,52.72,,NoneType,,Paired SimplerEnv WidowX task success and timing. SpatialVLA's released Bridge image-history and action-ensembling semantics are retained; synthetic action agreement is not used.,<absent>,<absent>,<absent>,False,False,False,[],2,,sdpa,,,/home/soumyara004/soumyaratnadebnath/VisionLanguageAction/models/SpatialVLA/weights/spatialvla-4b-224-sft-bridge,guarded_action_reuse,guarded_reuse_strict,,,,1,cuda:0,,0.2,False,0.15,,3,0.5,0.01,1,0.2,150,spatialvla_4b_simplerenv_bridge,,,,50,/home/soumyara004/soumyaratnadebnath/VisionLanguageAction/artifacts/results/spatialvla_simplerenv_bridge/guarded_reuse_strict/widowx_spoon_on_towel,,,1,0.01,0.03,0.995,0.01,42,,widowx_spoon_on_towel,,,,-0.8,bridge_orig/1.0.0,native_mixed (SDPA where supported; ZoeDepth compatible),PaLiGemma2-3B,,8055902750,,,,IPEC-COMMUNITY/spatialvla-4b-224-sft-bridge,4,,,/home/soumyara004/soumyaratnadebnath/VisionLanguageAction/models/SpatialVLA/weights/spatialvla-4b-224-sft-bridge,/home/soumyara004/soumyaratnadebnath/VisionLanguageAction/models/SpatialVLA/weights/spatialvla-4b-224-sft-bridge,,simpler_widowx,,,,,,,,,,,,False,0,0.0,SpatialVLA 16x16 projected visual tokens before Gemma decoding,
/home/user/BiVLA/artifacts/results/mentor_2026-09-11/results/spatialvla_simplerenv_bridge/guarded_reuse_strict/widowx_stack_cube/summary.json,spatialvla_simplerenv_bridge,guarded_reuse_strict,widowx_stack_cube,completed,guarded_action_reuse,spatialvla_4b_simplerenv_bridge,guarded_reuse_strict,simpler_widowx,50,16,0.32,0.0,49.7,,NoneType,,Paired SimplerEnv WidowX task success and timing. SpatialVLA's released Bridge image-history and action-ensembling semantics are retained; synthetic action agreement is not used.,<absent>,<absent>,<absent>,False,False,False,[],2,,sdpa,,,/home/soumyara004/soumyaratnadebnath/VisionLanguageAction/models/SpatialVLA/weights/spatialvla-4b-224-sft-bridge,guarded_action_reuse,guarded_reuse_strict,,,,1,cuda:0,,0.2,False,0.15,,3,0.5,0.01,1,0.2,150,spatialvla_4b_simplerenv_bridge,,,,50,/home/soumyara004/soumyaratnadebnath/VisionLanguageAction/artifacts/results/spatialvla_simplerenv_bridge/guarded_reuse_strict/widowx_stack_cube,,,1,0.01,0.03,0.995,0.01,42,,widowx_stack_cube,,,,-0.8,bridge_orig/1.0.0,native_mixed (SDPA where supported; ZoeDepth compatible),PaLiGemma2-3B,,8055902750,,,,IPEC-COMMUNITY/spatialvla-4b-224-sft-bridge,4,,,/home/soumyara004/soumyaratnadebnath/VisionLanguageAction/models/SpatialVLA/weights/spatialvla-4b-224-sft-bridge,/home/soumyara004/soumyaratnadebnath/VisionLanguageAction/models/SpatialVLA/weights/spatialvla-4b-224-sft-bridge,,simpler_widowx,,,,,,,,,,,,False,0,0.0,SpatialVLA 16x16 projected visual tokens before Gemma decoding,
/home/user/BiVLA/artifacts/results/mentor_2026-09-11/results/spatialvla_simplerenv_bridge/original/widowx_carrot_on_plate/summary.json,spatialvla_simplerenv_bridge,original,widowx_carrot_on_plate,completed,original,spatialvla_4b_simplerenv_bridge,original,simpler_widowx,50,13,0.26,0.0,51.9,,NoneType,,Paired SimplerEnv WidowX task success and timing. SpatialVLA's released Bridge image-history and action-ensembling semantics are retained; synthetic action agreement is not used.,<absent>,<absent>,<absent>,False,False,False,[],2,,sdpa,,,/home/soumyara004/soumyaratnadebnath/VisionLanguageAction/models/SpatialVLA/weights/spatialvla-4b-224-sft-bridge,original,original,,,,1,cuda:0,,0.2,False,0.15,,3,0.5,0.01,1,0.2,150,spatialvla_4b_simplerenv_bridge,,,,50,/home/soumyara004/soumyaratnadebnath/VisionLanguageAction/artifacts/results/spatialvla_simplerenv_bridge/original/widowx_carrot_on_plate,,,1,0.01,0.03,0.995,0.01,42,,widowx_carrot_on_plate,,,,-0.8,bridge_orig/1.0.0,native_mixed (SDPA where supported; ZoeDepth compatible),PaLiGemma2-3B,,8055902750,,,,IPEC-COMMUNITY/spatialvla-4b-224-sft-bridge,4,,,/home/soumyara004/soumyaratnadebnath/VisionLanguageAction/models/SpatialVLA/weights/spatialvla-4b-224-sft-bridge,/home/soumyara004/soumyaratnadebnath/VisionLanguageAction/models/SpatialVLA/weights/spatialvla-4b-224-sft-bridge,,simpler_widowx,,,,,,,,,,,,False,0,0.0,SpatialVLA 16x16 projected visual tokens before Gemma decoding,
/home/user/BiVLA/artifacts/results/mentor_2026-09-11/results/spatialvla_simplerenv_bridge/original/widowx_put_eggplant_in_basket/summary.json,spatialvla_simplerenv_bridge,original,widowx_put_eggplant_in_basket,completed,original,spatialvla_4b_simplerenv_bridge,original,simpler_widowx,50,50,1.0,0.0,26.26,,NoneType,,Paired SimplerEnv WidowX task success and timing. SpatialVLA's released Bridge image-history and action-ensembling semantics are retained; synthetic action agreement is not used.,<absent>,<absent>,<absent>,False,False,False,[],2,,sdpa,,,/home/soumyara004/soumyaratnadebnath/VisionLanguageAction/models/SpatialVLA/weights/spatialvla-4b-224-sft-bridge,original,original,,,,1,cuda:0,,0.2,False,0.15,,3,0.5,0.01,1,0.2,150,spatialvla_4b_simplerenv_bridge,,,,50,/home/soumyara004/soumyaratnadebnath/VisionLanguageAction/artifacts/results/spatialvla_simplerenv_bridge/original/widowx_put_eggplant_in_basket,,,1,0.01,0.03,0.995,0.01,42,,widowx_put_eggplant_in_basket,,,,-0.8,bridge_orig/1.0.0,native_mixed (SDPA where supported; ZoeDepth compatible),PaLiGemma2-3B,,8055902750,,,,IPEC-COMMUNITY/spatialvla-4b-224-sft-bridge,4,,,/home/soumyara004/soumyaratnadebnath/VisionLanguageAction/models/SpatialVLA/weights/spatialvla-4b-224-sft-bridge,/home/soumyara004/soumyaratnadebnath/VisionLanguageAction/models/SpatialVLA/weights/spatialvla-4b-224-sft-bridge,,simpler_widowx,,,,,,,,,,,,False,0,0.0,SpatialVLA 16x16 projected visual tokens before Gemma decoding,
/home/user/BiVLA/artifacts/results/mentor_2026-09-11/results/spatialvla_simplerenv_bridge/original/widowx_spoon_on_towel/summary.json,spatialvla_simplerenv_bridge,original,widowx_spoon_on_towel,completed,original,spatialvla_4b_simplerenv_bridge,original,simpler_widowx,50,11,0.22,0.0,52.72,,NoneType,,Paired SimplerEnv WidowX task success and timing. SpatialVLA's released Bridge image-history and action-ensembling semantics are retained; synthetic action agreement is not used.,<absent>,<absent>,<absent>,False,False,False,[],2,,sdpa,,,/home/soumyara004/soumyaratnadebnath/VisionLanguageAction/models/SpatialVLA/weights/spatialvla-4b-224-sft-bridge,original,original,,,,1,cuda:0,,0.2,False,0.15,,3,0.5,0.01,1,0.2,150,spatialvla_4b_simplerenv_bridge,,,,50,/home/soumyara004/soumyaratnadebnath/VisionLanguageAction/artifacts/results/spatialvla_simplerenv_bridge/original/widowx_spoon_on_towel,,,1,0.01,0.03,0.995,0.01,42,,widowx_spoon_on_towel,,,,-0.8,bridge_orig/1.0.0,native_mixed (SDPA where supported; ZoeDepth compatible),PaLiGemma2-3B,,8055902750,,,,IPEC-COMMUNITY/spatialvla-4b-224-sft-bridge,4,,,/home/soumyara004/soumyaratnadebnath/VisionLanguageAction/models/SpatialVLA/weights/spatialvla-4b-224-sft-bridge,/home/soumyara004/soumyaratnadebnath/VisionLanguageAction/models/SpatialVLA/weights/spatialvla-4b-224-sft-bridge,,simpler_widowx,,,,,,,,,,,,False,0,0.0,SpatialVLA 16x16 projected visual tokens before Gemma decoding,
/home/user/BiVLA/artifacts/results/mentor_2026-09-11/results/spatialvla_simplerenv_bridge/original/widowx_stack_cube/summary.json,spatialvla_simplerenv_bridge,original,widowx_stack_cube,completed,original,spatialvla_4b_simplerenv_bridge,original,simpler_widowx,50,16,0.32,0.0,49.7,,NoneType,,Paired SimplerEnv WidowX task success and timing. SpatialVLA's released Bridge image-history and action-ensembling semantics are retained; synthetic action agreement is not used.,<absent>,<absent>,<absent>,False,False,False,[],2,,sdpa,,,/home/soumyara004/soumyaratnadebnath/VisionLanguageAction/models/SpatialVLA/weights/spatialvla-4b-224-sft-bridge,original,original,,,,1,cuda:0,,0.2,False,0.15,,3,0.5,0.01,1,0.2,150,spatialvla_4b_simplerenv_bridge,,,,50,/home/soumyara004/soumyaratnadebnath/VisionLanguageAction/artifacts/results/spatialvla_simplerenv_bridge/original/widowx_stack_cube,,,1,0.01,0.03,0.995,0.01,42,,widowx_stack_cube,,,,-0.8,bridge_orig/1.0.0,native_mixed (SDPA where supported; ZoeDepth compatible),PaLiGemma2-3B,,8055902750,,,,IPEC-COMMUNITY/spatialvla-4b-224-sft-bridge,4,,,/home/soumyara004/soumyaratnadebnath/VisionLanguageAction/models/SpatialVLA/weights/spatialvla-4b-224-sft-bridge,/home/soumyara004/soumyaratnadebnath/VisionLanguageAction/models/SpatialVLA/weights/spatialvla-4b-224-sft-bridge,,simpler_widowx,,,,,,,,,,,,False,0,0.0,SpatialVLA 16x16 projected visual tokens before Gemma decoding,
/home/user/BiVLA/artifacts/results/mentor_2026-09-11/results/spatialvla_simplerenv_bridge/temporal_fusion_conservative_adaptive/widowx_carrot_on_plate/summary.json,spatialvla_simplerenv_bridge,temporal_fusion_conservative_adaptive,widowx_carrot_on_plate,completed,temporal_fusion,spatialvla_4b_simplerenv_bridge,temporal_fusion_conservative_adaptive,simpler_widowx,50,13,0.26,0.0,51.9,,NoneType,,Paired SimplerEnv WidowX task success and timing. SpatialVLA's released Bridge image-history and action-ensembling semantics are retained; synthetic action agreement is not used.,<absent>,<absent>,<absent>,False,False,False,[],2,,sdpa,,,/home/soumyara004/soumyaratnadebnath/VisionLanguageAction/models/SpatialVLA/weights/spatialvla-4b-224-sft-bridge,temporal_fusion,temporal_fusion_conservative_adaptive,,,,1,cuda:0,,0.2,False,0.15,0.03,2,0.25,0.01,1,0.2,150,spatialvla_4b_simplerenv_bridge,,,,50,/home/soumyara004/soumyaratnadebnath/VisionLanguageAction/artifacts/results/spatialvla_simplerenv_bridge/temporal_fusion_conservative_adaptive/widowx_carrot_on_plate,,,1,0.01,0.03,0.995,0.01,42,,widowx_carrot_on_plate,,,,-0.8,bridge_orig/1.0.0,native_mixed (SDPA where supported; ZoeDepth compatible),PaLiGemma2-3B,,8055902750,,,,IPEC-COMMUNITY/spatialvla-4b-224-sft-bridge,4,,,/home/soumyara004/soumyaratnadebnath/VisionLanguageAction/models/SpatialVLA/weights/spatialvla-4b-224-sft-bridge,/home/soumyara004/soumyaratnadebnath/VisionLanguageAction/models/SpatialVLA/weights/spatialvla-4b-224-sft-bridge,,simpler_widowx,,,,,,,,,,,,False,2542,0.0,SpatialVLA 16x16 projected visual tokens before Gemma decoding,
/home/user/BiVLA/artifacts/results/mentor_2026-09-11/results/spatialvla_simplerenv_bridge/temporal_fusion_conservative_adaptive/widowx_put_eggplant_in_basket/summary.json,spatialvla_simplerenv_bridge,temporal_fusion_conservative_adaptive,widowx_put_eggplant_in_basket,completed,temporal_fusion,spatialvla_4b_simplerenv_bridge,temporal_fusion_conservative_adaptive,simpler_widowx,50,49,0.98,0.0,29.16,,NoneType,,Paired SimplerEnv WidowX task success and timing. SpatialVLA's released Bridge image-history and action-ensembling semantics are retained; synthetic action agreement is not used.,<absent>,<absent>,<absent>,False,False,False,[],2,,sdpa,,,/home/soumyara004/soumyaratnadebnath/VisionLanguageAction/models/SpatialVLA/weights/spatialvla-4b-224-sft-bridge,temporal_fusion,temporal_fusion_conservative_adaptive,,,,1,cuda:0,,0.2,False,0.15,0.03,2,0.25,0.01,1,0.2,150,spatialvla_4b_simplerenv_bridge,,,,50,/home/soumyara004/soumyaratnadebnath/VisionLanguageAction/artifacts/results/spatialvla_simplerenv_bridge/temporal_fusion_conservative_adaptive/widowx_put_eggplant_in_basket,,,1,0.01,0.03,0.995,0.01,42,,widowx_put_eggplant_in_basket,,,,-0.8,bridge_orig/1.0.0,native_mixed (SDPA where supported; ZoeDepth compatible),PaLiGemma2-3B,,8055902750,,,,IPEC-COMMUNITY/spatialvla-4b-224-sft-bridge,4,,,/home/soumyara004/soumyaratnadebnath/VisionLanguageAction/models/SpatialVLA/weights/spatialvla-4b-224-sft-bridge,/home/soumyara004/soumyaratnadebnath/VisionLanguageAction/models/SpatialVLA/weights/spatialvla-4b-224-sft-bridge,,simpler_widowx,,,,,,,,,,,,False,1411,0.0,SpatialVLA 16x16 projected visual tokens before Gemma decoding,
/home/user/BiVLA/artifacts/results/mentor_2026-09-11/results/spatialvla_simplerenv_bridge/temporal_fusion_conservative_adaptive/widowx_spoon_on_towel/summary.json,spatialvla_simplerenv_bridge,temporal_fusion_conservative_adaptive,widowx_spoon_on_towel,completed,temporal_fusion,spatialvla_4b_simplerenv_bridge,temporal_fusion_conservative_adaptive,simpler_widowx,50,12,0.24,0.0,52.0,,NoneType,,Paired SimplerEnv WidowX task success and timing. SpatialVLA's released Bridge image-history and action-ensembling semantics are retained; synthetic action agreement is not used.,<absent>,<absent>,<absent>,False,False,False,[],2,,sdpa,,,/home/soumyara004/soumyaratnadebnath/VisionLanguageAction/models/SpatialVLA/weights/spatialvla-4b-224-sft-bridge,temporal_fusion,temporal_fusion_conservative_adaptive,,,,1,cuda:0,,0.2,False,0.15,0.03,2,0.25,0.01,1,0.2,150,spatialvla_4b_simplerenv_bridge,,,,50,/home/soumyara004/soumyaratnadebnath/VisionLanguageAction/artifacts/results/spatialvla_simplerenv_bridge/temporal_fusion_conservative_adaptive/widowx_spoon_on_towel,,,1,0.01,0.03,0.995,0.01,42,,widowx_spoon_on_towel,,,,-0.8,bridge_orig/1.0.0,native_mixed (SDPA where supported; ZoeDepth compatible),PaLiGemma2-3B,,8055902750,,,,IPEC-COMMUNITY/spatialvla-4b-224-sft-bridge,4,,,/home/soumyara004/soumyaratnadebnath/VisionLanguageAction/models/SpatialVLA/weights/spatialvla-4b-224-sft-bridge,/home/soumyara004/soumyaratnadebnath/VisionLanguageAction/models/SpatialVLA/weights/spatialvla-4b-224-sft-bridge,,simpler_widowx,,,,,,,,,,,,False,2591,0.0,SpatialVLA 16x16 projected visual tokens before Gemma decoding,
/home/user/BiVLA/artifacts/results/mentor_2026-09-11/results/spatialvla_simplerenv_bridge/temporal_fusion_conservative_adaptive/widowx_stack_cube/summary.json,spatialvla_simplerenv_bridge,temporal_fusion_conservative_adaptive,widowx_stack_cube,completed,temporal_fusion,spatialvla_4b_simplerenv_bridge,temporal_fusion_conservative_adaptive,simpler_widowx,50,16,0.32,0.0,49.7,,NoneType,,Paired SimplerEnv WidowX task success and timing. SpatialVLA's released Bridge image-history and action-ensembling semantics are retained; synthetic action agreement is not used.,<absent>,<absent>,<absent>,False,False,False,[],2,,sdpa,,,/home/soumyara004/soumyaratnadebnath/VisionLanguageAction/models/SpatialVLA/weights/spatialvla-4b-224-sft-bridge,temporal_fusion,temporal_fusion_conservative_adaptive,,,,1,cuda:0,,0.2,False,0.15,0.03,2,0.25,0.01,1,0.2,150,spatialvla_4b_simplerenv_bridge,,,,50,/home/soumyara004/soumyaratnadebnath/VisionLanguageAction/artifacts/results/spatialvla_simplerenv_bridge/temporal_fusion_conservative_adaptive/widowx_stack_cube,,,1,0.01,0.03,0.995,0.01,42,,widowx_stack_cube,,,,-0.8,bridge_orig/1.0.0,native_mixed (SDPA where supported; ZoeDepth compatible),PaLiGemma2-3B,,8055902750,,,,IPEC-COMMUNITY/spatialvla-4b-224-sft-bridge,4,,,/home/soumyara004/soumyaratnadebnath/VisionLanguageAction/models/SpatialVLA/weights/spatialvla-4b-224-sft-bridge,/home/soumyara004/soumyaratnadebnath/VisionLanguageAction/models/SpatialVLA/weights/spatialvla-4b-224-sft-bridge,,simpler_widowx,,,,,,,,,,,,False,2456,0.0,SpatialVLA 16x16 projected visual tokens before Gemma decoding,
/home/user/BiVLA/artifacts/results/mentor_2026-09-11/results/spatialvla_simplerenv_bridge/temporal_fusion_motion_entropy/widowx_carrot_on_plate/summary.json,spatialvla_simplerenv_bridge,temporal_fusion_motion_entropy,widowx_carrot_on_plate,completed,temporal_fusion,spatialvla_4b_simplerenv_bridge,temporal_fusion_motion_entropy,simpler_widowx,50,15,0.3,0.0,50.04,,NoneType,,Paired SimplerEnv WidowX task success and timing. SpatialVLA's released Bridge image-history and action-ensembling semantics are retained; synthetic action agreement is not used.,<absent>,<absent>,<absent>,False,False,False,[],2,,sdpa,,,/home/soumyara004/soumyaratnadebnath/VisionLanguageAction/models/SpatialVLA/weights/spatialvla-4b-224-sft-bridge,temporal_fusion,temporal_fusion_motion_entropy,,,,1,cuda:0,,0.2,False,0.15,,3,0.5,0.01,1,0.2,150,spatialvla_4b_simplerenv_bridge,,,,50,/home/soumyara004/soumyaratnadebnath/VisionLanguageAction/artifacts/results/spatialvla_simplerenv_bridge/temporal_fusion_motion_entropy/widowx_carrot_on_plate,,,1,0.01,0.03,0.995,0.01,42,,widowx_carrot_on_plate,,,,-0.8,bridge_orig/1.0.0,native_mixed (SDPA where supported; ZoeDepth compatible),PaLiGemma2-3B,,8055902750,,,,IPEC-COMMUNITY/spatialvla-4b-224-sft-bridge,4,,,/home/soumyara004/soumyaratnadebnath/VisionLanguageAction/models/SpatialVLA/weights/spatialvla-4b-224-sft-bridge,/home/soumyara004/soumyaratnadebnath/VisionLanguageAction/models/SpatialVLA/weights/spatialvla-4b-224-sft-bridge,,simpler_widowx,,,,,,,,,,,,False,840,104.0,SpatialVLA 16x16 projected visual tokens before Gemma decoding,
/home/user/BiVLA/artifacts/results/mentor_2026-09-11/results/spatialvla_simplerenv_bridge/temporal_fusion_motion_entropy/widowx_put_eggplant_in_basket/summary.json,spatialvla_simplerenv_bridge,temporal_fusion_motion_entropy,widowx_put_eggplant_in_basket,completed,temporal_fusion,spatialvla_4b_simplerenv_bridge,temporal_fusion_motion_entropy,simpler_widowx,50,50,1.0,0.0,26.5,,NoneType,,Paired SimplerEnv WidowX task success and timing. SpatialVLA's released Bridge image-history and action-ensembling semantics are retained; synthetic action agreement is not used.,<absent>,<absent>,<absent>,False,False,False,[],2,,sdpa,,,/home/soumyara004/soumyaratnadebnath/VisionLanguageAction/models/SpatialVLA/weights/spatialvla-4b-224-sft-bridge,temporal_fusion,temporal_fusion_motion_entropy,,,,1,cuda:0,,0.2,False,0.15,,3,0.5,0.01,1,0.2,150,spatialvla_4b_simplerenv_bridge,,,,50,/home/soumyara004/soumyaratnadebnath/VisionLanguageAction/artifacts/results/spatialvla_simplerenv_bridge/temporal_fusion_motion_entropy/widowx_put_eggplant_in_basket,,,1,0.01,0.03,0.995,0.01,42,,widowx_put_eggplant_in_basket,,,,-0.8,bridge_orig/1.0.0,native_mixed (SDPA where supported; ZoeDepth compatible),PaLiGemma2-3B,,8055902750,,,,IPEC-COMMUNITY/spatialvla-4b-224-sft-bridge,4,,,/home/soumyara004/soumyaratnadebnath/VisionLanguageAction/models/SpatialVLA/weights/spatialvla-4b-224-sft-bridge,/home/soumyara004/soumyaratnadebnath/VisionLanguageAction/models/SpatialVLA/weights/spatialvla-4b-224-sft-bridge,,simpler_widowx,,,,,,,,,,,,False,457,57.0,SpatialVLA 16x16 projected visual tokens before Gemma decoding,
/home/user/BiVLA/artifacts/results/mentor_2026-09-11/results/spatialvla_simplerenv_bridge/temporal_fusion_motion_entropy/widowx_spoon_on_towel/summary.json,spatialvla_simplerenv_bridge,temporal_fusion_motion_entropy,widowx_spoon_on_towel,completed,temporal_fusion,spatialvla_4b_simplerenv_bridge,temporal_fusion_motion_entropy,simpler_widowx,50,10,0.2,0.0,53.36,,NoneType,,Paired SimplerEnv WidowX task success and timing. SpatialVLA's released Bridge image-history and action-ensembling semantics are retained; synthetic action agreement is not used.,<absent>,<absent>,<absent>,False,False,False,[],2,,sdpa,,,/home/soumyara004/soumyaratnadebnath/VisionLanguageAction/models/SpatialVLA/weights/spatialvla-4b-224-sft-bridge,temporal_fusion,temporal_fusion_motion_entropy,,,,1,cuda:0,,0.2,False,0.15,,3,0.5,0.01,1,0.2,150,spatialvla_4b_simplerenv_bridge,,,,50,/home/soumyara004/soumyaratnadebnath/VisionLanguageAction/artifacts/results/spatialvla_simplerenv_bridge/temporal_fusion_motion_entropy/widowx_spoon_on_towel,,,1,0.01,0.03,0.995,0.01,42,,widowx_spoon_on_towel,,,,-0.8,bridge_orig/1.0.0,native_mixed (SDPA where supported; ZoeDepth compatible),PaLiGemma2-3B,,8055902750,,,,IPEC-COMMUNITY/spatialvla-4b-224-sft-bridge,4,,,/home/soumyara004/soumyaratnadebnath/VisionLanguageAction/models/SpatialVLA/weights/spatialvla-4b-224-sft-bridge,/home/soumyara004/soumyaratnadebnath/VisionLanguageAction/models/SpatialVLA/weights/spatialvla-4b-224-sft-bridge,,simpler_widowx,,,,,,,,,,,,False,894,97.0,SpatialVLA 16x16 projected visual tokens before Gemma decoding,
/home/user/BiVLA/artifacts/results/mentor_2026-09-11/results/spatialvla_simplerenv_bridge/temporal_fusion_motion_entropy/widowx_stack_cube/summary.json,spatialvla_simplerenv_bridge,temporal_fusion_motion_entropy,widowx_stack_cube,completed,temporal_fusion,spatialvla_4b_simplerenv_bridge,temporal_fusion_motion_entropy,simpler_widowx,50,17,0.34,0.0,51.44,,NoneType,,Paired SimplerEnv WidowX task success and timing. SpatialVLA's released Bridge image-history and action-ensembling semantics are retained; synthetic action agreement is not used.,<absent>,<absent>,<absent>,False,False,False,[],2,,sdpa,,,/home/soumyara004/soumyaratnadebnath/VisionLanguageAction/models/SpatialVLA/weights/spatialvla-4b-224-sft-bridge,temporal_fusion,temporal_fusion_motion_entropy,,,,1,cuda:0,,0.2,False,0.15,,3,0.5,0.01,1,0.2,150,spatialvla_4b_simplerenv_bridge,,,,50,/home/soumyara004/soumyaratnadebnath/VisionLanguageAction/artifacts/results/spatialvla_simplerenv_bridge/temporal_fusion_motion_entropy/widowx_stack_cube,,,1,0.01,0.03,0.995,0.01,42,,widowx_stack_cube,,,,-0.8,bridge_orig/1.0.0,native_mixed (SDPA where supported; ZoeDepth compatible),PaLiGemma2-3B,,8055902750,,,,IPEC-COMMUNITY/spatialvla-4b-224-sft-bridge,4,,,/home/soumyara004/soumyaratnadebnath/VisionLanguageAction/models/SpatialVLA/weights/spatialvla-4b-224-sft-bridge,/home/soumyara004/soumyaratnadebnath/VisionLanguageAction/models/SpatialVLA/weights/spatialvla-4b-224-sft-bridge,,simpler_widowx,,,,,,,,,,,,False,863,108.0,SpatialVLA 16x16 projected visual tokens before Gemma decoding,
/home/user/BiVLA/artifacts/results/mentor_2026-09-11/results/spatialvla_simplerenv_bridge/temporal_fusion_task_aware/widowx_carrot_on_plate/summary.json,spatialvla_simplerenv_bridge,temporal_fusion_task_aware,widowx_carrot_on_plate,completed,temporal_fusion,spatialvla_4b_simplerenv_bridge,temporal_fusion_task_aware,simpler_widowx,50,11,0.22,0.0,53.34,,NoneType,,Paired SimplerEnv WidowX task success and timing. SpatialVLA's released Bridge image-history and action-ensembling semantics are retained; synthetic action agreement is not used.,<absent>,<absent>,<absent>,False,False,False,[],2,,sdpa,,,/home/soumyara004/soumyaratnadebnath/VisionLanguageAction/models/SpatialVLA/weights/spatialvla-4b-224-sft-bridge,temporal_fusion,temporal_fusion_task_aware,,,,1,cuda:0,,0.2,True,0.15,,3,0.5,0.01,1,0.2,150,spatialvla_4b_simplerenv_bridge,,,,50,/home/soumyara004/soumyaratnadebnath/VisionLanguageAction/artifacts/results/spatialvla_simplerenv_bridge/temporal_fusion_task_aware/widowx_carrot_on_plate,,,1,0.01,0.03,0.995,0.01,42,,widowx_carrot_on_plate,,,,-0.8,bridge_orig/1.0.0,native_mixed (SDPA where supported; ZoeDepth compatible),PaLiGemma2-3B,,8055902750,,,,IPEC-COMMUNITY/spatialvla-4b-224-sft-bridge,4,,,/home/soumyara004/soumyaratnadebnath/VisionLanguageAction/models/SpatialVLA/weights/spatialvla-4b-224-sft-bridge,/home/soumyara004/soumyaratnadebnath/VisionLanguageAction/models/SpatialVLA/weights/spatialvla-4b-224-sft-bridge,,simpler_widowx,,,,,,,,,,,,True,892,54.0,SpatialVLA 16x16 projected visual tokens before Gemma decoding,
/home/user/BiVLA/artifacts/results/mentor_2026-09-11/results/spatialvla_simplerenv_bridge/temporal_fusion_task_aware/widowx_put_eggplant_in_basket/summary.json,spatialvla_simplerenv_bridge,temporal_fusion_task_aware,widowx_put_eggplant_in_basket,completed,temporal_fusion,spatialvla_4b_simplerenv_bridge,temporal_fusion_task_aware,simpler_widowx,50,50,1.0,0.0,25.56,,NoneType,,Paired SimplerEnv WidowX task success and timing. SpatialVLA's released Bridge image-history and action-ensembling semantics are retained; synthetic action agreement is not used.,<absent>,<absent>,<absent>,False,False,False,[],2,,sdpa,,,/home/soumyara004/soumyaratnadebnath/VisionLanguageAction/models/SpatialVLA/weights/spatialvla-4b-224-sft-bridge,temporal_fusion,temporal_fusion_task_aware,,,,1,cuda:0,,0.2,True,0.15,,3,0.5,0.01,1,0.2,150,spatialvla_4b_simplerenv_bridge,,,,50,/home/soumyara004/soumyaratnadebnath/VisionLanguageAction/artifacts/results/spatialvla_simplerenv_bridge/temporal_fusion_task_aware/widowx_put_eggplant_in_basket,,,1,0.01,0.03,0.995,0.01,42,,widowx_put_eggplant_in_basket,,,,-0.8,bridge_orig/1.0.0,native_mixed (SDPA where supported; ZoeDepth compatible),PaLiGemma2-3B,,8055902750,,,,IPEC-COMMUNITY/spatialvla-4b-224-sft-bridge,4,,,/home/soumyara004/soumyaratnadebnath/VisionLanguageAction/models/SpatialVLA/weights/spatialvla-4b-224-sft-bridge,/home/soumyara004/soumyaratnadebnath/VisionLanguageAction/models/SpatialVLA/weights/spatialvla-4b-224-sft-bridge,,simpler_widowx,,,,,,,,,,,,True,446,26.0,SpatialVLA 16x16 projected visual tokens before Gemma decoding,
/home/user/BiVLA/artifacts/results/mentor_2026-09-11/results/spatialvla_simplerenv_bridge/temporal_fusion_task_aware/widowx_spoon_on_towel/summary.json,spatialvla_simplerenv_bridge,temporal_fusion_task_aware,widowx_spoon_on_towel,completed,temporal_fusion,spatialvla_4b_simplerenv_bridge,temporal_fusion_task_aware,simpler_widowx,50,10,0.2,0.0,52.5,,NoneType,,Paired SimplerEnv WidowX task success and timing. SpatialVLA's released Bridge image-history and action-ensembling semantics are retained; synthetic action agreement is not used.,<absent>,<absent>,<absent>,False,False,False,[],2,,sdpa,,,/home/soumyara004/soumyaratnadebnath/VisionLanguageAction/models/SpatialVLA/weights/spatialvla-4b-224-sft-bridge,temporal_fusion,temporal_fusion_task_aware,,,,1,cuda:0,,0.2,True,0.15,,3,0.5,0.01,1,0.2,150,spatialvla_4b_simplerenv_bridge,,,,50,/home/soumyara004/soumyaratnadebnath/VisionLanguageAction/artifacts/results/spatialvla_simplerenv_bridge/temporal_fusion_task_aware/widowx_spoon_on_towel,,,1,0.01,0.03,0.995,0.01,42,,widowx_spoon_on_towel,,,,-0.8,bridge_orig/1.0.0,native_mixed (SDPA where supported; ZoeDepth compatible),PaLiGemma2-3B,,8055902750,,,,IPEC-COMMUNITY/spatialvla-4b-224-sft-bridge,4,,,/home/soumyara004/soumyaratnadebnath/VisionLanguageAction/models/SpatialVLA/weights/spatialvla-4b-224-sft-bridge,/home/soumyara004/soumyaratnadebnath/VisionLanguageAction/models/SpatialVLA/weights/spatialvla-4b-224-sft-bridge,,simpler_widowx,,,,,,,,,,,,True,878,53.0,SpatialVLA 16x16 projected visual tokens before Gemma decoding,
/home/user/BiVLA/artifacts/results/mentor_2026-09-11/results/spatialvla_simplerenv_bridge/temporal_fusion_task_aware/widowx_stack_cube/summary.json,spatialvla_simplerenv_bridge,temporal_fusion_task_aware,widowx_stack_cube,completed,temporal_fusion,spatialvla_4b_simplerenv_bridge,temporal_fusion_task_aware,simpler_widowx,50,17,0.34,0.0,50.5,,NoneType,,Paired SimplerEnv WidowX task success and timing. SpatialVLA's released Bridge image-history and action-ensembling semantics are retained; synthetic action agreement is not used.,<absent>,<absent>,<absent>,False,False,False,[],2,,sdpa,,,/home/soumyara004/soumyaratnadebnath/VisionLanguageAction/models/SpatialVLA/weights/spatialvla-4b-224-sft-bridge,temporal_fusion,temporal_fusion_task_aware,,,,1,cuda:0,,0.2,True,0.15,,3,0.5,0.01,1,0.2,150,spatialvla_4b_simplerenv_bridge,,,,50,/home/soumyara004/soumyaratnadebnath/VisionLanguageAction/artifacts/results/spatialvla_simplerenv_bridge/temporal_fusion_task_aware/widowx_stack_cube,,,1,0.01,0.03,0.995,0.01,42,,widowx_stack_cube,,,,-0.8,bridge_orig/1.0.0,native_mixed (SDPA where supported; ZoeDepth compatible),PaLiGemma2-3B,,8055902750,,,,IPEC-COMMUNITY/spatialvla-4b-224-sft-bridge,4,,,/home/soumyara004/soumyaratnadebnath/VisionLanguageAction/models/SpatialVLA/weights/spatialvla-4b-224-sft-bridge,/home/soumyara004/soumyaratnadebnath/VisionLanguageAction/models/SpatialVLA/weights/spatialvla-4b-224-sft-bridge,,simpler_widowx,,,,,,,,,,,,True,851,52.0,SpatialVLA 16x16 projected visual tokens before Gemma decoding,
/home/user/BiVLA/artifacts/results/mentor_2026-09-11/results/spatialvla_simplerenv_fractal/action_repeat2/google_robot_close_drawer/summary.json,spatialvla_simplerenv_fractal,action_repeat2,google_robot_close_drawer,completed,action_repeat,spatialvla_4b_simplerenv_fractal,action_repeat2,simpler_google_robot_fractal,50,37,0.74,0.0,24.38,,NoneType,,Google Robot/Fractal SimplerEnv setup; report only completed paired rollouts.,<absent>,<absent>,<absent>,False,False,False,[],2,,sdpa,,,models/SpatialVLA/weights/spatialvla-4b-224-sft-fractal,action_repeat,action_repeat2,,,,1,cuda:0,,0.2,False,0.15,,3,0.5,0.01,1,0.2,80,spatialvla_4b_simplerenv_fractal,,,,50,artifacts/results/spatialvla_simplerenv_fractal/action_repeat2/google_robot_close_drawer,,,1,0.01,0.03,0.995,0.01,42,,google_robot_close_drawer,,,,-0.8,fractal20220817_data/0.1.0,native_mixed (SDPA where supported; ZoeDepth compatible),PaLiGemma2-3B,,8055902750,,,,IPEC-COMMUNITY/spatialvla-4b-224-sft-fractal,4,,google_robot,models/SpatialVLA/weights/spatialvla-4b-224-sft-fractal,/home/soumyara004/soumyaratnadebnath/VisionLanguageAction/models/SpatialVLA/weights/spatialvla-4b-224-sft-fractal,,simpler_google_robot_fractal,,,,,,,,,,,,False,0,0.0,SpatialVLA 16x16 projected visual tokens before Gemma decoding,
/home/user/BiVLA/artifacts/results/mentor_2026-09-11/results/spatialvla_simplerenv_fractal/action_repeat2/google_robot_move_near/summary.json,spatialvla_simplerenv_fractal,action_repeat2,google_robot_move_near,completed,action_repeat,spatialvla_4b_simplerenv_fractal,action_repeat2,simpler_google_robot_fractal,50,43,0.86,0.0,16.3,,NoneType,,Google Robot/Fractal SimplerEnv setup; report only completed paired rollouts.,<absent>,<absent>,<absent>,False,False,False,[],2,,sdpa,,,models/SpatialVLA/weights/spatialvla-4b-224-sft-fractal,action_repeat,action_repeat2,,,,1,cuda:0,,0.2,False,0.15,,3,0.5,0.01,1,0.2,80,spatialvla_4b_simplerenv_fractal,,,,50,artifacts/results/spatialvla_simplerenv_fractal/action_repeat2/google_robot_move_near,,,1,0.01,0.03,0.995,0.01,42,,google_robot_move_near,,,,-0.8,fractal20220817_data/0.1.0,native_mixed (SDPA where supported; ZoeDepth compatible),PaLiGemma2-3B,,8055902750,,,,IPEC-COMMUNITY/spatialvla-4b-224-sft-fractal,4,,google_robot,models/SpatialVLA/weights/spatialvla-4b-224-sft-fractal,/home/soumyara004/soumyaratnadebnath/VisionLanguageAction/models/SpatialVLA/weights/spatialvla-4b-224-sft-fractal,,simpler_google_robot_fractal,,,,,,,,,,,,False,0,0.0,SpatialVLA 16x16 projected visual tokens before Gemma decoding,
/home/user/BiVLA/artifacts/results/mentor_2026-09-11/results/spatialvla_simplerenv_fractal/action_repeat2/google_robot_open_drawer/summary.json,spatialvla_simplerenv_fractal,action_repeat2,google_robot_open_drawer,completed,action_repeat,spatialvla_4b_simplerenv_fractal,action_repeat2,simpler_google_robot_fractal,50,25,0.5,0.0,30.38,,NoneType,,Google Robot/Fractal SimplerEnv setup; report only completed paired rollouts.,<absent>,<absent>,<absent>,False,False,False,[],2,,sdpa,,,models/SpatialVLA/weights/spatialvla-4b-224-sft-fractal,action_repeat,action_repeat2,,,,1,cuda:0,,0.2,False,0.15,,3,0.5,0.01,1,0.2,80,spatialvla_4b_simplerenv_fractal,,,,50,artifacts/results/spatialvla_simplerenv_fractal/action_repeat2/google_robot_open_drawer,,,1,0.01,0.03,0.995,0.01,42,,google_robot_open_drawer,,,,-0.8,fractal20220817_data/0.1.0,native_mixed (SDPA where supported; ZoeDepth compatible),PaLiGemma2-3B,,8055902750,,,,IPEC-COMMUNITY/spatialvla-4b-224-sft-fractal,4,,google_robot,models/SpatialVLA/weights/spatialvla-4b-224-sft-fractal,/home/soumyara004/soumyaratnadebnath/VisionLanguageAction/models/SpatialVLA/weights/spatialvla-4b-224-sft-fractal,,simpler_google_robot_fractal,,,,,,,,,,,,False,0,0.0,SpatialVLA 16x16 projected visual tokens before Gemma decoding,
/home/user/BiVLA/artifacts/results/mentor_2026-09-11/results/spatialvla_simplerenv_fractal/action_repeat2/google_robot_pick_coke_can/summary.json,spatialvla_simplerenv_fractal,action_repeat2,google_robot_pick_coke_can,completed,action_repeat,spatialvla_4b_simplerenv_fractal,action_repeat2,simpler_google_robot_fractal,50,43,0.86,0.0,15.64,,NoneType,,Google Robot/Fractal SimplerEnv setup; report only completed paired rollouts.,<absent>,<absent>,<absent>,False,False,False,[],2,,sdpa,,,models/SpatialVLA/weights/spatialvla-4b-224-sft-fractal,action_repeat,action_repeat2,,,,1,cuda:0,,0.2,False,0.15,,3,0.5,0.01,1,0.2,80,spatialvla_4b_simplerenv_fractal,,,,50,artifacts/results/spatialvla_simplerenv_fractal/action_repeat2/google_robot_pick_coke_can,,,1,0.01,0.03,0.995,0.01,42,,google_robot_pick_coke_can,,,,-0.8,fractal20220817_data/0.1.0,native_mixed (SDPA where supported; ZoeDepth compatible),PaLiGemma2-3B,,8055902750,,,,IPEC-COMMUNITY/spatialvla-4b-224-sft-fractal,4,,google_robot,models/SpatialVLA/weights/spatialvla-4b-224-sft-fractal,/home/soumyara004/soumyaratnadebnath/VisionLanguageAction/models/SpatialVLA/weights/spatialvla-4b-224-sft-fractal,,simpler_google_robot_fractal,,,,,,,,,,,,False,0,0.0,SpatialVLA 16x16 projected visual tokens before Gemma decoding,
/home/user/BiVLA/artifacts/results/mentor_2026-09-11/results/spatialvla_simplerenv_fractal/action_repeat2/google_robot_place_apple_in_closed_top_drawer/summary.json,spatialvla_simplerenv_fractal,action_repeat2,google_robot_place_apple_in_closed_top_drawer,completed,action_repeat,spatialvla_4b_simplerenv_fractal,action_repeat2,simpler_google_robot_fractal,50,0,0.0,0.0,40.0,,NoneType,,Google Robot/Fractal SimplerEnv setup; report only completed paired rollouts.,<absent>,<absent>,<absent>,False,False,False,[],2,,sdpa,,,models/SpatialVLA/weights/spatialvla-4b-224-sft-fractal,action_repeat,action_repeat2,,,,1,cuda:0,,0.2,False,0.15,,3,0.5,0.01,1,0.2,80,spatialvla_4b_simplerenv_fractal,,,,50,artifacts/results/spatialvla_simplerenv_fractal/action_repeat2/google_robot_place_apple_in_closed_top_drawer,,,1,0.01,0.03,0.995,0.01,42,,google_robot_place_apple_in_closed_top_drawer,,,,-0.8,fractal20220817_data/0.1.0,native_mixed (SDPA where supported; ZoeDepth compatible),PaLiGemma2-3B,,8055902750,,,,IPEC-COMMUNITY/spatialvla-4b-224-sft-fractal,4,,google_robot,models/SpatialVLA/weights/spatialvla-4b-224-sft-fractal,/home/soumyara004/soumyaratnadebnath/VisionLanguageAction/models/SpatialVLA/weights/spatialvla-4b-224-sft-fractal,,simpler_google_robot_fractal,,,,,,,,,,,,False,0,0.0,SpatialVLA 16x16 projected visual tokens before Gemma decoding,
/home/user/BiVLA/artifacts/results/mentor_2026-09-11/results/spatialvla_simplerenv_fractal/action_repeat4/google_robot_close_drawer/summary.json,spatialvla_simplerenv_fractal,action_repeat4,google_robot_close_drawer,completed,action_repeat,spatialvla_4b_simplerenv_fractal,action_repeat4,simpler_google_robot_fractal,50,22,0.44,0.0,15.34,,NoneType,,Google Robot/Fractal SimplerEnv setup; report only completed paired rollouts.,<absent>,<absent>,<absent>,False,False,False,[],4,,sdpa,,,models/SpatialVLA/weights/spatialvla-4b-224-sft-fractal,action_repeat,action_repeat4,,,,1,cuda:0,,0.2,False,0.15,,3,0.5,0.01,1,0.2,80,spatialvla_4b_simplerenv_fractal,,,,50,artifacts/results/spatialvla_simplerenv_fractal/action_repeat4/google_robot_close_drawer,,,1,0.01,0.03,0.995,0.01,42,,google_robot_close_drawer,,,,-0.8,fractal20220817_data/0.1.0,native_mixed (SDPA where supported; ZoeDepth compatible),PaLiGemma2-3B,,8055902750,,,,IPEC-COMMUNITY/spatialvla-4b-224-sft-fractal,4,,google_robot,models/SpatialVLA/weights/spatialvla-4b-224-sft-fractal,/home/soumyara004/soumyaratnadebnath/VisionLanguageAction/models/SpatialVLA/weights/spatialvla-4b-224-sft-fractal,,simpler_google_robot_fractal,,,,,,,,,,,,False,0,0.0,SpatialVLA 16x16 projected visual tokens before Gemma decoding,
/home/user/BiVLA/artifacts/results/mentor_2026-09-11/results/spatialvla_simplerenv_fractal/action_repeat4/google_robot_move_near/summary.json,spatialvla_simplerenv_fractal,action_repeat4,google_robot_move_near,completed,action_repeat,spatialvla_4b_simplerenv_fractal,action_repeat4,simpler_google_robot_fractal,50,24,0.48,0.0,13.72,,NoneType,,Google Robot/Fractal SimplerEnv setup; report only completed paired rollouts.,<absent>,<absent>,<absent>,False,False,False,[],4,,sdpa,,,models/SpatialVLA/weights/spatialvla-4b-224-sft-fractal,action_repeat,action_repeat4,,,,1,cuda:0,,0.2,False,0.15,,3,0.5,0.01,1,0.2,80,spatialvla_4b_simplerenv_fractal,,,,50,artifacts/results/spatialvla_simplerenv_fractal/action_repeat4/google_robot_move_near,,,1,0.01,0.03,0.995,0.01,42,,google_robot_move_near,,,,-0.8,fractal20220817_data/0.1.0,native_mixed (SDPA where supported; ZoeDepth compatible),PaLiGemma2-3B,,8055902750,,,,IPEC-COMMUNITY/spatialvla-4b-224-sft-fractal,4,,google_robot,models/SpatialVLA/weights/spatialvla-4b-224-sft-fractal,/home/soumyara004/soumyaratnadebnath/VisionLanguageAction/models/SpatialVLA/weights/spatialvla-4b-224-sft-fractal,,simpler_google_robot_fractal,,,,,,,,,,,,False,0,0.0,SpatialVLA 16x16 projected visual tokens before Gemma decoding,
/home/user/BiVLA/artifacts/results/mentor_2026-09-11/results/spatialvla_simplerenv_fractal/action_repeat4/google_robot_open_drawer/summary.json,spatialvla_simplerenv_fractal,action_repeat4,google_robot_open_drawer,completed,action_repeat,spatialvla_4b_simplerenv_fractal,action_repeat4,simpler_google_robot_fractal,50,12,0.24,0.0,18.14,,NoneType,,Google Robot/Fractal SimplerEnv setup; report only completed paired rollouts.,<absent>,<absent>,<absent>,False,False,False,[],4,,sdpa,,,models/SpatialVLA/weights/spatialvla-4b-224-sft-fractal,action_repeat,action_repeat4,,,,1,cuda:0,,0.2,False,0.15,,3,0.5,0.01,1,0.2,80,spatialvla_4b_simplerenv_fractal,,,,50,artifacts/results/spatialvla_simplerenv_fractal/action_repeat4/google_robot_open_drawer,,,1,0.01,0.03,0.995,0.01,42,,google_robot_open_drawer,,,,-0.8,fractal20220817_data/0.1.0,native_mixed (SDPA where supported; ZoeDepth compatible),PaLiGemma2-3B,,8055902750,,,,IPEC-COMMUNITY/spatialvla-4b-224-sft-fractal,4,,google_robot,models/SpatialVLA/weights/spatialvla-4b-224-sft-fractal,/home/soumyara004/soumyaratnadebnath/VisionLanguageAction/models/SpatialVLA/weights/spatialvla-4b-224-sft-fractal,,simpler_google_robot_fractal,,,,,,,,,,,,False,0,0.0,SpatialVLA 16x16 projected visual tokens before Gemma decoding,
/home/user/BiVLA/artifacts/results/mentor_2026-09-11/results/spatialvla_simplerenv_fractal/action_repeat4/google_robot_pick_coke_can/summary.json,spatialvla_simplerenv_fractal,action_repeat4,google_robot_pick_coke_can,completed,action_repeat,spatialvla_4b_simplerenv_fractal,action_repeat4,simpler_google_robot_fractal,50,16,0.32,0.0,15.8,,NoneType,,Google Robot/Fractal SimplerEnv setup; report only completed paired rollouts.,<absent>,<absent>,<absent>,False,False,False,[],4,,sdpa,,,models/SpatialVLA/weights/spatialvla-4b-224-sft-fractal,action_repeat,action_repeat4,,,,1,cuda:0,,0.2,False,0.15,,3,0.5,0.01,1,0.2,80,spatialvla_4b_simplerenv_fractal,,,,50,artifacts/results/spatialvla_simplerenv_fractal/action_repeat4/google_robot_pick_coke_can,,,1,0.01,0.03,0.995,0.01,42,,google_robot_pick_coke_can,,,,-0.8,fractal20220817_data/0.1.0,native_mixed (SDPA where supported; ZoeDepth compatible),PaLiGemma2-3B,,8055902750,,,,IPEC-COMMUNITY/spatialvla-4b-224-sft-fractal,4,,google_robot,models/SpatialVLA/weights/spatialvla-4b-224-sft-fractal,/home/soumyara004/soumyaratnadebnath/VisionLanguageAction/models/SpatialVLA/weights/spatialvla-4b-224-sft-fractal,,simpler_google_robot_fractal,,,,,,,,,,,,False,0,0.0,SpatialVLA 16x16 projected visual tokens before Gemma decoding,
/home/user/BiVLA/artifacts/results/mentor_2026-09-11/results/spatialvla_simplerenv_fractal/action_repeat4/google_robot_place_apple_in_closed_top_drawer/summary.json,spatialvla_simplerenv_fractal,action_repeat4,google_robot_place_apple_in_closed_top_drawer,completed,action_repeat,spatialvla_4b_simplerenv_fractal,action_repeat4,simpler_google_robot_fractal,50,0,0.0,0.0,20.0,,NoneType,,Google Robot/Fractal SimplerEnv setup; report only completed paired rollouts.,<absent>,<absent>,<absent>,False,False,False,[],4,,sdpa,,,models/SpatialVLA/weights/spatialvla-4b-224-sft-fractal,action_repeat,action_repeat4,,,,1,cuda:0,,0.2,False,0.15,,3,0.5,0.01,1,0.2,80,spatialvla_4b_simplerenv_fractal,,,,50,artifacts/results/spatialvla_simplerenv_fractal/action_repeat4/google_robot_place_apple_in_closed_top_drawer,,,1,0.01,0.03,0.995,0.01,42,,google_robot_place_apple_in_closed_top_drawer,,,,-0.8,fractal20220817_data/0.1.0,native_mixed (SDPA where supported; ZoeDepth compatible),PaLiGemma2-3B,,8055902750,,,,IPEC-COMMUNITY/spatialvla-4b-224-sft-fractal,4,,google_robot,models/SpatialVLA/weights/spatialvla-4b-224-sft-fractal,/home/soumyara004/soumyaratnadebnath/VisionLanguageAction/models/SpatialVLA/weights/spatialvla-4b-224-sft-fractal,,simpler_google_robot_fractal,,,,,,,,,,,,False,0,0.0,SpatialVLA 16x16 projected visual tokens before Gemma decoding,
/home/user/BiVLA/artifacts/results/mentor_2026-09-11/results/spatialvla_simplerenv_fractal/depth_pruning1/google_robot_close_drawer/summary.json,spatialvla_simplerenv_fractal,depth_pruning1,google_robot_close_drawer,completed,depth_pruning,spatialvla_4b_simplerenv_fractal,depth_pruning1,simpler_google_robot_fractal,50,34,0.68,0.0,48.78,,NoneType,,Google Robot/Fractal SimplerEnv setup; report only completed paired rollouts.,<absent>,<absent>,<absent>,False,False,False,[8],2,,sdpa,,,models/SpatialVLA/weights/spatialvla-4b-224-sft-fractal,depth_pruning,depth_pruning1,,,,1,cuda:0,,0.2,False,0.15,,3,0.5,0.01,1,0.2,80,spatialvla_4b_simplerenv_fractal,,,,50,artifacts/results/spatialvla_simplerenv_fractal/depth_pruning1/google_robot_close_drawer,,,1,0.01,0.03,0.995,0.01,42,,google_robot_close_drawer,,,,-0.8,fractal20220817_data/0.1.0,native_mixed (SDPA where supported; ZoeDepth compatible),PaLiGemma2-3B,,8055902750,,,,IPEC-COMMUNITY/spatialvla-4b-224-sft-fractal,4,,google_robot,models/SpatialVLA/weights/spatialvla-4b-224-sft-fractal,/home/soumyara004/soumyaratnadebnath/VisionLanguageAction/models/SpatialVLA/weights/spatialvla-4b-224-sft-fractal,,simpler_google_robot_fractal,,,,,"[0.410477876663208, 0.15820913314819335, 0.2058061480522156, 0.07717334032058716, 0.09017831087112427, 0.03666226863861084, 0.0909834623336792, 0.04301551580429077, 0.028008675575256346, 0.028991544246673585, 0.0371728777885437, 0.04570666551589966, 0.08277490139007568, 0.07475516796112061, 0.11127538681030273, 0.10161706209182739, 0.09254150390625, 0.11572575569152832, 0.09613471031188965, 0.09819544553756714, 0.09473665952682495, 0.0836053729057312, 0.08332501649856568, 0.07449840307235718, 0.08326891660690308, 0.11970775127410889]",,,,,,,False,0,0.0,SpatialVLA 16x16 projected visual tokens before Gemma decoding,
/home/user/BiVLA/artifacts/results/mentor_2026-09-11/results/spatialvla_simplerenv_fractal/depth_pruning1/google_robot_move_near/summary.json,spatialvla_simplerenv_fractal,depth_pruning1,google_robot_move_near,completed,depth_pruning,spatialvla_4b_simplerenv_fractal,depth_pruning1,simpler_google_robot_fractal,50,45,0.9,0.0,26.78,,NoneType,,Google Robot/Fractal SimplerEnv setup; report only completed paired rollouts.,<absent>,<absent>,<absent>,False,False,False,[8],2,,sdpa,,,models/SpatialVLA/weights/spatialvla-4b-224-sft-fractal,depth_pruning,depth_pruning1,,,,1,cuda:0,,0.2,False,0.15,,3,0.5,0.01,1,0.2,80,spatialvla_4b_simplerenv_fractal,,,,50,artifacts/results/spatialvla_simplerenv_fractal/depth_pruning1/google_robot_move_near,,,1,0.01,0.03,0.995,0.01,42,,google_robot_move_near,,,,-0.8,fractal20220817_data/0.1.0,native_mixed (SDPA where supported; ZoeDepth compatible),PaLiGemma2-3B,,8055902750,,,,IPEC-COMMUNITY/spatialvla-4b-224-sft-fractal,4,,google_robot,models/SpatialVLA/weights/spatialvla-4b-224-sft-fractal,/home/soumyara004/soumyaratnadebnath/VisionLanguageAction/models/SpatialVLA/weights/spatialvla-4b-224-sft-fractal,,simpler_google_robot_fractal,,,,,"[0.410477876663208, 0.15820913314819335, 0.2058061480522156, 0.07717334032058716, 0.09017831087112427, 0.03666226863861084, 0.0909834623336792, 0.04301551580429077, 0.028008675575256346, 0.028991544246673585, 0.0371728777885437, 0.04570666551589966, 0.08277490139007568, 0.07475516796112061, 0.11127538681030273, 0.10161706209182739, 0.09254150390625, 0.11572575569152832, 0.09613471031188965, 0.09819544553756714, 0.09473665952682495, 0.0836053729057312, 0.08332501649856568, 0.07449840307235718, 0.08326891660690308, 0.11970775127410889]",,,,,,,False,0,0.0,SpatialVLA 16x16 projected visual tokens before Gemma decoding,
/home/user/BiVLA/artifacts/results/mentor_2026-09-11/results/spatialvla_simplerenv_fractal/depth_pruning1/google_robot_open_drawer/summary.json,spatialvla_simplerenv_fractal,depth_pruning1,google_robot_open_drawer,completed,depth_pruning,spatialvla_4b_simplerenv_fractal,depth_pruning1,simpler_google_robot_fractal,50,14,0.28,0.0,69.86,,NoneType,,Google Robot/Fractal SimplerEnv setup; report only completed paired rollouts.,<absent>,<absent>,<absent>,False,False,False,[8],2,,sdpa,,,models/SpatialVLA/weights/spatialvla-4b-224-sft-fractal,depth_pruning,depth_pruning1,,,,1,cuda:0,,0.2,False,0.15,,3,0.5,0.01,1,0.2,80,spatialvla_4b_simplerenv_fractal,,,,50,artifacts/results/spatialvla_simplerenv_fractal/depth_pruning1/google_robot_open_drawer,,,1,0.01,0.03,0.995,0.01,42,,google_robot_open_drawer,,,,-0.8,fractal20220817_data/0.1.0,native_mixed (SDPA where supported; ZoeDepth compatible),PaLiGemma2-3B,,8055902750,,,,IPEC-COMMUNITY/spatialvla-4b-224-sft-fractal,4,,google_robot,models/SpatialVLA/weights/spatialvla-4b-224-sft-fractal,/home/soumyara004/soumyaratnadebnath/VisionLanguageAction/models/SpatialVLA/weights/spatialvla-4b-224-sft-fractal,,simpler_google_robot_fractal,,,,,"[0.410477876663208, 0.15820913314819335, 0.2058061480522156, 0.07717334032058716, 0.09017831087112427, 0.03666226863861084, 0.0909834623336792, 0.04301551580429077, 0.028008675575256346, 0.028991544246673585, 0.0371728777885437, 0.04570666551589966, 0.08277490139007568, 0.07475516796112061, 0.11127538681030273, 0.10161706209182739, 0.09254150390625, 0.11572575569152832, 0.09613471031188965, 0.09819544553756714, 0.09473665952682495, 0.0836053729057312, 0.08332501649856568, 0.07449840307235718, 0.08326891660690308, 0.11970775127410889]",,,,,,,False,0,0.0,SpatialVLA 16x16 projected visual tokens before Gemma decoding,
/home/user/BiVLA/artifacts/results/mentor_2026-09-11/results/spatialvla_simplerenv_fractal/depth_pruning1/google_robot_pick_coke_can/summary.json,spatialvla_simplerenv_fractal,depth_pruning1,google_robot_pick_coke_can,completed,depth_pruning,spatialvla_4b_simplerenv_fractal,depth_pruning1,simpler_google_robot_fractal,50,42,0.84,0.0,27.76,,NoneType,,Google Robot/Fractal SimplerEnv setup; report only completed paired rollouts.,<absent>,<absent>,<absent>,False,False,False,[8],2,,sdpa,,,models/SpatialVLA/weights/spatialvla-4b-224-sft-fractal,depth_pruning,depth_pruning1,,,,1,cuda:0,,0.2,False,0.15,,3,0.5,0.01,1,0.2,80,spatialvla_4b_simplerenv_fractal,,,,50,artifacts/results/spatialvla_simplerenv_fractal/depth_pruning1/google_robot_pick_coke_can,,,1,0.01,0.03,0.995,0.01,42,,google_robot_pick_coke_can,,,,-0.8,fractal20220817_data/0.1.0,native_mixed (SDPA where supported; ZoeDepth compatible),PaLiGemma2-3B,,8055902750,,,,IPEC-COMMUNITY/spatialvla-4b-224-sft-fractal,4,,google_robot,models/SpatialVLA/weights/spatialvla-4b-224-sft-fractal,/home/soumyara004/soumyaratnadebnath/VisionLanguageAction/models/SpatialVLA/weights/spatialvla-4b-224-sft-fractal,,simpler_google_robot_fractal,,,,,"[0.410477876663208, 0.15820913314819335, 0.2058061480522156, 0.07717334032058716, 0.09017831087112427, 0.03666226863861084, 0.0909834623336792, 0.04301551580429077, 0.028008675575256346, 0.028991544246673585, 0.0371728777885437, 0.04570666551589966, 0.08277490139007568, 0.07475516796112061, 0.11127538681030273, 0.10161706209182739, 0.09254150390625, 0.11572575569152832, 0.09613471031188965, 0.09819544553756714, 0.09473665952682495, 0.0836053729057312, 0.08332501649856568, 0.07449840307235718, 0.08326891660690308, 0.11970775127410889]",,,,,,,False,0,0.0,SpatialVLA 16x16 projected visual tokens before Gemma decoding,
/home/user/BiVLA/artifacts/results/mentor_2026-09-11/results/spatialvla_simplerenv_fractal/depth_pruning1/google_robot_place_apple_in_closed_top_drawer/summary.json,spatialvla_simplerenv_fractal,depth_pruning1,google_robot_place_apple_in_closed_top_drawer,completed,depth_pruning,spatialvla_4b_simplerenv_fractal,depth_pruning1,simpler_google_robot_fractal,50,0,0.0,0.0,80.0,,NoneType,,Google Robot/Fractal SimplerEnv setup; report only completed paired rollouts.,<absent>,<absent>,<absent>,False,False,False,[8],2,,sdpa,,,models/SpatialVLA/weights/spatialvla-4b-224-sft-fractal,depth_pruning,depth_pruning1,,,,1,cuda:0,,0.2,False,0.15,,3,0.5,0.01,1,0.2,80,spatialvla_4b_simplerenv_fractal,,,,50,artifacts/results/spatialvla_simplerenv_fractal/depth_pruning1/google_robot_place_apple_in_closed_top_drawer,,,1,0.01,0.03,0.995,0.01,42,,google_robot_place_apple_in_closed_top_drawer,,,,-0.8,fractal20220817_data/0.1.0,native_mixed (SDPA where supported; ZoeDepth compatible),PaLiGemma2-3B,,8055902750,,,,IPEC-COMMUNITY/spatialvla-4b-224-sft-fractal,4,,google_robot,models/SpatialVLA/weights/spatialvla-4b-224-sft-fractal,/home/soumyara004/soumyaratnadebnath/VisionLanguageAction/models/SpatialVLA/weights/spatialvla-4b-224-sft-fractal,,simpler_google_robot_fractal,,,,,"[0.410477876663208, 0.15820913314819335, 0.2058061480522156, 0.07717334032058716, 0.09017831087112427, 0.03666226863861084, 0.0909834623336792, 0.04301551580429077, 0.028008675575256346, 0.028991544246673585, 0.0371728777885437, 0.04570666551589966, 0.08277490139007568, 0.07475516796112061, 0.11127538681030273, 0.10161706209182739, 0.09254150390625, 0.11572575569152832, 0.09613471031188965, 0.09819544553756714, 0.09473665952682495, 0.0836053729057312, 0.08332501649856568, 0.07449840307235718, 0.08326891660690308, 0.11970775127410889]",,,,,,,False,0,0.0,SpatialVLA 16x16 projected visual tokens before Gemma decoding,
/home/user/BiVLA/artifacts/results/mentor_2026-09-11/results/spatialvla_simplerenv_fractal/depth_pruning2/google_robot_close_drawer/summary.json,spatialvla_simplerenv_fractal,depth_pruning2,google_robot_close_drawer,completed,depth_pruning,spatialvla_4b_simplerenv_fractal,depth_pruning2,simpler_google_robot_fractal,50,30,0.6,0.0,54.72,,NoneType,,Google Robot/Fractal SimplerEnv setup; report only completed paired rollouts.,<absent>,<absent>,<absent>,False,False,False,"[8, 10]",2,,sdpa,,,models/SpatialVLA/weights/spatialvla-4b-224-sft-fractal,depth_pruning,depth_pruning2,,,,2,cuda:0,,0.2,False,0.15,,3,0.5,0.01,1,0.2,80,spatialvla_4b_simplerenv_fractal,,,,50,artifacts/results/spatialvla_simplerenv_fractal/depth_pruning2/google_robot_close_drawer,,,1,0.01,0.03,0.995,0.01,42,,google_robot_close_drawer,,,,-0.8,fractal20220817_data/0.1.0,native_mixed (SDPA where supported; ZoeDepth compatible),PaLiGemma2-3B,,8055902750,,,,IPEC-COMMUNITY/spatialvla-4b-224-sft-fractal,4,,google_robot,models/SpatialVLA/weights/spatialvla-4b-224-sft-fractal,/home/soumyara004/soumyaratnadebnath/VisionLanguageAction/models/SpatialVLA/weights/spatialvla-4b-224-sft-fractal,,simpler_google_robot_fractal,,,,,"[0.410477876663208, 0.15820913314819335, 0.2058061480522156, 0.07717334032058716, 0.09017831087112427, 0.03666226863861084, 0.0909834623336792, 0.04301551580429077, 0.028008675575256346, 0.028991544246673585, 0.0371728777885437, 0.04570666551589966, 0.08277490139007568, 0.07475516796112061, 0.11127538681030273, 0.10161706209182739, 0.09254150390625, 0.11572575569152832, 0.09613471031188965, 0.09819544553756714, 0.09473665952682495, 0.0836053729057312, 0.08332501649856568, 0.07449840307235718, 0.08326891660690308, 0.11970775127410889]",,,,,,,False,0,0.0,SpatialVLA 16x16 projected visual tokens before Gemma decoding,
/home/user/BiVLA/artifacts/results/mentor_2026-09-11/results/spatialvla_simplerenv_fractal/depth_pruning2/google_robot_move_near/summary.json,spatialvla_simplerenv_fractal,depth_pruning2,google_robot_move_near,completed,depth_pruning,spatialvla_4b_simplerenv_fractal,depth_pruning2,simpler_google_robot_fractal,50,43,0.86,0.0,30.0,,NoneType,,Google Robot/Fractal SimplerEnv setup; report only completed paired rollouts.,<absent>,<absent>,<absent>,False,False,False,"[8, 10]",2,,sdpa,,,models/SpatialVLA/weights/spatialvla-4b-224-sft-fractal,depth_pruning,depth_pruning2,,,,2,cuda:0,,0.2,False,0.15,,3,0.5,0.01,1,0.2,80,spatialvla_4b_simplerenv_fractal,,,,50,artifacts/results/spatialvla_simplerenv_fractal/depth_pruning2/google_robot_move_near,,,1,0.01,0.03,0.995,0.01,42,,google_robot_move_near,,,,-0.8,fractal20220817_data/0.1.0,native_mixed (SDPA where supported; ZoeDepth compatible),PaLiGemma2-3B,,8055902750,,,,IPEC-COMMUNITY/spatialvla-4b-224-sft-fractal,4,,google_robot,models/SpatialVLA/weights/spatialvla-4b-224-sft-fractal,/home/soumyara004/soumyaratnadebnath/VisionLanguageAction/models/SpatialVLA/weights/spatialvla-4b-224-sft-fractal,,simpler_google_robot_fractal,,,,,"[0.410477876663208, 0.15820913314819335, 0.2058061480522156, 0.07717334032058716, 0.09017831087112427, 0.03666226863861084, 0.0909834623336792, 0.04301551580429077, 0.028008675575256346, 0.028991544246673585, 0.0371728777885437, 0.04570666551589966, 0.08277490139007568, 0.07475516796112061, 0.11127538681030273, 0.10161706209182739, 0.09254150390625, 0.11572575569152832, 0.09613471031188965, 0.09819544553756714, 0.09473665952682495, 0.0836053729057312, 0.08332501649856568, 0.07449840307235718, 0.08326891660690308, 0.11970775127410889]",,,,,,,False,0,0.0,SpatialVLA 16x16 projected visual tokens before Gemma decoding,
/home/user/BiVLA/artifacts/results/mentor_2026-09-11/results/spatialvla_simplerenv_fractal/depth_pruning2/google_robot_open_drawer/summary.json,spatialvla_simplerenv_fractal,depth_pruning2,google_robot_open_drawer,completed,depth_pruning,spatialvla_4b_simplerenv_fractal,depth_pruning2,simpler_google_robot_fractal,50,23,0.46,0.0,66.32,,NoneType,,Google Robot/Fractal SimplerEnv setup; report only completed paired rollouts.,<absent>,<absent>,<absent>,False,False,False,"[8, 10]",2,,sdpa,,,models/SpatialVLA/weights/spatialvla-4b-224-sft-fractal,depth_pruning,depth_pruning2,,,,2,cuda:0,,0.2,False,0.15,,3,0.5,0.01,1,0.2,80,spatialvla_4b_simplerenv_fractal,,,,50,artifacts/results/spatialvla_simplerenv_fractal/depth_pruning2/google_robot_open_drawer,,,1,0.01,0.03,0.995,0.01,42,,google_robot_open_drawer,,,,-0.8,fractal20220817_data/0.1.0,native_mixed (SDPA where supported; ZoeDepth compatible),PaLiGemma2-3B,,8055902750,,,,IPEC-COMMUNITY/spatialvla-4b-224-sft-fractal,4,,google_robot,models/SpatialVLA/weights/spatialvla-4b-224-sft-fractal,/home/soumyara004/soumyaratnadebnath/VisionLanguageAction/models/SpatialVLA/weights/spatialvla-4b-224-sft-fractal,,simpler_google_robot_fractal,,,,,"[0.410477876663208, 0.15820913314819335, 0.2058061480522156, 0.07717334032058716, 0.09017831087112427, 0.03666226863861084, 0.0909834623336792, 0.04301551580429077, 0.028008675575256346, 0.028991544246673585, 0.0371728777885437, 0.04570666551589966, 0.08277490139007568, 0.07475516796112061, 0.11127538681030273, 0.10161706209182739, 0.09254150390625, 0.11572575569152832, 0.09613471031188965, 0.09819544553756714, 0.09473665952682495, 0.0836053729057312, 0.08332501649856568, 0.07449840307235718, 0.08326891660690308, 0.11970775127410889]",,,,,,,False,0,0.0,SpatialVLA 16x16 projected visual tokens before Gemma decoding,
/home/user/BiVLA/artifacts/results/mentor_2026-09-11/results/spatialvla_simplerenv_fractal/depth_pruning2/google_robot_pick_coke_can/summary.json,spatialvla_simplerenv_fractal,depth_pruning2,google_robot_pick_coke_can,completed,depth_pruning,spatialvla_4b_simplerenv_fractal,depth_pruning2,simpler_google_robot_fractal,50,46,0.92,0.0,22.66,,NoneType,,Google Robot/Fractal SimplerEnv setup; report only completed paired rollouts.,<absent>,<absent>,<absent>,False,False,False,"[8, 10]",2,,sdpa,,,models/SpatialVLA/weights/spatialvla-4b-224-sft-fractal,depth_pruning,depth_pruning2,,,,2,cuda:0,,0.2,False,0.15,,3,0.5,0.01,1,0.2,80,spatialvla_4b_simplerenv_fractal,,,,50,artifacts/results/spatialvla_simplerenv_fractal/depth_pruning2/google_robot_pick_coke_can,,,1,0.01,0.03,0.995,0.01,42,,google_robot_pick_coke_can,,,,-0.8,fractal20220817_data/0.1.0,native_mixed (SDPA where supported; ZoeDepth compatible),PaLiGemma2-3B,,8055902750,,,,IPEC-COMMUNITY/spatialvla-4b-224-sft-fractal,4,,google_robot,models/SpatialVLA/weights/spatialvla-4b-224-sft-fractal,/home/soumyara004/soumyaratnadebnath/VisionLanguageAction/models/SpatialVLA/weights/spatialvla-4b-224-sft-fractal,,simpler_google_robot_fractal,,,,,"[0.410477876663208, 0.15820913314819335, 0.2058061480522156, 0.07717334032058716, 0.09017831087112427, 0.03666226863861084, 0.0909834623336792, 0.04301551580429077, 0.028008675575256346, 0.028991544246673585, 0.0371728777885437, 0.04570666551589966, 0.08277490139007568, 0.07475516796112061, 0.11127538681030273, 0.10161706209182739, 0.09254150390625, 0.11572575569152832, 0.09613471031188965, 0.09819544553756714, 0.09473665952682495, 0.0836053729057312, 0.08332501649856568, 0.07449840307235718, 0.08326891660690308, 0.11970775127410889]",,,,,,,False,0,0.0,SpatialVLA 16x16 projected visual tokens before Gemma decoding,
/home/user/BiVLA/artifacts/results/mentor_2026-09-11/results/spatialvla_simplerenv_fractal/depth_pruning2/google_robot_place_apple_in_closed_top_drawer/summary.json,spatialvla_simplerenv_fractal,depth_pruning2,google_robot_place_apple_in_closed_top_drawer,completed,depth_pruning,spatialvla_4b_simplerenv_fractal,depth_pruning2,simpler_google_robot_fractal,50,0,0.0,0.0,80.0,,NoneType,,Google Robot/Fractal SimplerEnv setup; report only completed paired rollouts.,<absent>,<absent>,<absent>,False,False,False,"[8, 10]",2,,sdpa,,,models/SpatialVLA/weights/spatialvla-4b-224-sft-fractal,depth_pruning,depth_pruning2,,,,2,cuda:0,,0.2,False,0.15,,3,0.5,0.01,1,0.2,80,spatialvla_4b_simplerenv_fractal,,,,50,artifacts/results/spatialvla_simplerenv_fractal/depth_pruning2/google_robot_place_apple_in_closed_top_drawer,,,1,0.01,0.03,0.995,0.01,42,,google_robot_place_apple_in_closed_top_drawer,,,,-0.8,fractal20220817_data/0.1.0,native_mixed (SDPA where supported; ZoeDepth compatible),PaLiGemma2-3B,,8055902750,,,,IPEC-COMMUNITY/spatialvla-4b-224-sft-fractal,4,,google_robot,models/SpatialVLA/weights/spatialvla-4b-224-sft-fractal,/home/soumyara004/soumyaratnadebnath/VisionLanguageAction/models/SpatialVLA/weights/spatialvla-4b-224-sft-fractal,,simpler_google_robot_fractal,,,,,"[0.410477876663208, 0.15820913314819335, 0.2058061480522156, 0.07717334032058716, 0.09017831087112427, 0.03666226863861084, 0.0909834623336792, 0.04301551580429077, 0.028008675575256346, 0.028991544246673585, 0.0371728777885437, 0.04570666551589966, 0.08277490139007568, 0.07475516796112061, 0.11127538681030273, 0.10161706209182739, 0.09254150390625, 0.11572575569152832, 0.09613471031188965, 0.09819544553756714, 0.09473665952682495, 0.0836053729057312, 0.08332501649856568, 0.07449840307235718, 0.08326891660690308, 0.11970775127410889]",,,,,,,False,0,0.0,SpatialVLA 16x16 projected visual tokens before Gemma decoding,
/home/user/BiVLA/artifacts/results/mentor_2026-09-11/results/spatialvla_simplerenv_fractal/depth_pruning4/google_robot_close_drawer/summary.json,spatialvla_simplerenv_fractal,depth_pruning4,google_robot_close_drawer,completed,depth_pruning,spatialvla_4b_simplerenv_fractal,depth_pruning4,simpler_google_robot_fractal,50,19,0.38,0.0,62.12,,NoneType,,Google Robot/Fractal SimplerEnv setup; report only completed paired rollouts.,<absent>,<absent>,<absent>,False,False,False,"[8, 10, 13, 23]",2,,sdpa,,,models/SpatialVLA/weights/spatialvla-4b-224-sft-fractal,depth_pruning,depth_pruning4,,,,4,cuda:0,,0.2,False,0.15,,3,0.5,0.01,1,0.2,80,spatialvla_4b_simplerenv_fractal,,,,50,artifacts/results/spatialvla_simplerenv_fractal/depth_pruning4/google_robot_close_drawer,,,1,0.01,0.03,0.995,0.01,42,,google_robot_close_drawer,,,,-0.8,fractal20220817_data/0.1.0,native_mixed (SDPA where supported; ZoeDepth compatible),PaLiGemma2-3B,,8055902750,,,,IPEC-COMMUNITY/spatialvla-4b-224-sft-fractal,4,,google_robot,models/SpatialVLA/weights/spatialvla-4b-224-sft-fractal,/home/soumyara004/soumyaratnadebnath/VisionLanguageAction/models/SpatialVLA/weights/spatialvla-4b-224-sft-fractal,,simpler_google_robot_fractal,,,,,"[0.410477876663208, 0.15820913314819335, 0.2058061480522156, 0.07717334032058716, 0.09017831087112427, 0.03666226863861084, 0.0909834623336792, 0.04301551580429077, 0.028008675575256346, 0.028991544246673585, 0.0371728777885437, 0.04570666551589966, 0.08277490139007568, 0.07475516796112061, 0.11127538681030273, 0.10161706209182739, 0.09254150390625, 0.11572575569152832, 0.09613471031188965, 0.09819544553756714, 0.09473665952682495, 0.0836053729057312, 0.08332501649856568, 0.07449840307235718, 0.08326891660690308, 0.11970775127410889]",,,,,,,False,0,0.0,SpatialVLA 16x16 projected visual tokens before Gemma decoding,
/home/user/BiVLA/artifacts/results/mentor_2026-09-11/results/spatialvla_simplerenv_fractal/depth_pruning4/google_robot_move_near/summary.json,spatialvla_simplerenv_fractal,depth_pruning4,google_robot_move_near,completed,depth_pruning,spatialvla_4b_simplerenv_fractal,depth_pruning4,simpler_google_robot_fractal,50,36,0.72,0.0,35.56,,NoneType,,Google Robot/Fractal SimplerEnv setup; report only completed paired rollouts.,<absent>,<absent>,<absent>,False,False,False,"[8, 10, 13, 23]",2,,sdpa,,,models/SpatialVLA/weights/spatialvla-4b-224-sft-fractal,depth_pruning,depth_pruning4,,,,4,cuda:0,,0.2,False,0.15,,3,0.5,0.01,1,0.2,80,spatialvla_4b_simplerenv_fractal,,,,50,artifacts/results/spatialvla_simplerenv_fractal/depth_pruning4/google_robot_move_near,,,1,0.01,0.03,0.995,0.01,42,,google_robot_move_near,,,,-0.8,fractal20220817_data/0.1.0,native_mixed (SDPA where supported; ZoeDepth compatible),PaLiGemma2-3B,,8055902750,,,,IPEC-COMMUNITY/spatialvla-4b-224-sft-fractal,4,,google_robot,models/SpatialVLA/weights/spatialvla-4b-224-sft-fractal,/home/soumyara004/soumyaratnadebnath/VisionLanguageAction/models/SpatialVLA/weights/spatialvla-4b-224-sft-fractal,,simpler_google_robot_fractal,,,,,"[0.410477876663208, 0.15820913314819335, 0.2058061480522156, 0.07717334032058716, 0.09017831087112427, 0.03666226863861084, 0.0909834623336792, 0.04301551580429077, 0.028008675575256346, 0.028991544246673585, 0.0371728777885437, 0.04570666551589966, 0.08277490139007568, 0.07475516796112061, 0.11127538681030273, 0.10161706209182739, 0.09254150390625, 0.11572575569152832, 0.09613471031188965, 0.09819544553756714, 0.09473665952682495, 0.0836053729057312, 0.08332501649856568, 0.07449840307235718, 0.08326891660690308, 0.11970775127410889]",,,,,,,False,0,0.0,SpatialVLA 16x16 projected visual tokens before Gemma decoding,
/home/user/BiVLA/artifacts/results/mentor_2026-09-11/results/spatialvla_simplerenv_fractal/depth_pruning4/google_robot_open_drawer/summary.json,spatialvla_simplerenv_fractal,depth_pruning4,google_robot_open_drawer,completed,depth_pruning,spatialvla_4b_simplerenv_fractal,depth_pruning4,simpler_google_robot_fractal,50,5,0.1,0.0,76.88,,NoneType,,Google Robot/Fractal SimplerEnv setup; report only completed paired rollouts.,<absent>,<absent>,<absent>,False,False,False,"[8, 10, 13, 23]",2,,sdpa,,,models/SpatialVLA/weights/spatialvla-4b-224-sft-fractal,depth_pruning,depth_pruning4,,,,4,cuda:0,,0.2,False,0.15,,3,0.5,0.01,1,0.2,80,spatialvla_4b_simplerenv_fractal,,,,50,artifacts/results/spatialvla_simplerenv_fractal/depth_pruning4/google_robot_open_drawer,,,1,0.01,0.03,0.995,0.01,42,,google_robot_open_drawer,,,,-0.8,fractal20220817_data/0.1.0,native_mixed (SDPA where supported; ZoeDepth compatible),PaLiGemma2-3B,,8055902750,,,,IPEC-COMMUNITY/spatialvla-4b-224-sft-fractal,4,,google_robot,models/SpatialVLA/weights/spatialvla-4b-224-sft-fractal,/home/soumyara004/soumyaratnadebnath/VisionLanguageAction/models/SpatialVLA/weights/spatialvla-4b-224-sft-fractal,,simpler_google_robot_fractal,,,,,"[0.410477876663208, 0.15820913314819335, 0.2058061480522156, 0.07717334032058716, 0.09017831087112427, 0.03666226863861084, 0.0909834623336792, 0.04301551580429077, 0.028008675575256346, 0.028991544246673585, 0.0371728777885437, 0.04570666551589966, 0.08277490139007568, 0.07475516796112061, 0.11127538681030273, 0.10161706209182739, 0.09254150390625, 0.11572575569152832, 0.09613471031188965, 0.09819544553756714, 0.09473665952682495, 0.0836053729057312, 0.08332501649856568, 0.07449840307235718, 0.08326891660690308, 0.11970775127410889]",,,,,,,False,0,0.0,SpatialVLA 16x16 projected visual tokens before Gemma decoding,
/home/user/BiVLA/artifacts/results/mentor_2026-09-11/results/spatialvla_simplerenv_fractal/depth_pruning4/google_robot_pick_coke_can/summary.json,spatialvla_simplerenv_fractal,depth_pruning4,google_robot_pick_coke_can,completed,depth_pruning,spatialvla_4b_simplerenv_fractal,depth_pruning4,simpler_google_robot_fractal,50,48,0.96,0.0,22.18,,NoneType,,Google Robot/Fractal SimplerEnv setup; report only completed paired rollouts.,<absent>,<absent>,<absent>,False,False,False,"[8, 10, 13, 23]",2,,sdpa,,,models/SpatialVLA/weights/spatialvla-4b-224-sft-fractal,depth_pruning,depth_pruning4,,,,4,cuda:0,,0.2,False,0.15,,3,0.5,0.01,1,0.2,80,spatialvla_4b_simplerenv_fractal,,,,50,artifacts/results/spatialvla_simplerenv_fractal/depth_pruning4/google_robot_pick_coke_can,,,1,0.01,0.03,0.995,0.01,42,,google_robot_pick_coke_can,,,,-0.8,fractal20220817_data/0.1.0,native_mixed (SDPA where supported; ZoeDepth compatible),PaLiGemma2-3B,,8055902750,,,,IPEC-COMMUNITY/spatialvla-4b-224-sft-fractal,4,,google_robot,models/SpatialVLA/weights/spatialvla-4b-224-sft-fractal,/home/soumyara004/soumyaratnadebnath/VisionLanguageAction/models/SpatialVLA/weights/spatialvla-4b-224-sft-fractal,,simpler_google_robot_fractal,,,,,"[0.410477876663208, 0.15820913314819335, 0.2058061480522156, 0.07717334032058716, 0.09017831087112427, 0.03666226863861084, 0.0909834623336792, 0.04301551580429077, 0.028008675575256346, 0.028991544246673585, 0.0371728777885437, 0.04570666551589966, 0.08277490139007568, 0.07475516796112061, 0.11127538681030273, 0.10161706209182739, 0.09254150390625, 0.11572575569152832, 0.09613471031188965, 0.09819544553756714, 0.09473665952682495, 0.0836053729057312, 0.08332501649856568, 0.07449840307235718, 0.08326891660690308, 0.11970775127410889]",,,,,,,False,0,0.0,SpatialVLA 16x16 projected visual tokens before Gemma decoding,
/home/user/BiVLA/artifacts/results/mentor_2026-09-11/results/spatialvla_simplerenv_fractal/depth_pruning4/google_robot_place_apple_in_closed_top_drawer/summary.json,spatialvla_simplerenv_fractal,depth_pruning4,google_robot_place_apple_in_closed_top_drawer,completed,depth_pruning,spatialvla_4b_simplerenv_fractal,depth_pruning4,simpler_google_robot_fractal,50,0,0.0,0.0,80.0,,NoneType,,Google Robot/Fractal SimplerEnv setup; report only completed paired rollouts.,<absent>,<absent>,<absent>,False,False,False,"[8, 10, 13, 23]",2,,sdpa,,,models/SpatialVLA/weights/spatialvla-4b-224-sft-fractal,depth_pruning,depth_pruning4,,,,4,cuda:0,,0.2,False,0.15,,3,0.5,0.01,1,0.2,80,spatialvla_4b_simplerenv_fractal,,,,50,artifacts/results/spatialvla_simplerenv_fractal/depth_pruning4/google_robot_place_apple_in_closed_top_drawer,,,1,0.01,0.03,0.995,0.01,42,,google_robot_place_apple_in_closed_top_drawer,,,,-0.8,fractal20220817_data/0.1.0,native_mixed (SDPA where supported; ZoeDepth compatible),PaLiGemma2-3B,,8055902750,,,,IPEC-COMMUNITY/spatialvla-4b-224-sft-fractal,4,,google_robot,models/SpatialVLA/weights/spatialvla-4b-224-sft-fractal,/home/soumyara004/soumyaratnadebnath/VisionLanguageAction/models/SpatialVLA/weights/spatialvla-4b-224-sft-fractal,,simpler_google_robot_fractal,,,,,"[0.410477876663208, 0.15820913314819335, 0.2058061480522156, 0.07717334032058716, 0.09017831087112427, 0.03666226863861084, 0.0909834623336792, 0.04301551580429077, 0.028008675575256346, 0.028991544246673585, 0.0371728777885437, 0.04570666551589966, 0.08277490139007568, 0.07475516796112061, 0.11127538681030273, 0.10161706209182739, 0.09254150390625, 0.11572575569152832, 0.09613471031188965, 0.09819544553756714, 0.09473665952682495, 0.0836053729057312, 0.08332501649856568, 0.07449840307235718, 0.08326891660690308, 0.11970775127410889]",,,,,,,False,0,0.0,SpatialVLA 16x16 projected visual tokens before Gemma decoding,
/home/user/BiVLA/artifacts/results/mentor_2026-09-11/results/spatialvla_simplerenv_fractal/fixed_foveation_keep20/google_robot_close_drawer/summary.json,spatialvla_simplerenv_fractal,fixed_foveation_keep20,google_robot_close_drawer,completed,fixed_foveation,spatialvla_4b_simplerenv_fractal,fixed_foveation_keep20,simpler_google_robot_fractal,50,37,0.74,0.0,43.36,,NoneType,,Google Robot/Fractal SimplerEnv setup; report only completed paired rollouts.,<absent>,<absent>,<absent>,False,False,False,[],2,,sdpa,,,models/SpatialVLA/weights/spatialvla-4b-224-sft-fractal,fixed_foveation,fixed_foveation_keep20,,,,1,cuda:0,,0.2,False,0.15,,3,0.5,0.01,1,0.2,80,spatialvla_4b_simplerenv_fractal,,,,50,artifacts/results/spatialvla_simplerenv_fractal/fixed_foveation_keep20/google_robot_close_drawer,,,1,0.01,0.03,0.995,0.01,42,,google_robot_close_drawer,,,,-0.8,fractal20220817_data/0.1.0,native_mixed (SDPA where supported; ZoeDepth compatible),PaLiGemma2-3B,,8055902750,,,,IPEC-COMMUNITY/spatialvla-4b-224-sft-fractal,4,,google_robot,models/SpatialVLA/weights/spatialvla-4b-224-sft-fractal,/home/soumyara004/soumyaratnadebnath/VisionLanguageAction/models/SpatialVLA/weights/spatialvla-4b-224-sft-fractal,,simpler_google_robot_fractal,,,,,,,,,,,,False,0,0.0,SpatialVLA 16x16 projected visual tokens before Gemma decoding,
/home/user/BiVLA/artifacts/results/mentor_2026-09-11/results/spatialvla_simplerenv_fractal/fixed_foveation_keep20/google_robot_move_near/summary.json,spatialvla_simplerenv_fractal,fixed_foveation_keep20,google_robot_move_near,completed,fixed_foveation,spatialvla_4b_simplerenv_fractal,fixed_foveation_keep20,simpler_google_robot_fractal,50,38,0.76,0.0,32.7,,NoneType,,Google Robot/Fractal SimplerEnv setup; report only completed paired rollouts.,<absent>,<absent>,<absent>,False,False,False,[],2,,sdpa,,,models/SpatialVLA/weights/spatialvla-4b-224-sft-fractal,fixed_foveation,fixed_foveation_keep20,,,,1,cuda:0,,0.2,False,0.15,,3,0.5,0.01,1,0.2,80,spatialvla_4b_simplerenv_fractal,,,,50,artifacts/results/spatialvla_simplerenv_fractal/fixed_foveation_keep20/google_robot_move_near,,,1,0.01,0.03,0.995,0.01,42,,google_robot_move_near,,,,-0.8,fractal20220817_data/0.1.0,native_mixed (SDPA where supported; ZoeDepth compatible),PaLiGemma2-3B,,8055902750,,,,IPEC-COMMUNITY/spatialvla-4b-224-sft-fractal,4,,google_robot,models/SpatialVLA/weights/spatialvla-4b-224-sft-fractal,/home/soumyara004/soumyaratnadebnath/VisionLanguageAction/models/SpatialVLA/weights/spatialvla-4b-224-sft-fractal,,simpler_google_robot_fractal,,,,,,,,,,,,False,0,0.0,SpatialVLA 16x16 projected visual tokens before Gemma decoding,
/home/user/BiVLA/artifacts/results/mentor_2026-09-11/results/spatialvla_simplerenv_fractal/fixed_foveation_keep20/google_robot_open_drawer/summary.json,spatialvla_simplerenv_fractal,fixed_foveation_keep20,google_robot_open_drawer,completed,fixed_foveation,spatialvla_4b_simplerenv_fractal,fixed_foveation_keep20,simpler_google_robot_fractal,50,19,0.38,0.0,63.64,,NoneType,,Google Robot/Fractal SimplerEnv setup; report only completed paired rollouts.,<absent>,<absent>,<absent>,False,False,False,[],2,,sdpa,,,models/SpatialVLA/weights/spatialvla-4b-224-sft-fractal,fixed_foveation,fixed_foveation_keep20,,,,1,cuda:0,,0.2,False,0.15,,3,0.5,0.01,1,0.2,80,spatialvla_4b_simplerenv_fractal,,,,50,artifacts/results/spatialvla_simplerenv_fractal/fixed_foveation_keep20/google_robot_open_drawer,,,1,0.01,0.03,0.995,0.01,42,,google_robot_open_drawer,,,,-0.8,fractal20220817_data/0.1.0,native_mixed (SDPA where supported; ZoeDepth compatible),PaLiGemma2-3B,,8055902750,,,,IPEC-COMMUNITY/spatialvla-4b-224-sft-fractal,4,,google_robot,models/SpatialVLA/weights/spatialvla-4b-224-sft-fractal,/home/soumyara004/soumyaratnadebnath/VisionLanguageAction/models/SpatialVLA/weights/spatialvla-4b-224-sft-fractal,,simpler_google_robot_fractal,,,,,,,,,,,,False,0,0.0,SpatialVLA 16x16 projected visual tokens before Gemma decoding,
/home/user/BiVLA/artifacts/results/mentor_2026-09-11/results/spatialvla_simplerenv_fractal/fixed_foveation_keep20/google_robot_pick_coke_can/summary.json,spatialvla_simplerenv_fractal,fixed_foveation_keep20,google_robot_pick_coke_can,completed,fixed_foveation,spatialvla_4b_simplerenv_fractal,fixed_foveation_keep20,simpler_google_robot_fractal,50,44,0.88,0.0,24.04,,NoneType,,Google Robot/Fractal SimplerEnv setup; report only completed paired rollouts.,<absent>,<absent>,<absent>,False,False,False,[],2,,sdpa,,,models/SpatialVLA/weights/spatialvla-4b-224-sft-fractal,fixed_foveation,fixed_foveation_keep20,,,,1,cuda:0,,0.2,False,0.15,,3,0.5,0.01,1,0.2,80,spatialvla_4b_simplerenv_fractal,,,,50,artifacts/results/spatialvla_simplerenv_fractal/fixed_foveation_keep20/google_robot_pick_coke_can,,,1,0.01,0.03,0.995,0.01,42,,google_robot_pick_coke_can,,,,-0.8,fractal20220817_data/0.1.0,native_mixed (SDPA where supported; ZoeDepth compatible),PaLiGemma2-3B,,8055902750,,,,IPEC-COMMUNITY/spatialvla-4b-224-sft-fractal,4,,google_robot,models/SpatialVLA/weights/spatialvla-4b-224-sft-fractal,/home/soumyara004/soumyaratnadebnath/VisionLanguageAction/models/SpatialVLA/weights/spatialvla-4b-224-sft-fractal,,simpler_google_robot_fractal,,,,,,,,,,,,False,0,0.0,SpatialVLA 16x16 projected visual tokens before Gemma decoding,
/home/user/BiVLA/artifacts/results/mentor_2026-09-11/results/spatialvla_simplerenv_fractal/fixed_foveation_keep20/google_robot_place_apple_in_closed_top_drawer/summary.json,spatialvla_simplerenv_fractal,fixed_foveation_keep20,google_robot_place_apple_in_closed_top_drawer,completed,fixed_foveation,spatialvla_4b_simplerenv_fractal,fixed_foveation_keep20,simpler_google_robot_fractal,50,0,0.0,0.0,80.0,,NoneType,,Google Robot/Fractal SimplerEnv setup; report only completed paired rollouts.,<absent>,<absent>,<absent>,False,False,False,[],2,,sdpa,,,models/SpatialVLA/weights/spatialvla-4b-224-sft-fractal,fixed_foveation,fixed_foveation_keep20,,,,1,cuda:0,,0.2,False,0.15,,3,0.5,0.01,1,0.2,80,spatialvla_4b_simplerenv_fractal,,,,50,artifacts/results/spatialvla_simplerenv_fractal/fixed_foveation_keep20/google_robot_place_apple_in_closed_top_drawer,,,1,0.01,0.03,0.995,0.01,42,,google_robot_place_apple_in_closed_top_drawer,,,,-0.8,fractal20220817_data/0.1.0,native_mixed (SDPA where supported; ZoeDepth compatible),PaLiGemma2-3B,,8055902750,,,,IPEC-COMMUNITY/spatialvla-4b-224-sft-fractal,4,,google_robot,models/SpatialVLA/weights/spatialvla-4b-224-sft-fractal,/home/soumyara004/soumyaratnadebnath/VisionLanguageAction/models/SpatialVLA/weights/spatialvla-4b-224-sft-fractal,,simpler_google_robot_fractal,,,,,,,,,,,,False,0,0.0,SpatialVLA 16x16 projected visual tokens before Gemma decoding,
/home/user/BiVLA/artifacts/results/mentor_2026-09-11/results/spatialvla_simplerenv_fractal/fixed_foveation_keep50/google_robot_close_drawer/summary.json,spatialvla_simplerenv_fractal,fixed_foveation_keep50,google_robot_close_drawer,completed,fixed_foveation,spatialvla_4b_simplerenv_fractal,fixed_foveation_keep50,simpler_google_robot_fractal,50,39,0.78,0.0,43.14,,NoneType,,Google Robot/Fractal SimplerEnv setup; report only completed paired rollouts.,<absent>,<absent>,<absent>,False,False,False,[],2,,sdpa,,,models/SpatialVLA/weights/spatialvla-4b-224-sft-fractal,fixed_foveation,fixed_foveation_keep50,,,,1,cuda:0,,0.5,False,0.15,,3,0.5,0.01,1,0.2,80,spatialvla_4b_simplerenv_fractal,,,,50,artifacts/results/spatialvla_simplerenv_fractal/fixed_foveation_keep50/google_robot_close_drawer,,,1,0.01,0.03,0.995,0.01,42,,google_robot_close_drawer,,,,-0.8,fractal20220817_data/0.1.0,native_mixed (SDPA where supported; ZoeDepth compatible),PaLiGemma2-3B,,8055902750,,,,IPEC-COMMUNITY/spatialvla-4b-224-sft-fractal,4,,google_robot,models/SpatialVLA/weights/spatialvla-4b-224-sft-fractal,/home/soumyara004/soumyaratnadebnath/VisionLanguageAction/models/SpatialVLA/weights/spatialvla-4b-224-sft-fractal,,simpler_google_robot_fractal,,,,,,,,,,,,False,0,0.0,SpatialVLA 16x16 projected visual tokens before Gemma decoding,
/home/user/BiVLA/artifacts/results/mentor_2026-09-11/results/spatialvla_simplerenv_fractal/fixed_foveation_keep50/google_robot_move_near/summary.json,spatialvla_simplerenv_fractal,fixed_foveation_keep50,google_robot_move_near,completed,fixed_foveation,spatialvla_4b_simplerenv_fractal,fixed_foveation_keep50,simpler_google_robot_fractal,50,45,0.9,0.0,27.32,,NoneType,,Google Robot/Fractal SimplerEnv setup; report only completed paired rollouts.,<absent>,<absent>,<absent>,False,False,False,[],2,,sdpa,,,models/SpatialVLA/weights/spatialvla-4b-224-sft-fractal,fixed_foveation,fixed_foveation_keep50,,,,1,cuda:0,,0.5,False,0.15,,3,0.5,0.01,1,0.2,80,spatialvla_4b_simplerenv_fractal,,,,50,artifacts/results/spatialvla_simplerenv_fractal/fixed_foveation_keep50/google_robot_move_near,,,1,0.01,0.03,0.995,0.01,42,,google_robot_move_near,,,,-0.8,fractal20220817_data/0.1.0,native_mixed (SDPA where supported; ZoeDepth compatible),PaLiGemma2-3B,,8055902750,,,,IPEC-COMMUNITY/spatialvla-4b-224-sft-fractal,4,,google_robot,models/SpatialVLA/weights/spatialvla-4b-224-sft-fractal,/home/soumyara004/soumyaratnadebnath/VisionLanguageAction/models/SpatialVLA/weights/spatialvla-4b-224-sft-fractal,,simpler_google_robot_fractal,,,,,,,,,,,,False,0,0.0,SpatialVLA 16x16 projected visual tokens before Gemma decoding,
/home/user/BiVLA/artifacts/results/mentor_2026-09-11/results/spatialvla_simplerenv_fractal/fixed_foveation_keep50/google_robot_open_drawer/summary.json,spatialvla_simplerenv_fractal,fixed_foveation_keep50,google_robot_open_drawer,completed,fixed_foveation,spatialvla_4b_simplerenv_fractal,fixed_foveation_keep50,simpler_google_robot_fractal,50,18,0.36,0.0,67.04,,NoneType,,Google Robot/Fractal SimplerEnv setup; report only completed paired rollouts.,<absent>,<absent>,<absent>,False,False,False,[],2,,sdpa,,,models/SpatialVLA/weights/spatialvla-4b-224-sft-fractal,fixed_foveation,fixed_foveation_keep50,,,,1,cuda:0,,0.5,False,0.15,,3,0.5,0.01,1,0.2,80,spatialvla_4b_simplerenv_fractal,,,,50,artifacts/results/spatialvla_simplerenv_fractal/fixed_foveation_keep50/google_robot_open_drawer,,,1,0.01,0.03,0.995,0.01,42,,google_robot_open_drawer,,,,-0.8,fractal20220817_data/0.1.0,native_mixed (SDPA where supported; ZoeDepth compatible),PaLiGemma2-3B,,8055902750,,,,IPEC-COMMUNITY/spatialvla-4b-224-sft-fractal,4,,google_robot,models/SpatialVLA/weights/spatialvla-4b-224-sft-fractal,/home/soumyara004/soumyaratnadebnath/VisionLanguageAction/models/SpatialVLA/weights/spatialvla-4b-224-sft-fractal,,simpler_google_robot_fractal,,,,,,,,,,,,False,0,0.0,SpatialVLA 16x16 projected visual tokens before Gemma decoding,
/home/user/BiVLA/artifacts/results/mentor_2026-09-11/results/spatialvla_simplerenv_fractal/fixed_foveation_keep50/google_robot_pick_coke_can/summary.json,spatialvla_simplerenv_fractal,fixed_foveation_keep50,google_robot_pick_coke_can,completed,fixed_foveation,spatialvla_4b_simplerenv_fractal,fixed_foveation_keep50,simpler_google_robot_fractal,50,41,0.82,0.0,28.24,,NoneType,,Google Robot/Fractal SimplerEnv setup; report only completed paired rollouts.,<absent>,<absent>,<absent>,False,False,False,[],2,,sdpa,,,models/SpatialVLA/weights/spatialvla-4b-224-sft-fractal,fixed_foveation,fixed_foveation_keep50,,,,1,cuda:0,,0.5,False,0.15,,3,0.5,0.01,1,0.2,80,spatialvla_4b_simplerenv_fractal,,,,50,artifacts/results/spatialvla_simplerenv_fractal/fixed_foveation_keep50/google_robot_pick_coke_can,,,1,0.01,0.03,0.995,0.01,42,,google_robot_pick_coke_can,,,,-0.8,fractal20220817_data/0.1.0,native_mixed (SDPA where supported; ZoeDepth compatible),PaLiGemma2-3B,,8055902750,,,,IPEC-COMMUNITY/spatialvla-4b-224-sft-fractal,4,,google_robot,models/SpatialVLA/weights/spatialvla-4b-224-sft-fractal,/home/soumyara004/soumyaratnadebnath/VisionLanguageAction/models/SpatialVLA/weights/spatialvla-4b-224-sft-fractal,,simpler_google_robot_fractal,,,,,,,,,,,,False,0,0.0,SpatialVLA 16x16 projected visual tokens before Gemma decoding,
/home/user/BiVLA/artifacts/results/mentor_2026-09-11/results/spatialvla_simplerenv_fractal/fixed_foveation_keep50/google_robot_place_apple_in_closed_top_drawer/summary.json,spatialvla_simplerenv_fractal,fixed_foveation_keep50,google_robot_place_apple_in_closed_top_drawer,completed,fixed_foveation,spatialvla_4b_simplerenv_fractal,fixed_foveation_keep50,simpler_google_robot_fractal,50,0,0.0,0.0,80.0,,NoneType,,Google Robot/Fractal SimplerEnv setup; report only completed paired rollouts.,<absent>,<absent>,<absent>,False,False,False,[],2,,sdpa,,,models/SpatialVLA/weights/spatialvla-4b-224-sft-fractal,fixed_foveation,fixed_foveation_keep50,,,,1,cuda:0,,0.5,False,0.15,,3,0.5,0.01,1,0.2,80,spatialvla_4b_simplerenv_fractal,,,,50,artifacts/results/spatialvla_simplerenv_fractal/fixed_foveation_keep50/google_robot_place_apple_in_closed_top_drawer,,,1,0.01,0.03,0.995,0.01,42,,google_robot_place_apple_in_closed_top_drawer,,,,-0.8,fractal20220817_data/0.1.0,native_mixed (SDPA where supported; ZoeDepth compatible),PaLiGemma2-3B,,8055902750,,,,IPEC-COMMUNITY/spatialvla-4b-224-sft-fractal,4,,google_robot,models/SpatialVLA/weights/spatialvla-4b-224-sft-fractal,/home/soumyara004/soumyaratnadebnath/VisionLanguageAction/models/SpatialVLA/weights/spatialvla-4b-224-sft-fractal,,simpler_google_robot_fractal,,,,,,,,,,,,False,0,0.0,SpatialVLA 16x16 projected visual tokens before Gemma decoding,
/home/user/BiVLA/artifacts/results/mentor_2026-09-11/results/spatialvla_simplerenv_fractal/guarded_reuse_aggressive/google_robot_close_drawer/summary.json,spatialvla_simplerenv_fractal,guarded_reuse_aggressive,google_robot_close_drawer,completed,guarded_action_reuse,spatialvla_4b_simplerenv_fractal,guarded_reuse_aggressive,simpler_google_robot_fractal,50,29,0.58,2.04,52.28,,NoneType,,Google Robot/Fractal SimplerEnv setup; report only completed paired rollouts.,<absent>,<absent>,<absent>,False,False,False,[],2,,sdpa,,,models/SpatialVLA/weights/spatialvla-4b-224-sft-fractal,guarded_action_reuse,guarded_reuse_aggressive,,,,1,cuda:0,,0.2,False,0.15,,3,0.5,0.01,1,0.2,80,spatialvla_4b_simplerenv_fractal,,,,50,artifacts/results/spatialvla_simplerenv_fractal/guarded_reuse_aggressive/google_robot_close_drawer,,,2,0.02,0.05,0.98,0.01,42,,google_robot_close_drawer,,,,-0.8,fractal20220817_data/0.1.0,native_mixed (SDPA where supported; ZoeDepth compatible),PaLiGemma2-3B,,8055902750,,,,IPEC-COMMUNITY/spatialvla-4b-224-sft-fractal,4,,google_robot,models/SpatialVLA/weights/spatialvla-4b-224-sft-fractal,/home/soumyara004/soumyaratnadebnath/VisionLanguageAction/models/SpatialVLA/weights/spatialvla-4b-224-sft-fractal,,simpler_google_robot_fractal,,,,,,,,,,,,False,0,0.0,SpatialVLA 16x16 projected visual tokens before Gemma decoding,
/home/user/BiVLA/artifacts/results/mentor_2026-09-11/results/spatialvla_simplerenv_fractal/guarded_reuse_aggressive/google_robot_move_near/summary.json,spatialvla_simplerenv_fractal,guarded_reuse_aggressive,google_robot_move_near,completed,guarded_action_reuse,spatialvla_4b_simplerenv_fractal,guarded_reuse_aggressive,simpler_google_robot_fractal,50,48,0.96,0.26,23.56,,NoneType,,Google Robot/Fractal SimplerEnv setup; report only completed paired rollouts.,<absent>,<absent>,<absent>,False,False,False,[],2,,sdpa,,,models/SpatialVLA/weights/spatialvla-4b-224-sft-fractal,guarded_action_reuse,guarded_reuse_aggressive,,,,1,cuda:0,,0.2,False,0.15,,3,0.5,0.01,1,0.2,80,spatialvla_4b_simplerenv_fractal,,,,50,artifacts/results/spatialvla_simplerenv_fractal/guarded_reuse_aggressive/google_robot_move_near,,,2,0.02,0.05,0.98,0.01,42,,google_robot_move_near,,,,-0.8,fractal20220817_data/0.1.0,native_mixed (SDPA where supported; ZoeDepth compatible),PaLiGemma2-3B,,8055902750,,,,IPEC-COMMUNITY/spatialvla-4b-224-sft-fractal,4,,google_robot,models/SpatialVLA/weights/spatialvla-4b-224-sft-fractal,/home/soumyara004/soumyaratnadebnath/VisionLanguageAction/models/SpatialVLA/weights/spatialvla-4b-224-sft-fractal,,simpler_google_robot_fractal,,,,,,,,,,,,False,0,0.0,SpatialVLA 16x16 projected visual tokens before Gemma decoding,
/home/user/BiVLA/artifacts/results/mentor_2026-09-11/results/spatialvla_simplerenv_fractal/guarded_reuse_aggressive/google_robot_open_drawer/summary.json,spatialvla_simplerenv_fractal,guarded_reuse_aggressive,google_robot_open_drawer,completed,guarded_action_reuse,spatialvla_4b_simplerenv_fractal,guarded_reuse_aggressive,simpler_google_robot_fractal,50,27,0.54,2.42,62.3,,NoneType,,Google Robot/Fractal SimplerEnv setup; report only completed paired rollouts.,<absent>,<absent>,<absent>,False,False,False,[],2,,sdpa,,,models/SpatialVLA/weights/spatialvla-4b-224-sft-fractal,guarded_action_reuse,guarded_reuse_aggressive,,,,1,cuda:0,,0.2,False,0.15,,3,0.5,0.01,1,0.2,80,spatialvla_4b_simplerenv_fractal,,,,50,artifacts/results/spatialvla_simplerenv_fractal/guarded_reuse_aggressive/google_robot_open_drawer,,,2,0.02,0.05,0.98,0.01,42,,google_robot_open_drawer,,,,-0.8,fractal20220817_data/0.1.0,native_mixed (SDPA where supported; ZoeDepth compatible),PaLiGemma2-3B,,8055902750,,,,IPEC-COMMUNITY/spatialvla-4b-224-sft-fractal,4,,google_robot,models/SpatialVLA/weights/spatialvla-4b-224-sft-fractal,/home/soumyara004/soumyaratnadebnath/VisionLanguageAction/models/SpatialVLA/weights/spatialvla-4b-224-sft-fractal,,simpler_google_robot_fractal,,,,,,,,,,,,False,0,0.0,SpatialVLA 16x16 projected visual tokens before Gemma decoding,
/home/user/BiVLA/artifacts/results/mentor_2026-09-11/results/spatialvla_simplerenv_fractal/guarded_reuse_aggressive/google_robot_pick_coke_can/summary.json,spatialvla_simplerenv_fractal,guarded_reuse_aggressive,google_robot_pick_coke_can,completed,guarded_action_reuse,spatialvla_4b_simplerenv_fractal,guarded_reuse_aggressive,simpler_google_robot_fractal,50,43,0.86,0.2,26.6,,NoneType,,Google Robot/Fractal SimplerEnv setup; report only completed paired rollouts.,<absent>,<absent>,<absent>,False,False,False,[],2,,sdpa,,,models/SpatialVLA/weights/spatialvla-4b-224-sft-fractal,guarded_action_reuse,guarded_reuse_aggressive,,,,1,cuda:0,,0.2,False,0.15,,3,0.5,0.01,1,0.2,80,spatialvla_4b_simplerenv_fractal,,,,50,artifacts/results/spatialvla_simplerenv_fractal/guarded_reuse_aggressive/google_robot_pick_coke_can,,,2,0.02,0.05,0.98,0.01,42,,google_robot_pick_coke_can,,,,-0.8,fractal20220817_data/0.1.0,native_mixed (SDPA where supported; ZoeDepth compatible),PaLiGemma2-3B,,8055902750,,,,IPEC-COMMUNITY/spatialvla-4b-224-sft-fractal,4,,google_robot,models/SpatialVLA/weights/spatialvla-4b-224-sft-fractal,/home/soumyara004/soumyaratnadebnath/VisionLanguageAction/models/SpatialVLA/weights/spatialvla-4b-224-sft-fractal,,simpler_google_robot_fractal,,,,,,,,,,,,False,0,0.0,SpatialVLA 16x16 projected visual tokens before Gemma decoding,
/home/user/BiVLA/artifacts/results/mentor_2026-09-11/results/spatialvla_simplerenv_fractal/guarded_reuse_aggressive/google_robot_place_apple_in_closed_top_drawer/summary.json,spatialvla_simplerenv_fractal,guarded_reuse_aggressive,google_robot_place_apple_in_closed_top_drawer,completed,guarded_action_reuse,spatialvla_4b_simplerenv_fractal,guarded_reuse_aggressive,simpler_google_robot_fractal,50,0,0.0,1.08,78.92,,NoneType,,Google Robot/Fractal SimplerEnv setup; report only completed paired rollouts.,<absent>,<absent>,<absent>,False,False,False,[],2,,sdpa,,,models/SpatialVLA/weights/spatialvla-4b-224-sft-fractal,guarded_action_reuse,guarded_reuse_aggressive,,,,1,cuda:0,,0.2,False,0.15,,3,0.5,0.01,1,0.2,80,spatialvla_4b_simplerenv_fractal,,,,50,artifacts/results/spatialvla_simplerenv_fractal/guarded_reuse_aggressive/google_robot_place_apple_in_closed_top_drawer,,,2,0.02,0.05,0.98,0.01,42,,google_robot_place_apple_in_closed_top_drawer,,,,-0.8,fractal20220817_data/0.1.0,native_mixed (SDPA where supported; ZoeDepth compatible),PaLiGemma2-3B,,8055902750,,,,IPEC-COMMUNITY/spatialvla-4b-224-sft-fractal,4,,google_robot,models/SpatialVLA/weights/spatialvla-4b-224-sft-fractal,/home/soumyara004/soumyaratnadebnath/VisionLanguageAction/models/SpatialVLA/weights/spatialvla-4b-224-sft-fractal,,simpler_google_robot_fractal,,,,,,,,,,,,False,0,0.0,SpatialVLA 16x16 projected visual tokens before Gemma decoding,
/home/user/BiVLA/artifacts/results/mentor_2026-09-11/results/spatialvla_simplerenv_fractal/guarded_reuse_moderate/google_robot_close_drawer/summary.json,spatialvla_simplerenv_fractal,guarded_reuse_moderate,google_robot_close_drawer,completed,guarded_action_reuse,spatialvla_4b_simplerenv_fractal,guarded_reuse_moderate,simpler_google_robot_fractal,50,31,0.62,0.94,52.64,,NoneType,,Google Robot/Fractal SimplerEnv setup; report only completed paired rollouts.,<absent>,<absent>,<absent>,False,False,False,[],2,,sdpa,,,models/SpatialVLA/weights/spatialvla-4b-224-sft-fractal,guarded_action_reuse,guarded_reuse_moderate,,,,1,cuda:0,,0.2,False,0.15,,3,0.5,0.01,1,0.2,80,spatialvla_4b_simplerenv_fractal,,,,50,artifacts/results/spatialvla_simplerenv_fractal/guarded_reuse_moderate/google_robot_close_drawer,,,1,0.015,0.04,0.99,0.01,42,,google_robot_close_drawer,,,,-0.8,fractal20220817_data/0.1.0,native_mixed (SDPA where supported; ZoeDepth compatible),PaLiGemma2-3B,,8055902750,,,,IPEC-COMMUNITY/spatialvla-4b-224-sft-fractal,4,,google_robot,models/SpatialVLA/weights/spatialvla-4b-224-sft-fractal,/home/soumyara004/soumyaratnadebnath/VisionLanguageAction/models/SpatialVLA/weights/spatialvla-4b-224-sft-fractal,,simpler_google_robot_fractal,,,,,,,,,,,,False,0,0.0,SpatialVLA 16x16 projected visual tokens before Gemma decoding,
/home/user/BiVLA/artifacts/results/mentor_2026-09-11/results/spatialvla_simplerenv_fractal/guarded_reuse_moderate/google_robot_move_near/summary.json,spatialvla_simplerenv_fractal,guarded_reuse_moderate,google_robot_move_near,completed,guarded_action_reuse,spatialvla_4b_simplerenv_fractal,guarded_reuse_moderate,simpler_google_robot_fractal,50,47,0.94,0.02,23.8,,NoneType,,Google Robot/Fractal SimplerEnv setup; report only completed paired rollouts.,<absent>,<absent>,<absent>,False,False,False,[],2,,sdpa,,,models/SpatialVLA/weights/spatialvla-4b-224-sft-fractal,guarded_action_reuse,guarded_reuse_moderate,,,,1,cuda:0,,0.2,False,0.15,,3,0.5,0.01,1,0.2,80,spatialvla_4b_simplerenv_fractal,,,,50,artifacts/results/spatialvla_simplerenv_fractal/guarded_reuse_moderate/google_robot_move_near,,,1,0.015,0.04,0.99,0.01,42,,google_robot_move_near,,,,-0.8,fractal20220817_data/0.1.0,native_mixed (SDPA where supported; ZoeDepth compatible),PaLiGemma2-3B,,8055902750,,,,IPEC-COMMUNITY/spatialvla-4b-224-sft-fractal,4,,google_robot,models/SpatialVLA/weights/spatialvla-4b-224-sft-fractal,/home/soumyara004/soumyaratnadebnath/VisionLanguageAction/models/SpatialVLA/weights/spatialvla-4b-224-sft-fractal,,simpler_google_robot_fractal,,,,,,,,,,,,False,0,0.0,SpatialVLA 16x16 projected visual tokens before Gemma decoding,
/home/user/BiVLA/artifacts/results/mentor_2026-09-11/results/spatialvla_simplerenv_fractal/guarded_reuse_moderate/google_robot_open_drawer/summary.json,spatialvla_simplerenv_fractal,guarded_reuse_moderate,google_robot_open_drawer,completed,guarded_action_reuse,spatialvla_4b_simplerenv_fractal,guarded_reuse_moderate,simpler_google_robot_fractal,50,29,0.58,0.9,62.12,,NoneType,,Google Robot/Fractal SimplerEnv setup; report only completed paired rollouts.,<absent>,<absent>,<absent>,False,False,False,[],2,,sdpa,,,models/SpatialVLA/weights/spatialvla-4b-224-sft-fractal,guarded_action_reuse,guarded_reuse_moderate,,,,1,cuda:0,,0.2,False,0.15,,3,0.5,0.01,1,0.2,80,spatialvla_4b_simplerenv_fractal,,,,50,artifacts/results/spatialvla_simplerenv_fractal/guarded_reuse_moderate/google_robot_open_drawer,,,1,0.015,0.04,0.99,0.01,42,,google_robot_open_drawer,,,,-0.8,fractal20220817_data/0.1.0,native_mixed (SDPA where supported; ZoeDepth compatible),PaLiGemma2-3B,,8055902750,,,,IPEC-COMMUNITY/spatialvla-4b-224-sft-fractal,4,,google_robot,models/SpatialVLA/weights/spatialvla-4b-224-sft-fractal,/home/soumyara004/soumyaratnadebnath/VisionLanguageAction/models/SpatialVLA/weights/spatialvla-4b-224-sft-fractal,,simpler_google_robot_fractal,,,,,,,,,,,,False,0,0.0,SpatialVLA 16x16 projected visual tokens before Gemma decoding,
/home/user/BiVLA/artifacts/results/mentor_2026-09-11/results/spatialvla_simplerenv_fractal/guarded_reuse_moderate/google_robot_pick_coke_can/summary.json,spatialvla_simplerenv_fractal,guarded_reuse_moderate,google_robot_pick_coke_can,completed,guarded_action_reuse,spatialvla_4b_simplerenv_fractal,guarded_reuse_moderate,simpler_google_robot_fractal,50,43,0.86,0.02,26.74,,NoneType,,Google Robot/Fractal SimplerEnv setup; report only completed paired rollouts.,<absent>,<absent>,<absent>,False,False,False,[],2,,sdpa,,,models/SpatialVLA/weights/spatialvla-4b-224-sft-fractal,guarded_action_reuse,guarded_reuse_moderate,,,,1,cuda:0,,0.2,False,0.15,,3,0.5,0.01,1,0.2,80,spatialvla_4b_simplerenv_fractal,,,,50,artifacts/results/spatialvla_simplerenv_fractal/guarded_reuse_moderate/google_robot_pick_coke_can,,,1,0.015,0.04,0.99,0.01,42,,google_robot_pick_coke_can,,,,-0.8,fractal20220817_data/0.1.0,native_mixed (SDPA where supported; ZoeDepth compatible),PaLiGemma2-3B,,8055902750,,,,IPEC-COMMUNITY/spatialvla-4b-224-sft-fractal,4,,google_robot,models/SpatialVLA/weights/spatialvla-4b-224-sft-fractal,/home/soumyara004/soumyaratnadebnath/VisionLanguageAction/models/SpatialVLA/weights/spatialvla-4b-224-sft-fractal,,simpler_google_robot_fractal,,,,,,,,,,,,False,0,0.0,SpatialVLA 16x16 projected visual tokens before Gemma decoding,
/home/user/BiVLA/artifacts/results/mentor_2026-09-11/results/spatialvla_simplerenv_fractal/guarded_reuse_moderate/google_robot_place_apple_in_closed_top_drawer/summary.json,spatialvla_simplerenv_fractal,guarded_reuse_moderate,google_robot_place_apple_in_closed_top_drawer,completed,guarded_action_reuse,spatialvla_4b_simplerenv_fractal,guarded_reuse_moderate,simpler_google_robot_fractal,50,0,0.0,0.18,79.82,,NoneType,,Google Robot/Fractal SimplerEnv setup; report only completed paired rollouts.,<absent>,<absent>,<absent>,False,False,False,[],2,,sdpa,,,models/SpatialVLA/weights/spatialvla-4b-224-sft-fractal,guarded_action_reuse,guarded_reuse_moderate,,,,1,cuda:0,,0.2,False,0.15,,3,0.5,0.01,1,0.2,80,spatialvla_4b_simplerenv_fractal,,,,50,artifacts/results/spatialvla_simplerenv_fractal/guarded_reuse_moderate/google_robot_place_apple_in_closed_top_drawer,,,1,0.015,0.04,0.99,0.01,42,,google_robot_place_apple_in_closed_top_drawer,,,,-0.8,fractal20220817_data/0.1.0,native_mixed (SDPA where supported; ZoeDepth compatible),PaLiGemma2-3B,,8055902750,,,,IPEC-COMMUNITY/spatialvla-4b-224-sft-fractal,4,,google_robot,models/SpatialVLA/weights/spatialvla-4b-224-sft-fractal,/home/soumyara004/soumyaratnadebnath/VisionLanguageAction/models/SpatialVLA/weights/spatialvla-4b-224-sft-fractal,,simpler_google_robot_fractal,,,,,,,,,,,,False,0,0.0,SpatialVLA 16x16 projected visual tokens before Gemma decoding,
/home/user/BiVLA/artifacts/results/mentor_2026-09-11/results/spatialvla_simplerenv_fractal/guarded_reuse_strict/google_robot_close_drawer/summary.json,spatialvla_simplerenv_fractal,guarded_reuse_strict,google_robot_close_drawer,completed,guarded_action_reuse,spatialvla_4b_simplerenv_fractal,guarded_reuse_strict,simpler_google_robot_fractal,50,31,0.62,0.4,52.74,,NoneType,,Google Robot/Fractal SimplerEnv setup; report only completed paired rollouts.,<absent>,<absent>,<absent>,False,False,False,[],2,,sdpa,,,models/SpatialVLA/weights/spatialvla-4b-224-sft-fractal,guarded_action_reuse,guarded_reuse_strict,,,,1,cuda:0,,0.2,False,0.15,,3,0.5,0.01,1,0.2,80,spatialvla_4b_simplerenv_fractal,,,,50,artifacts/results/spatialvla_simplerenv_fractal/guarded_reuse_strict/google_robot_close_drawer,,,1,0.01,0.03,0.995,0.01,42,,google_robot_close_drawer,,,,-0.8,fractal20220817_data/0.1.0,native_mixed (SDPA where supported; ZoeDepth compatible),PaLiGemma2-3B,,8055902750,,,,IPEC-COMMUNITY/spatialvla-4b-224-sft-fractal,4,,google_robot,models/SpatialVLA/weights/spatialvla-4b-224-sft-fractal,/home/soumyara004/soumyaratnadebnath/VisionLanguageAction/models/SpatialVLA/weights/spatialvla-4b-224-sft-fractal,,simpler_google_robot_fractal,,,,,,,,,,,,False,0,0.0,SpatialVLA 16x16 projected visual tokens before Gemma decoding,
/home/user/BiVLA/artifacts/results/mentor_2026-09-11/results/spatialvla_simplerenv_fractal/guarded_reuse_strict/google_robot_move_near/summary.json,spatialvla_simplerenv_fractal,guarded_reuse_strict,google_robot_move_near,completed,guarded_action_reuse,spatialvla_4b_simplerenv_fractal,guarded_reuse_strict,simpler_google_robot_fractal,50,46,0.92,0.0,24.56,,NoneType,,Google Robot/Fractal SimplerEnv setup; report only completed paired rollouts.,<absent>,<absent>,<absent>,False,False,False,[],2,,sdpa,,,models/SpatialVLA/weights/spatialvla-4b-224-sft-fractal,guarded_action_reuse,guarded_reuse_strict,,,,1,cuda:0,,0.2,False,0.15,,3,0.5,0.01,1,0.2,80,spatialvla_4b_simplerenv_fractal,,,,50,artifacts/results/spatialvla_simplerenv_fractal/guarded_reuse_strict/google_robot_move_near,,,1,0.01,0.03,0.995,0.01,42,,google_robot_move_near,,,,-0.8,fractal20220817_data/0.1.0,native_mixed (SDPA where supported; ZoeDepth compatible),PaLiGemma2-3B,,8055902750,,,,IPEC-COMMUNITY/spatialvla-4b-224-sft-fractal,4,,google_robot,models/SpatialVLA/weights/spatialvla-4b-224-sft-fractal,/home/soumyara004/soumyaratnadebnath/VisionLanguageAction/models/SpatialVLA/weights/spatialvla-4b-224-sft-fractal,,simpler_google_robot_fractal,,,,,,,,,,,,False,0,0.0,SpatialVLA 16x16 projected visual tokens before Gemma decoding,
/home/user/BiVLA/artifacts/results/mentor_2026-09-11/results/spatialvla_simplerenv_fractal/guarded_reuse_strict/google_robot_open_drawer/summary.json,spatialvla_simplerenv_fractal,guarded_reuse_strict,google_robot_open_drawer,completed,guarded_action_reuse,spatialvla_4b_simplerenv_fractal,guarded_reuse_strict,simpler_google_robot_fractal,50,28,0.56,0.84,62.76,,NoneType,,Google Robot/Fractal SimplerEnv setup; report only completed paired rollouts.,<absent>,<absent>,<absent>,False,False,False,[],2,,sdpa,,,models/SpatialVLA/weights/spatialvla-4b-224-sft-fractal,guarded_action_reuse,guarded_reuse_strict,,,,1,cuda:0,,0.2,False,0.15,,3,0.5,0.01,1,0.2,80,spatialvla_4b_simplerenv_fractal,,,,50,artifacts/results/spatialvla_simplerenv_fractal/guarded_reuse_strict/google_robot_open_drawer,,,1,0.01,0.03,0.995,0.01,42,,google_robot_open_drawer,,,,-0.8,fractal20220817_data/0.1.0,native_mixed (SDPA where supported; ZoeDepth compatible),PaLiGemma2-3B,,8055902750,,,,IPEC-COMMUNITY/spatialvla-4b-224-sft-fractal,4,,google_robot,models/SpatialVLA/weights/spatialvla-4b-224-sft-fractal,/home/soumyara004/soumyaratnadebnath/VisionLanguageAction/models/SpatialVLA/weights/spatialvla-4b-224-sft-fractal,,simpler_google_robot_fractal,,,,,,,,,,,,False,0,0.0,SpatialVLA 16x16 projected visual tokens before Gemma decoding,
/home/user/BiVLA/artifacts/results/mentor_2026-09-11/results/spatialvla_simplerenv_fractal/guarded_reuse_strict/google_robot_pick_coke_can/summary.json,spatialvla_simplerenv_fractal,guarded_reuse_strict,google_robot_pick_coke_can,completed,guarded_action_reuse,spatialvla_4b_simplerenv_fractal,guarded_reuse_strict,simpler_google_robot_fractal,50,43,0.86,0.0,26.76,,NoneType,,Google Robot/Fractal SimplerEnv setup; report only completed paired rollouts.,<absent>,<absent>,<absent>,False,False,False,[],2,,sdpa,,,models/SpatialVLA/weights/spatialvla-4b-224-sft-fractal,guarded_action_reuse,guarded_reuse_strict,,,,1,cuda:0,,0.2,False,0.15,,3,0.5,0.01,1,0.2,80,spatialvla_4b_simplerenv_fractal,,,,50,artifacts/results/spatialvla_simplerenv_fractal/guarded_reuse_strict/google_robot_pick_coke_can,,,1,0.01,0.03,0.995,0.01,42,,google_robot_pick_coke_can,,,,-0.8,fractal20220817_data/0.1.0,native_mixed (SDPA where supported; ZoeDepth compatible),PaLiGemma2-3B,,8055902750,,,,IPEC-COMMUNITY/spatialvla-4b-224-sft-fractal,4,,google_robot,models/SpatialVLA/weights/spatialvla-4b-224-sft-fractal,/home/soumyara004/soumyaratnadebnath/VisionLanguageAction/models/SpatialVLA/weights/spatialvla-4b-224-sft-fractal,,simpler_google_robot_fractal,,,,,,,,,,,,False,0,0.0,SpatialVLA 16x16 projected visual tokens before Gemma decoding,
/home/user/BiVLA/artifacts/results/mentor_2026-09-11/results/spatialvla_simplerenv_fractal/guarded_reuse_strict/google_robot_place_apple_in_closed_top_drawer/summary.json,spatialvla_simplerenv_fractal,guarded_reuse_strict,google_robot_place_apple_in_closed_top_drawer,completed,guarded_action_reuse,spatialvla_4b_simplerenv_fractal,guarded_reuse_strict,simpler_google_robot_fractal,50,0,0.0,0.04,79.96,,NoneType,,Google Robot/Fractal SimplerEnv setup; report only completed paired rollouts.,<absent>,<absent>,<absent>,False,False,False,[],2,,sdpa,,,models/SpatialVLA/weights/spatialvla-4b-224-sft-fractal,guarded_action_reuse,guarded_reuse_strict,,,,1,cuda:0,,0.2,False,0.15,,3,0.5,0.01,1,0.2,80,spatialvla_4b_simplerenv_fractal,,,,50,artifacts/results/spatialvla_simplerenv_fractal/guarded_reuse_strict/google_robot_place_apple_in_closed_top_drawer,,,1,0.01,0.03,0.995,0.01,42,,google_robot_place_apple_in_closed_top_drawer,,,,-0.8,fractal20220817_data/0.1.0,native_mixed (SDPA where supported; ZoeDepth compatible),PaLiGemma2-3B,,8055902750,,,,IPEC-COMMUNITY/spatialvla-4b-224-sft-fractal,4,,google_robot,models/SpatialVLA/weights/spatialvla-4b-224-sft-fractal,/home/soumyara004/soumyaratnadebnath/VisionLanguageAction/models/SpatialVLA/weights/spatialvla-4b-224-sft-fractal,,simpler_google_robot_fractal,,,,,,,,,,,,False,0,0.0,SpatialVLA 16x16 projected visual tokens before Gemma decoding,
/home/user/BiVLA/artifacts/results/mentor_2026-09-11/results/spatialvla_simplerenv_fractal/original/google_robot_close_drawer/summary.json,spatialvla_simplerenv_fractal,original,google_robot_close_drawer,completed,original,spatialvla_4b_simplerenv_fractal,original,simpler_google_robot_fractal,50,31,0.62,0.0,53.04,,NoneType,,Google Robot/Fractal SimplerEnv setup; report only completed paired rollouts.,<absent>,<absent>,<absent>,False,False,False,[],2,,sdpa,,,models/SpatialVLA/weights/spatialvla-4b-224-sft-fractal,original,original,,,,1,cuda:0,,0.2,False,0.15,,3,0.5,0.01,1,0.2,80,spatialvla_4b_simplerenv_fractal,,,,50,artifacts/results/spatialvla_simplerenv_fractal/original/google_robot_close_drawer,,,1,0.01,0.03,0.995,0.01,42,,google_robot_close_drawer,,,,-0.8,fractal20220817_data/0.1.0,native_mixed (SDPA where supported; ZoeDepth compatible),PaLiGemma2-3B,,8055902750,,,,IPEC-COMMUNITY/spatialvla-4b-224-sft-fractal,4,,google_robot,models/SpatialVLA/weights/spatialvla-4b-224-sft-fractal,/home/soumyara004/soumyaratnadebnath/VisionLanguageAction/models/SpatialVLA/weights/spatialvla-4b-224-sft-fractal,,simpler_google_robot_fractal,,,,,,,,,,,,False,0,0.0,SpatialVLA 16x16 projected visual tokens before Gemma decoding,
/home/user/BiVLA/artifacts/results/mentor_2026-09-11/results/spatialvla_simplerenv_fractal/original/google_robot_move_near/summary.json,spatialvla_simplerenv_fractal,original,google_robot_move_near,completed,original,spatialvla_4b_simplerenv_fractal,original,simpler_google_robot_fractal,50,46,0.92,0.0,24.56,,NoneType,,Google Robot/Fractal SimplerEnv setup; report only completed paired rollouts.,<absent>,<absent>,<absent>,False,False,False,[],2,,sdpa,,,models/SpatialVLA/weights/spatialvla-4b-224-sft-fractal,original,original,,,,1,cuda:0,,0.2,False,0.15,,3,0.5,0.01,1,0.2,80,spatialvla_4b_simplerenv_fractal,,,,50,artifacts/results/spatialvla_simplerenv_fractal/original/google_robot_move_near,,,1,0.01,0.03,0.995,0.01,42,,google_robot_move_near,,,,-0.8,fractal20220817_data/0.1.0,native_mixed (SDPA where supported; ZoeDepth compatible),PaLiGemma2-3B,,8055902750,,,,IPEC-COMMUNITY/spatialvla-4b-224-sft-fractal,4,,google_robot,models/SpatialVLA/weights/spatialvla-4b-224-sft-fractal,/home/soumyara004/soumyaratnadebnath/VisionLanguageAction/models/SpatialVLA/weights/spatialvla-4b-224-sft-fractal,,simpler_google_robot_fractal,,,,,,,,,,,,False,0,0.0,SpatialVLA 16x16 projected visual tokens before Gemma decoding,
/home/user/BiVLA/artifacts/results/mentor_2026-09-11/results/spatialvla_simplerenv_fractal/original/google_robot_open_drawer/summary.json,spatialvla_simplerenv_fractal,original,google_robot_open_drawer,completed,original,spatialvla_4b_simplerenv_fractal,original,simpler_google_robot_fractal,50,28,0.56,0.0,63.52,,NoneType,,Google Robot/Fractal SimplerEnv setup; report only completed paired rollouts.,<absent>,<absent>,<absent>,False,False,False,[],2,,sdpa,,,models/SpatialVLA/weights/spatialvla-4b-224-sft-fractal,original,original,,,,1,cuda:0,,0.2,False,0.15,,3,0.5,0.01,1,0.2,80,spatialvla_4b_simplerenv_fractal,,,,50,artifacts/results/spatialvla_simplerenv_fractal/original/google_robot_open_drawer,,,1,0.01,0.03,0.995,0.01,42,,google_robot_open_drawer,,,,-0.8,fractal20220817_data/0.1.0,native_mixed (SDPA where supported; ZoeDepth compatible),PaLiGemma2-3B,,8055902750,,,,IPEC-COMMUNITY/spatialvla-4b-224-sft-fractal,4,,google_robot,models/SpatialVLA/weights/spatialvla-4b-224-sft-fractal,/home/soumyara004/soumyaratnadebnath/VisionLanguageAction/models/SpatialVLA/weights/spatialvla-4b-224-sft-fractal,,simpler_google_robot_fractal,,,,,,,,,,,,False,0,0.0,SpatialVLA 16x16 projected visual tokens before Gemma decoding,
/home/user/BiVLA/artifacts/results/mentor_2026-09-11/results/spatialvla_simplerenv_fractal/original/google_robot_pick_coke_can/summary.json,spatialvla_simplerenv_fractal,original,google_robot_pick_coke_can,completed,original,spatialvla_4b_simplerenv_fractal,original,simpler_google_robot_fractal,50,43,0.86,0.0,26.76,,NoneType,,Google Robot/Fractal SimplerEnv setup; report only completed paired rollouts.,<absent>,<absent>,<absent>,False,False,False,[],2,,sdpa,,,models/SpatialVLA/weights/spatialvla-4b-224-sft-fractal,original,original,,,,1,cuda:0,,0.2,False,0.15,,3,0.5,0.01,1,0.2,80,spatialvla_4b_simplerenv_fractal,,,,50,artifacts/results/spatialvla_simplerenv_fractal/original/google_robot_pick_coke_can,,,1,0.01,0.03,0.995,0.01,42,,google_robot_pick_coke_can,,,,-0.8,fractal20220817_data/0.1.0,native_mixed (SDPA where supported; ZoeDepth compatible),PaLiGemma2-3B,,8055902750,,,,IPEC-COMMUNITY/spatialvla-4b-224-sft-fractal,4,,google_robot,models/SpatialVLA/weights/spatialvla-4b-224-sft-fractal,/home/soumyara004/soumyaratnadebnath/VisionLanguageAction/models/SpatialVLA/weights/spatialvla-4b-224-sft-fractal,,simpler_google_robot_fractal,,,,,,,,,,,,False,0,0.0,SpatialVLA 16x16 projected visual tokens before Gemma decoding,
/home/user/BiVLA/artifacts/results/mentor_2026-09-11/results/spatialvla_simplerenv_fractal/original/google_robot_place_apple_in_closed_top_drawer/summary.json,spatialvla_simplerenv_fractal,original,google_robot_place_apple_in_closed_top_drawer,completed,original,spatialvla_4b_simplerenv_fractal,original,simpler_google_robot_fractal,50,0,0.0,0.0,80.0,,NoneType,,Google Robot/Fractal SimplerEnv setup; report only completed paired rollouts.,<absent>,<absent>,<absent>,False,False,False,[],2,,sdpa,,,models/SpatialVLA/weights/spatialvla-4b-224-sft-fractal,original,original,,,,1,cuda:0,,0.2,False,0.15,,3,0.5,0.01,1,0.2,80,spatialvla_4b_simplerenv_fractal,,,,50,artifacts/results/spatialvla_simplerenv_fractal/original/google_robot_place_apple_in_closed_top_drawer,,,1,0.01,0.03,0.995,0.01,42,,google_robot_place_apple_in_closed_top_drawer,,,,-0.8,fractal20220817_data/0.1.0,native_mixed (SDPA where supported; ZoeDepth compatible),PaLiGemma2-3B,,8055902750,,,,IPEC-COMMUNITY/spatialvla-4b-224-sft-fractal,4,,google_robot,models/SpatialVLA/weights/spatialvla-4b-224-sft-fractal,/home/soumyara004/soumyaratnadebnath/VisionLanguageAction/models/SpatialVLA/weights/spatialvla-4b-224-sft-fractal,,simpler_google_robot_fractal,,,,,,,,,,,,False,0,0.0,SpatialVLA 16x16 projected visual tokens before Gemma decoding,
/home/user/BiVLA/artifacts/results/mentor_2026-09-11/results/spatialvla_simplerenv_fractal/temporal_fusion_conservative_adaptive/google_robot_close_drawer/summary.json,spatialvla_simplerenv_fractal,temporal_fusion_conservative_adaptive,google_robot_close_drawer,completed,temporal_fusion,spatialvla_4b_simplerenv_fractal,temporal_fusion_conservative_adaptive,simpler_google_robot_fractal,50,31,0.62,0.0,52.9,,NoneType,,Google Robot/Fractal SimplerEnv setup; report only completed paired rollouts.,<absent>,<absent>,<absent>,False,False,False,[],2,,sdpa,,,models/SpatialVLA/weights/spatialvla-4b-224-sft-fractal,temporal_fusion,temporal_fusion_conservative_adaptive,,,,1,cuda:0,,0.2,False,0.15,0.03,2,0.25,0.01,1,0.2,80,spatialvla_4b_simplerenv_fractal,,,,50,artifacts/results/spatialvla_simplerenv_fractal/temporal_fusion_conservative_adaptive/google_robot_close_drawer,,,1,0.01,0.03,0.995,0.01,42,,google_robot_close_drawer,,,,-0.8,fractal20220817_data/0.1.0,native_mixed (SDPA where supported; ZoeDepth compatible),PaLiGemma2-3B,,8055902750,,,,IPEC-COMMUNITY/spatialvla-4b-224-sft-fractal,4,,google_robot,models/SpatialVLA/weights/spatialvla-4b-224-sft-fractal,/home/soumyara004/soumyaratnadebnath/VisionLanguageAction/models/SpatialVLA/weights/spatialvla-4b-224-sft-fractal,,simpler_google_robot_fractal,,,,,,,,,,,,False,2612,0.0,SpatialVLA 16x16 projected visual tokens before Gemma decoding,
/home/user/BiVLA/artifacts/results/mentor_2026-09-11/results/spatialvla_simplerenv_fractal/temporal_fusion_conservative_adaptive/google_robot_move_near/summary.json,spatialvla_simplerenv_fractal,temporal_fusion_conservative_adaptive,google_robot_move_near,completed,temporal_fusion,spatialvla_4b_simplerenv_fractal,temporal_fusion_conservative_adaptive,simpler_google_robot_fractal,50,46,0.92,0.0,24.56,,NoneType,,Google Robot/Fractal SimplerEnv setup; report only completed paired rollouts.,<absent>,<absent>,<absent>,False,False,False,[],2,,sdpa,,,models/SpatialVLA/weights/spatialvla-4b-224-sft-fractal,temporal_fusion,temporal_fusion_conservative_adaptive,,,,1,cuda:0,,0.2,False,0.15,0.03,2,0.25,0.01,1,0.2,80,spatialvla_4b_simplerenv_fractal,,,,50,artifacts/results/spatialvla_simplerenv_fractal/temporal_fusion_conservative_adaptive/google_robot_move_near,,,1,0.01,0.03,0.995,0.01,42,,google_robot_move_near,,,,-0.8,fractal20220817_data/0.1.0,native_mixed (SDPA where supported; ZoeDepth compatible),PaLiGemma2-3B,,8055902750,,,,IPEC-COMMUNITY/spatialvla-4b-224-sft-fractal,4,,google_robot,models/SpatialVLA/weights/spatialvla-4b-224-sft-fractal,/home/soumyara004/soumyaratnadebnath/VisionLanguageAction/models/SpatialVLA/weights/spatialvla-4b-224-sft-fractal,,simpler_google_robot_fractal,,,,,,,,,,,,False,1228,0.0,SpatialVLA 16x16 projected visual tokens before Gemma decoding,
/home/user/BiVLA/artifacts/results/mentor_2026-09-11/results/spatialvla_simplerenv_fractal/temporal_fusion_conservative_adaptive/google_robot_open_drawer/summary.json,spatialvla_simplerenv_fractal,temporal_fusion_conservative_adaptive,google_robot_open_drawer,completed,temporal_fusion,spatialvla_4b_simplerenv_fractal,temporal_fusion_conservative_adaptive,simpler_google_robot_fractal,50,28,0.56,0.0,64.08,,NoneType,,Google Robot/Fractal SimplerEnv setup; report only completed paired rollouts.,<absent>,<absent>,<absent>,False,False,False,[],2,,sdpa,,,models/SpatialVLA/weights/spatialvla-4b-224-sft-fractal,temporal_fusion,temporal_fusion_conservative_adaptive,,,,1,cuda:0,,0.2,False,0.15,0.03,2,0.25,0.01,1,0.2,80,spatialvla_4b_simplerenv_fractal,,,,50,artifacts/results/spatialvla_simplerenv_fractal/temporal_fusion_conservative_adaptive/google_robot_open_drawer,,,1,0.01,0.03,0.995,0.01,42,,google_robot_open_drawer,,,,-0.8,fractal20220817_data/0.1.0,native_mixed (SDPA where supported; ZoeDepth compatible),PaLiGemma2-3B,,8055902750,,,,IPEC-COMMUNITY/spatialvla-4b-224-sft-fractal,4,,google_robot,models/SpatialVLA/weights/spatialvla-4b-224-sft-fractal,/home/soumyara004/soumyaratnadebnath/VisionLanguageAction/models/SpatialVLA/weights/spatialvla-4b-224-sft-fractal,,simpler_google_robot_fractal,,,,,,,,,,,,False,3132,0.0,SpatialVLA 16x16 projected visual tokens before Gemma decoding,
/home/user/BiVLA/artifacts/results/mentor_2026-09-11/results/spatialvla_simplerenv_fractal/temporal_fusion_conservative_adaptive/google_robot_pick_coke_can/summary.json,spatialvla_simplerenv_fractal,temporal_fusion_conservative_adaptive,google_robot_pick_coke_can,completed,temporal_fusion,spatialvla_4b_simplerenv_fractal,temporal_fusion_conservative_adaptive,simpler_google_robot_fractal,50,43,0.86,0.0,26.76,,NoneType,,Google Robot/Fractal SimplerEnv setup; report only completed paired rollouts.,<absent>,<absent>,<absent>,False,False,False,[],2,,sdpa,,,models/SpatialVLA/weights/spatialvla-4b-224-sft-fractal,temporal_fusion,temporal_fusion_conservative_adaptive,,,,1,cuda:0,,0.2,False,0.15,0.03,2,0.25,0.01,1,0.2,80,spatialvla_4b_simplerenv_fractal,,,,50,artifacts/results/spatialvla_simplerenv_fractal/temporal_fusion_conservative_adaptive/google_robot_pick_coke_can,,,1,0.01,0.03,0.995,0.01,42,,google_robot_pick_coke_can,,,,-0.8,fractal20220817_data/0.1.0,native_mixed (SDPA where supported; ZoeDepth compatible),PaLiGemma2-3B,,8055902750,,,,IPEC-COMMUNITY/spatialvla-4b-224-sft-fractal,4,,google_robot,models/SpatialVLA/weights/spatialvla-4b-224-sft-fractal,/home/soumyara004/soumyaratnadebnath/VisionLanguageAction/models/SpatialVLA/weights/spatialvla-4b-224-sft-fractal,,simpler_google_robot_fractal,,,,,,,,,,,,False,1336,0.0,SpatialVLA 16x16 projected visual tokens before Gemma decoding,
/home/user/BiVLA/artifacts/results/mentor_2026-09-11/results/spatialvla_simplerenv_fractal/temporal_fusion_conservative_adaptive/google_robot_place_apple_in_closed_top_drawer/summary.json,spatialvla_simplerenv_fractal,temporal_fusion_conservative_adaptive,google_robot_place_apple_in_closed_top_drawer,completed,temporal_fusion,spatialvla_4b_simplerenv_fractal,temporal_fusion_conservative_adaptive,simpler_google_robot_fractal,50,0,0.0,0.0,80.0,,NoneType,,Google Robot/Fractal SimplerEnv setup; report only completed paired rollouts.,<absent>,<absent>,<absent>,False,False,False,[],2,,sdpa,,,models/SpatialVLA/weights/spatialvla-4b-224-sft-fractal,temporal_fusion,temporal_fusion_conservative_adaptive,,,,1,cuda:0,,0.2,False,0.15,0.03,2,0.25,0.01,1,0.2,80,spatialvla_4b_simplerenv_fractal,,,,50,artifacts/results/spatialvla_simplerenv_fractal/temporal_fusion_conservative_adaptive/google_robot_place_apple_in_closed_top_drawer,,,1,0.01,0.03,0.995,0.01,42,,google_robot_place_apple_in_closed_top_drawer,,,,-0.8,fractal20220817_data/0.1.0,native_mixed (SDPA where supported; ZoeDepth compatible),PaLiGemma2-3B,,8055902750,,,,IPEC-COMMUNITY/spatialvla-4b-224-sft-fractal,4,,google_robot,models/SpatialVLA/weights/spatialvla-4b-224-sft-fractal,/home/soumyara004/soumyaratnadebnath/VisionLanguageAction/models/SpatialVLA/weights/spatialvla-4b-224-sft-fractal,,simpler_google_robot_fractal,,,,,,,,,,,,False,3967,0.0,SpatialVLA 16x16 projected visual tokens before Gemma decoding,
/home/user/BiVLA/artifacts/results/mentor_2026-09-11/results/spatialvla_simplerenv_fractal/temporal_fusion_motion_entropy/google_robot_close_drawer/summary.json,spatialvla_simplerenv_fractal,temporal_fusion_motion_entropy,google_robot_close_drawer,completed,temporal_fusion,spatialvla_4b_simplerenv_fractal,temporal_fusion_motion_entropy,simpler_google_robot_fractal,50,32,0.64,0.0,53.4,,NoneType,,Google Robot/Fractal SimplerEnv setup; report only completed paired rollouts.,<absent>,<absent>,<absent>,False,False,False,[],2,,sdpa,,,models/SpatialVLA/weights/spatialvla-4b-224-sft-fractal,temporal_fusion,temporal_fusion_motion_entropy,,,,1,cuda:0,,0.2,False,0.15,,3,0.5,0.01,1,0.2,80,spatialvla_4b_simplerenv_fractal,,,,50,artifacts/results/spatialvla_simplerenv_fractal/temporal_fusion_motion_entropy/google_robot_close_drawer,,,1,0.01,0.03,0.995,0.01,42,,google_robot_close_drawer,,,,-0.8,fractal20220817_data/0.1.0,native_mixed (SDPA where supported; ZoeDepth compatible),PaLiGemma2-3B,,8055902750,,,,IPEC-COMMUNITY/spatialvla-4b-224-sft-fractal,4,,google_robot,models/SpatialVLA/weights/spatialvla-4b-224-sft-fractal,/home/soumyara004/soumyaratnadebnath/VisionLanguageAction/models/SpatialVLA/weights/spatialvla-4b-224-sft-fractal,,simpler_google_robot_fractal,,,,,,,,,,,,False,904,109.0,SpatialVLA 16x16 projected visual tokens before Gemma decoding,
/home/user/BiVLA/artifacts/results/mentor_2026-09-11/results/spatialvla_simplerenv_fractal/temporal_fusion_motion_entropy/google_robot_move_near/summary.json,spatialvla_simplerenv_fractal,temporal_fusion_motion_entropy,google_robot_move_near,completed,temporal_fusion,spatialvla_4b_simplerenv_fractal,temporal_fusion_motion_entropy,simpler_google_robot_fractal,50,48,0.96,0.0,23.66,,NoneType,,Google Robot/Fractal SimplerEnv setup; report only completed paired rollouts.,<absent>,<absent>,<absent>,False,False,False,[],2,,sdpa,,,models/SpatialVLA/weights/spatialvla-4b-224-sft-fractal,temporal_fusion,temporal_fusion_motion_entropy,,,,1,cuda:0,,0.2,False,0.15,,3,0.5,0.01,1,0.2,80,spatialvla_4b_simplerenv_fractal,,,,50,artifacts/results/spatialvla_simplerenv_fractal/temporal_fusion_motion_entropy/google_robot_move_near,,,1,0.01,0.03,0.995,0.01,42,,google_robot_move_near,,,,-0.8,fractal20220817_data/0.1.0,native_mixed (SDPA where supported; ZoeDepth compatible),PaLiGemma2-3B,,8055902750,,,,IPEC-COMMUNITY/spatialvla-4b-224-sft-fractal,4,,google_robot,models/SpatialVLA/weights/spatialvla-4b-224-sft-fractal,/home/soumyara004/soumyaratnadebnath/VisionLanguageAction/models/SpatialVLA/weights/spatialvla-4b-224-sft-fractal,,simpler_google_robot_fractal,,,,,,,,,,,,False,408,69.0,SpatialVLA 16x16 projected visual tokens before Gemma decoding,
/home/user/BiVLA/artifacts/results/mentor_2026-09-11/results/spatialvla_simplerenv_fractal/temporal_fusion_motion_entropy/google_robot_open_drawer/summary.json,spatialvla_simplerenv_fractal,temporal_fusion_motion_entropy,google_robot_open_drawer,completed,temporal_fusion,spatialvla_4b_simplerenv_fractal,temporal_fusion_motion_entropy,simpler_google_robot_fractal,50,23,0.46,0.0,62.86,,NoneType,,Google Robot/Fractal SimplerEnv setup; report only completed paired rollouts.,<absent>,<absent>,<absent>,False,False,False,[],2,,sdpa,,,models/SpatialVLA/weights/spatialvla-4b-224-sft-fractal,temporal_fusion,temporal_fusion_motion_entropy,,,,1,cuda:0,,0.2,False,0.15,,3,0.5,0.01,1,0.2,80,spatialvla_4b_simplerenv_fractal,,,,50,artifacts/results/spatialvla_simplerenv_fractal/temporal_fusion_motion_entropy/google_robot_open_drawer,,,1,0.01,0.03,0.995,0.01,42,,google_robot_open_drawer,,,,-0.8,fractal20220817_data/0.1.0,native_mixed (SDPA where supported; ZoeDepth compatible),PaLiGemma2-3B,,8055902750,,,,IPEC-COMMUNITY/spatialvla-4b-224-sft-fractal,4,,google_robot,models/SpatialVLA/weights/spatialvla-4b-224-sft-fractal,/home/soumyara004/soumyaratnadebnath/VisionLanguageAction/models/SpatialVLA/weights/spatialvla-4b-224-sft-fractal,,simpler_google_robot_fractal,,,,,,,,,,,,False,1067,108.0,SpatialVLA 16x16 projected visual tokens before Gemma decoding,
/home/user/BiVLA/artifacts/results/mentor_2026-09-11/results/spatialvla_simplerenv_fractal/temporal_fusion_motion_entropy/google_robot_pick_coke_can/summary.json,spatialvla_simplerenv_fractal,temporal_fusion_motion_entropy,google_robot_pick_coke_can,completed,temporal_fusion,spatialvla_4b_simplerenv_fractal,temporal_fusion_motion_entropy,simpler_google_robot_fractal,50,42,0.84,0.0,27.16,,NoneType,,Google Robot/Fractal SimplerEnv setup; report only completed paired rollouts.,<absent>,<absent>,<absent>,False,False,False,[],2,,sdpa,,,models/SpatialVLA/weights/spatialvla-4b-224-sft-fractal,temporal_fusion,temporal_fusion_motion_entropy,,,,1,cuda:0,,0.2,False,0.15,,3,0.5,0.01,1,0.2,80,spatialvla_4b_simplerenv_fractal,,,,50,artifacts/results/spatialvla_simplerenv_fractal/temporal_fusion_motion_entropy/google_robot_pick_coke_can,,,1,0.01,0.03,0.995,0.01,42,,google_robot_pick_coke_can,,,,-0.8,fractal20220817_data/0.1.0,native_mixed (SDPA where supported; ZoeDepth compatible),PaLiGemma2-3B,,8055902750,,,,IPEC-COMMUNITY/spatialvla-4b-224-sft-fractal,4,,google_robot,models/SpatialVLA/weights/spatialvla-4b-224-sft-fractal,/home/soumyara004/soumyaratnadebnath/VisionLanguageAction/models/SpatialVLA/weights/spatialvla-4b-224-sft-fractal,,simpler_google_robot_fractal,,,,,,,,,,,,False,467,75.0,SpatialVLA 16x16 projected visual tokens before Gemma decoding,
/home/user/BiVLA/artifacts/results/mentor_2026-09-11/results/spatialvla_simplerenv_fractal/temporal_fusion_motion_entropy/google_robot_place_apple_in_closed_top_drawer/summary.json,spatialvla_simplerenv_fractal,temporal_fusion_motion_entropy,google_robot_place_apple_in_closed_top_drawer,completed,temporal_fusion,spatialvla_4b_simplerenv_fractal,temporal_fusion_motion_entropy,simpler_google_robot_fractal,50,0,0.0,0.0,80.0,,NoneType,,Google Robot/Fractal SimplerEnv setup; report only completed paired rollouts.,<absent>,<absent>,<absent>,False,False,False,[],2,,sdpa,,,models/SpatialVLA/weights/spatialvla-4b-224-sft-fractal,temporal_fusion,temporal_fusion_motion_entropy,,,,1,cuda:0,,0.2,False,0.15,,3,0.5,0.01,1,0.2,80,spatialvla_4b_simplerenv_fractal,,,,50,artifacts/results/spatialvla_simplerenv_fractal/temporal_fusion_motion_entropy/google_robot_place_apple_in_closed_top_drawer,,,1,0.01,0.03,0.995,0.01,42,,google_robot_place_apple_in_closed_top_drawer,,,,-0.8,fractal20220817_data/0.1.0,native_mixed (SDPA where supported; ZoeDepth compatible),PaLiGemma2-3B,,8055902750,,,,IPEC-COMMUNITY/spatialvla-4b-224-sft-fractal,4,,google_robot,models/SpatialVLA/weights/spatialvla-4b-224-sft-fractal,/home/soumyara004/soumyaratnadebnath/VisionLanguageAction/models/SpatialVLA/weights/spatialvla-4b-224-sft-fractal,,simpler_google_robot_fractal,,,,,,,,,,,,False,1350,118.0,SpatialVLA 16x16 projected visual tokens before Gemma decoding,
/home/user/BiVLA/artifacts/results/mentor_2026-09-11/results/spatialvla_simplerenv_fractal/temporal_fusion_task_aware/google_robot_close_drawer/summary.json,spatialvla_simplerenv_fractal,temporal_fusion_task_aware,google_robot_close_drawer,completed,temporal_fusion,spatialvla_4b_simplerenv_fractal,temporal_fusion_task_aware,simpler_google_robot_fractal,50,31,0.62,0.0,51.06,,NoneType,,Google Robot/Fractal SimplerEnv setup; report only completed paired rollouts.,<absent>,<absent>,<absent>,False,False,False,[],2,,sdpa,,,models/SpatialVLA/weights/spatialvla-4b-224-sft-fractal,temporal_fusion,temporal_fusion_task_aware,,,,1,cuda:0,,0.2,True,0.15,,3,0.5,0.01,1,0.2,80,spatialvla_4b_simplerenv_fractal,,,,50,artifacts/results/spatialvla_simplerenv_fractal/temporal_fusion_task_aware/google_robot_close_drawer,,,1,0.01,0.03,0.995,0.01,42,,google_robot_close_drawer,,,,-0.8,fractal20220817_data/0.1.0,native_mixed (SDPA where supported; ZoeDepth compatible),PaLiGemma2-3B,,8055902750,,,,IPEC-COMMUNITY/spatialvla-4b-224-sft-fractal,4,,google_robot,models/SpatialVLA/weights/spatialvla-4b-224-sft-fractal,/home/soumyara004/soumyaratnadebnath/VisionLanguageAction/models/SpatialVLA/weights/spatialvla-4b-224-sft-fractal,,simpler_google_robot_fractal,,,,,,,,,,,,True,870,43.0,SpatialVLA 16x16 projected visual tokens before Gemma decoding,
/home/user/BiVLA/artifacts/results/mentor_2026-09-11/results/spatialvla_simplerenv_fractal/temporal_fusion_task_aware/google_robot_move_near/summary.json,spatialvla_simplerenv_fractal,temporal_fusion_task_aware,google_robot_move_near,completed,temporal_fusion,spatialvla_4b_simplerenv_fractal,temporal_fusion_task_aware,simpler_google_robot_fractal,50,48,0.96,0.0,23.38,,NoneType,,Google Robot/Fractal SimplerEnv setup; report only completed paired rollouts.,<absent>,<absent>,<absent>,False,False,False,[],2,,sdpa,,,models/SpatialVLA/weights/spatialvla-4b-224-sft-fractal,temporal_fusion,temporal_fusion_task_aware,,,,1,cuda:0,,0.2,True,0.15,,3,0.5,0.01,1,0.2,80,spatialvla_4b_simplerenv_fractal,,,,50,artifacts/results/spatialvla_simplerenv_fractal/temporal_fusion_task_aware/google_robot_move_near,,,1,0.01,0.03,0.995,0.01,42,,google_robot_move_near,,,,-0.8,fractal20220817_data/0.1.0,native_mixed (SDPA where supported; ZoeDepth compatible),PaLiGemma2-3B,,8055902750,,,,IPEC-COMMUNITY/spatialvla-4b-224-sft-fractal,4,,google_robot,models/SpatialVLA/weights/spatialvla-4b-224-sft-fractal,/home/soumyara004/soumyaratnadebnath/VisionLanguageAction/models/SpatialVLA/weights/spatialvla-4b-224-sft-fractal,,simpler_google_robot_fractal,,,,,,,,,,,,True,407,23.0,SpatialVLA 16x16 projected visual tokens before Gemma decoding,
/home/user/BiVLA/artifacts/results/mentor_2026-09-11/results/spatialvla_simplerenv_fractal/temporal_fusion_task_aware/google_robot_open_drawer/summary.json,spatialvla_simplerenv_fractal,temporal_fusion_task_aware,google_robot_open_drawer,completed,temporal_fusion,spatialvla_4b_simplerenv_fractal,temporal_fusion_task_aware,simpler_google_robot_fractal,50,26,0.52,0.0,60.82,,NoneType,,Google Robot/Fractal SimplerEnv setup; report only completed paired rollouts.,<absent>,<absent>,<absent>,False,False,False,[],2,,sdpa,,,models/SpatialVLA/weights/spatialvla-4b-224-sft-fractal,temporal_fusion,temporal_fusion_task_aware,,,,1,cuda:0,,0.2,True,0.15,,3,0.5,0.01,1,0.2,80,spatialvla_4b_simplerenv_fractal,,,,50,artifacts/results/spatialvla_simplerenv_fractal/temporal_fusion_task_aware/google_robot_open_drawer,,,1,0.01,0.03,0.995,0.01,42,,google_robot_open_drawer,,,,-0.8,fractal20220817_data/0.1.0,native_mixed (SDPA where supported; ZoeDepth compatible),PaLiGemma2-3B,,8055902750,,,,IPEC-COMMUNITY/spatialvla-4b-224-sft-fractal,4,,google_robot,models/SpatialVLA/weights/spatialvla-4b-224-sft-fractal,/home/soumyara004/soumyaratnadebnath/VisionLanguageAction/models/SpatialVLA/weights/spatialvla-4b-224-sft-fractal,,simpler_google_robot_fractal,,,,,,,,,,,,True,1030,36.0,SpatialVLA 16x16 projected visual tokens before Gemma decoding,
/home/user/BiVLA/artifacts/results/mentor_2026-09-11/results/spatialvla_simplerenv_fractal/temporal_fusion_task_aware/google_robot_pick_coke_can/summary.json,spatialvla_simplerenv_fractal,temporal_fusion_task_aware,google_robot_pick_coke_can,completed,temporal_fusion,spatialvla_4b_simplerenv_fractal,temporal_fusion_task_aware,simpler_google_robot_fractal,50,45,0.9,0.0,23.28,,NoneType,,Google Robot/Fractal SimplerEnv setup; report only completed paired rollouts.,<absent>,<absent>,<absent>,False,False,False,[],2,,sdpa,,,models/SpatialVLA/weights/spatialvla-4b-224-sft-fractal,temporal_fusion,temporal_fusion_task_aware,,,,1,cuda:0,,0.2,True,0.15,,3,0.5,0.01,1,0.2,80,spatialvla_4b_simplerenv_fractal,,,,50,artifacts/results/spatialvla_simplerenv_fractal/temporal_fusion_task_aware/google_robot_pick_coke_can,,,1,0.01,0.03,0.995,0.01,42,,google_robot_pick_coke_can,,,,-0.8,fractal20220817_data/0.1.0,native_mixed (SDPA where supported; ZoeDepth compatible),PaLiGemma2-3B,,8055902750,,,,IPEC-COMMUNITY/spatialvla-4b-224-sft-fractal,4,,google_robot,models/SpatialVLA/weights/spatialvla-4b-224-sft-fractal,/home/soumyara004/soumyaratnadebnath/VisionLanguageAction/models/SpatialVLA/weights/spatialvla-4b-224-sft-fractal,,simpler_google_robot_fractal,,,,,,,,,,,,True,403,19.0,SpatialVLA 16x16 projected visual tokens before Gemma decoding,
/home/user/BiVLA/artifacts/results/mentor_2026-09-11/results/spatialvla_simplerenv_fractal/temporal_fusion_task_aware/google_robot_place_apple_in_closed_top_drawer/summary.json,spatialvla_simplerenv_fractal,temporal_fusion_task_aware,google_robot_place_apple_in_closed_top_drawer,completed,temporal_fusion,spatialvla_4b_simplerenv_fractal,temporal_fusion_task_aware,simpler_google_robot_fractal,50,0,0.0,0.0,80.0,,NoneType,,Google Robot/Fractal SimplerEnv setup; report only completed paired rollouts.,<absent>,<absent>,<absent>,False,False,False,[],2,,sdpa,,,models/SpatialVLA/weights/spatialvla-4b-224-sft-fractal,temporal_fusion,temporal_fusion_task_aware,,,,1,cuda:0,,0.2,True,0.15,,3,0.5,0.01,1,0.2,80,spatialvla_4b_simplerenv_fractal,,,,50,artifacts/results/spatialvla_simplerenv_fractal/temporal_fusion_task_aware/google_robot_place_apple_in_closed_top_drawer,,,1,0.01,0.03,0.995,0.01,42,,google_robot_place_apple_in_closed_top_drawer,,,,-0.8,fractal20220817_data/0.1.0,native_mixed (SDPA where supported; ZoeDepth compatible),PaLiGemma2-3B,,8055902750,,,,IPEC-COMMUNITY/spatialvla-4b-224-sft-fractal,4,,google_robot,models/SpatialVLA/weights/spatialvla-4b-224-sft-fractal,/home/soumyara004/soumyaratnadebnath/VisionLanguageAction/models/SpatialVLA/weights/spatialvla-4b-224-sft-fractal,,simpler_google_robot_fractal,,,,,,,,,,,,True,1350,48.0,SpatialVLA 16x16 projected visual tokens before Gemma decoding,
/home/user/BiVLA/artifacts/results/mentor_2026-09-11/results/univla_libero/action_repeat2/libero_10/summary.json,univla_libero,action_repeat2,libero_10,completed,action_repeat,univla_libero,action_repeat2,libero,100,27,0.27,234.2,23.42,0,int,,Task success and timing from paired SimplerEnv WidowX rollouts. UniVLA native five-action chunks are retained; synthetic action agreement is not used.,<absent>,<absent>,<absent>,False,False,False,[],2,/home/soumyara004/soumyaratnadebnath/VisionLanguageAction/models/UniVLA/pretrain/fast,sdpa,,,/home/soumyara004/soumyaratnadebnath/VisionLanguageAction/models/UniVLA/weights/UNIVLA_LIBERO_VIDEO_BS192_8K,action_repeat,action_repeat2,,,,1,cuda:0,libero,0.2,False,0.15,,3,0.5,0.01,1,0.2,520,univla_libero,/home/soumyara004/soumyaratnadebnath/VisionLanguageAction/models/UniVLA/configs/normalizer_libero/norm_stats.json,libero,,10,/home/soumyara004/soumyaratnadebnath/VisionLanguageAction/artifacts/results/univla_libero/action_repeat2/libero_10,10,True,1,0.01,0.03,0.995,0.01,42,,"libero_10__task_0,libero_10__task_1,libero_10__task_2,libero_10__task_3,libero_10__task_4,libero_10__task_5,libero_10__task_6,libero_10__task_7,libero_10__task_8,libero_10__task_9",,/home/soumyara004/soumyaratnadebnath/VisionLanguageAction/models/UniVLA/weights/Emu3-VisionTokenizer,,,libero,sdpa,Emu3MoE,,16984056920,,,,/home/soumyara004/soumyaratnadebnath/VisionLanguageAction/models/UniVLA/weights/UNIVLA_LIBERO_VIDEO_BS192_8K,10,,,/home/soumyara004/soumyaratnadebnath/VisionLanguageAction/models/UniVLA/weights/UNIVLA_LIBERO_VIDEO_BS192_8K,/home/soumyara004/soumyaratnadebnath/VisionLanguageAction/models/UniVLA/weights/UNIVLA_LIBERO_VIDEO_BS192_8K,,libero,,/home/soumyara004/soumyaratnadebnath/VisionLanguageAction/models/UniVLA/weights/Emu3-VisionTokenizer,,,,,,,,,,False,0,0.0,Emu3 VQ-code fusion before UniVLA language-model input,
/home/user/BiVLA/artifacts/results/mentor_2026-09-11/results/univla_libero/action_repeat2/libero_goal/summary.json,univla_libero,action_repeat2,libero_goal,completed,action_repeat,univla_libero,action_repeat2,libero,100,34,0.34,123.4,12.34,0,int,,Task success and timing from paired SimplerEnv WidowX rollouts. UniVLA native five-action chunks are retained; synthetic action agreement is not used.,<absent>,<absent>,<absent>,False,False,False,[],2,/home/soumyara004/soumyaratnadebnath/VisionLanguageAction/models/UniVLA/pretrain/fast,sdpa,,,/home/soumyara004/soumyaratnadebnath/VisionLanguageAction/models/UniVLA/weights/UNIVLA_LIBERO_VIDEO_BS192_8K,action_repeat,action_repeat2,,,,1,cuda:0,libero,0.2,False,0.15,,3,0.5,0.01,1,0.2,300,univla_libero,/home/soumyara004/soumyaratnadebnath/VisionLanguageAction/models/UniVLA/configs/normalizer_libero/norm_stats.json,libero,,10,/home/soumyara004/soumyaratnadebnath/VisionLanguageAction/artifacts/results/univla_libero/action_repeat2/libero_goal,10,True,1,0.01,0.03,0.995,0.01,42,,"libero_goal__task_0,libero_goal__task_1,libero_goal__task_2,libero_goal__task_3,libero_goal__task_4,libero_goal__task_5,libero_goal__task_6,libero_goal__task_7,libero_goal__task_8,libero_goal__task_9",,/home/soumyara004/soumyaratnadebnath/VisionLanguageAction/models/UniVLA/weights/Emu3-VisionTokenizer,,,libero,sdpa,Emu3MoE,,16984056920,,,,/home/soumyara004/soumyaratnadebnath/VisionLanguageAction/models/UniVLA/weights/UNIVLA_LIBERO_VIDEO_BS192_8K,10,,,/home/soumyara004/soumyaratnadebnath/VisionLanguageAction/models/UniVLA/weights/UNIVLA_LIBERO_VIDEO_BS192_8K,/home/soumyara004/soumyaratnadebnath/VisionLanguageAction/models/UniVLA/weights/UNIVLA_LIBERO_VIDEO_BS192_8K,,libero,,/home/soumyara004/soumyaratnadebnath/VisionLanguageAction/models/UniVLA/weights/Emu3-VisionTokenizer,,,,,,,,,,False,0,0.0,Emu3 VQ-code fusion before UniVLA language-model input,
/home/user/BiVLA/artifacts/results/mentor_2026-09-11/results/univla_libero/action_repeat2/libero_object/summary.json,univla_libero,action_repeat2,libero_object,completed,action_repeat,univla_libero,action_repeat2,libero,100,21,0.21,134.1,13.41,0,int,,Task success and timing from paired SimplerEnv WidowX rollouts. UniVLA native five-action chunks are retained; synthetic action agreement is not used.,<absent>,<absent>,<absent>,False,False,False,[],2,/home/soumyara004/soumyaratnadebnath/VisionLanguageAction/models/UniVLA/pretrain/fast,sdpa,,,/home/soumyara004/soumyaratnadebnath/VisionLanguageAction/models/UniVLA/weights/UNIVLA_LIBERO_VIDEO_BS192_8K,action_repeat,action_repeat2,,,,1,cuda:0,libero,0.2,False,0.15,,3,0.5,0.01,1,0.2,280,univla_libero,/home/soumyara004/soumyaratnadebnath/VisionLanguageAction/models/UniVLA/configs/normalizer_libero/norm_stats.json,libero,,10,/home/soumyara004/soumyaratnadebnath/VisionLanguageAction/artifacts/results/univla_libero/action_repeat2/libero_object,10,True,1,0.01,0.03,0.995,0.01,42,,"libero_object__task_0,libero_object__task_1,libero_object__task_2,libero_object__task_3,libero_object__task_4,libero_object__task_5,libero_object__task_6,libero_object__task_7,libero_object__task_8,libero_object__task_9",,/home/soumyara004/soumyaratnadebnath/VisionLanguageAction/models/UniVLA/weights/Emu3-VisionTokenizer,,,libero,sdpa,Emu3MoE,,16984056920,,,,/home/soumyara004/soumyaratnadebnath/VisionLanguageAction/models/UniVLA/weights/UNIVLA_LIBERO_VIDEO_BS192_8K,10,,,/home/soumyara004/soumyaratnadebnath/VisionLanguageAction/models/UniVLA/weights/UNIVLA_LIBERO_VIDEO_BS192_8K,/home/soumyara004/soumyaratnadebnath/VisionLanguageAction/models/UniVLA/weights/UNIVLA_LIBERO_VIDEO_BS192_8K,,libero,,/home/soumyara004/soumyaratnadebnath/VisionLanguageAction/models/UniVLA/weights/Emu3-VisionTokenizer,,,,,,,,,,False,0,0.0,Emu3 VQ-code fusion before UniVLA language-model input,
/home/user/BiVLA/artifacts/results/mentor_2026-09-11/results/univla_libero/action_repeat2/libero_spatial/summary.json,univla_libero,action_repeat2,libero_spatial,completed,action_repeat,univla_libero,action_repeat2,libero,100,27,0.27,105.5,10.55,0,int,,Task success and timing from paired SimplerEnv WidowX rollouts. UniVLA native five-action chunks are retained; synthetic action agreement is not used.,<absent>,<absent>,<absent>,False,False,False,[],2,/home/soumyara004/soumyaratnadebnath/VisionLanguageAction/models/UniVLA/pretrain/fast,sdpa,,,/home/soumyara004/soumyaratnadebnath/VisionLanguageAction/models/UniVLA/weights/UNIVLA_LIBERO_VIDEO_BS192_8K,action_repeat,action_repeat2,,,,1,cuda:0,libero,0.2,False,0.15,,3,0.5,0.01,1,0.2,220,univla_libero,/home/soumyara004/soumyaratnadebnath/VisionLanguageAction/models/UniVLA/configs/normalizer_libero/norm_stats.json,libero,,10,/home/soumyara004/soumyaratnadebnath/VisionLanguageAction/artifacts/results/univla_libero/action_repeat2/libero_spatial,10,True,1,0.01,0.03,0.995,0.01,42,,"libero_spatial__task_0,libero_spatial__task_1,libero_spatial__task_2,libero_spatial__task_3,libero_spatial__task_4,libero_spatial__task_5,libero_spatial__task_6,libero_spatial__task_7,libero_spatial__task_8,libero_spatial__task_9",,/home/soumyara004/soumyaratnadebnath/VisionLanguageAction/models/UniVLA/weights/Emu3-VisionTokenizer,,,libero,sdpa,Emu3MoE,,16984056920,,,,/home/soumyara004/soumyaratnadebnath/VisionLanguageAction/models/UniVLA/weights/UNIVLA_LIBERO_VIDEO_BS192_8K,10,,,/home/soumyara004/soumyaratnadebnath/VisionLanguageAction/models/UniVLA/weights/UNIVLA_LIBERO_VIDEO_BS192_8K,/home/soumyara004/soumyaratnadebnath/VisionLanguageAction/models/UniVLA/weights/UNIVLA_LIBERO_VIDEO_BS192_8K,,libero,,/home/soumyara004/soumyaratnadebnath/VisionLanguageAction/models/UniVLA/weights/Emu3-VisionTokenizer,,,,,,,,,,False,0,0.0,Emu3 VQ-code fusion before UniVLA language-model input,
/home/user/BiVLA/artifacts/results/mentor_2026-09-11/results/univla_libero/action_repeat4/libero_10/summary.json,univla_libero,action_repeat4,libero_10,completed,action_repeat,univla_libero,action_repeat4,libero,100,1,0.01,388.2,12.94,0,int,,Task success and timing from paired SimplerEnv WidowX rollouts. UniVLA native five-action chunks are retained; synthetic action agreement is not used.,<absent>,<absent>,<absent>,False,False,False,[],4,/home/soumyara004/soumyaratnadebnath/VisionLanguageAction/models/UniVLA/pretrain/fast,sdpa,,,/home/soumyara004/soumyaratnadebnath/VisionLanguageAction/models/UniVLA/weights/UNIVLA_LIBERO_VIDEO_BS192_8K,action_repeat,action_repeat4,,,,1,cuda:0,libero,0.2,False,0.15,,3,0.5,0.01,1,0.2,520,univla_libero,/home/soumyara004/soumyaratnadebnath/VisionLanguageAction/models/UniVLA/configs/normalizer_libero/norm_stats.json,libero,,10,/home/soumyara004/soumyaratnadebnath/VisionLanguageAction/artifacts/results/univla_libero/action_repeat4/libero_10,10,True,1,0.01,0.03,0.995,0.01,42,,"libero_10__task_0,libero_10__task_1,libero_10__task_2,libero_10__task_3,libero_10__task_4,libero_10__task_5,libero_10__task_6,libero_10__task_7,libero_10__task_8,libero_10__task_9",,/home/soumyara004/soumyaratnadebnath/VisionLanguageAction/models/UniVLA/weights/Emu3-VisionTokenizer,,,libero,sdpa,Emu3MoE,,16984056920,,,,/home/soumyara004/soumyaratnadebnath/VisionLanguageAction/models/UniVLA/weights/UNIVLA_LIBERO_VIDEO_BS192_8K,10,,,/home/soumyara004/soumyaratnadebnath/VisionLanguageAction/models/UniVLA/weights/UNIVLA_LIBERO_VIDEO_BS192_8K,/home/soumyara004/soumyaratnadebnath/VisionLanguageAction/models/UniVLA/weights/UNIVLA_LIBERO_VIDEO_BS192_8K,,libero,,/home/soumyara004/soumyaratnadebnath/VisionLanguageAction/models/UniVLA/weights/Emu3-VisionTokenizer,,,,,,,,,,False,0,0.0,Emu3 VQ-code fusion before UniVLA language-model input,
/home/user/BiVLA/artifacts/results/mentor_2026-09-11/results/univla_libero/action_repeat4/libero_goal/summary.json,univla_libero,action_repeat4,libero_goal,completed,action_repeat,univla_libero,action_repeat4,libero,100,0,0.0,240.0,8.0,0,int,,Task success and timing from paired SimplerEnv WidowX rollouts. UniVLA native five-action chunks are retained; synthetic action agreement is not used.,<absent>,<absent>,<absent>,False,False,False,[],4,/home/soumyara004/soumyaratnadebnath/VisionLanguageAction/models/UniVLA/pretrain/fast,sdpa,,,/home/soumyara004/soumyaratnadebnath/VisionLanguageAction/models/UniVLA/weights/UNIVLA_LIBERO_VIDEO_BS192_8K,action_repeat,action_repeat4,,,,1,cuda:0,libero,0.2,False,0.15,,3,0.5,0.01,1,0.2,300,univla_libero,/home/soumyara004/soumyaratnadebnath/VisionLanguageAction/models/UniVLA/configs/normalizer_libero/norm_stats.json,libero,,10,/home/soumyara004/soumyaratnadebnath/VisionLanguageAction/artifacts/results/univla_libero/action_repeat4/libero_goal,10,True,1,0.01,0.03,0.995,0.01,42,,"libero_goal__task_0,libero_goal__task_1,libero_goal__task_2,libero_goal__task_3,libero_goal__task_4,libero_goal__task_5,libero_goal__task_6,libero_goal__task_7,libero_goal__task_8,libero_goal__task_9",,/home/soumyara004/soumyaratnadebnath/VisionLanguageAction/models/UniVLA/weights/Emu3-VisionTokenizer,,,libero,sdpa,Emu3MoE,,16984056920,,,,/home/soumyara004/soumyaratnadebnath/VisionLanguageAction/models/UniVLA/weights/UNIVLA_LIBERO_VIDEO_BS192_8K,10,,,/home/soumyara004/soumyaratnadebnath/VisionLanguageAction/models/UniVLA/weights/UNIVLA_LIBERO_VIDEO_BS192_8K,/home/soumyara004/soumyaratnadebnath/VisionLanguageAction/models/UniVLA/weights/UNIVLA_LIBERO_VIDEO_BS192_8K,,libero,,/home/soumyara004/soumyaratnadebnath/VisionLanguageAction/models/UniVLA/weights/Emu3-VisionTokenizer,,,,,,,,,,False,0,0.0,Emu3 VQ-code fusion before UniVLA language-model input,
/home/user/BiVLA/artifacts/results/mentor_2026-09-11/results/univla_libero/action_repeat4/libero_object/summary.json,univla_libero,action_repeat4,libero_object,completed,action_repeat,univla_libero,action_repeat4,libero,100,1,0.01,210.0,7.0,0,int,,Task success and timing from paired SimplerEnv WidowX rollouts. UniVLA native five-action chunks are retained; synthetic action agreement is not used.,<absent>,<absent>,<absent>,False,False,False,[],4,/home/soumyara004/soumyaratnadebnath/VisionLanguageAction/models/UniVLA/pretrain/fast,sdpa,,,/home/soumyara004/soumyaratnadebnath/VisionLanguageAction/models/UniVLA/weights/UNIVLA_LIBERO_VIDEO_BS192_8K,action_repeat,action_repeat4,,,,1,cuda:0,libero,0.2,False,0.15,,3,0.5,0.01,1,0.2,280,univla_libero,/home/soumyara004/soumyaratnadebnath/VisionLanguageAction/models/UniVLA/configs/normalizer_libero/norm_stats.json,libero,,10,/home/soumyara004/soumyaratnadebnath/VisionLanguageAction/artifacts/results/univla_libero/action_repeat4/libero_object,10,True,1,0.01,0.03,0.995,0.01,42,,"libero_object__task_0,libero_object__task_1,libero_object__task_2,libero_object__task_3,libero_object__task_4,libero_object__task_5,libero_object__task_6,libero_object__task_7,libero_object__task_8,libero_object__task_9",,/home/soumyara004/soumyaratnadebnath/VisionLanguageAction/models/UniVLA/weights/Emu3-VisionTokenizer,,,libero,sdpa,Emu3MoE,,16984056920,,,,/home/soumyara004/soumyaratnadebnath/VisionLanguageAction/models/UniVLA/weights/UNIVLA_LIBERO_VIDEO_BS192_8K,10,,,/home/soumyara004/soumyaratnadebnath/VisionLanguageAction/models/UniVLA/weights/UNIVLA_LIBERO_VIDEO_BS192_8K,/home/soumyara004/soumyaratnadebnath/VisionLanguageAction/models/UniVLA/weights/UNIVLA_LIBERO_VIDEO_BS192_8K,,libero,,/home/soumyara004/soumyaratnadebnath/VisionLanguageAction/models/UniVLA/weights/Emu3-VisionTokenizer,,,,,,,,,,False,0,0.0,Emu3 VQ-code fusion before UniVLA language-model input,
/home/user/BiVLA/artifacts/results/mentor_2026-09-11/results/univla_libero/action_repeat4/libero_spatial/summary.json,univla_libero,action_repeat4,libero_spatial,completed,action_repeat,univla_libero,action_repeat4,libero,100,0,0.0,180.0,6.0,0,int,,Task success and timing from paired SimplerEnv WidowX rollouts. UniVLA native five-action chunks are retained; synthetic action agreement is not used.,<absent>,<absent>,<absent>,False,False,False,[],4,/home/soumyara004/soumyaratnadebnath/VisionLanguageAction/models/UniVLA/pretrain/fast,sdpa,,,/home/soumyara004/soumyaratnadebnath/VisionLanguageAction/models/UniVLA/weights/UNIVLA_LIBERO_VIDEO_BS192_8K,action_repeat,action_repeat4,,,,1,cuda:0,libero,0.2,False,0.15,,3,0.5,0.01,1,0.2,220,univla_libero,/home/soumyara004/soumyaratnadebnath/VisionLanguageAction/models/UniVLA/configs/normalizer_libero/norm_stats.json,libero,,10,/home/soumyara004/soumyaratnadebnath/VisionLanguageAction/artifacts/results/univla_libero/action_repeat4/libero_spatial,10,True,1,0.01,0.03,0.995,0.01,42,,"libero_spatial__task_0,libero_spatial__task_1,libero_spatial__task_2,libero_spatial__task_3,libero_spatial__task_4,libero_spatial__task_5,libero_spatial__task_6,libero_spatial__task_7,libero_spatial__task_8,libero_spatial__task_9",,/home/soumyara004/soumyaratnadebnath/VisionLanguageAction/models/UniVLA/weights/Emu3-VisionTokenizer,,,libero,sdpa,Emu3MoE,,16984056920,,,,/home/soumyara004/soumyaratnadebnath/VisionLanguageAction/models/UniVLA/weights/UNIVLA_LIBERO_VIDEO_BS192_8K,10,,,/home/soumyara004/soumyaratnadebnath/VisionLanguageAction/models/UniVLA/weights/UNIVLA_LIBERO_VIDEO_BS192_8K,/home/soumyara004/soumyaratnadebnath/VisionLanguageAction/models/UniVLA/weights/UNIVLA_LIBERO_VIDEO_BS192_8K,,libero,,/home/soumyara004/soumyaratnadebnath/VisionLanguageAction/models/UniVLA/weights/Emu3-VisionTokenizer,,,,,,,,,,False,0,0.0,Emu3 VQ-code fusion before UniVLA language-model input,
/home/user/BiVLA/artifacts/results/mentor_2026-09-11/results/univla_libero/depth_pruning1/libero_10/summary.json,univla_libero,depth_pruning1,libero_10,completed,depth_pruning,univla_libero,depth_pruning1,libero,100,88,0.88,0.0,29.02,0,int,,Task success and timing from paired SimplerEnv WidowX rollouts. UniVLA native five-action chunks are retained; synthetic action agreement is not used.,<absent>,<absent>,<absent>,False,False,False,[19],2,/home/soumyara004/soumyaratnadebnath/VisionLanguageAction/models/UniVLA/pretrain/fast,sdpa,,,/home/soumyara004/soumyaratnadebnath/VisionLanguageAction/models/UniVLA/weights/UNIVLA_LIBERO_VIDEO_BS192_8K,depth_pruning,depth_pruning1,,,,1,cuda:0,libero,0.2,False,0.15,,3,0.5,0.01,1,0.2,520,univla_libero,/home/soumyara004/soumyaratnadebnath/VisionLanguageAction/models/UniVLA/configs/normalizer_libero/norm_stats.json,libero,,10,/home/soumyara004/soumyaratnadebnath/VisionLanguageAction/artifacts/results/univla_libero/depth_pruning1/libero_10,10,True,1,0.01,0.03,0.995,0.01,42,,"libero_10__task_0,libero_10__task_1,libero_10__task_2,libero_10__task_3,libero_10__task_4,libero_10__task_5,libero_10__task_6,libero_10__task_7,libero_10__task_8,libero_10__task_9",,/home/soumyara004/soumyaratnadebnath/VisionLanguageAction/models/UniVLA/weights/Emu3-VisionTokenizer,,,libero,sdpa,Emu3MoE,,16984056920,,,,/home/soumyara004/soumyaratnadebnath/VisionLanguageAction/models/UniVLA/weights/UNIVLA_LIBERO_VIDEO_BS192_8K,10,,,/home/soumyara004/soumyaratnadebnath/VisionLanguageAction/models/UniVLA/weights/UNIVLA_LIBERO_VIDEO_BS192_8K,/home/soumyara004/soumyaratnadebnath/VisionLanguageAction/models/UniVLA/weights/UNIVLA_LIBERO_VIDEO_BS192_8K,,libero,,/home/soumyara004/soumyaratnadebnath/VisionLanguageAction/models/UniVLA/weights/Emu3-VisionTokenizer,,,"[0.9068648256361485, 0.01639673113822937, 0.005935579538345337, 0.003947168588638306, 0.006009000539779663, 0.009918248653411866, 0.02355027198791504, 0.032627922296524045, 0.02637561559677124, 0.054346787929534915, 0.04170796275138855, 0.05899757742881775, 0.03868741989135742, 0.03752388954162598, 0.02293987274169922, 0.0170345664024353, 0.019059044122695924, 0.015492016077041626, 0.010302495956420899, 0.007849663496017456, 0.009172946214675903, 0.009234809875488281, 0.01012040376663208, 0.013889658451080322, 0.012093770503997802, 0.012455683946609498, 0.011987102031707764, 0.013352936506271363, 0.021045982837677002, 0.011122798919677735, 0.01098572015762329, 0.031019651889801027]",,,,,,,False,0,0.0,Emu3 VQ-code fusion before UniVLA language-model input,
/home/user/BiVLA/artifacts/results/mentor_2026-09-11/results/univla_libero/depth_pruning1/libero_goal/summary.json,univla_libero,depth_pruning1,libero_goal,completed,depth_pruning,univla_libero,depth_pruning1,libero,100,93,0.93,0.0,12.53,0,int,,Task success and timing from paired SimplerEnv WidowX rollouts. UniVLA native five-action chunks are retained; synthetic action agreement is not used.,<absent>,<absent>,<absent>,False,False,False,[19],2,/home/soumyara004/soumyaratnadebnath/VisionLanguageAction/models/UniVLA/pretrain/fast,sdpa,,,/home/soumyara004/soumyaratnadebnath/VisionLanguageAction/models/UniVLA/weights/UNIVLA_LIBERO_VIDEO_BS192_8K,depth_pruning,depth_pruning1,,,,1,cuda:0,libero,0.2,False,0.15,,3,0.5,0.01,1,0.2,300,univla_libero,/home/soumyara004/soumyaratnadebnath/VisionLanguageAction/models/UniVLA/configs/normalizer_libero/norm_stats.json,libero,,10,/home/soumyara004/soumyaratnadebnath/VisionLanguageAction/artifacts/results/univla_libero/depth_pruning1/libero_goal,10,True,1,0.01,0.03,0.995,0.01,42,,"libero_goal__task_0,libero_goal__task_1,libero_goal__task_2,libero_goal__task_3,libero_goal__task_4,libero_goal__task_5,libero_goal__task_6,libero_goal__task_7,libero_goal__task_8,libero_goal__task_9",,/home/soumyara004/soumyaratnadebnath/VisionLanguageAction/models/UniVLA/weights/Emu3-VisionTokenizer,,,libero,sdpa,Emu3MoE,,16984056920,,,,/home/soumyara004/soumyaratnadebnath/VisionLanguageAction/models/UniVLA/weights/UNIVLA_LIBERO_VIDEO_BS192_8K,10,,,/home/soumyara004/soumyaratnadebnath/VisionLanguageAction/models/UniVLA/weights/UNIVLA_LIBERO_VIDEO_BS192_8K,/home/soumyara004/soumyaratnadebnath/VisionLanguageAction/models/UniVLA/weights/UNIVLA_LIBERO_VIDEO_BS192_8K,,libero,,/home/soumyara004/soumyaratnadebnath/VisionLanguageAction/models/UniVLA/weights/Emu3-VisionTokenizer,,,"[0.9069685027003288, 0.016004693508148194, 0.0060924232006072995, 0.003851330280303955, 0.005335789918899536, 0.009590440988540649, 0.024390029907226562, 0.03172057867050171, 0.02456991672515869, 0.042421150207519534, 0.032634013891220094, 0.03828744292259216, 0.03183835744857788, 0.04108782410621643, 0.017504334449768066, 0.015033537149429321, 0.016591370105743408, 0.011592292785644531, 0.008389979600906372, 0.006894487142562866, 0.010190719366073608, 0.00999305248260498, 0.01116439700126648, 0.014923971891403199, 0.012748026847839355, 0.01318703293800354, 0.011146146059036254, 0.012408506870269776, 0.015766060352325438, 0.010683304071426392, 0.011977589130401612, 0.04259882569313049]",,,,,,,False,0,0.0,Emu3 VQ-code fusion before UniVLA language-model input,
/home/user/BiVLA/artifacts/results/mentor_2026-09-11/results/univla_libero/depth_pruning1/libero_object/summary.json,univla_libero,depth_pruning1,libero_object,completed,depth_pruning,univla_libero,depth_pruning1,libero,100,99,0.99,0.0,14.78,0,int,,Task success and timing from paired SimplerEnv WidowX rollouts. UniVLA native five-action chunks are retained; synthetic action agreement is not used.,<absent>,<absent>,<absent>,False,False,False,[19],2,/home/soumyara004/soumyaratnadebnath/VisionLanguageAction/models/UniVLA/pretrain/fast,sdpa,,,/home/soumyara004/soumyaratnadebnath/VisionLanguageAction/models/UniVLA/weights/UNIVLA_LIBERO_VIDEO_BS192_8K,depth_pruning,depth_pruning1,,,,1,cuda:0,libero,0.2,False,0.15,,3,0.5,0.01,1,0.2,280,univla_libero,/home/soumyara004/soumyaratnadebnath/VisionLanguageAction/models/UniVLA/configs/normalizer_libero/norm_stats.json,libero,,10,/home/soumyara004/soumyaratnadebnath/VisionLanguageAction/artifacts/results/univla_libero/depth_pruning1/libero_object,10,True,1,0.01,0.03,0.995,0.01,42,,"libero_object__task_0,libero_object__task_1,libero_object__task_2,libero_object__task_3,libero_object__task_4,libero_object__task_5,libero_object__task_6,libero_object__task_7,libero_object__task_8,libero_object__task_9",,/home/soumyara004/soumyaratnadebnath/VisionLanguageAction/models/UniVLA/weights/Emu3-VisionTokenizer,,,libero,sdpa,Emu3MoE,,16984056920,,,,/home/soumyara004/soumyaratnadebnath/VisionLanguageAction/models/UniVLA/weights/UNIVLA_LIBERO_VIDEO_BS192_8K,10,,,/home/soumyara004/soumyaratnadebnath/VisionLanguageAction/models/UniVLA/weights/UNIVLA_LIBERO_VIDEO_BS192_8K,/home/soumyara004/soumyaratnadebnath/VisionLanguageAction/models/UniVLA/weights/UNIVLA_LIBERO_VIDEO_BS192_8K,,libero,,/home/soumyara004/soumyaratnadebnath/VisionLanguageAction/models/UniVLA/weights/Emu3-VisionTokenizer,,,"[0.9049121409654617, 0.01648080348968506, 0.006243497133255005, 0.0037155985832214356, 0.00533403754234314, 0.009147143363952637, 0.023442107439041137, 0.03174615502357483, 0.021894651651382446, 0.04254965186119079, 0.03226165175437927, 0.04455916285514831, 0.03381965160369873, 0.034937691688537595, 0.019239372014999388, 0.016480767726898195, 0.019274455308914185, 0.01334151029586792, 0.008626949787139893, 0.007046139240264893, 0.0074545502662658695, 0.009112489223480225, 0.010067325830459595, 0.013819187879562378, 0.011982107162475586, 0.011250174045562744, 0.010108774900436402, 0.0114768385887146, 0.019890797138214112, 0.010985833406448365, 0.011912763118743896, 0.03144029378890991]",,,,,,,False,0,0.0,Emu3 VQ-code fusion before UniVLA language-model input,
/home/user/BiVLA/artifacts/results/mentor_2026-09-11/results/univla_libero/depth_pruning1/libero_spatial/summary.json,univla_libero,depth_pruning1,libero_spatial,completed,depth_pruning,univla_libero,depth_pruning1,libero,100,96,0.96,0.0,11.18,0,int,,Task success and timing from paired SimplerEnv WidowX rollouts. UniVLA native five-action chunks are retained; synthetic action agreement is not used.,<absent>,<absent>,<absent>,False,False,False,[19],2,/home/soumyara004/soumyaratnadebnath/VisionLanguageAction/models/UniVLA/pretrain/fast,sdpa,,,/home/soumyara004/soumyaratnadebnath/VisionLanguageAction/models/UniVLA/weights/UNIVLA_LIBERO_VIDEO_BS192_8K,depth_pruning,depth_pruning1,,,,1,cuda:0,libero,0.2,False,0.15,,3,0.5,0.01,1,0.2,220,univla_libero,/home/soumyara004/soumyaratnadebnath/VisionLanguageAction/models/UniVLA/configs/normalizer_libero/norm_stats.json,libero,,10,/home/soumyara004/soumyaratnadebnath/VisionLanguageAction/artifacts/results/univla_libero/depth_pruning1/libero_spatial,10,True,1,0.01,0.03,0.995,0.01,42,,"libero_spatial__task_0,libero_spatial__task_1,libero_spatial__task_2,libero_spatial__task_3,libero_spatial__task_4,libero_spatial__task_5,libero_spatial__task_6,libero_spatial__task_7,libero_spatial__task_8,libero_spatial__task_9",,/home/soumyara004/soumyaratnadebnath/VisionLanguageAction/models/UniVLA/weights/Emu3-VisionTokenizer,,,libero,sdpa,Emu3MoE,,16984056920,,,,/home/soumyara004/soumyaratnadebnath/VisionLanguageAction/models/UniVLA/weights/UNIVLA_LIBERO_VIDEO_BS192_8K,10,,,/home/soumyara004/soumyaratnadebnath/VisionLanguageAction/models/UniVLA/weights/UNIVLA_LIBERO_VIDEO_BS192_8K,/home/soumyara004/soumyaratnadebnath/VisionLanguageAction/models/UniVLA/weights/UNIVLA_LIBERO_VIDEO_BS192_8K,,libero,,/home/soumyara004/soumyaratnadebnath/VisionLanguageAction/models/UniVLA/weights/Emu3-VisionTokenizer,,,"[0.9063240356743336, 0.016329753398895263, 0.006090956926345825, 0.0037511467933654787, 0.005462276935577393, 0.009440279006958008, 0.023903661966323854, 0.03331194519996643, 0.02419649362564087, 0.0450190007686615, 0.03270940780639649, 0.03891804814338684, 0.030709660053253172, 0.03051988482475281, 0.01726328730583191, 0.014753562211990357, 0.01685011386871338, 0.012354272603988647, 0.00906212329864502, 0.00766865611076355, 0.009304708242416382, 0.012224674224853516, 0.010956907272338867, 0.013640755414962768, 0.011852264404296875, 0.012053179740905761, 0.011173117160797118, 0.013268572092056275, 0.016609877347946167, 0.011787647008895874, 0.013247525691986084, 0.04540466070175171]",,,,,,,False,0,0.0,Emu3 VQ-code fusion before UniVLA language-model input,
/home/user/BiVLA/artifacts/results/mentor_2026-09-11/results/univla_libero/depth_pruning2/libero_10/summary.json,univla_libero,depth_pruning2,libero_10,completed,depth_pruning,univla_libero,depth_pruning2,libero,100,89,0.89,0.0,28.66,0,int,,Task success and timing from paired SimplerEnv WidowX rollouts. UniVLA native five-action chunks are retained; synthetic action agreement is not used.,<absent>,<absent>,<absent>,False,False,False,"[19, 21]",2,/home/soumyara004/soumyaratnadebnath/VisionLanguageAction/models/UniVLA/pretrain/fast,sdpa,,,/home/soumyara004/soumyaratnadebnath/VisionLanguageAction/models/UniVLA/weights/UNIVLA_LIBERO_VIDEO_BS192_8K,depth_pruning,depth_pruning2,,,,2,cuda:0,libero,0.2,False,0.15,,3,0.5,0.01,1,0.2,520,univla_libero,/home/soumyara004/soumyaratnadebnath/VisionLanguageAction/models/UniVLA/configs/normalizer_libero/norm_stats.json,libero,,10,/home/soumyara004/soumyaratnadebnath/VisionLanguageAction/artifacts/results/univla_libero/depth_pruning2/libero_10,10,True,1,0.01,0.03,0.995,0.01,42,,"libero_10__task_0,libero_10__task_1,libero_10__task_2,libero_10__task_3,libero_10__task_4,libero_10__task_5,libero_10__task_6,libero_10__task_7,libero_10__task_8,libero_10__task_9",,/home/soumyara004/soumyaratnadebnath/VisionLanguageAction/models/UniVLA/weights/Emu3-VisionTokenizer,,,libero,sdpa,Emu3MoE,,16984056920,,,,/home/soumyara004/soumyaratnadebnath/VisionLanguageAction/models/UniVLA/weights/UNIVLA_LIBERO_VIDEO_BS192_8K,10,,,/home/soumyara004/soumyaratnadebnath/VisionLanguageAction/models/UniVLA/weights/UNIVLA_LIBERO_VIDEO_BS192_8K,/home/soumyara004/soumyaratnadebnath/VisionLanguageAction/models/UniVLA/weights/UNIVLA_LIBERO_VIDEO_BS192_8K,,libero,,/home/soumyara004/soumyaratnadebnath/VisionLanguageAction/models/UniVLA/weights/Emu3-VisionTokenizer,,,"[0.9068648256361485, 0.01639673113822937, 0.005935579538345337, 0.003947168588638306, 0.006009000539779663, 0.009918248653411866, 0.02355027198791504, 0.032627922296524045, 0.02637561559677124, 0.054346787929534915, 0.04170796275138855, 0.05899757742881775, 0.03868741989135742, 0.03752388954162598, 0.02293987274169922, 0.0170345664024353, 0.019059044122695924, 0.015492016077041626, 0.010302495956420899, 0.007849663496017456, 0.009172946214675903, 0.009234809875488281, 0.01012040376663208, 0.013889658451080322, 0.012093770503997802, 0.012455683946609498, 0.011987102031707764, 0.013352936506271363, 0.021045982837677002, 0.011122798919677735, 0.01098572015762329, 0.031019651889801027]",,,,,,,False,0,0.0,Emu3 VQ-code fusion before UniVLA language-model input,
/home/user/BiVLA/artifacts/results/mentor_2026-09-11/results/univla_libero/depth_pruning2/libero_goal/summary.json,univla_libero,depth_pruning2,libero_goal,completed,depth_pruning,univla_libero,depth_pruning2,libero,100,89,0.89,0.0,13.34,0,int,,Task success and timing from paired SimplerEnv WidowX rollouts. UniVLA native five-action chunks are retained; synthetic action agreement is not used.,<absent>,<absent>,<absent>,False,False,False,"[19, 21]",2,/home/soumyara004/soumyaratnadebnath/VisionLanguageAction/models/UniVLA/pretrain/fast,sdpa,,,/home/soumyara004/soumyaratnadebnath/VisionLanguageAction/models/UniVLA/weights/UNIVLA_LIBERO_VIDEO_BS192_8K,depth_pruning,depth_pruning2,,,,2,cuda:0,libero,0.2,False,0.15,,3,0.5,0.01,1,0.2,300,univla_libero,/home/soumyara004/soumyaratnadebnath/VisionLanguageAction/models/UniVLA/configs/normalizer_libero/norm_stats.json,libero,,10,/home/soumyara004/soumyaratnadebnath/VisionLanguageAction/artifacts/results/univla_libero/depth_pruning2/libero_goal,10,True,1,0.01,0.03,0.995,0.01,42,,"libero_goal__task_0,libero_goal__task_1,libero_goal__task_2,libero_goal__task_3,libero_goal__task_4,libero_goal__task_5,libero_goal__task_6,libero_goal__task_7,libero_goal__task_8,libero_goal__task_9",,/home/soumyara004/soumyaratnadebnath/VisionLanguageAction/models/UniVLA/weights/Emu3-VisionTokenizer,,,libero,sdpa,Emu3MoE,,16984056920,,,,/home/soumyara004/soumyaratnadebnath/VisionLanguageAction/models/UniVLA/weights/UNIVLA_LIBERO_VIDEO_BS192_8K,10,,,/home/soumyara004/soumyaratnadebnath/VisionLanguageAction/models/UniVLA/weights/UNIVLA_LIBERO_VIDEO_BS192_8K,/home/soumyara004/soumyaratnadebnath/VisionLanguageAction/models/UniVLA/weights/UNIVLA_LIBERO_VIDEO_BS192_8K,,libero,,/home/soumyara004/soumyaratnadebnath/VisionLanguageAction/models/UniVLA/weights/Emu3-VisionTokenizer,,,"[0.9069685027003288, 0.016004693508148194, 0.0060924232006072995, 0.003851330280303955, 0.005335789918899536, 0.009590440988540649, 0.024390029907226562, 0.03172057867050171, 0.02456991672515869, 0.042421150207519534, 0.032634013891220094, 0.03828744292259216, 0.03183835744857788, 0.04108782410621643, 0.017504334449768066, 0.015033537149429321, 0.016591370105743408, 0.011592292785644531, 0.008389979600906372, 0.006894487142562866, 0.010190719366073608, 0.00999305248260498, 0.01116439700126648, 0.014923971891403199, 0.012748026847839355, 0.01318703293800354, 0.011146146059036254, 0.012408506870269776, 0.015766060352325438, 0.010683304071426392, 0.011977589130401612, 0.04259882569313049]",,,,,,,False,0,0.0,Emu3 VQ-code fusion before UniVLA language-model input,
/home/user/BiVLA/artifacts/results/mentor_2026-09-11/results/univla_libero/depth_pruning2/libero_object/summary.json,univla_libero,depth_pruning2,libero_object,completed,depth_pruning,univla_libero,depth_pruning2,libero,100,94,0.94,0.0,15.03,0,int,,Task success and timing from paired SimplerEnv WidowX rollouts. UniVLA native five-action chunks are retained; synthetic action agreement is not used.,<absent>,<absent>,<absent>,False,False,False,"[19, 21]",2,/home/soumyara004/soumyaratnadebnath/VisionLanguageAction/models/UniVLA/pretrain/fast,sdpa,,,/home/soumyara004/soumyaratnadebnath/VisionLanguageAction/models/UniVLA/weights/UNIVLA_LIBERO_VIDEO_BS192_8K,depth_pruning,depth_pruning2,,,,2,cuda:0,libero,0.2,False,0.15,,3,0.5,0.01,1,0.2,280,univla_libero,/home/soumyara004/soumyaratnadebnath/VisionLanguageAction/models/UniVLA/configs/normalizer_libero/norm_stats.json,libero,,10,/home/soumyara004/soumyaratnadebnath/VisionLanguageAction/artifacts/results/univla_libero/depth_pruning2/libero_object,10,True,1,0.01,0.03,0.995,0.01,42,,"libero_object__task_0,libero_object__task_1,libero_object__task_2,libero_object__task_3,libero_object__task_4,libero_object__task_5,libero_object__task_6,libero_object__task_7,libero_object__task_8,libero_object__task_9",,/home/soumyara004/soumyaratnadebnath/VisionLanguageAction/models/UniVLA/weights/Emu3-VisionTokenizer,,,libero,sdpa,Emu3MoE,,16984056920,,,,/home/soumyara004/soumyaratnadebnath/VisionLanguageAction/models/UniVLA/weights/UNIVLA_LIBERO_VIDEO_BS192_8K,10,,,/home/soumyara004/soumyaratnadebnath/VisionLanguageAction/models/UniVLA/weights/UNIVLA_LIBERO_VIDEO_BS192_8K,/home/soumyara004/soumyaratnadebnath/VisionLanguageAction/models/UniVLA/weights/UNIVLA_LIBERO_VIDEO_BS192_8K,,libero,,/home/soumyara004/soumyaratnadebnath/VisionLanguageAction/models/UniVLA/weights/Emu3-VisionTokenizer,,,"[0.9049121409654617, 0.01648080348968506, 0.006243497133255005, 0.0037155985832214356, 0.00533403754234314, 0.009147143363952637, 0.023442107439041137, 0.03174615502357483, 0.021894651651382446, 0.04254965186119079, 0.03226165175437927, 0.04455916285514831, 0.03381965160369873, 0.034937691688537595, 0.019239372014999388, 0.016480767726898195, 0.019274455308914185, 0.01334151029586792, 0.008626949787139893, 0.007046139240264893, 0.0074545502662658695, 0.009112489223480225, 0.010067325830459595, 0.013819187879562378, 0.011982107162475586, 0.011250174045562744, 0.010108774900436402, 0.0114768385887146, 0.019890797138214112, 0.010985833406448365, 0.011912763118743896, 0.03144029378890991]",,,,,,,False,0,0.0,Emu3 VQ-code fusion before UniVLA language-model input,
/home/user/BiVLA/artifacts/results/mentor_2026-09-11/results/univla_libero/depth_pruning2/libero_spatial/summary.json,univla_libero,depth_pruning2,libero_spatial,completed,depth_pruning,univla_libero,depth_pruning2,libero,100,94,0.94,0.0,11.57,0,int,,Task success and timing from paired SimplerEnv WidowX rollouts. UniVLA native five-action chunks are retained; synthetic action agreement is not used.,<absent>,<absent>,<absent>,False,False,False,"[19, 22]",2,/home/soumyara004/soumyaratnadebnath/VisionLanguageAction/models/UniVLA/pretrain/fast,sdpa,,,/home/soumyara004/soumyaratnadebnath/VisionLanguageAction/models/UniVLA/weights/UNIVLA_LIBERO_VIDEO_BS192_8K,depth_pruning,depth_pruning2,,,,2,cuda:0,libero,0.2,False,0.15,,3,0.5,0.01,1,0.2,220,univla_libero,/home/soumyara004/soumyaratnadebnath/VisionLanguageAction/models/UniVLA/configs/normalizer_libero/norm_stats.json,libero,,10,/home/soumyara004/soumyaratnadebnath/VisionLanguageAction/artifacts/results/univla_libero/depth_pruning2/libero_spatial,10,True,1,0.01,0.03,0.995,0.01,42,,"libero_spatial__task_0,libero_spatial__task_1,libero_spatial__task_2,libero_spatial__task_3,libero_spatial__task_4,libero_spatial__task_5,libero_spatial__task_6,libero_spatial__task_7,libero_spatial__task_8,libero_spatial__task_9",,/home/soumyara004/soumyaratnadebnath/VisionLanguageAction/models/UniVLA/weights/Emu3-VisionTokenizer,,,libero,sdpa,Emu3MoE,,16984056920,,,,/home/soumyara004/soumyaratnadebnath/VisionLanguageAction/models/UniVLA/weights/UNIVLA_LIBERO_VIDEO_BS192_8K,10,,,/home/soumyara004/soumyaratnadebnath/VisionLanguageAction/models/UniVLA/weights/UNIVLA_LIBERO_VIDEO_BS192_8K,/home/soumyara004/soumyaratnadebnath/VisionLanguageAction/models/UniVLA/weights/UNIVLA_LIBERO_VIDEO_BS192_8K,,libero,,/home/soumyara004/soumyaratnadebnath/VisionLanguageAction/models/UniVLA/weights/Emu3-VisionTokenizer,,,"[0.9063240356743336, 0.016329753398895263, 0.006090956926345825, 0.0037511467933654787, 0.005462276935577393, 0.009440279006958008, 0.023903661966323854, 0.03331194519996643, 0.02419649362564087, 0.0450190007686615, 0.03270940780639649, 0.03891804814338684, 0.030709660053253172, 0.03051988482475281, 0.01726328730583191, 0.014753562211990357, 0.01685011386871338, 0.012354272603988647, 0.00906212329864502, 0.00766865611076355, 0.009304708242416382, 0.012224674224853516, 0.010956907272338867, 0.013640755414962768, 0.011852264404296875, 0.012053179740905761, 0.011173117160797118, 0.013268572092056275, 0.016609877347946167, 0.011787647008895874, 0.013247525691986084, 0.04540466070175171]",,,,,,,False,0,0.0,Emu3 VQ-code fusion before UniVLA language-model input,
/home/user/BiVLA/artifacts/results/mentor_2026-09-11/results/univla_libero/depth_pruning4/libero_10/summary.json,univla_libero,depth_pruning4,libero_10,completed,depth_pruning,univla_libero,depth_pruning4,libero,100,86,0.86,0.0,30.82,0,int,,Task success and timing from paired SimplerEnv WidowX rollouts. UniVLA native five-action chunks are retained; synthetic action agreement is not used.,<absent>,<absent>,<absent>,False,False,False,"[19, 21, 26, 30]",2,/home/soumyara004/soumyaratnadebnath/VisionLanguageAction/models/UniVLA/pretrain/fast,sdpa,,,/home/soumyara004/soumyaratnadebnath/VisionLanguageAction/models/UniVLA/weights/UNIVLA_LIBERO_VIDEO_BS192_8K,depth_pruning,depth_pruning4,,,,4,cuda:0,libero,0.2,False,0.15,,3,0.5,0.01,1,0.2,520,univla_libero,/home/soumyara004/soumyaratnadebnath/VisionLanguageAction/models/UniVLA/configs/normalizer_libero/norm_stats.json,libero,,10,/home/soumyara004/soumyaratnadebnath/VisionLanguageAction/artifacts/results/univla_libero/depth_pruning4/libero_10,10,True,1,0.01,0.03,0.995,0.01,42,,"libero_10__task_0,libero_10__task_1,libero_10__task_2,libero_10__task_3,libero_10__task_4,libero_10__task_5,libero_10__task_6,libero_10__task_7,libero_10__task_8,libero_10__task_9",,/home/soumyara004/soumyaratnadebnath/VisionLanguageAction/models/UniVLA/weights/Emu3-VisionTokenizer,,,libero,sdpa,Emu3MoE,,16984056920,,,,/home/soumyara004/soumyaratnadebnath/VisionLanguageAction/models/UniVLA/weights/UNIVLA_LIBERO_VIDEO_BS192_8K,10,,,/home/soumyara004/soumyaratnadebnath/VisionLanguageAction/models/UniVLA/weights/UNIVLA_LIBERO_VIDEO_BS192_8K,/home/soumyara004/soumyaratnadebnath/VisionLanguageAction/models/UniVLA/weights/UNIVLA_LIBERO_VIDEO_BS192_8K,,libero,,/home/soumyara004/soumyaratnadebnath/VisionLanguageAction/models/UniVLA/weights/Emu3-VisionTokenizer,,,"[0.9068648256361485, 0.01639673113822937, 0.005935579538345337, 0.003947168588638306, 0.006009000539779663, 0.009918248653411866, 0.02355027198791504, 0.032627922296524045, 0.02637561559677124, 0.054346787929534915, 0.04170796275138855, 0.05899757742881775, 0.03868741989135742, 0.03752388954162598, 0.02293987274169922, 0.0170345664024353, 0.019059044122695924, 0.015492016077041626, 0.010302495956420899, 0.007849663496017456, 0.009172946214675903, 0.009234809875488281, 0.01012040376663208, 0.013889658451080322, 0.012093770503997802, 0.012455683946609498, 0.011987102031707764, 0.013352936506271363, 0.021045982837677002, 0.011122798919677735, 0.01098572015762329, 0.031019651889801027]",,,,,,,False,0,0.0,Emu3 VQ-code fusion before UniVLA language-model input,
/home/user/BiVLA/artifacts/results/mentor_2026-09-11/results/univla_libero/depth_pruning4/libero_goal/summary.json,univla_libero,depth_pruning4,libero_goal,completed,depth_pruning,univla_libero,depth_pruning4,libero,100,84,0.84,0.0,14.74,0,int,,Task success and timing from paired SimplerEnv WidowX rollouts. UniVLA native five-action chunks are retained; synthetic action agreement is not used.,<absent>,<absent>,<absent>,False,False,False,"[19, 21, 26, 29]",2,/home/soumyara004/soumyaratnadebnath/VisionLanguageAction/models/UniVLA/pretrain/fast,sdpa,,,/home/soumyara004/soumyaratnadebnath/VisionLanguageAction/models/UniVLA/weights/UNIVLA_LIBERO_VIDEO_BS192_8K,depth_pruning,depth_pruning4,,,,4,cuda:0,libero,0.2,False,0.15,,3,0.5,0.01,1,0.2,300,univla_libero,/home/soumyara004/soumyaratnadebnath/VisionLanguageAction/models/UniVLA/configs/normalizer_libero/norm_stats.json,libero,,10,/home/soumyara004/soumyaratnadebnath/VisionLanguageAction/artifacts/results/univla_libero/depth_pruning4/libero_goal,10,True,1,0.01,0.03,0.995,0.01,42,,"libero_goal__task_0,libero_goal__task_1,libero_goal__task_2,libero_goal__task_3,libero_goal__task_4,libero_goal__task_5,libero_goal__task_6,libero_goal__task_7,libero_goal__task_8,libero_goal__task_9",,/home/soumyara004/soumyaratnadebnath/VisionLanguageAction/models/UniVLA/weights/Emu3-VisionTokenizer,,,libero,sdpa,Emu3MoE,,16984056920,,,,/home/soumyara004/soumyaratnadebnath/VisionLanguageAction/models/UniVLA/weights/UNIVLA_LIBERO_VIDEO_BS192_8K,10,,,/home/soumyara004/soumyaratnadebnath/VisionLanguageAction/models/UniVLA/weights/UNIVLA_LIBERO_VIDEO_BS192_8K,/home/soumyara004/soumyaratnadebnath/VisionLanguageAction/models/UniVLA/weights/UNIVLA_LIBERO_VIDEO_BS192_8K,,libero,,/home/soumyara004/soumyaratnadebnath/VisionLanguageAction/models/UniVLA/weights/Emu3-VisionTokenizer,,,"[0.9069685027003288, 0.016004693508148194, 0.0060924232006072995, 0.003851330280303955, 0.005335789918899536, 0.009590440988540649, 0.024390029907226562, 0.03172057867050171, 0.02456991672515869, 0.042421150207519534, 0.032634013891220094, 0.03828744292259216, 0.03183835744857788, 0.04108782410621643, 0.017504334449768066, 0.015033537149429321, 0.016591370105743408, 0.011592292785644531, 0.008389979600906372, 0.006894487142562866, 0.010190719366073608, 0.00999305248260498, 0.01116439700126648, 0.014923971891403199, 0.012748026847839355, 0.01318703293800354, 0.011146146059036254, 0.012408506870269776, 0.015766060352325438, 0.010683304071426392, 0.011977589130401612, 0.04259882569313049]",,,,,,,False,0,0.0,Emu3 VQ-code fusion before UniVLA language-model input,
/home/user/BiVLA/artifacts/results/mentor_2026-09-11/results/univla_libero/depth_pruning4/libero_object/summary.json,univla_libero,depth_pruning4,libero_object,completed,depth_pruning,univla_libero,depth_pruning4,libero,100,92,0.92,0.0,15.73,0,int,,Task success and timing from paired SimplerEnv WidowX rollouts. UniVLA native five-action chunks are retained; synthetic action agreement is not used.,<absent>,<absent>,<absent>,False,False,False,"[19, 21, 26, 29]",2,/home/soumyara004/soumyaratnadebnath/VisionLanguageAction/models/UniVLA/pretrain/fast,sdpa,,,/home/soumyara004/soumyaratnadebnath/VisionLanguageAction/models/UniVLA/weights/UNIVLA_LIBERO_VIDEO_BS192_8K,depth_pruning,depth_pruning4,,,,4,cuda:0,libero,0.2,False,0.15,,3,0.5,0.01,1,0.2,280,univla_libero,/home/soumyara004/soumyaratnadebnath/VisionLanguageAction/models/UniVLA/configs/normalizer_libero/norm_stats.json,libero,,10,/home/soumyara004/soumyaratnadebnath/VisionLanguageAction/artifacts/results/univla_libero/depth_pruning4/libero_object,10,True,1,0.01,0.03,0.995,0.01,42,,"libero_object__task_0,libero_object__task_1,libero_object__task_2,libero_object__task_3,libero_object__task_4,libero_object__task_5,libero_object__task_6,libero_object__task_7,libero_object__task_8,libero_object__task_9",,/home/soumyara004/soumyaratnadebnath/VisionLanguageAction/models/UniVLA/weights/Emu3-VisionTokenizer,,,libero,sdpa,Emu3MoE,,16984056920,,,,/home/soumyara004/soumyaratnadebnath/VisionLanguageAction/models/UniVLA/weights/UNIVLA_LIBERO_VIDEO_BS192_8K,10,,,/home/soumyara004/soumyaratnadebnath/VisionLanguageAction/models/UniVLA/weights/UNIVLA_LIBERO_VIDEO_BS192_8K,/home/soumyara004/soumyaratnadebnath/VisionLanguageAction/models/UniVLA/weights/UNIVLA_LIBERO_VIDEO_BS192_8K,,libero,,/home/soumyara004/soumyaratnadebnath/VisionLanguageAction/models/UniVLA/weights/Emu3-VisionTokenizer,,,"[0.9049121409654617, 0.01648080348968506, 0.006243497133255005, 0.0037155985832214356, 0.00533403754234314, 0.009147143363952637, 0.023442107439041137, 0.03174615502357483, 0.021894651651382446, 0.04254965186119079, 0.03226165175437927, 0.04455916285514831, 0.03381965160369873, 0.034937691688537595, 0.019239372014999388, 0.016480767726898195, 0.019274455308914185, 0.01334151029586792, 0.008626949787139893, 0.007046139240264893, 0.0074545502662658695, 0.009112489223480225, 0.010067325830459595, 0.013819187879562378, 0.011982107162475586, 0.011250174045562744, 0.010108774900436402, 0.0114768385887146, 0.019890797138214112, 0.010985833406448365, 0.011912763118743896, 0.03144029378890991]",,,,,,,False,0,0.0,Emu3 VQ-code fusion before UniVLA language-model input,
/home/user/BiVLA/artifacts/results/mentor_2026-09-11/results/univla_libero/depth_pruning4/libero_spatial/summary.json,univla_libero,depth_pruning4,libero_spatial,completed,depth_pruning,univla_libero,depth_pruning4,libero,100,94,0.94,0.0,11.34,0,int,,Task success and timing from paired SimplerEnv WidowX rollouts. UniVLA native five-action chunks are retained; synthetic action agreement is not used.,<absent>,<absent>,<absent>,False,False,False,"[19, 22, 26, 29]",2,/home/soumyara004/soumyaratnadebnath/VisionLanguageAction/models/UniVLA/pretrain/fast,sdpa,,,/home/soumyara004/soumyaratnadebnath/VisionLanguageAction/models/UniVLA/weights/UNIVLA_LIBERO_VIDEO_BS192_8K,depth_pruning,depth_pruning4,,,,4,cuda:0,libero,0.2,False,0.15,,3,0.5,0.01,1,0.2,220,univla_libero,/home/soumyara004/soumyaratnadebnath/VisionLanguageAction/models/UniVLA/configs/normalizer_libero/norm_stats.json,libero,,10,/home/soumyara004/soumyaratnadebnath/VisionLanguageAction/artifacts/results/univla_libero/depth_pruning4/libero_spatial,10,True,1,0.01,0.03,0.995,0.01,42,,"libero_spatial__task_0,libero_spatial__task_1,libero_spatial__task_2,libero_spatial__task_3,libero_spatial__task_4,libero_spatial__task_5,libero_spatial__task_6,libero_spatial__task_7,libero_spatial__task_8,libero_spatial__task_9",,/home/soumyara004/soumyaratnadebnath/VisionLanguageAction/models/UniVLA/weights/Emu3-VisionTokenizer,,,libero,sdpa,Emu3MoE,,16984056920,,,,/home/soumyara004/soumyaratnadebnath/VisionLanguageAction/models/UniVLA/weights/UNIVLA_LIBERO_VIDEO_BS192_8K,10,,,/home/soumyara004/soumyaratnadebnath/VisionLanguageAction/models/UniVLA/weights/UNIVLA_LIBERO_VIDEO_BS192_8K,/home/soumyara004/soumyaratnadebnath/VisionLanguageAction/models/UniVLA/weights/UNIVLA_LIBERO_VIDEO_BS192_8K,,libero,,/home/soumyara004/soumyaratnadebnath/VisionLanguageAction/models/UniVLA/weights/Emu3-VisionTokenizer,,,"[0.9063240356743336, 0.016329753398895263, 0.006090956926345825, 0.0037511467933654787, 0.005462276935577393, 0.009440279006958008, 0.023903661966323854, 0.03331194519996643, 0.02419649362564087, 0.0450190007686615, 0.03270940780639649, 0.03891804814338684, 0.030709660053253172, 0.03051988482475281, 0.01726328730583191, 0.014753562211990357, 0.01685011386871338, 0.012354272603988647, 0.00906212329864502, 0.00766865611076355, 0.009304708242416382, 0.012224674224853516, 0.010956907272338867, 0.013640755414962768, 0.011852264404296875, 0.012053179740905761, 0.011173117160797118, 0.013268572092056275, 0.016609877347946167, 0.011787647008895874, 0.013247525691986084, 0.04540466070175171]",,,,,,,False,0,0.0,Emu3 VQ-code fusion before UniVLA language-model input,
/home/user/BiVLA/artifacts/results/mentor_2026-09-11/results/univla_libero/fixed_foveation_keep20/libero_10/summary.json,univla_libero,fixed_foveation_keep20,libero_10,completed,fixed_foveation,univla_libero,fixed_foveation_keep20,libero,100,86,0.86,0.0,27.98,0,int,,Task success and timing from paired SimplerEnv WidowX rollouts. UniVLA native five-action chunks are retained; synthetic action agreement is not used.,<absent>,<absent>,<absent>,False,False,False,[],2,/home/soumyara004/soumyaratnadebnath/VisionLanguageAction/models/UniVLA/pretrain/fast,sdpa,,,/home/soumyara004/soumyaratnadebnath/VisionLanguageAction/models/UniVLA/weights/UNIVLA_LIBERO_VIDEO_BS192_8K,fixed_foveation,fixed_foveation_keep20,,,,1,cuda:0,libero,0.2,False,0.15,,3,0.5,0.01,1,0.2,520,univla_libero,/home/soumyara004/soumyaratnadebnath/VisionLanguageAction/models/UniVLA/configs/normalizer_libero/norm_stats.json,libero,,10,/home/soumyara004/soumyaratnadebnath/VisionLanguageAction/artifacts/results/univla_libero/fixed_foveation_keep20/libero_10,10,True,1,0.01,0.03,0.995,0.01,42,,"libero_10__task_0,libero_10__task_1,libero_10__task_2,libero_10__task_3,libero_10__task_4,libero_10__task_5,libero_10__task_6,libero_10__task_7,libero_10__task_8,libero_10__task_9",,/home/soumyara004/soumyaratnadebnath/VisionLanguageAction/models/UniVLA/weights/Emu3-VisionTokenizer,,,libero,sdpa,Emu3MoE,,16984056920,,,,/home/soumyara004/soumyaratnadebnath/VisionLanguageAction/models/UniVLA/weights/UNIVLA_LIBERO_VIDEO_BS192_8K,10,,,/home/soumyara004/soumyaratnadebnath/VisionLanguageAction/models/UniVLA/weights/UNIVLA_LIBERO_VIDEO_BS192_8K,/home/soumyara004/soumyaratnadebnath/VisionLanguageAction/models/UniVLA/weights/UNIVLA_LIBERO_VIDEO_BS192_8K,,libero,,/home/soumyara004/soumyaratnadebnath/VisionLanguageAction/models/UniVLA/weights/Emu3-VisionTokenizer,,,,,,,,,,False,0,0.0,Emu3 VQ-code fusion before UniVLA language-model input,
/home/user/BiVLA/artifacts/results/mentor_2026-09-11/results/univla_libero/fixed_foveation_keep20/libero_goal/summary.json,univla_libero,fixed_foveation_keep20,libero_goal,completed,fixed_foveation,univla_libero,fixed_foveation_keep20,libero,100,87,0.87,0.0,13.34,0,int,,Task success and timing from paired SimplerEnv WidowX rollouts. UniVLA native five-action chunks are retained; synthetic action agreement is not used.,<absent>,<absent>,<absent>,False,False,False,[],2,/home/soumyara004/soumyaratnadebnath/VisionLanguageAction/models/UniVLA/pretrain/fast,sdpa,,,/home/soumyara004/soumyaratnadebnath/VisionLanguageAction/models/UniVLA/weights/UNIVLA_LIBERO_VIDEO_BS192_8K,fixed_foveation,fixed_foveation_keep20,,,,1,cuda:0,libero,0.2,False,0.15,,3,0.5,0.01,1,0.2,300,univla_libero,/home/soumyara004/soumyaratnadebnath/VisionLanguageAction/models/UniVLA/configs/normalizer_libero/norm_stats.json,libero,,10,/home/soumyara004/soumyaratnadebnath/VisionLanguageAction/artifacts/results/univla_libero/fixed_foveation_keep20/libero_goal,10,True,1,0.01,0.03,0.995,0.01,42,,"libero_goal__task_0,libero_goal__task_1,libero_goal__task_2,libero_goal__task_3,libero_goal__task_4,libero_goal__task_5,libero_goal__task_6,libero_goal__task_7,libero_goal__task_8,libero_goal__task_9",,/home/soumyara004/soumyaratnadebnath/VisionLanguageAction/models/UniVLA/weights/Emu3-VisionTokenizer,,,libero,sdpa,Emu3MoE,,16984056920,,,,/home/soumyara004/soumyaratnadebnath/VisionLanguageAction/models/UniVLA/weights/UNIVLA_LIBERO_VIDEO_BS192_8K,10,,,/home/soumyara004/soumyaratnadebnath/VisionLanguageAction/models/UniVLA/weights/UNIVLA_LIBERO_VIDEO_BS192_8K,/home/soumyara004/soumyaratnadebnath/VisionLanguageAction/models/UniVLA/weights/UNIVLA_LIBERO_VIDEO_BS192_8K,,libero,,/home/soumyara004/soumyaratnadebnath/VisionLanguageAction/models/UniVLA/weights/Emu3-VisionTokenizer,,,,,,,,,,False,0,0.0,Emu3 VQ-code fusion before UniVLA language-model input,
/home/user/BiVLA/artifacts/results/mentor_2026-09-11/results/univla_libero/fixed_foveation_keep20/libero_object/summary.json,univla_libero,fixed_foveation_keep20,libero_object,completed,fixed_foveation,univla_libero,fixed_foveation_keep20,libero,100,100,1.0,0.0,13.98,0,int,,Task success and timing from paired SimplerEnv WidowX rollouts. UniVLA native five-action chunks are retained; synthetic action agreement is not used.,<absent>,<absent>,<absent>,False,False,False,[],2,/home/soumyara004/soumyaratnadebnath/VisionLanguageAction/models/UniVLA/pretrain/fast,sdpa,,,/home/soumyara004/soumyaratnadebnath/VisionLanguageAction/models/UniVLA/weights/UNIVLA_LIBERO_VIDEO_BS192_8K,fixed_foveation,fixed_foveation_keep20,,,,1,cuda:0,libero,0.2,False,0.15,,3,0.5,0.01,1,0.2,280,univla_libero,/home/soumyara004/soumyaratnadebnath/VisionLanguageAction/models/UniVLA/configs/normalizer_libero/norm_stats.json,libero,,10,/home/soumyara004/soumyaratnadebnath/VisionLanguageAction/artifacts/results/univla_libero/fixed_foveation_keep20/libero_object,10,True,1,0.01,0.03,0.995,0.01,42,,"libero_object__task_0,libero_object__task_1,libero_object__task_2,libero_object__task_3,libero_object__task_4,libero_object__task_5,libero_object__task_6,libero_object__task_7,libero_object__task_8,libero_object__task_9",,/home/soumyara004/soumyaratnadebnath/VisionLanguageAction/models/UniVLA/weights/Emu3-VisionTokenizer,,,libero,sdpa,Emu3MoE,,16984056920,,,,/home/soumyara004/soumyaratnadebnath/VisionLanguageAction/models/UniVLA/weights/UNIVLA_LIBERO_VIDEO_BS192_8K,10,,,/home/soumyara004/soumyaratnadebnath/VisionLanguageAction/models/UniVLA/weights/UNIVLA_LIBERO_VIDEO_BS192_8K,/home/soumyara004/soumyaratnadebnath/VisionLanguageAction/models/UniVLA/weights/UNIVLA_LIBERO_VIDEO_BS192_8K,,libero,,/home/soumyara004/soumyaratnadebnath/VisionLanguageAction/models/UniVLA/weights/Emu3-VisionTokenizer,,,,,,,,,,False,0,0.0,Emu3 VQ-code fusion before UniVLA language-model input,
/home/user/BiVLA/artifacts/results/mentor_2026-09-11/results/univla_libero/fixed_foveation_keep20/libero_spatial/summary.json,univla_libero,fixed_foveation_keep20,libero_spatial,completed,fixed_foveation,univla_libero,fixed_foveation_keep20,libero,100,91,0.91,0.0,11.81,0,int,,Task success and timing from paired SimplerEnv WidowX rollouts. UniVLA native five-action chunks are retained; synthetic action agreement is not used.,<absent>,<absent>,<absent>,False,False,False,[],2,/home/soumyara004/soumyaratnadebnath/VisionLanguageAction/models/UniVLA/pretrain/fast,sdpa,,,/home/soumyara004/soumyaratnadebnath/VisionLanguageAction/models/UniVLA/weights/UNIVLA_LIBERO_VIDEO_BS192_8K,fixed_foveation,fixed_foveation_keep20,,,,1,cuda:0,libero,0.2,False,0.15,,3,0.5,0.01,1,0.2,220,univla_libero,/home/soumyara004/soumyaratnadebnath/VisionLanguageAction/models/UniVLA/configs/normalizer_libero/norm_stats.json,libero,,10,/home/soumyara004/soumyaratnadebnath/VisionLanguageAction/artifacts/results/univla_libero/fixed_foveation_keep20/libero_spatial,10,True,1,0.01,0.03,0.995,0.01,42,,"libero_spatial__task_0,libero_spatial__task_1,libero_spatial__task_2,libero_spatial__task_3,libero_spatial__task_4,libero_spatial__task_5,libero_spatial__task_6,libero_spatial__task_7,libero_spatial__task_8,libero_spatial__task_9",,/home/soumyara004/soumyaratnadebnath/VisionLanguageAction/models/UniVLA/weights/Emu3-VisionTokenizer,,,libero,sdpa,Emu3MoE,,16984056920,,,,/home/soumyara004/soumyaratnadebnath/VisionLanguageAction/models/UniVLA/weights/UNIVLA_LIBERO_VIDEO_BS192_8K,10,,,/home/soumyara004/soumyaratnadebnath/VisionLanguageAction/models/UniVLA/weights/UNIVLA_LIBERO_VIDEO_BS192_8K,/home/soumyara004/soumyaratnadebnath/VisionLanguageAction/models/UniVLA/weights/UNIVLA_LIBERO_VIDEO_BS192_8K,,libero,,/home/soumyara004/soumyaratnadebnath/VisionLanguageAction/models/UniVLA/weights/Emu3-VisionTokenizer,,,,,,,,,,False,0,0.0,Emu3 VQ-code fusion before UniVLA language-model input,
/home/user/BiVLA/artifacts/results/mentor_2026-09-11/results/univla_libero/fixed_foveation_keep50/libero_10/summary.json,univla_libero,fixed_foveation_keep50,libero_10,completed,fixed_foveation,univla_libero,fixed_foveation_keep50,libero,100,90,0.9,0.0,27.32,0,int,,Task success and timing from paired SimplerEnv WidowX rollouts. UniVLA native five-action chunks are retained; synthetic action agreement is not used.,<absent>,<absent>,<absent>,False,False,False,[],2,/home/soumyara004/soumyaratnadebnath/VisionLanguageAction/models/UniVLA/pretrain/fast,sdpa,,,/home/soumyara004/soumyaratnadebnath/VisionLanguageAction/models/UniVLA/weights/UNIVLA_LIBERO_VIDEO_BS192_8K,fixed_foveation,fixed_foveation_keep50,,,,1,cuda:0,libero,0.5,False,0.15,,3,0.5,0.01,1,0.2,520,univla_libero,/home/soumyara004/soumyaratnadebnath/VisionLanguageAction/models/UniVLA/configs/normalizer_libero/norm_stats.json,libero,,10,/home/soumyara004/soumyaratnadebnath/VisionLanguageAction/artifacts/results/univla_libero/fixed_foveation_keep50/libero_10,10,True,1,0.01,0.03,0.995,0.01,42,,"libero_10__task_0,libero_10__task_1,libero_10__task_2,libero_10__task_3,libero_10__task_4,libero_10__task_5,libero_10__task_6,libero_10__task_7,libero_10__task_8,libero_10__task_9",,/home/soumyara004/soumyaratnadebnath/VisionLanguageAction/models/UniVLA/weights/Emu3-VisionTokenizer,,,libero,sdpa,Emu3MoE,,16984056920,,,,/home/soumyara004/soumyaratnadebnath/VisionLanguageAction/models/UniVLA/weights/UNIVLA_LIBERO_VIDEO_BS192_8K,10,,,/home/soumyara004/soumyaratnadebnath/VisionLanguageAction/models/UniVLA/weights/UNIVLA_LIBERO_VIDEO_BS192_8K,/home/soumyara004/soumyaratnadebnath/VisionLanguageAction/models/UniVLA/weights/UNIVLA_LIBERO_VIDEO_BS192_8K,,libero,,/home/soumyara004/soumyaratnadebnath/VisionLanguageAction/models/UniVLA/weights/Emu3-VisionTokenizer,,,,,,,,,,False,0,0.0,Emu3 VQ-code fusion before UniVLA language-model input,
/home/user/BiVLA/artifacts/results/mentor_2026-09-11/results/univla_libero/fixed_foveation_keep50/libero_goal/summary.json,univla_libero,fixed_foveation_keep50,libero_goal,completed,fixed_foveation,univla_libero,fixed_foveation_keep50,libero,100,99,0.99,0.0,11.86,0,int,,Task success and timing from paired SimplerEnv WidowX rollouts. UniVLA native five-action chunks are retained; synthetic action agreement is not used.,<absent>,<absent>,<absent>,False,False,False,[],2,/home/soumyara004/soumyaratnadebnath/VisionLanguageAction/models/UniVLA/pretrain/fast,sdpa,,,/home/soumyara004/soumyaratnadebnath/VisionLanguageAction/models/UniVLA/weights/UNIVLA_LIBERO_VIDEO_BS192_8K,fixed_foveation,fixed_foveation_keep50,,,,1,cuda:0,libero,0.5,False,0.15,,3,0.5,0.01,1,0.2,300,univla_libero,/home/soumyara004/soumyaratnadebnath/VisionLanguageAction/models/UniVLA/configs/normalizer_libero/norm_stats.json,libero,,10,/home/soumyara004/soumyaratnadebnath/VisionLanguageAction/artifacts/results/univla_libero/fixed_foveation_keep50/libero_goal,10,True,1,0.01,0.03,0.995,0.01,42,,"libero_goal__task_0,libero_goal__task_1,libero_goal__task_2,libero_goal__task_3,libero_goal__task_4,libero_goal__task_5,libero_goal__task_6,libero_goal__task_7,libero_goal__task_8,libero_goal__task_9",,/home/soumyara004/soumyaratnadebnath/VisionLanguageAction/models/UniVLA/weights/Emu3-VisionTokenizer,,,libero,sdpa,Emu3MoE,,16984056920,,,,/home/soumyara004/soumyaratnadebnath/VisionLanguageAction/models/UniVLA/weights/UNIVLA_LIBERO_VIDEO_BS192_8K,10,,,/home/soumyara004/soumyaratnadebnath/VisionLanguageAction/models/UniVLA/weights/UNIVLA_LIBERO_VIDEO_BS192_8K,/home/soumyara004/soumyaratnadebnath/VisionLanguageAction/models/UniVLA/weights/UNIVLA_LIBERO_VIDEO_BS192_8K,,libero,,/home/soumyara004/soumyaratnadebnath/VisionLanguageAction/models/UniVLA/weights/Emu3-VisionTokenizer,,,,,,,,,,False,0,0.0,Emu3 VQ-code fusion before UniVLA language-model input,
/home/user/BiVLA/artifacts/results/mentor_2026-09-11/results/univla_libero/fixed_foveation_keep50/libero_object/summary.json,univla_libero,fixed_foveation_keep50,libero_object,completed,fixed_foveation,univla_libero,fixed_foveation_keep50,libero,100,97,0.97,0.0,14.41,0,int,,Task success and timing from paired SimplerEnv WidowX rollouts. UniVLA native five-action chunks are retained; synthetic action agreement is not used.,<absent>,<absent>,<absent>,False,False,False,[],2,/home/soumyara004/soumyaratnadebnath/VisionLanguageAction/models/UniVLA/pretrain/fast,sdpa,,,/home/soumyara004/soumyaratnadebnath/VisionLanguageAction/models/UniVLA/weights/UNIVLA_LIBERO_VIDEO_BS192_8K,fixed_foveation,fixed_foveation_keep50,,,,1,cuda:0,libero,0.5,False,0.15,,3,0.5,0.01,1,0.2,280,univla_libero,/home/soumyara004/soumyaratnadebnath/VisionLanguageAction/models/UniVLA/configs/normalizer_libero/norm_stats.json,libero,,10,/home/soumyara004/soumyaratnadebnath/VisionLanguageAction/artifacts/results/univla_libero/fixed_foveation_keep50/libero_object,10,True,1,0.01,0.03,0.995,0.01,42,,"libero_object__task_0,libero_object__task_1,libero_object__task_2,libero_object__task_3,libero_object__task_4,libero_object__task_5,libero_object__task_6,libero_object__task_7,libero_object__task_8,libero_object__task_9",,/home/soumyara004/soumyaratnadebnath/VisionLanguageAction/models/UniVLA/weights/Emu3-VisionTokenizer,,,libero,sdpa,Emu3MoE,,16984056920,,,,/home/soumyara004/soumyaratnadebnath/VisionLanguageAction/models/UniVLA/weights/UNIVLA_LIBERO_VIDEO_BS192_8K,10,,,/home/soumyara004/soumyaratnadebnath/VisionLanguageAction/models/UniVLA/weights/UNIVLA_LIBERO_VIDEO_BS192_8K,/home/soumyara004/soumyaratnadebnath/VisionLanguageAction/models/UniVLA/weights/UNIVLA_LIBERO_VIDEO_BS192_8K,,libero,,/home/soumyara004/soumyaratnadebnath/VisionLanguageAction/models/UniVLA/weights/Emu3-VisionTokenizer,,,,,,,,,,False,0,0.0,Emu3 VQ-code fusion before UniVLA language-model input,
/home/user/BiVLA/artifacts/results/mentor_2026-09-11/results/univla_libero/fixed_foveation_keep50/libero_spatial/summary.json,univla_libero,fixed_foveation_keep50,libero_spatial,completed,fixed_foveation,univla_libero,fixed_foveation_keep50,libero,100,96,0.96,0.0,11.29,0,int,,Task success and timing from paired SimplerEnv WidowX rollouts. UniVLA native five-action chunks are retained; synthetic action agreement is not used.,<absent>,<absent>,<absent>,False,False,False,[],2,/home/soumyara004/soumyaratnadebnath/VisionLanguageAction/models/UniVLA/pretrain/fast,sdpa,,,/home/soumyara004/soumyaratnadebnath/VisionLanguageAction/models/UniVLA/weights/UNIVLA_LIBERO_VIDEO_BS192_8K,fixed_foveation,fixed_foveation_keep50,,,,1,cuda:0,libero,0.5,False,0.15,,3,0.5,0.01,1,0.2,220,univla_libero,/home/soumyara004/soumyaratnadebnath/VisionLanguageAction/models/UniVLA/configs/normalizer_libero/norm_stats.json,libero,,10,/home/soumyara004/soumyaratnadebnath/VisionLanguageAction/artifacts/results/univla_libero/fixed_foveation_keep50/libero_spatial,10,True,1,0.01,0.03,0.995,0.01,42,,"libero_spatial__task_0,libero_spatial__task_1,libero_spatial__task_2,libero_spatial__task_3,libero_spatial__task_4,libero_spatial__task_5,libero_spatial__task_6,libero_spatial__task_7,libero_spatial__task_8,libero_spatial__task_9",,/home/soumyara004/soumyaratnadebnath/VisionLanguageAction/models/UniVLA/weights/Emu3-VisionTokenizer,,,libero,sdpa,Emu3MoE,,16984056920,,,,/home/soumyara004/soumyaratnadebnath/VisionLanguageAction/models/UniVLA/weights/UNIVLA_LIBERO_VIDEO_BS192_8K,10,,,/home/soumyara004/soumyaratnadebnath/VisionLanguageAction/models/UniVLA/weights/UNIVLA_LIBERO_VIDEO_BS192_8K,/home/soumyara004/soumyaratnadebnath/VisionLanguageAction/models/UniVLA/weights/UNIVLA_LIBERO_VIDEO_BS192_8K,,libero,,/home/soumyara004/soumyaratnadebnath/VisionLanguageAction/models/UniVLA/weights/Emu3-VisionTokenizer,,,,,,,,,,False,0,0.0,Emu3 VQ-code fusion before UniVLA language-model input,
/home/user/BiVLA/artifacts/results/mentor_2026-09-11/results/univla_libero/guarded_reuse_aggressive/libero_10/summary.json,univla_libero,guarded_reuse_aggressive,libero_10,completed,guarded_action_reuse,univla_libero,guarded_reuse_aggressive,libero,100,86,0.86,0.17,28.34,0,int,,Task success and timing from paired SimplerEnv WidowX rollouts. UniVLA native five-action chunks are retained; synthetic action agreement is not used.,<absent>,<absent>,<absent>,False,False,False,[],2,/home/soumyara004/soumyaratnadebnath/VisionLanguageAction/models/UniVLA/pretrain/fast,sdpa,,,/home/soumyara004/soumyaratnadebnath/VisionLanguageAction/models/UniVLA/weights/UNIVLA_LIBERO_VIDEO_BS192_8K,guarded_action_reuse,guarded_reuse_aggressive,,,,1,cuda:0,libero,0.2,False,0.15,,3,0.5,0.01,1,0.2,520,univla_libero,/home/soumyara004/soumyaratnadebnath/VisionLanguageAction/models/UniVLA/configs/normalizer_libero/norm_stats.json,libero,,10,/home/soumyara004/soumyaratnadebnath/VisionLanguageAction/artifacts/results/univla_libero/guarded_reuse_aggressive/libero_10,10,True,2,0.02,0.05,0.98,0.01,42,,"libero_10__task_0,libero_10__task_1,libero_10__task_2,libero_10__task_3,libero_10__task_4,libero_10__task_5,libero_10__task_6,libero_10__task_7,libero_10__task_8,libero_10__task_9",,/home/soumyara004/soumyaratnadebnath/VisionLanguageAction/models/UniVLA/weights/Emu3-VisionTokenizer,,,libero,sdpa,Emu3MoE,,16984056920,,,,/home/soumyara004/soumyaratnadebnath/VisionLanguageAction/models/UniVLA/weights/UNIVLA_LIBERO_VIDEO_BS192_8K,10,,,/home/soumyara004/soumyaratnadebnath/VisionLanguageAction/models/UniVLA/weights/UNIVLA_LIBERO_VIDEO_BS192_8K,/home/soumyara004/soumyaratnadebnath/VisionLanguageAction/models/UniVLA/weights/UNIVLA_LIBERO_VIDEO_BS192_8K,,libero,,/home/soumyara004/soumyaratnadebnath/VisionLanguageAction/models/UniVLA/weights/Emu3-VisionTokenizer,,,,,,,,,,False,0,0.0,Emu3 VQ-code fusion before UniVLA language-model input,
/home/user/BiVLA/artifacts/results/mentor_2026-09-11/results/univla_libero/guarded_reuse_aggressive/libero_goal/summary.json,univla_libero,guarded_reuse_aggressive,libero_goal,completed,guarded_action_reuse,univla_libero,guarded_reuse_aggressive,libero,100,92,0.92,0.0,12.65,0,int,,Task success and timing from paired SimplerEnv WidowX rollouts. UniVLA native five-action chunks are retained; synthetic action agreement is not used.,<absent>,<absent>,<absent>,False,False,False,[],2,/home/soumyara004/soumyaratnadebnath/VisionLanguageAction/models/UniVLA/pretrain/fast,sdpa,,,/home/soumyara004/soumyaratnadebnath/VisionLanguageAction/models/UniVLA/weights/UNIVLA_LIBERO_VIDEO_BS192_8K,guarded_action_reuse,guarded_reuse_aggressive,,,,1,cuda:0,libero,0.2,False,0.15,,3,0.5,0.01,1,0.2,300,univla_libero,/home/soumyara004/soumyaratnadebnath/VisionLanguageAction/models/UniVLA/configs/normalizer_libero/norm_stats.json,libero,,10,/home/soumyara004/soumyaratnadebnath/VisionLanguageAction/artifacts/results/univla_libero/guarded_reuse_aggressive/libero_goal,10,True,2,0.02,0.05,0.98,0.01,42,,"libero_goal__task_0,libero_goal__task_1,libero_goal__task_2,libero_goal__task_3,libero_goal__task_4,libero_goal__task_5,libero_goal__task_6,libero_goal__task_7,libero_goal__task_8,libero_goal__task_9",,/home/soumyara004/soumyaratnadebnath/VisionLanguageAction/models/UniVLA/weights/Emu3-VisionTokenizer,,,libero,sdpa,Emu3MoE,,16984056920,,,,/home/soumyara004/soumyaratnadebnath/VisionLanguageAction/models/UniVLA/weights/UNIVLA_LIBERO_VIDEO_BS192_8K,10,,,/home/soumyara004/soumyaratnadebnath/VisionLanguageAction/models/UniVLA/weights/UNIVLA_LIBERO_VIDEO_BS192_8K,/home/soumyara004/soumyaratnadebnath/VisionLanguageAction/models/UniVLA/weights/UNIVLA_LIBERO_VIDEO_BS192_8K,,libero,,/home/soumyara004/soumyaratnadebnath/VisionLanguageAction/models/UniVLA/weights/Emu3-VisionTokenizer,,,,,,,,,,False,0,0.0,Emu3 VQ-code fusion before UniVLA language-model input,
/home/user/BiVLA/artifacts/results/mentor_2026-09-11/results/univla_libero/guarded_reuse_aggressive/libero_object/summary.json,univla_libero,guarded_reuse_aggressive,libero_object,completed,guarded_action_reuse,univla_libero,guarded_reuse_aggressive,libero,100,96,0.96,0.0,14.98,0,int,,Task success and timing from paired SimplerEnv WidowX rollouts. UniVLA native five-action chunks are retained; synthetic action agreement is not used.,<absent>,<absent>,<absent>,False,False,False,[],2,/home/soumyara004/soumyaratnadebnath/VisionLanguageAction/models/UniVLA/pretrain/fast,sdpa,,,/home/soumyara004/soumyaratnadebnath/VisionLanguageAction/models/UniVLA/weights/UNIVLA_LIBERO_VIDEO_BS192_8K,guarded_action_reuse,guarded_reuse_aggressive,,,,1,cuda:0,libero,0.2,False,0.15,,3,0.5,0.01,1,0.2,280,univla_libero,/home/soumyara004/soumyaratnadebnath/VisionLanguageAction/models/UniVLA/configs/normalizer_libero/norm_stats.json,libero,,10,/home/soumyara004/soumyaratnadebnath/VisionLanguageAction/artifacts/results/univla_libero/guarded_reuse_aggressive/libero_object,10,True,2,0.02,0.05,0.98,0.01,42,,"libero_object__task_0,libero_object__task_1,libero_object__task_2,libero_object__task_3,libero_object__task_4,libero_object__task_5,libero_object__task_6,libero_object__task_7,libero_object__task_8,libero_object__task_9",,/home/soumyara004/soumyaratnadebnath/VisionLanguageAction/models/UniVLA/weights/Emu3-VisionTokenizer,,,libero,sdpa,Emu3MoE,,16984056920,,,,/home/soumyara004/soumyaratnadebnath/VisionLanguageAction/models/UniVLA/weights/UNIVLA_LIBERO_VIDEO_BS192_8K,10,,,/home/soumyara004/soumyaratnadebnath/VisionLanguageAction/models/UniVLA/weights/UNIVLA_LIBERO_VIDEO_BS192_8K,/home/soumyara004/soumyaratnadebnath/VisionLanguageAction/models/UniVLA/weights/UNIVLA_LIBERO_VIDEO_BS192_8K,,libero,,/home/soumyara004/soumyaratnadebnath/VisionLanguageAction/models/UniVLA/weights/Emu3-VisionTokenizer,,,,,,,,,,False,0,0.0,Emu3 VQ-code fusion before UniVLA language-model input,
/home/user/BiVLA/artifacts/results/mentor_2026-09-11/results/univla_libero/guarded_reuse_aggressive/libero_spatial/summary.json,univla_libero,guarded_reuse_aggressive,libero_spatial,completed,guarded_action_reuse,univla_libero,guarded_reuse_aggressive,libero,100,95,0.95,0.0,11.27,0,int,,Task success and timing from paired SimplerEnv WidowX rollouts. UniVLA native five-action chunks are retained; synthetic action agreement is not used.,<absent>,<absent>,<absent>,False,False,False,[],2,/home/soumyara004/soumyaratnadebnath/VisionLanguageAction/models/UniVLA/pretrain/fast,sdpa,,,/home/soumyara004/soumyaratnadebnath/VisionLanguageAction/models/UniVLA/weights/UNIVLA_LIBERO_VIDEO_BS192_8K,guarded_action_reuse,guarded_reuse_aggressive,,,,1,cuda:0,libero,0.2,False,0.15,,3,0.5,0.01,1,0.2,220,univla_libero,/home/soumyara004/soumyaratnadebnath/VisionLanguageAction/models/UniVLA/configs/normalizer_libero/norm_stats.json,libero,,10,/home/soumyara004/soumyaratnadebnath/VisionLanguageAction/artifacts/results/univla_libero/guarded_reuse_aggressive/libero_spatial,10,True,2,0.02,0.05,0.98,0.01,42,,"libero_spatial__task_0,libero_spatial__task_1,libero_spatial__task_2,libero_spatial__task_3,libero_spatial__task_4,libero_spatial__task_5,libero_spatial__task_6,libero_spatial__task_7,libero_spatial__task_8,libero_spatial__task_9",,/home/soumyara004/soumyaratnadebnath/VisionLanguageAction/models/UniVLA/weights/Emu3-VisionTokenizer,,,libero,sdpa,Emu3MoE,,16984056920,,,,/home/soumyara004/soumyaratnadebnath/VisionLanguageAction/models/UniVLA/weights/UNIVLA_LIBERO_VIDEO_BS192_8K,10,,,/home/soumyara004/soumyaratnadebnath/VisionLanguageAction/models/UniVLA/weights/UNIVLA_LIBERO_VIDEO_BS192_8K,/home/soumyara004/soumyaratnadebnath/VisionLanguageAction/models/UniVLA/weights/UNIVLA_LIBERO_VIDEO_BS192_8K,,libero,,/home/soumyara004/soumyaratnadebnath/VisionLanguageAction/models/UniVLA/weights/Emu3-VisionTokenizer,,,,,,,,,,False,0,0.0,Emu3 VQ-code fusion before UniVLA language-model input,
/home/user/BiVLA/artifacts/results/mentor_2026-09-11/results/univla_libero/guarded_reuse_moderate/libero_10/summary.json,univla_libero,guarded_reuse_moderate,libero_10,completed,guarded_action_reuse,univla_libero,guarded_reuse_moderate,libero,100,86,0.86,0.06,28.42,0,int,,Task success and timing from paired SimplerEnv WidowX rollouts. UniVLA native five-action chunks are retained; synthetic action agreement is not used.,<absent>,<absent>,<absent>,False,False,False,[],2,/home/soumyara004/soumyaratnadebnath/VisionLanguageAction/models/UniVLA/pretrain/fast,sdpa,,,/home/soumyara004/soumyaratnadebnath/VisionLanguageAction/models/UniVLA/weights/UNIVLA_LIBERO_VIDEO_BS192_8K,guarded_action_reuse,guarded_reuse_moderate,,,,1,cuda:0,libero,0.2,False,0.15,,3,0.5,0.01,1,0.2,520,univla_libero,/home/soumyara004/soumyaratnadebnath/VisionLanguageAction/models/UniVLA/configs/normalizer_libero/norm_stats.json,libero,,10,/home/soumyara004/soumyaratnadebnath/VisionLanguageAction/artifacts/results/univla_libero/guarded_reuse_moderate/libero_10,10,True,1,0.015,0.04,0.99,0.01,42,,"libero_10__task_0,libero_10__task_1,libero_10__task_2,libero_10__task_3,libero_10__task_4,libero_10__task_5,libero_10__task_6,libero_10__task_7,libero_10__task_8,libero_10__task_9",,/home/soumyara004/soumyaratnadebnath/VisionLanguageAction/models/UniVLA/weights/Emu3-VisionTokenizer,,,libero,sdpa,Emu3MoE,,16984056920,,,,/home/soumyara004/soumyaratnadebnath/VisionLanguageAction/models/UniVLA/weights/UNIVLA_LIBERO_VIDEO_BS192_8K,10,,,/home/soumyara004/soumyaratnadebnath/VisionLanguageAction/models/UniVLA/weights/UNIVLA_LIBERO_VIDEO_BS192_8K,/home/soumyara004/soumyaratnadebnath/VisionLanguageAction/models/UniVLA/weights/UNIVLA_LIBERO_VIDEO_BS192_8K,,libero,,/home/soumyara004/soumyaratnadebnath/VisionLanguageAction/models/UniVLA/weights/Emu3-VisionTokenizer,,,,,,,,,,False,0,0.0,Emu3 VQ-code fusion before UniVLA language-model input,
/home/user/BiVLA/artifacts/results/mentor_2026-09-11/results/univla_libero/guarded_reuse_moderate/libero_goal/summary.json,univla_libero,guarded_reuse_moderate,libero_goal,completed,guarded_action_reuse,univla_libero,guarded_reuse_moderate,libero,100,93,0.93,0.0,12.56,0,int,,Task success and timing from paired SimplerEnv WidowX rollouts. UniVLA native five-action chunks are retained; synthetic action agreement is not used.,<absent>,<absent>,<absent>,False,False,False,[],2,/home/soumyara004/soumyaratnadebnath/VisionLanguageAction/models/UniVLA/pretrain/fast,sdpa,,,/home/soumyara004/soumyaratnadebnath/VisionLanguageAction/models/UniVLA/weights/UNIVLA_LIBERO_VIDEO_BS192_8K,guarded_action_reuse,guarded_reuse_moderate,,,,1,cuda:0,libero,0.2,False,0.15,,3,0.5,0.01,1,0.2,300,univla_libero,/home/soumyara004/soumyaratnadebnath/VisionLanguageAction/models/UniVLA/configs/normalizer_libero/norm_stats.json,libero,,10,/home/soumyara004/soumyaratnadebnath/VisionLanguageAction/artifacts/results/univla_libero/guarded_reuse_moderate/libero_goal,10,True,1,0.015,0.04,0.99,0.01,42,,"libero_goal__task_0,libero_goal__task_1,libero_goal__task_2,libero_goal__task_3,libero_goal__task_4,libero_goal__task_5,libero_goal__task_6,libero_goal__task_7,libero_goal__task_8,libero_goal__task_9",,/home/soumyara004/soumyaratnadebnath/VisionLanguageAction/models/UniVLA/weights/Emu3-VisionTokenizer,,,libero,sdpa,Emu3MoE,,16984056920,,,,/home/soumyara004/soumyaratnadebnath/VisionLanguageAction/models/UniVLA/weights/UNIVLA_LIBERO_VIDEO_BS192_8K,10,,,/home/soumyara004/soumyaratnadebnath/VisionLanguageAction/models/UniVLA/weights/UNIVLA_LIBERO_VIDEO_BS192_8K,/home/soumyara004/soumyaratnadebnath/VisionLanguageAction/models/UniVLA/weights/UNIVLA_LIBERO_VIDEO_BS192_8K,,libero,,/home/soumyara004/soumyaratnadebnath/VisionLanguageAction/models/UniVLA/weights/Emu3-VisionTokenizer,,,,,,,,,,False,0,0.0,Emu3 VQ-code fusion before UniVLA language-model input,
/home/user/BiVLA/artifacts/results/mentor_2026-09-11/results/univla_libero/guarded_reuse_moderate/libero_object/summary.json,univla_libero,guarded_reuse_moderate,libero_object,completed,guarded_action_reuse,univla_libero,guarded_reuse_moderate,libero,100,96,0.96,0.0,14.98,0,int,,Task success and timing from paired SimplerEnv WidowX rollouts. UniVLA native five-action chunks are retained; synthetic action agreement is not used.,<absent>,<absent>,<absent>,False,False,False,[],2,/home/soumyara004/soumyaratnadebnath/VisionLanguageAction/models/UniVLA/pretrain/fast,sdpa,,,/home/soumyara004/soumyaratnadebnath/VisionLanguageAction/models/UniVLA/weights/UNIVLA_LIBERO_VIDEO_BS192_8K,guarded_action_reuse,guarded_reuse_moderate,,,,1,cuda:0,libero,0.2,False,0.15,,3,0.5,0.01,1,0.2,280,univla_libero,/home/soumyara004/soumyaratnadebnath/VisionLanguageAction/models/UniVLA/configs/normalizer_libero/norm_stats.json,libero,,10,/home/soumyara004/soumyaratnadebnath/VisionLanguageAction/artifacts/results/univla_libero/guarded_reuse_moderate/libero_object,10,True,1,0.015,0.04,0.99,0.01,42,,"libero_object__task_0,libero_object__task_1,libero_object__task_2,libero_object__task_3,libero_object__task_4,libero_object__task_5,libero_object__task_6,libero_object__task_7,libero_object__task_8,libero_object__task_9",,/home/soumyara004/soumyaratnadebnath/VisionLanguageAction/models/UniVLA/weights/Emu3-VisionTokenizer,,,libero,sdpa,Emu3MoE,,16984056920,,,,/home/soumyara004/soumyaratnadebnath/VisionLanguageAction/models/UniVLA/weights/UNIVLA_LIBERO_VIDEO_BS192_8K,10,,,/home/soumyara004/soumyaratnadebnath/VisionLanguageAction/models/UniVLA/weights/UNIVLA_LIBERO_VIDEO_BS192_8K,/home/soumyara004/soumyaratnadebnath/VisionLanguageAction/models/UniVLA/weights/UNIVLA_LIBERO_VIDEO_BS192_8K,,libero,,/home/soumyara004/soumyaratnadebnath/VisionLanguageAction/models/UniVLA/weights/Emu3-VisionTokenizer,,,,,,,,,,False,0,0.0,Emu3 VQ-code fusion before UniVLA language-model input,
/home/user/BiVLA/artifacts/results/mentor_2026-09-11/results/univla_libero/guarded_reuse_moderate/libero_spatial/summary.json,univla_libero,guarded_reuse_moderate,libero_spatial,completed,guarded_action_reuse,univla_libero,guarded_reuse_moderate,libero,100,95,0.95,0.0,11.27,0,int,,Task success and timing from paired SimplerEnv WidowX rollouts. UniVLA native five-action chunks are retained; synthetic action agreement is not used.,<absent>,<absent>,<absent>,False,False,False,[],2,/home/soumyara004/soumyaratnadebnath/VisionLanguageAction/models/UniVLA/pretrain/fast,sdpa,,,/home/soumyara004/soumyaratnadebnath/VisionLanguageAction/models/UniVLA/weights/UNIVLA_LIBERO_VIDEO_BS192_8K,guarded_action_reuse,guarded_reuse_moderate,,,,1,cuda:0,libero,0.2,False,0.15,,3,0.5,0.01,1,0.2,220,univla_libero,/home/soumyara004/soumyaratnadebnath/VisionLanguageAction/models/UniVLA/configs/normalizer_libero/norm_stats.json,libero,,10,/home/soumyara004/soumyaratnadebnath/VisionLanguageAction/artifacts/results/univla_libero/guarded_reuse_moderate/libero_spatial,10,True,1,0.015,0.04,0.99,0.01,42,,"libero_spatial__task_0,libero_spatial__task_1,libero_spatial__task_2,libero_spatial__task_3,libero_spatial__task_4,libero_spatial__task_5,libero_spatial__task_6,libero_spatial__task_7,libero_spatial__task_8,libero_spatial__task_9",,/home/soumyara004/soumyaratnadebnath/VisionLanguageAction/models/UniVLA/weights/Emu3-VisionTokenizer,,,libero,sdpa,Emu3MoE,,16984056920,,,,/home/soumyara004/soumyaratnadebnath/VisionLanguageAction/models/UniVLA/weights/UNIVLA_LIBERO_VIDEO_BS192_8K,10,,,/home/soumyara004/soumyaratnadebnath/VisionLanguageAction/models/UniVLA/weights/UNIVLA_LIBERO_VIDEO_BS192_8K,/home/soumyara004/soumyaratnadebnath/VisionLanguageAction/models/UniVLA/weights/UNIVLA_LIBERO_VIDEO_BS192_8K,,libero,,/home/soumyara004/soumyaratnadebnath/VisionLanguageAction/models/UniVLA/weights/Emu3-VisionTokenizer,,,,,,,,,,False,0,0.0,Emu3 VQ-code fusion before UniVLA language-model input,
/home/user/BiVLA/artifacts/results/mentor_2026-09-11/results/univla_libero/guarded_reuse_strict/libero_10/summary.json,univla_libero,guarded_reuse_strict,libero_10,completed,guarded_action_reuse,univla_libero,guarded_reuse_strict,libero,100,86,0.86,0.05,28.4,0,int,,Task success and timing from paired SimplerEnv WidowX rollouts. UniVLA native five-action chunks are retained; synthetic action agreement is not used.,<absent>,<absent>,<absent>,False,False,False,[],2,/home/soumyara004/soumyaratnadebnath/VisionLanguageAction/models/UniVLA/pretrain/fast,sdpa,,,/home/soumyara004/soumyaratnadebnath/VisionLanguageAction/models/UniVLA/weights/UNIVLA_LIBERO_VIDEO_BS192_8K,guarded_action_reuse,guarded_reuse_strict,,,,1,cuda:0,libero,0.2,False,0.15,,3,0.5,0.01,1,0.2,520,univla_libero,/home/soumyara004/soumyaratnadebnath/VisionLanguageAction/models/UniVLA/configs/normalizer_libero/norm_stats.json,libero,,10,/home/soumyara004/soumyaratnadebnath/VisionLanguageAction/artifacts/results/univla_libero/guarded_reuse_strict/libero_10,10,True,1,0.01,0.03,0.995,0.01,42,,"libero_10__task_0,libero_10__task_1,libero_10__task_2,libero_10__task_3,libero_10__task_4,libero_10__task_5,libero_10__task_6,libero_10__task_7,libero_10__task_8,libero_10__task_9",,/home/soumyara004/soumyaratnadebnath/VisionLanguageAction/models/UniVLA/weights/Emu3-VisionTokenizer,,,libero,sdpa,Emu3MoE,,16984056920,,,,/home/soumyara004/soumyaratnadebnath/VisionLanguageAction/models/UniVLA/weights/UNIVLA_LIBERO_VIDEO_BS192_8K,10,,,/home/soumyara004/soumyaratnadebnath/VisionLanguageAction/models/UniVLA/weights/UNIVLA_LIBERO_VIDEO_BS192_8K,/home/soumyara004/soumyaratnadebnath/VisionLanguageAction/models/UniVLA/weights/UNIVLA_LIBERO_VIDEO_BS192_8K,,libero,,/home/soumyara004/soumyaratnadebnath/VisionLanguageAction/models/UniVLA/weights/Emu3-VisionTokenizer,,,,,,,,,,False,0,0.0,Emu3 VQ-code fusion before UniVLA language-model input,
/home/user/BiVLA/artifacts/results/mentor_2026-09-11/results/univla_libero/guarded_reuse_strict/libero_goal/summary.json,univla_libero,guarded_reuse_strict,libero_goal,completed,guarded_action_reuse,univla_libero,guarded_reuse_strict,libero,100,93,0.93,0.0,12.53,0,int,,Task success and timing from paired SimplerEnv WidowX rollouts. UniVLA native five-action chunks are retained; synthetic action agreement is not used.,<absent>,<absent>,<absent>,False,False,False,[],2,/home/soumyara004/soumyaratnadebnath/VisionLanguageAction/models/UniVLA/pretrain/fast,sdpa,,,/home/soumyara004/soumyaratnadebnath/VisionLanguageAction/models/UniVLA/weights/UNIVLA_LIBERO_VIDEO_BS192_8K,guarded_action_reuse,guarded_reuse_strict,,,,1,cuda:0,libero,0.2,False,0.15,,3,0.5,0.01,1,0.2,300,univla_libero,/home/soumyara004/soumyaratnadebnath/VisionLanguageAction/models/UniVLA/configs/normalizer_libero/norm_stats.json,libero,,10,/home/soumyara004/soumyaratnadebnath/VisionLanguageAction/artifacts/results/univla_libero/guarded_reuse_strict/libero_goal,10,True,1,0.01,0.03,0.995,0.01,42,,"libero_goal__task_0,libero_goal__task_1,libero_goal__task_2,libero_goal__task_3,libero_goal__task_4,libero_goal__task_5,libero_goal__task_6,libero_goal__task_7,libero_goal__task_8,libero_goal__task_9",,/home/soumyara004/soumyaratnadebnath/VisionLanguageAction/models/UniVLA/weights/Emu3-VisionTokenizer,,,libero,sdpa,Emu3MoE,,16984056920,,,,/home/soumyara004/soumyaratnadebnath/VisionLanguageAction/models/UniVLA/weights/UNIVLA_LIBERO_VIDEO_BS192_8K,10,,,/home/soumyara004/soumyaratnadebnath/VisionLanguageAction/models/UniVLA/weights/UNIVLA_LIBERO_VIDEO_BS192_8K,/home/soumyara004/soumyaratnadebnath/VisionLanguageAction/models/UniVLA/weights/UNIVLA_LIBERO_VIDEO_BS192_8K,,libero,,/home/soumyara004/soumyaratnadebnath/VisionLanguageAction/models/UniVLA/weights/Emu3-VisionTokenizer,,,,,,,,,,False,0,0.0,Emu3 VQ-code fusion before UniVLA language-model input,
/home/user/BiVLA/artifacts/results/mentor_2026-09-11/results/univla_libero/guarded_reuse_strict/libero_object/summary.json,univla_libero,guarded_reuse_strict,libero_object,completed,guarded_action_reuse,univla_libero,guarded_reuse_strict,libero,100,96,0.96,0.0,14.98,0,int,,Task success and timing from paired SimplerEnv WidowX rollouts. UniVLA native five-action chunks are retained; synthetic action agreement is not used.,<absent>,<absent>,<absent>,False,False,False,[],2,/home/soumyara004/soumyaratnadebnath/VisionLanguageAction/models/UniVLA/pretrain/fast,sdpa,,,/home/soumyara004/soumyaratnadebnath/VisionLanguageAction/models/UniVLA/weights/UNIVLA_LIBERO_VIDEO_BS192_8K,guarded_action_reuse,guarded_reuse_strict,,,,1,cuda:0,libero,0.2,False,0.15,,3,0.5,0.01,1,0.2,280,univla_libero,/home/soumyara004/soumyaratnadebnath/VisionLanguageAction/models/UniVLA/configs/normalizer_libero/norm_stats.json,libero,,10,/home/soumyara004/soumyaratnadebnath/VisionLanguageAction/artifacts/results/univla_libero/guarded_reuse_strict/libero_object,10,True,1,0.01,0.03,0.995,0.01,42,,"libero_object__task_0,libero_object__task_1,libero_object__task_2,libero_object__task_3,libero_object__task_4,libero_object__task_5,libero_object__task_6,libero_object__task_7,libero_object__task_8,libero_object__task_9",,/home/soumyara004/soumyaratnadebnath/VisionLanguageAction/models/UniVLA/weights/Emu3-VisionTokenizer,,,libero,sdpa,Emu3MoE,,16984056920,,,,/home/soumyara004/soumyaratnadebnath/VisionLanguageAction/models/UniVLA/weights/UNIVLA_LIBERO_VIDEO_BS192_8K,10,,,/home/soumyara004/soumyaratnadebnath/VisionLanguageAction/models/UniVLA/weights/UNIVLA_LIBERO_VIDEO_BS192_8K,/home/soumyara004/soumyaratnadebnath/VisionLanguageAction/models/UniVLA/weights/UNIVLA_LIBERO_VIDEO_BS192_8K,,libero,,/home/soumyara004/soumyaratnadebnath/VisionLanguageAction/models/UniVLA/weights/Emu3-VisionTokenizer,,,,,,,,,,False,0,0.0,Emu3 VQ-code fusion before UniVLA language-model input,
/home/user/BiVLA/artifacts/results/mentor_2026-09-11/results/univla_libero/guarded_reuse_strict/libero_spatial/summary.json,univla_libero,guarded_reuse_strict,libero_spatial,completed,guarded_action_reuse,univla_libero,guarded_reuse_strict,libero,100,95,0.95,0.0,11.27,0,int,,Task success and timing from paired SimplerEnv WidowX rollouts. UniVLA native five-action chunks are retained; synthetic action agreement is not used.,<absent>,<absent>,<absent>,False,False,False,[],2,/home/soumyara004/soumyaratnadebnath/VisionLanguageAction/models/UniVLA/pretrain/fast,sdpa,,,/home/soumyara004/soumyaratnadebnath/VisionLanguageAction/models/UniVLA/weights/UNIVLA_LIBERO_VIDEO_BS192_8K,guarded_action_reuse,guarded_reuse_strict,,,,1,cuda:0,libero,0.2,False,0.15,,3,0.5,0.01,1,0.2,220,univla_libero,/home/soumyara004/soumyaratnadebnath/VisionLanguageAction/models/UniVLA/configs/normalizer_libero/norm_stats.json,libero,,10,/home/soumyara004/soumyaratnadebnath/VisionLanguageAction/artifacts/results/univla_libero/guarded_reuse_strict/libero_spatial,10,True,1,0.01,0.03,0.995,0.01,42,,"libero_spatial__task_0,libero_spatial__task_1,libero_spatial__task_2,libero_spatial__task_3,libero_spatial__task_4,libero_spatial__task_5,libero_spatial__task_6,libero_spatial__task_7,libero_spatial__task_8,libero_spatial__task_9",,/home/soumyara004/soumyaratnadebnath/VisionLanguageAction/models/UniVLA/weights/Emu3-VisionTokenizer,,,libero,sdpa,Emu3MoE,,16984056920,,,,/home/soumyara004/soumyaratnadebnath/VisionLanguageAction/models/UniVLA/weights/UNIVLA_LIBERO_VIDEO_BS192_8K,10,,,/home/soumyara004/soumyaratnadebnath/VisionLanguageAction/models/UniVLA/weights/UNIVLA_LIBERO_VIDEO_BS192_8K,/home/soumyara004/soumyaratnadebnath/VisionLanguageAction/models/UniVLA/weights/UNIVLA_LIBERO_VIDEO_BS192_8K,,libero,,/home/soumyara004/soumyaratnadebnath/VisionLanguageAction/models/UniVLA/weights/Emu3-VisionTokenizer,,,,,,,,,,False,0,0.0,Emu3 VQ-code fusion before UniVLA language-model input,
/home/user/BiVLA/artifacts/results/mentor_2026-09-11/results/univla_libero/original/libero_10/summary.json,univla_libero,original,libero_10,completed,original,univla_libero,original,libero,100,86,0.86,0.0,28.44,0,int,,Task success and timing from paired SimplerEnv WidowX rollouts. UniVLA native five-action chunks are retained; synthetic action agreement is not used.,<absent>,<absent>,<absent>,False,False,False,[],2,/home/soumyara004/soumyaratnadebnath/VisionLanguageAction/models/UniVLA/pretrain/fast,sdpa,,,/home/soumyara004/soumyaratnadebnath/VisionLanguageAction/models/UniVLA/weights/UNIVLA_LIBERO_VIDEO_BS192_8K,original,original,,,,1,cuda:0,libero,0.2,False,0.15,,3,0.5,0.01,1,0.2,520,univla_libero,/home/soumyara004/soumyaratnadebnath/VisionLanguageAction/models/UniVLA/configs/normalizer_libero/norm_stats.json,libero,,10,/home/soumyara004/soumyaratnadebnath/VisionLanguageAction/artifacts/results/univla_libero/original/libero_10,10,True,1,0.01,0.03,0.995,0.01,42,,"libero_10__task_0,libero_10__task_1,libero_10__task_2,libero_10__task_3,libero_10__task_4,libero_10__task_5,libero_10__task_6,libero_10__task_7,libero_10__task_8,libero_10__task_9",,/home/soumyara004/soumyaratnadebnath/VisionLanguageAction/models/UniVLA/weights/Emu3-VisionTokenizer,,,libero,sdpa,Emu3MoE,,16984056920,,,,/home/soumyara004/soumyaratnadebnath/VisionLanguageAction/models/UniVLA/weights/UNIVLA_LIBERO_VIDEO_BS192_8K,10,,,/home/soumyara004/soumyaratnadebnath/VisionLanguageAction/models/UniVLA/weights/UNIVLA_LIBERO_VIDEO_BS192_8K,/home/soumyara004/soumyaratnadebnath/VisionLanguageAction/models/UniVLA/weights/UNIVLA_LIBERO_VIDEO_BS192_8K,,libero,,/home/soumyara004/soumyaratnadebnath/VisionLanguageAction/models/UniVLA/weights/Emu3-VisionTokenizer,,,,,,,,,,False,0,0.0,Emu3 VQ-code fusion before UniVLA language-model input,
/home/user/BiVLA/artifacts/results/mentor_2026-09-11/results/univla_libero/original/libero_goal/summary.json,univla_libero,original,libero_goal,completed,original,univla_libero,original,libero,100,92,0.92,0.0,12.66,0,int,,Task success and timing from paired SimplerEnv WidowX rollouts. UniVLA native five-action chunks are retained; synthetic action agreement is not used.,<absent>,<absent>,<absent>,False,False,False,[],2,/home/soumyara004/soumyaratnadebnath/VisionLanguageAction/models/UniVLA/pretrain/fast,sdpa,,,/home/soumyara004/soumyaratnadebnath/VisionLanguageAction/models/UniVLA/weights/UNIVLA_LIBERO_VIDEO_BS192_8K,original,original,,,,1,cuda:0,libero,0.2,False,0.15,,3,0.5,0.01,1,0.2,300,univla_libero,/home/soumyara004/soumyaratnadebnath/VisionLanguageAction/models/UniVLA/configs/normalizer_libero/norm_stats.json,libero,,10,/home/soumyara004/soumyaratnadebnath/VisionLanguageAction/artifacts/results/univla_libero/original/libero_goal,10,True,1,0.01,0.03,0.995,0.01,42,,"libero_goal__task_0,libero_goal__task_1,libero_goal__task_2,libero_goal__task_3,libero_goal__task_4,libero_goal__task_5,libero_goal__task_6,libero_goal__task_7,libero_goal__task_8,libero_goal__task_9",,/home/soumyara004/soumyaratnadebnath/VisionLanguageAction/models/UniVLA/weights/Emu3-VisionTokenizer,,,libero,sdpa,Emu3MoE,,16984056920,,,,/home/soumyara004/soumyaratnadebnath/VisionLanguageAction/models/UniVLA/weights/UNIVLA_LIBERO_VIDEO_BS192_8K,10,,,/home/soumyara004/soumyaratnadebnath/VisionLanguageAction/models/UniVLA/weights/UNIVLA_LIBERO_VIDEO_BS192_8K,/home/soumyara004/soumyaratnadebnath/VisionLanguageAction/models/UniVLA/weights/UNIVLA_LIBERO_VIDEO_BS192_8K,,libero,,/home/soumyara004/soumyaratnadebnath/VisionLanguageAction/models/UniVLA/weights/Emu3-VisionTokenizer,,,,,,,,,,False,0,0.0,Emu3 VQ-code fusion before UniVLA language-model input,
/home/user/BiVLA/artifacts/results/mentor_2026-09-11/results/univla_libero/original/libero_object/summary.json,univla_libero,original,libero_object,completed,original,univla_libero,original,libero,100,96,0.96,0.0,14.98,0,int,,Task success and timing from paired SimplerEnv WidowX rollouts. UniVLA native five-action chunks are retained; synthetic action agreement is not used.,<absent>,<absent>,<absent>,False,False,False,[],2,/home/soumyara004/soumyaratnadebnath/VisionLanguageAction/models/UniVLA/pretrain/fast,sdpa,,,/home/soumyara004/soumyaratnadebnath/VisionLanguageAction/models/UniVLA/weights/UNIVLA_LIBERO_VIDEO_BS192_8K,original,original,,,,1,cuda:0,libero,0.2,False,0.15,,3,0.5,0.01,1,0.2,280,univla_libero,/home/soumyara004/soumyaratnadebnath/VisionLanguageAction/models/UniVLA/configs/normalizer_libero/norm_stats.json,libero,,10,/home/soumyara004/soumyaratnadebnath/VisionLanguageAction/artifacts/results/univla_libero/original/libero_object,10,True,1,0.01,0.03,0.995,0.01,42,,"libero_object__task_0,libero_object__task_1,libero_object__task_2,libero_object__task_3,libero_object__task_4,libero_object__task_5,libero_object__task_6,libero_object__task_7,libero_object__task_8,libero_object__task_9",,/home/soumyara004/soumyaratnadebnath/VisionLanguageAction/models/UniVLA/weights/Emu3-VisionTokenizer,,,libero,sdpa,Emu3MoE,,16984056920,,,,/home/soumyara004/soumyaratnadebnath/VisionLanguageAction/models/UniVLA/weights/UNIVLA_LIBERO_VIDEO_BS192_8K,10,,,/home/soumyara004/soumyaratnadebnath/VisionLanguageAction/models/UniVLA/weights/UNIVLA_LIBERO_VIDEO_BS192_8K,/home/soumyara004/soumyaratnadebnath/VisionLanguageAction/models/UniVLA/weights/UNIVLA_LIBERO_VIDEO_BS192_8K,,libero,,/home/soumyara004/soumyaratnadebnath/VisionLanguageAction/models/UniVLA/weights/Emu3-VisionTokenizer,,,,,,,,,,False,0,0.0,Emu3 VQ-code fusion before UniVLA language-model input,
/home/user/BiVLA/artifacts/results/mentor_2026-09-11/results/univla_libero/original/libero_spatial/summary.json,univla_libero,original,libero_spatial,completed,original,univla_libero,original,libero,100,95,0.95,0.0,11.27,0,int,,Task success and timing from paired SimplerEnv WidowX rollouts. UniVLA native five-action chunks are retained; synthetic action agreement is not used.,<absent>,<absent>,<absent>,False,False,False,[],2,/home/soumyara004/soumyaratnadebnath/VisionLanguageAction/models/UniVLA/pretrain/fast,sdpa,,,/home/soumyara004/soumyaratnadebnath/VisionLanguageAction/models/UniVLA/weights/UNIVLA_LIBERO_VIDEO_BS192_8K,original,original,,,,1,cuda:0,libero,0.2,False,0.15,,3,0.5,0.01,1,0.2,220,univla_libero,/home/soumyara004/soumyaratnadebnath/VisionLanguageAction/models/UniVLA/configs/normalizer_libero/norm_stats.json,libero,,10,/home/soumyara004/soumyaratnadebnath/VisionLanguageAction/artifacts/results/univla_libero/original/libero_spatial,10,True,1,0.01,0.03,0.995,0.01,42,,"libero_spatial__task_0,libero_spatial__task_1,libero_spatial__task_2,libero_spatial__task_3,libero_spatial__task_4,libero_spatial__task_5,libero_spatial__task_6,libero_spatial__task_7,libero_spatial__task_8,libero_spatial__task_9",,/home/soumyara004/soumyaratnadebnath/VisionLanguageAction/models/UniVLA/weights/Emu3-VisionTokenizer,,,libero,sdpa,Emu3MoE,,16984056920,,,,/home/soumyara004/soumyaratnadebnath/VisionLanguageAction/models/UniVLA/weights/UNIVLA_LIBERO_VIDEO_BS192_8K,10,,,/home/soumyara004/soumyaratnadebnath/VisionLanguageAction/models/UniVLA/weights/UNIVLA_LIBERO_VIDEO_BS192_8K,/home/soumyara004/soumyaratnadebnath/VisionLanguageAction/models/UniVLA/weights/UNIVLA_LIBERO_VIDEO_BS192_8K,,libero,,/home/soumyara004/soumyaratnadebnath/VisionLanguageAction/models/UniVLA/weights/Emu3-VisionTokenizer,,,,,,,,,,False,0,0.0,Emu3 VQ-code fusion before UniVLA language-model input,
/home/user/BiVLA/artifacts/results/mentor_2026-09-11/results/univla_libero/temporal_fusion_conservative_adaptive/libero_10/summary.json,univla_libero,temporal_fusion_conservative_adaptive,libero_10,completed,temporal_fusion,univla_libero,temporal_fusion_conservative_adaptive,libero,100,86,0.86,0.0,28.44,0,int,,Task success and timing from paired SimplerEnv WidowX rollouts. UniVLA native five-action chunks are retained; synthetic action agreement is not used.,<absent>,<absent>,<absent>,False,False,False,[],2,/home/soumyara004/soumyaratnadebnath/VisionLanguageAction/models/UniVLA/pretrain/fast,sdpa,,,/home/soumyara004/soumyaratnadebnath/VisionLanguageAction/models/UniVLA/weights/UNIVLA_LIBERO_VIDEO_BS192_8K,temporal_fusion,temporal_fusion_conservative_adaptive,,,,1,cuda:0,libero,0.2,False,0.15,0.03,2,0.25,0.01,1,0.2,520,univla_libero,/home/soumyara004/soumyaratnadebnath/VisionLanguageAction/models/UniVLA/configs/normalizer_libero/norm_stats.json,libero,,10,/home/soumyara004/soumyaratnadebnath/VisionLanguageAction/artifacts/results/univla_libero/temporal_fusion_conservative_adaptive/libero_10,10,True,1,0.01,0.03,0.995,0.01,42,,"libero_10__task_0,libero_10__task_1,libero_10__task_2,libero_10__task_3,libero_10__task_4,libero_10__task_5,libero_10__task_6,libero_10__task_7,libero_10__task_8,libero_10__task_9",,/home/soumyara004/soumyaratnadebnath/VisionLanguageAction/models/UniVLA/weights/Emu3-VisionTokenizer,,,libero,sdpa,Emu3MoE,,16984056920,,,,/home/soumyara004/soumyaratnadebnath/VisionLanguageAction/models/UniVLA/weights/UNIVLA_LIBERO_VIDEO_BS192_8K,10,,,/home/soumyara004/soumyaratnadebnath/VisionLanguageAction/models/UniVLA/weights/UNIVLA_LIBERO_VIDEO_BS192_8K,/home/soumyara004/soumyaratnadebnath/VisionLanguageAction/models/UniVLA/weights/UNIVLA_LIBERO_VIDEO_BS192_8K,,libero,,/home/soumyara004/soumyaratnadebnath/VisionLanguageAction/models/UniVLA/weights/Emu3-VisionTokenizer,,,,,,,,,,False,2842,0.0,Emu3 VQ-code fusion before UniVLA language-model input,
/home/user/BiVLA/artifacts/results/mentor_2026-09-11/results/univla_libero/temporal_fusion_conservative_adaptive/libero_goal/summary.json,univla_libero,temporal_fusion_conservative_adaptive,libero_goal,completed,temporal_fusion,univla_libero,temporal_fusion_conservative_adaptive,libero,100,92,0.92,0.0,12.66,0,int,,Task success and timing from paired SimplerEnv WidowX rollouts. UniVLA native five-action chunks are retained; synthetic action agreement is not used.,<absent>,<absent>,<absent>,False,False,False,[],2,/home/soumyara004/soumyaratnadebnath/VisionLanguageAction/models/UniVLA/pretrain/fast,sdpa,,,/home/soumyara004/soumyaratnadebnath/VisionLanguageAction/models/UniVLA/weights/UNIVLA_LIBERO_VIDEO_BS192_8K,temporal_fusion,temporal_fusion_conservative_adaptive,,,,1,cuda:0,libero,0.2,False,0.15,0.03,2,0.25,0.01,1,0.2,300,univla_libero,/home/soumyara004/soumyaratnadebnath/VisionLanguageAction/models/UniVLA/configs/normalizer_libero/norm_stats.json,libero,,10,/home/soumyara004/soumyaratnadebnath/VisionLanguageAction/artifacts/results/univla_libero/temporal_fusion_conservative_adaptive/libero_goal,10,True,1,0.01,0.03,0.995,0.01,42,,"libero_goal__task_0,libero_goal__task_1,libero_goal__task_2,libero_goal__task_3,libero_goal__task_4,libero_goal__task_5,libero_goal__task_6,libero_goal__task_7,libero_goal__task_8,libero_goal__task_9",,/home/soumyara004/soumyaratnadebnath/VisionLanguageAction/models/UniVLA/weights/Emu3-VisionTokenizer,,,libero,sdpa,Emu3MoE,,16984056920,,,,/home/soumyara004/soumyaratnadebnath/VisionLanguageAction/models/UniVLA/weights/UNIVLA_LIBERO_VIDEO_BS192_8K,10,,,/home/soumyara004/soumyaratnadebnath/VisionLanguageAction/models/UniVLA/weights/UNIVLA_LIBERO_VIDEO_BS192_8K,/home/soumyara004/soumyaratnadebnath/VisionLanguageAction/models/UniVLA/weights/UNIVLA_LIBERO_VIDEO_BS192_8K,,libero,,/home/soumyara004/soumyaratnadebnath/VisionLanguageAction/models/UniVLA/weights/Emu3-VisionTokenizer,,,,,,,,,,False,1266,0.0,Emu3 VQ-code fusion before UniVLA language-model input,
/home/user/BiVLA/artifacts/results/mentor_2026-09-11/results/univla_libero/temporal_fusion_conservative_adaptive/libero_object/summary.json,univla_libero,temporal_fusion_conservative_adaptive,libero_object,completed,temporal_fusion,univla_libero,temporal_fusion_conservative_adaptive,libero,100,96,0.96,0.0,14.98,0,int,,Task success and timing from paired SimplerEnv WidowX rollouts. UniVLA native five-action chunks are retained; synthetic action agreement is not used.,<absent>,<absent>,<absent>,False,False,False,[],2,/home/soumyara004/soumyaratnadebnath/VisionLanguageAction/models/UniVLA/pretrain/fast,sdpa,,,/home/soumyara004/soumyaratnadebnath/VisionLanguageAction/models/UniVLA/weights/UNIVLA_LIBERO_VIDEO_BS192_8K,temporal_fusion,temporal_fusion_conservative_adaptive,,,,1,cuda:0,libero,0.2,False,0.15,0.03,2,0.25,0.01,1,0.2,280,univla_libero,/home/soumyara004/soumyaratnadebnath/VisionLanguageAction/models/UniVLA/configs/normalizer_libero/norm_stats.json,libero,,10,/home/soumyara004/soumyaratnadebnath/VisionLanguageAction/artifacts/results/univla_libero/temporal_fusion_conservative_adaptive/libero_object,10,True,1,0.01,0.03,0.995,0.01,42,,"libero_object__task_0,libero_object__task_1,libero_object__task_2,libero_object__task_3,libero_object__task_4,libero_object__task_5,libero_object__task_6,libero_object__task_7,libero_object__task_8,libero_object__task_9",,/home/soumyara004/soumyaratnadebnath/VisionLanguageAction/models/UniVLA/weights/Emu3-VisionTokenizer,,,libero,sdpa,Emu3MoE,,16984056920,,,,/home/soumyara004/soumyaratnadebnath/VisionLanguageAction/models/UniVLA/weights/UNIVLA_LIBERO_VIDEO_BS192_8K,10,,,/home/soumyara004/soumyaratnadebnath/VisionLanguageAction/models/UniVLA/weights/UNIVLA_LIBERO_VIDEO_BS192_8K,/home/soumyara004/soumyaratnadebnath/VisionLanguageAction/models/UniVLA/weights/UNIVLA_LIBERO_VIDEO_BS192_8K,,libero,,/home/soumyara004/soumyaratnadebnath/VisionLanguageAction/models/UniVLA/weights/Emu3-VisionTokenizer,,,,,,,,,,False,1498,0.0,Emu3 VQ-code fusion before UniVLA language-model input,
/home/user/BiVLA/artifacts/results/mentor_2026-09-11/results/univla_libero/temporal_fusion_conservative_adaptive/libero_spatial/summary.json,univla_libero,temporal_fusion_conservative_adaptive,libero_spatial,completed,temporal_fusion,univla_libero,temporal_fusion_conservative_adaptive,libero,100,95,0.95,0.0,11.27,0,int,,Task success and timing from paired SimplerEnv WidowX rollouts. UniVLA native five-action chunks are retained; synthetic action agreement is not used.,<absent>,<absent>,<absent>,False,False,False,[],2,/home/soumyara004/soumyaratnadebnath/VisionLanguageAction/models/UniVLA/pretrain/fast,sdpa,,,/home/soumyara004/soumyaratnadebnath/VisionLanguageAction/models/UniVLA/weights/UNIVLA_LIBERO_VIDEO_BS192_8K,temporal_fusion,temporal_fusion_conservative_adaptive,,,,1,cuda:0,libero,0.2,False,0.15,0.03,2,0.25,0.01,1,0.2,220,univla_libero,/home/soumyara004/soumyaratnadebnath/VisionLanguageAction/models/UniVLA/configs/normalizer_libero/norm_stats.json,libero,,10,/home/soumyara004/soumyaratnadebnath/VisionLanguageAction/artifacts/results/univla_libero/temporal_fusion_conservative_adaptive/libero_spatial,10,True,1,0.01,0.03,0.995,0.01,42,,"libero_spatial__task_0,libero_spatial__task_1,libero_spatial__task_2,libero_spatial__task_3,libero_spatial__task_4,libero_spatial__task_5,libero_spatial__task_6,libero_spatial__task_7,libero_spatial__task_8,libero_spatial__task_9",,/home/soumyara004/soumyaratnadebnath/VisionLanguageAction/models/UniVLA/weights/Emu3-VisionTokenizer,,,libero,sdpa,Emu3MoE,,16984056920,,,,/home/soumyara004/soumyaratnadebnath/VisionLanguageAction/models/UniVLA/weights/UNIVLA_LIBERO_VIDEO_BS192_8K,10,,,/home/soumyara004/soumyaratnadebnath/VisionLanguageAction/models/UniVLA/weights/UNIVLA_LIBERO_VIDEO_BS192_8K,/home/soumyara004/soumyaratnadebnath/VisionLanguageAction/models/UniVLA/weights/UNIVLA_LIBERO_VIDEO_BS192_8K,,libero,,/home/soumyara004/soumyaratnadebnath/VisionLanguageAction/models/UniVLA/weights/Emu3-VisionTokenizer,,,,,,,,,,False,1127,0.0,Emu3 VQ-code fusion before UniVLA language-model input,
/home/user/BiVLA/artifacts/results/mentor_2026-09-11/results/univla_libero/temporal_fusion_motion_entropy/libero_10/summary.json,univla_libero,temporal_fusion_motion_entropy,libero_10,completed,temporal_fusion,univla_libero,temporal_fusion_motion_entropy,libero,100,83,0.83,0.0,29.61,0,int,,Task success and timing from paired SimplerEnv WidowX rollouts. UniVLA native five-action chunks are retained; synthetic action agreement is not used.,<absent>,<absent>,<absent>,False,False,False,[],2,/home/soumyara004/soumyaratnadebnath/VisionLanguageAction/models/UniVLA/pretrain/fast,sdpa,,,/home/soumyara004/soumyaratnadebnath/VisionLanguageAction/models/UniVLA/weights/UNIVLA_LIBERO_VIDEO_BS192_8K,temporal_fusion,temporal_fusion_motion_entropy,,,,1,cuda:0,libero,0.2,False,0.15,,3,0.5,0.01,1,0.2,520,univla_libero,/home/soumyara004/soumyaratnadebnath/VisionLanguageAction/models/UniVLA/configs/normalizer_libero/norm_stats.json,libero,,10,/home/soumyara004/soumyaratnadebnath/VisionLanguageAction/artifacts/results/univla_libero/temporal_fusion_motion_entropy/libero_10,10,True,1,0.01,0.03,0.995,0.01,42,,"libero_10__task_0,libero_10__task_1,libero_10__task_2,libero_10__task_3,libero_10__task_4,libero_10__task_5,libero_10__task_6,libero_10__task_7,libero_10__task_8,libero_10__task_9",,/home/soumyara004/soumyaratnadebnath/VisionLanguageAction/models/UniVLA/weights/Emu3-VisionTokenizer,,,libero,sdpa,Emu3MoE,,16984056920,,,,/home/soumyara004/soumyaratnadebnath/VisionLanguageAction/models/UniVLA/weights/UNIVLA_LIBERO_VIDEO_BS192_8K,10,,,/home/soumyara004/soumyaratnadebnath/VisionLanguageAction/models/UniVLA/weights/UNIVLA_LIBERO_VIDEO_BS192_8K,/home/soumyara004/soumyaratnadebnath/VisionLanguageAction/models/UniVLA/weights/UNIVLA_LIBERO_VIDEO_BS192_8K,,libero,,/home/soumyara004/soumyaratnadebnath/VisionLanguageAction/models/UniVLA/weights/Emu3-VisionTokenizer,,,,,,,,,,False,1026,312.0,Emu3 VQ-code fusion before UniVLA language-model input,
/home/user/BiVLA/artifacts/results/mentor_2026-09-11/results/univla_libero/temporal_fusion_motion_entropy/libero_goal/summary.json,univla_libero,temporal_fusion_motion_entropy,libero_goal,completed,temporal_fusion,univla_libero,temporal_fusion_motion_entropy,libero,100,95,0.95,0.0,12.63,0,int,,Task success and timing from paired SimplerEnv WidowX rollouts. UniVLA native five-action chunks are retained; synthetic action agreement is not used.,<absent>,<absent>,<absent>,False,False,False,[],2,/home/soumyara004/soumyaratnadebnath/VisionLanguageAction/models/UniVLA/pretrain/fast,sdpa,,,/home/soumyara004/soumyaratnadebnath/VisionLanguageAction/models/UniVLA/weights/UNIVLA_LIBERO_VIDEO_BS192_8K,temporal_fusion,temporal_fusion_motion_entropy,,,,1,cuda:0,libero,0.2,False,0.15,,3,0.5,0.01,1,0.2,300,univla_libero,/home/soumyara004/soumyaratnadebnath/VisionLanguageAction/models/UniVLA/configs/normalizer_libero/norm_stats.json,libero,,10,/home/soumyara004/soumyaratnadebnath/VisionLanguageAction/artifacts/results/univla_libero/temporal_fusion_motion_entropy/libero_goal,10,True,1,0.01,0.03,0.995,0.01,42,,"libero_goal__task_0,libero_goal__task_1,libero_goal__task_2,libero_goal__task_3,libero_goal__task_4,libero_goal__task_5,libero_goal__task_6,libero_goal__task_7,libero_goal__task_8,libero_goal__task_9",,/home/soumyara004/soumyaratnadebnath/VisionLanguageAction/models/UniVLA/weights/Emu3-VisionTokenizer,,,libero,sdpa,Emu3MoE,,16984056920,,,,/home/soumyara004/soumyaratnadebnath/VisionLanguageAction/models/UniVLA/weights/UNIVLA_LIBERO_VIDEO_BS192_8K,10,,,/home/soumyara004/soumyaratnadebnath/VisionLanguageAction/models/UniVLA/weights/UNIVLA_LIBERO_VIDEO_BS192_8K,/home/soumyara004/soumyaratnadebnath/VisionLanguageAction/models/UniVLA/weights/UNIVLA_LIBERO_VIDEO_BS192_8K,,libero,,/home/soumyara004/soumyaratnadebnath/VisionLanguageAction/models/UniVLA/weights/Emu3-VisionTokenizer,,,,,,,,,,False,447,312.0,Emu3 VQ-code fusion before UniVLA language-model input,
/home/user/BiVLA/artifacts/results/mentor_2026-09-11/results/univla_libero/temporal_fusion_motion_entropy/libero_object/summary.json,univla_libero,temporal_fusion_motion_entropy,libero_object,completed,temporal_fusion,univla_libero,temporal_fusion_motion_entropy,libero,100,98,0.98,0.0,14.64,0,int,,Task success and timing from paired SimplerEnv WidowX rollouts. UniVLA native five-action chunks are retained; synthetic action agreement is not used.,<absent>,<absent>,<absent>,False,False,False,[],2,/home/soumyara004/soumyaratnadebnath/VisionLanguageAction/models/UniVLA/pretrain/fast,sdpa,,,/home/soumyara004/soumyaratnadebnath/VisionLanguageAction/models/UniVLA/weights/UNIVLA_LIBERO_VIDEO_BS192_8K,temporal_fusion,temporal_fusion_motion_entropy,,,,1,cuda:0,libero,0.2,False,0.15,,3,0.5,0.01,1,0.2,280,univla_libero,/home/soumyara004/soumyaratnadebnath/VisionLanguageAction/models/UniVLA/configs/normalizer_libero/norm_stats.json,libero,,10,/home/soumyara004/soumyaratnadebnath/VisionLanguageAction/artifacts/results/univla_libero/temporal_fusion_motion_entropy/libero_object,10,True,1,0.01,0.03,0.995,0.01,42,,"libero_object__task_0,libero_object__task_1,libero_object__task_2,libero_object__task_3,libero_object__task_4,libero_object__task_5,libero_object__task_6,libero_object__task_7,libero_object__task_8,libero_object__task_9",,/home/soumyara004/soumyaratnadebnath/VisionLanguageAction/models/UniVLA/weights/Emu3-VisionTokenizer,,,libero,sdpa,Emu3MoE,,16984056920,,,,/home/soumyara004/soumyaratnadebnath/VisionLanguageAction/models/UniVLA/weights/UNIVLA_LIBERO_VIDEO_BS192_8K,10,,,/home/soumyara004/soumyaratnadebnath/VisionLanguageAction/models/UniVLA/weights/UNIVLA_LIBERO_VIDEO_BS192_8K,/home/soumyara004/soumyaratnadebnath/VisionLanguageAction/models/UniVLA/weights/UNIVLA_LIBERO_VIDEO_BS192_8K,,libero,,/home/soumyara004/soumyaratnadebnath/VisionLanguageAction/models/UniVLA/weights/Emu3-VisionTokenizer,,,,,,,,,,False,519,312.0,Emu3 VQ-code fusion before UniVLA language-model input,
/home/user/BiVLA/artifacts/results/mentor_2026-09-11/results/univla_libero/temporal_fusion_motion_entropy/libero_spatial/summary.json,univla_libero,temporal_fusion_motion_entropy,libero_spatial,completed,temporal_fusion,univla_libero,temporal_fusion_motion_entropy,libero,100,91,0.91,0.0,11.72,0,int,,Task success and timing from paired SimplerEnv WidowX rollouts. UniVLA native five-action chunks are retained; synthetic action agreement is not used.,<absent>,<absent>,<absent>,False,False,False,[],2,/home/soumyara004/soumyaratnadebnath/VisionLanguageAction/models/UniVLA/pretrain/fast,sdpa,,,/home/soumyara004/soumyaratnadebnath/VisionLanguageAction/models/UniVLA/weights/UNIVLA_LIBERO_VIDEO_BS192_8K,temporal_fusion,temporal_fusion_motion_entropy,,,,1,cuda:0,libero,0.2,False,0.15,,3,0.5,0.01,1,0.2,220,univla_libero,/home/soumyara004/soumyaratnadebnath/VisionLanguageAction/models/UniVLA/configs/normalizer_libero/norm_stats.json,libero,,10,/home/soumyara004/soumyaratnadebnath/VisionLanguageAction/artifacts/results/univla_libero/temporal_fusion_motion_entropy/libero_spatial,10,True,1,0.01,0.03,0.995,0.01,42,,"libero_spatial__task_0,libero_spatial__task_1,libero_spatial__task_2,libero_spatial__task_3,libero_spatial__task_4,libero_spatial__task_5,libero_spatial__task_6,libero_spatial__task_7,libero_spatial__task_8,libero_spatial__task_9",,/home/soumyara004/soumyaratnadebnath/VisionLanguageAction/models/UniVLA/weights/Emu3-VisionTokenizer,,,libero,sdpa,Emu3MoE,,16984056920,,,,/home/soumyara004/soumyaratnadebnath/VisionLanguageAction/models/UniVLA/weights/UNIVLA_LIBERO_VIDEO_BS192_8K,10,,,/home/soumyara004/soumyaratnadebnath/VisionLanguageAction/models/UniVLA/weights/UNIVLA_LIBERO_VIDEO_BS192_8K,/home/soumyara004/soumyaratnadebnath/VisionLanguageAction/models/UniVLA/weights/UNIVLA_LIBERO_VIDEO_BS192_8K,,libero,,/home/soumyara004/soumyaratnadebnath/VisionLanguageAction/models/UniVLA/weights/Emu3-VisionTokenizer,,,,,,,,,,False,428,300.0,Emu3 VQ-code fusion before UniVLA language-model input,
/home/user/BiVLA/artifacts/results/mentor_2026-09-11/results/univla_libero/temporal_fusion_task_aware/libero_10/summary.json,univla_libero,temporal_fusion_task_aware,libero_10,completed,temporal_fusion,univla_libero,temporal_fusion_task_aware,libero,100,87,0.87,0.0,28.56,0,int,,Task success and timing from paired SimplerEnv WidowX rollouts. UniVLA native five-action chunks are retained; synthetic action agreement is not used.,<absent>,<absent>,<absent>,False,False,False,[],2,/home/soumyara004/soumyaratnadebnath/VisionLanguageAction/models/UniVLA/pretrain/fast,sdpa,,,/home/soumyara004/soumyaratnadebnath/VisionLanguageAction/models/UniVLA/weights/UNIVLA_LIBERO_VIDEO_BS192_8K,temporal_fusion,temporal_fusion_task_aware,,,,1,cuda:0,libero,0.2,True,0.15,,3,0.5,0.01,1,0.2,520,univla_libero,/home/soumyara004/soumyaratnadebnath/VisionLanguageAction/models/UniVLA/configs/normalizer_libero/norm_stats.json,libero,,10,/home/soumyara004/soumyaratnadebnath/VisionLanguageAction/artifacts/results/univla_libero/temporal_fusion_task_aware/libero_10,10,True,1,0.01,0.03,0.995,0.01,42,,"libero_10__task_0,libero_10__task_1,libero_10__task_2,libero_10__task_3,libero_10__task_4,libero_10__task_5,libero_10__task_6,libero_10__task_7,libero_10__task_8,libero_10__task_9",,/home/soumyara004/soumyaratnadebnath/VisionLanguageAction/models/UniVLA/weights/Emu3-VisionTokenizer,,,libero,sdpa,Emu3MoE,,16984056920,,,,/home/soumyara004/soumyaratnadebnath/VisionLanguageAction/models/UniVLA/weights/UNIVLA_LIBERO_VIDEO_BS192_8K,10,,,/home/soumyara004/soumyaratnadebnath/VisionLanguageAction/models/UniVLA/weights/UNIVLA_LIBERO_VIDEO_BS192_8K,/home/soumyara004/soumyaratnadebnath/VisionLanguageAction/models/UniVLA/weights/UNIVLA_LIBERO_VIDEO_BS192_8K,,libero,,/home/soumyara004/soumyaratnadebnath/VisionLanguageAction/models/UniVLA/weights/Emu3-VisionTokenizer,,,,,,,,,,True,992,143.0,Emu3 VQ-code fusion before UniVLA language-model input,
/home/user/BiVLA/artifacts/results/mentor_2026-09-11/results/univla_libero/temporal_fusion_task_aware/libero_goal/summary.json,univla_libero,temporal_fusion_task_aware,libero_goal,completed,temporal_fusion,univla_libero,temporal_fusion_task_aware,libero,100,93,0.93,0.0,12.77,0,int,,Task success and timing from paired SimplerEnv WidowX rollouts. UniVLA native five-action chunks are retained; synthetic action agreement is not used.,<absent>,<absent>,<absent>,False,False,False,[],2,/home/soumyara004/soumyaratnadebnath/VisionLanguageAction/models/UniVLA/pretrain/fast,sdpa,,,/home/soumyara004/soumyaratnadebnath/VisionLanguageAction/models/UniVLA/weights/UNIVLA_LIBERO_VIDEO_BS192_8K,temporal_fusion,temporal_fusion_task_aware,,,,1,cuda:0,libero,0.2,True,0.15,,3,0.5,0.01,1,0.2,300,univla_libero,/home/soumyara004/soumyaratnadebnath/VisionLanguageAction/models/UniVLA/configs/normalizer_libero/norm_stats.json,libero,,10,/home/soumyara004/soumyaratnadebnath/VisionLanguageAction/artifacts/results/univla_libero/temporal_fusion_task_aware/libero_goal,10,True,1,0.01,0.03,0.995,0.01,42,,"libero_goal__task_0,libero_goal__task_1,libero_goal__task_2,libero_goal__task_3,libero_goal__task_4,libero_goal__task_5,libero_goal__task_6,libero_goal__task_7,libero_goal__task_8,libero_goal__task_9",,/home/soumyara004/soumyaratnadebnath/VisionLanguageAction/models/UniVLA/weights/Emu3-VisionTokenizer,,,libero,sdpa,Emu3MoE,,16984056920,,,,/home/soumyara004/soumyaratnadebnath/VisionLanguageAction/models/UniVLA/weights/UNIVLA_LIBERO_VIDEO_BS192_8K,10,,,/home/soumyara004/soumyaratnadebnath/VisionLanguageAction/models/UniVLA/weights/UNIVLA_LIBERO_VIDEO_BS192_8K,/home/soumyara004/soumyaratnadebnath/VisionLanguageAction/models/UniVLA/weights/UNIVLA_LIBERO_VIDEO_BS192_8K,,libero,,/home/soumyara004/soumyaratnadebnath/VisionLanguageAction/models/UniVLA/weights/Emu3-VisionTokenizer,,,,,,,,,,True,452,168.0,Emu3 VQ-code fusion before UniVLA language-model input,
/home/user/BiVLA/artifacts/results/mentor_2026-09-11/results/univla_libero/temporal_fusion_task_aware/libero_object/summary.json,univla_libero,temporal_fusion_task_aware,libero_object,completed,temporal_fusion,univla_libero,temporal_fusion_task_aware,libero,100,97,0.97,0.0,14.64,0,int,,Task success and timing from paired SimplerEnv WidowX rollouts. UniVLA native five-action chunks are retained; synthetic action agreement is not used.,<absent>,<absent>,<absent>,False,False,False,[],2,/home/soumyara004/soumyaratnadebnath/VisionLanguageAction/models/UniVLA/pretrain/fast,sdpa,,,/home/soumyara004/soumyaratnadebnath/VisionLanguageAction/models/UniVLA/weights/UNIVLA_LIBERO_VIDEO_BS192_8K,temporal_fusion,temporal_fusion_task_aware,,,,1,cuda:0,libero,0.2,True,0.15,,3,0.5,0.01,1,0.2,280,univla_libero,/home/soumyara004/soumyaratnadebnath/VisionLanguageAction/models/UniVLA/configs/normalizer_libero/norm_stats.json,libero,,10,/home/soumyara004/soumyaratnadebnath/VisionLanguageAction/artifacts/results/univla_libero/temporal_fusion_task_aware/libero_object,10,True,1,0.01,0.03,0.995,0.01,42,,"libero_object__task_0,libero_object__task_1,libero_object__task_2,libero_object__task_3,libero_object__task_4,libero_object__task_5,libero_object__task_6,libero_object__task_7,libero_object__task_8,libero_object__task_9",,/home/soumyara004/soumyaratnadebnath/VisionLanguageAction/models/UniVLA/weights/Emu3-VisionTokenizer,,,libero,sdpa,Emu3MoE,,16984056920,,,,/home/soumyara004/soumyaratnadebnath/VisionLanguageAction/models/UniVLA/weights/UNIVLA_LIBERO_VIDEO_BS192_8K,10,,,/home/soumyara004/soumyaratnadebnath/VisionLanguageAction/models/UniVLA/weights/UNIVLA_LIBERO_VIDEO_BS192_8K,/home/soumyara004/soumyaratnadebnath/VisionLanguageAction/models/UniVLA/weights/UNIVLA_LIBERO_VIDEO_BS192_8K,,libero,,/home/soumyara004/soumyaratnadebnath/VisionLanguageAction/models/UniVLA/weights/Emu3-VisionTokenizer,,,,,,,,,,True,522,158.0,Emu3 VQ-code fusion before UniVLA language-model input,
/home/user/BiVLA/artifacts/results/mentor_2026-09-11/results/univla_libero/temporal_fusion_task_aware/libero_spatial/summary.json,univla_libero,temporal_fusion_task_aware,libero_spatial,completed,temporal_fusion,univla_libero,temporal_fusion_task_aware,libero,100,92,0.92,0.0,11.7,0,int,,Task success and timing from paired SimplerEnv WidowX rollouts. UniVLA native five-action chunks are retained; synthetic action agreement is not used.,<absent>,<absent>,<absent>,False,False,False,[],2,/home/soumyara004/soumyaratnadebnath/VisionLanguageAction/models/UniVLA/pretrain/fast,sdpa,,,/home/soumyara004/soumyaratnadebnath/VisionLanguageAction/models/UniVLA/weights/UNIVLA_LIBERO_VIDEO_BS192_8K,temporal_fusion,temporal_fusion_task_aware,,,,1,cuda:0,libero,0.2,True,0.15,,3,0.5,0.01,1,0.2,220,univla_libero,/home/soumyara004/soumyaratnadebnath/VisionLanguageAction/models/UniVLA/configs/normalizer_libero/norm_stats.json,libero,,10,/home/soumyara004/soumyaratnadebnath/VisionLanguageAction/artifacts/results/univla_libero/temporal_fusion_task_aware/libero_spatial,10,True,1,0.01,0.03,0.995,0.01,42,,"libero_spatial__task_0,libero_spatial__task_1,libero_spatial__task_2,libero_spatial__task_3,libero_spatial__task_4,libero_spatial__task_5,libero_spatial__task_6,libero_spatial__task_7,libero_spatial__task_8,libero_spatial__task_9",,/home/soumyara004/soumyaratnadebnath/VisionLanguageAction/models/UniVLA/weights/Emu3-VisionTokenizer,,,libero,sdpa,Emu3MoE,,16984056920,,,,/home/soumyara004/soumyaratnadebnath/VisionLanguageAction/models/UniVLA/weights/UNIVLA_LIBERO_VIDEO_BS192_8K,10,,,/home/soumyara004/soumyaratnadebnath/VisionLanguageAction/models/UniVLA/weights/UNIVLA_LIBERO_VIDEO_BS192_8K,/home/soumyara004/soumyaratnadebnath/VisionLanguageAction/models/UniVLA/weights/UNIVLA_LIBERO_VIDEO_BS192_8K,,libero,,/home/soumyara004/soumyaratnadebnath/VisionLanguageAction/models/UniVLA/weights/Emu3-VisionTokenizer,,,,,,,,,,True,427,141.0,Emu3 VQ-code fusion before UniVLA language-model input,
/home/user/BiVLA/artifacts/results/mentor_2026-09-11/results/univla_simplerenv_bridge/action_repeat2/widowx_carrot_on_plate/summary.json,univla_simplerenv_bridge,action_repeat2,widowx_carrot_on_plate,completed,action_repeat,univla_simplerenv_bridge,action_repeat2,simpler_widowx,50,12,0.24,28.2,5.64,,NoneType,,Task success and timing from paired SimplerEnv WidowX rollouts. UniVLA native five-action chunks are retained; synthetic action agreement is not used.,<absent>,<absent>,<absent>,False,False,False,[],2,/home/soumyara004/soumyaratnadebnath/VisionLanguageAction/models/UniVLA/pretrain/fast_bridge_t5_s50,sdpa,,,/home/soumyara004/soumyaratnadebnath/VisionLanguageAction/models/UniVLA/weights/UNIVLA_SIMPLER_BRIDGE_VIDEO_BS128_20K,action_repeat,action_repeat2,,,,1,cuda:0,,0.2,False,0.15,,3,0.5,0.01,1,0.2,150,univla_simplerenv_bridge,/home/soumyara004/soumyaratnadebnath/VisionLanguageAction/models/UniVLA/configs/normalizer_bridge/norm_stats.json,,,50,/home/soumyara004/soumyaratnadebnath/VisionLanguageAction/artifacts/results/univla_simplerenv_bridge/action_repeat2/widowx_carrot_on_plate,,,1,0.01,0.03,0.995,0.01,42,,widowx_carrot_on_plate,,/home/soumyara004/soumyaratnadebnath/VisionLanguageAction/models/UniVLA/weights/Emu3-VisionTokenizer,,,bridge_robot,sdpa,Emu3MoE,,16984056920,,,,Yuqi1997/UniVLA/UNIVLA_SIMPLER_BRIDGE_VIDEO_BS128_20K,5,,,/home/soumyara004/soumyaratnadebnath/VisionLanguageAction/models/UniVLA/weights/UNIVLA_SIMPLER_BRIDGE_VIDEO_BS128_20K,/home/soumyara004/soumyaratnadebnath/VisionLanguageAction/models/UniVLA/weights/UNIVLA_SIMPLER_BRIDGE_VIDEO_BS128_20K,,simpler_widowx,,/home/soumyara004/soumyaratnadebnath/VisionLanguageAction/models/UniVLA/weights/Emu3-VisionTokenizer,,,,,,,,,,False,0,0.0,Emu3 VQ-code fusion before UniVLA language-model input,
/home/user/BiVLA/artifacts/results/mentor_2026-09-11/results/univla_simplerenv_bridge/action_repeat2/widowx_put_eggplant_in_basket/summary.json,univla_simplerenv_bridge,action_repeat2,widowx_put_eggplant_in_basket,completed,action_repeat,univla_simplerenv_bridge,action_repeat2,simpler_widowx,50,3,0.06,57.9,11.58,,NoneType,,Task success and timing from paired SimplerEnv WidowX rollouts. UniVLA native five-action chunks are retained; synthetic action agreement is not used.,<absent>,<absent>,<absent>,False,False,False,[],2,/home/soumyara004/soumyaratnadebnath/VisionLanguageAction/models/UniVLA/pretrain/fast_bridge_t5_s50,sdpa,,,/home/soumyara004/soumyaratnadebnath/VisionLanguageAction/models/UniVLA/weights/UNIVLA_SIMPLER_BRIDGE_VIDEO_BS128_20K,action_repeat,action_repeat2,,,,1,cuda:0,,0.2,False,0.15,,3,0.5,0.01,1,0.2,150,univla_simplerenv_bridge,/home/soumyara004/soumyaratnadebnath/VisionLanguageAction/models/UniVLA/configs/normalizer_bridge/norm_stats.json,,,50,/home/soumyara004/soumyaratnadebnath/VisionLanguageAction/artifacts/results/univla_simplerenv_bridge/action_repeat2/widowx_put_eggplant_in_basket,,,1,0.01,0.03,0.995,0.01,42,,widowx_put_eggplant_in_basket,,/home/soumyara004/soumyaratnadebnath/VisionLanguageAction/models/UniVLA/weights/Emu3-VisionTokenizer,,,bridge_robot,sdpa,Emu3MoE,,16984056920,,,,Yuqi1997/UniVLA/UNIVLA_SIMPLER_BRIDGE_VIDEO_BS128_20K,5,,,/home/soumyara004/soumyaratnadebnath/VisionLanguageAction/models/UniVLA/weights/UNIVLA_SIMPLER_BRIDGE_VIDEO_BS128_20K,/home/soumyara004/soumyaratnadebnath/VisionLanguageAction/models/UniVLA/weights/UNIVLA_SIMPLER_BRIDGE_VIDEO_BS128_20K,,simpler_widowx,,/home/soumyara004/soumyaratnadebnath/VisionLanguageAction/models/UniVLA/weights/Emu3-VisionTokenizer,,,,,,,,,,False,0,0.0,Emu3 VQ-code fusion before UniVLA language-model input,
/home/user/BiVLA/artifacts/results/mentor_2026-09-11/results/univla_simplerenv_bridge/action_repeat2/widowx_spoon_on_towel/summary.json,univla_simplerenv_bridge,action_repeat2,widowx_spoon_on_towel,completed,action_repeat,univla_simplerenv_bridge,action_repeat2,simpler_widowx,50,6,0.12,28.9,5.78,,NoneType,,Task success and timing from paired SimplerEnv WidowX rollouts. UniVLA native five-action chunks are retained; synthetic action agreement is not used.,<absent>,<absent>,<absent>,False,False,False,[],2,/home/soumyara004/soumyaratnadebnath/VisionLanguageAction/models/UniVLA/pretrain/fast_bridge_t5_s50,sdpa,,,/home/soumyara004/soumyaratnadebnath/VisionLanguageAction/models/UniVLA/weights/UNIVLA_SIMPLER_BRIDGE_VIDEO_BS128_20K,action_repeat,action_repeat2,,,,1,cuda:0,,0.2,False,0.15,,3,0.5,0.01,1,0.2,150,univla_simplerenv_bridge,/home/soumyara004/soumyaratnadebnath/VisionLanguageAction/models/UniVLA/configs/normalizer_bridge/norm_stats.json,,,50,/home/soumyara004/soumyaratnadebnath/VisionLanguageAction/artifacts/results/univla_simplerenv_bridge/action_repeat2/widowx_spoon_on_towel,,,1,0.01,0.03,0.995,0.01,42,,widowx_spoon_on_towel,,/home/soumyara004/soumyaratnadebnath/VisionLanguageAction/models/UniVLA/weights/Emu3-VisionTokenizer,,,bridge_robot,sdpa,Emu3MoE,,16984056920,,,,Yuqi1997/UniVLA/UNIVLA_SIMPLER_BRIDGE_VIDEO_BS128_20K,5,,,/home/soumyara004/soumyaratnadebnath/VisionLanguageAction/models/UniVLA/weights/UNIVLA_SIMPLER_BRIDGE_VIDEO_BS128_20K,/home/soumyara004/soumyaratnadebnath/VisionLanguageAction/models/UniVLA/weights/UNIVLA_SIMPLER_BRIDGE_VIDEO_BS128_20K,,simpler_widowx,,/home/soumyara004/soumyaratnadebnath/VisionLanguageAction/models/UniVLA/weights/Emu3-VisionTokenizer,,,,,,,,,,False,0,0.0,Emu3 VQ-code fusion before UniVLA language-model input,
/home/user/BiVLA/artifacts/results/mentor_2026-09-11/results/univla_simplerenv_bridge/action_repeat2/widowx_stack_cube/summary.json,univla_simplerenv_bridge,action_repeat2,widowx_stack_cube,completed,action_repeat,univla_simplerenv_bridge,action_repeat2,simpler_widowx,50,4,0.08,30.0,6.0,,NoneType,,Task success and timing from paired SimplerEnv WidowX rollouts. UniVLA native five-action chunks are retained; synthetic action agreement is not used.,<absent>,<absent>,<absent>,False,False,False,[],2,/home/soumyara004/soumyaratnadebnath/VisionLanguageAction/models/UniVLA/pretrain/fast_bridge_t5_s50,sdpa,,,/home/soumyara004/soumyaratnadebnath/VisionLanguageAction/models/UniVLA/weights/UNIVLA_SIMPLER_BRIDGE_VIDEO_BS128_20K,action_repeat,action_repeat2,,,,1,cuda:0,,0.2,False,0.15,,3,0.5,0.01,1,0.2,150,univla_simplerenv_bridge,/home/soumyara004/soumyaratnadebnath/VisionLanguageAction/models/UniVLA/configs/normalizer_bridge/norm_stats.json,,,50,/home/soumyara004/soumyaratnadebnath/VisionLanguageAction/artifacts/results/univla_simplerenv_bridge/action_repeat2/widowx_stack_cube,,,1,0.01,0.03,0.995,0.01,42,,widowx_stack_cube,,/home/soumyara004/soumyaratnadebnath/VisionLanguageAction/models/UniVLA/weights/Emu3-VisionTokenizer,,,bridge_robot,sdpa,Emu3MoE,,16984056920,,,,Yuqi1997/UniVLA/UNIVLA_SIMPLER_BRIDGE_VIDEO_BS128_20K,5,,,/home/soumyara004/soumyaratnadebnath/VisionLanguageAction/models/UniVLA/weights/UNIVLA_SIMPLER_BRIDGE_VIDEO_BS128_20K,/home/soumyara004/soumyaratnadebnath/VisionLanguageAction/models/UniVLA/weights/UNIVLA_SIMPLER_BRIDGE_VIDEO_BS128_20K,,simpler_widowx,,/home/soumyara004/soumyaratnadebnath/VisionLanguageAction/models/UniVLA/weights/Emu3-VisionTokenizer,,,,,,,,,,False,0,0.0,Emu3 VQ-code fusion before UniVLA language-model input,
/home/user/BiVLA/artifacts/results/mentor_2026-09-11/results/univla_simplerenv_bridge/action_repeat4/widowx_carrot_on_plate/summary.json,univla_simplerenv_bridge,action_repeat4,widowx_carrot_on_plate,completed,action_repeat,univla_simplerenv_bridge,action_repeat4,simpler_widowx,50,2,0.04,45.0,3.0,,NoneType,,Task success and timing from paired SimplerEnv WidowX rollouts. UniVLA native five-action chunks are retained; synthetic action agreement is not used.,<absent>,<absent>,<absent>,False,False,False,[],4,/home/soumyara004/soumyaratnadebnath/VisionLanguageAction/models/UniVLA/pretrain/fast_bridge_t5_s50,sdpa,,,/home/soumyara004/soumyaratnadebnath/VisionLanguageAction/models/UniVLA/weights/UNIVLA_SIMPLER_BRIDGE_VIDEO_BS128_20K,action_repeat,action_repeat4,,,,1,cuda:0,,0.2,False,0.15,,3,0.5,0.01,1,0.2,150,univla_simplerenv_bridge,/home/soumyara004/soumyaratnadebnath/VisionLanguageAction/models/UniVLA/configs/normalizer_bridge/norm_stats.json,,,50,/home/soumyara004/soumyaratnadebnath/VisionLanguageAction/artifacts/results/univla_simplerenv_bridge/action_repeat4/widowx_carrot_on_plate,,,1,0.01,0.03,0.995,0.01,42,,widowx_carrot_on_plate,,/home/soumyara004/soumyaratnadebnath/VisionLanguageAction/models/UniVLA/weights/Emu3-VisionTokenizer,,,bridge_robot,sdpa,Emu3MoE,,16984056920,,,,Yuqi1997/UniVLA/UNIVLA_SIMPLER_BRIDGE_VIDEO_BS128_20K,5,,,/home/soumyara004/soumyaratnadebnath/VisionLanguageAction/models/UniVLA/weights/UNIVLA_SIMPLER_BRIDGE_VIDEO_BS128_20K,/home/soumyara004/soumyaratnadebnath/VisionLanguageAction/models/UniVLA/weights/UNIVLA_SIMPLER_BRIDGE_VIDEO_BS128_20K,,simpler_widowx,,/home/soumyara004/soumyaratnadebnath/VisionLanguageAction/models/UniVLA/weights/Emu3-VisionTokenizer,,,,,,,,,,False,0,0.0,Emu3 VQ-code fusion before UniVLA language-model input,
/home/user/BiVLA/artifacts/results/mentor_2026-09-11/results/univla_simplerenv_bridge/action_repeat4/widowx_put_eggplant_in_basket/summary.json,univla_simplerenv_bridge,action_repeat4,widowx_put_eggplant_in_basket,completed,action_repeat,univla_simplerenv_bridge,action_repeat4,simpler_widowx,50,1,0.02,89.4,5.96,,NoneType,,Task success and timing from paired SimplerEnv WidowX rollouts. UniVLA native five-action chunks are retained; synthetic action agreement is not used.,<absent>,<absent>,<absent>,False,False,False,[],4,/home/soumyara004/soumyaratnadebnath/VisionLanguageAction/models/UniVLA/pretrain/fast_bridge_t5_s50,sdpa,,,/home/soumyara004/soumyaratnadebnath/VisionLanguageAction/models/UniVLA/weights/UNIVLA_SIMPLER_BRIDGE_VIDEO_BS128_20K,action_repeat,action_repeat4,,,,1,cuda:0,,0.2,False,0.15,,3,0.5,0.01,1,0.2,150,univla_simplerenv_bridge,/home/soumyara004/soumyaratnadebnath/VisionLanguageAction/models/UniVLA/configs/normalizer_bridge/norm_stats.json,,,50,/home/soumyara004/soumyaratnadebnath/VisionLanguageAction/artifacts/results/univla_simplerenv_bridge/action_repeat4/widowx_put_eggplant_in_basket,,,1,0.01,0.03,0.995,0.01,42,,widowx_put_eggplant_in_basket,,/home/soumyara004/soumyaratnadebnath/VisionLanguageAction/models/UniVLA/weights/Emu3-VisionTokenizer,,,bridge_robot,sdpa,Emu3MoE,,16984056920,,,,Yuqi1997/UniVLA/UNIVLA_SIMPLER_BRIDGE_VIDEO_BS128_20K,5,,,/home/soumyara004/soumyaratnadebnath/VisionLanguageAction/models/UniVLA/weights/UNIVLA_SIMPLER_BRIDGE_VIDEO_BS128_20K,/home/soumyara004/soumyaratnadebnath/VisionLanguageAction/models/UniVLA/weights/UNIVLA_SIMPLER_BRIDGE_VIDEO_BS128_20K,,simpler_widowx,,/home/soumyara004/soumyaratnadebnath/VisionLanguageAction/models/UniVLA/weights/Emu3-VisionTokenizer,,,,,,,,,,False,0,0.0,Emu3 VQ-code fusion before UniVLA language-model input,
/home/user/BiVLA/artifacts/results/mentor_2026-09-11/results/univla_simplerenv_bridge/action_repeat4/widowx_spoon_on_towel/summary.json,univla_simplerenv_bridge,action_repeat4,widowx_spoon_on_towel,completed,action_repeat,univla_simplerenv_bridge,action_repeat4,simpler_widowx,50,3,0.06,45.0,3.0,,NoneType,,Task success and timing from paired SimplerEnv WidowX rollouts. UniVLA native five-action chunks are retained; synthetic action agreement is not used.,<absent>,<absent>,<absent>,False,False,False,[],4,/home/soumyara004/soumyaratnadebnath/VisionLanguageAction/models/UniVLA/pretrain/fast_bridge_t5_s50,sdpa,,,/home/soumyara004/soumyaratnadebnath/VisionLanguageAction/models/UniVLA/weights/UNIVLA_SIMPLER_BRIDGE_VIDEO_BS128_20K,action_repeat,action_repeat4,,,,1,cuda:0,,0.2,False,0.15,,3,0.5,0.01,1,0.2,150,univla_simplerenv_bridge,/home/soumyara004/soumyaratnadebnath/VisionLanguageAction/models/UniVLA/configs/normalizer_bridge/norm_stats.json,,,50,/home/soumyara004/soumyaratnadebnath/VisionLanguageAction/artifacts/results/univla_simplerenv_bridge/action_repeat4/widowx_spoon_on_towel,,,1,0.01,0.03,0.995,0.01,42,,widowx_spoon_on_towel,,/home/soumyara004/soumyaratnadebnath/VisionLanguageAction/models/UniVLA/weights/Emu3-VisionTokenizer,,,bridge_robot,sdpa,Emu3MoE,,16984056920,,,,Yuqi1997/UniVLA/UNIVLA_SIMPLER_BRIDGE_VIDEO_BS128_20K,5,,,/home/soumyara004/soumyaratnadebnath/VisionLanguageAction/models/UniVLA/weights/UNIVLA_SIMPLER_BRIDGE_VIDEO_BS128_20K,/home/soumyara004/soumyaratnadebnath/VisionLanguageAction/models/UniVLA/weights/UNIVLA_SIMPLER_BRIDGE_VIDEO_BS128_20K,,simpler_widowx,,/home/soumyara004/soumyaratnadebnath/VisionLanguageAction/models/UniVLA/weights/Emu3-VisionTokenizer,,,,,,,,,,False,0,0.0,Emu3 VQ-code fusion before UniVLA language-model input,
/home/user/BiVLA/artifacts/results/mentor_2026-09-11/results/univla_simplerenv_bridge/action_repeat4/widowx_stack_cube/summary.json,univla_simplerenv_bridge,action_repeat4,widowx_stack_cube,completed,action_repeat,univla_simplerenv_bridge,action_repeat4,simpler_widowx,50,0,0.0,45.0,3.0,,NoneType,,Task success and timing from paired SimplerEnv WidowX rollouts. UniVLA native five-action chunks are retained; synthetic action agreement is not used.,<absent>,<absent>,<absent>,False,False,False,[],4,/home/soumyara004/soumyaratnadebnath/VisionLanguageAction/models/UniVLA/pretrain/fast_bridge_t5_s50,sdpa,,,/home/soumyara004/soumyaratnadebnath/VisionLanguageAction/models/UniVLA/weights/UNIVLA_SIMPLER_BRIDGE_VIDEO_BS128_20K,action_repeat,action_repeat4,,,,1,cuda:0,,0.2,False,0.15,,3,0.5,0.01,1,0.2,150,univla_simplerenv_bridge,/home/soumyara004/soumyaratnadebnath/VisionLanguageAction/models/UniVLA/configs/normalizer_bridge/norm_stats.json,,,50,/home/soumyara004/soumyaratnadebnath/VisionLanguageAction/artifacts/results/univla_simplerenv_bridge/action_repeat4/widowx_stack_cube,,,1,0.01,0.03,0.995,0.01,42,,widowx_stack_cube,,/home/soumyara004/soumyaratnadebnath/VisionLanguageAction/models/UniVLA/weights/Emu3-VisionTokenizer,,,bridge_robot,sdpa,Emu3MoE,,16984056920,,,,Yuqi1997/UniVLA/UNIVLA_SIMPLER_BRIDGE_VIDEO_BS128_20K,5,,,/home/soumyara004/soumyaratnadebnath/VisionLanguageAction/models/UniVLA/weights/UNIVLA_SIMPLER_BRIDGE_VIDEO_BS128_20K,/home/soumyara004/soumyaratnadebnath/VisionLanguageAction/models/UniVLA/weights/UNIVLA_SIMPLER_BRIDGE_VIDEO_BS128_20K,,simpler_widowx,,/home/soumyara004/soumyaratnadebnath/VisionLanguageAction/models/UniVLA/weights/Emu3-VisionTokenizer,,,,,,,,,,False,0,0.0,Emu3 VQ-code fusion before UniVLA language-model input,
/home/user/BiVLA/artifacts/results/mentor_2026-09-11/results/univla_simplerenv_bridge/depth_pruning1/widowx_carrot_on_plate/summary.json,univla_simplerenv_bridge,depth_pruning1,widowx_carrot_on_plate,completed,depth_pruning,univla_simplerenv_bridge,depth_pruning1,simpler_widowx,50,38,0.76,0.0,7.08,,NoneType,,Task success and timing from paired SimplerEnv WidowX rollouts. UniVLA native five-action chunks are retained; synthetic action agreement is not used.,<absent>,<absent>,<absent>,False,False,False,[26],2,/home/soumyara004/soumyaratnadebnath/VisionLanguageAction/models/UniVLA/pretrain/fast_bridge_t5_s50,sdpa,,,/home/soumyara004/soumyaratnadebnath/VisionLanguageAction/models/UniVLA/weights/UNIVLA_SIMPLER_BRIDGE_VIDEO_BS128_20K,depth_pruning,depth_pruning1,,,,1,cuda:0,,0.2,False,0.15,,3,0.5,0.01,1,0.2,150,univla_simplerenv_bridge,/home/soumyara004/soumyaratnadebnath/VisionLanguageAction/models/UniVLA/configs/normalizer_bridge/norm_stats.json,,,50,/home/soumyara004/soumyaratnadebnath/VisionLanguageAction/artifacts/results/univla_simplerenv_bridge/depth_pruning1/widowx_carrot_on_plate,,,1,0.01,0.03,0.995,0.01,42,,widowx_carrot_on_plate,,/home/soumyara004/soumyaratnadebnath/VisionLanguageAction/models/UniVLA/weights/Emu3-VisionTokenizer,,,bridge_robot,sdpa,Emu3MoE,,16984056920,,,,Yuqi1997/UniVLA/UNIVLA_SIMPLER_BRIDGE_VIDEO_BS128_20K,5,,,/home/soumyara004/soumyaratnadebnath/VisionLanguageAction/models/UniVLA/weights/UNIVLA_SIMPLER_BRIDGE_VIDEO_BS128_20K,/home/soumyara004/soumyaratnadebnath/VisionLanguageAction/models/UniVLA/weights/UNIVLA_SIMPLER_BRIDGE_VIDEO_BS128_20K,,simpler_widowx,,/home/soumyara004/soumyaratnadebnath/VisionLanguageAction/models/UniVLA/weights/Emu3-VisionTokenizer,,,"[0.9169129207730293, 0.011780709028244019, 0.004383876919746399, 0.005180835723876953, 0.005106315016746521, 0.015587016940116882, 0.027546629309654236, 0.03983038663864136, 0.05001169443130493, 0.07494522631168365, 0.09827487170696259, 0.08312574028968811, 0.058985888957977295, 0.04573534429073334, 0.03976412117481232, 0.03670795261859894, 0.03668707609176636, 0.03365088999271393, 0.022581562399864197, 0.020012691617012024, 0.012444734573364258, 0.011138662695884705, 0.01629328727722168, 0.02334555983543396, 0.017335250973701477, 0.008604854345321655, 0.0067880600690841675, 0.012948185205459595, 0.02995564043521881, 0.01790948212146759, 0.007157802581787109, 0.02529972791671753]",,,,,,,False,0,0.0,Emu3 VQ-code fusion before UniVLA language-model input,
/home/user/BiVLA/artifacts/results/mentor_2026-09-11/results/univla_simplerenv_bridge/depth_pruning1/widowx_put_eggplant_in_basket/summary.json,univla_simplerenv_bridge,depth_pruning1,widowx_put_eggplant_in_basket,completed,depth_pruning,univla_simplerenv_bridge,depth_pruning1,simpler_widowx,50,49,0.98,0.0,6.42,,NoneType,,Task success and timing from paired SimplerEnv WidowX rollouts. UniVLA native five-action chunks are retained; synthetic action agreement is not used.,<absent>,<absent>,<absent>,False,False,False,[26],2,/home/soumyara004/soumyaratnadebnath/VisionLanguageAction/models/UniVLA/pretrain/fast_bridge_t5_s50,sdpa,,,/home/soumyara004/soumyaratnadebnath/VisionLanguageAction/models/UniVLA/weights/UNIVLA_SIMPLER_BRIDGE_VIDEO_BS128_20K,depth_pruning,depth_pruning1,,,,1,cuda:0,,0.2,False,0.15,,3,0.5,0.01,1,0.2,150,univla_simplerenv_bridge,/home/soumyara004/soumyaratnadebnath/VisionLanguageAction/models/UniVLA/configs/normalizer_bridge/norm_stats.json,,,50,/home/soumyara004/soumyaratnadebnath/VisionLanguageAction/artifacts/results/univla_simplerenv_bridge/depth_pruning1/widowx_put_eggplant_in_basket,,,1,0.01,0.03,0.995,0.01,42,,widowx_put_eggplant_in_basket,,/home/soumyara004/soumyaratnadebnath/VisionLanguageAction/models/UniVLA/weights/Emu3-VisionTokenizer,,,bridge_robot,sdpa,Emu3MoE,,16984056920,,,,Yuqi1997/UniVLA/UNIVLA_SIMPLER_BRIDGE_VIDEO_BS128_20K,5,,,/home/soumyara004/soumyaratnadebnath/VisionLanguageAction/models/UniVLA/weights/UNIVLA_SIMPLER_BRIDGE_VIDEO_BS128_20K,/home/soumyara004/soumyaratnadebnath/VisionLanguageAction/models/UniVLA/weights/UNIVLA_SIMPLER_BRIDGE_VIDEO_BS128_20K,,simpler_widowx,,/home/soumyara004/soumyaratnadebnath/VisionLanguageAction/models/UniVLA/weights/Emu3-VisionTokenizer,,,"[0.9169129207730293, 0.011780709028244019, 0.004383876919746399, 0.005180835723876953, 0.005106315016746521, 0.015587016940116882, 0.027546629309654236, 0.03983038663864136, 0.05001169443130493, 0.07494522631168365, 0.09827487170696259, 0.08312574028968811, 0.058985888957977295, 0.04573534429073334, 0.03976412117481232, 0.03670795261859894, 0.03668707609176636, 0.03365088999271393, 0.022581562399864197, 0.020012691617012024, 0.012444734573364258, 0.011138662695884705, 0.01629328727722168, 0.02334555983543396, 0.017335250973701477, 0.008604854345321655, 0.0067880600690841675, 0.012948185205459595, 0.02995564043521881, 0.01790948212146759, 0.007157802581787109, 0.02529972791671753]",,,,,,,False,0,0.0,Emu3 VQ-code fusion before UniVLA language-model input,
/home/user/BiVLA/artifacts/results/mentor_2026-09-11/results/univla_simplerenv_bridge/depth_pruning1/widowx_spoon_on_towel/summary.json,univla_simplerenv_bridge,depth_pruning1,widowx_spoon_on_towel,completed,depth_pruning,univla_simplerenv_bridge,depth_pruning1,simpler_widowx,50,40,0.8,0.0,6.68,,NoneType,,Task success and timing from paired SimplerEnv WidowX rollouts. UniVLA native five-action chunks are retained; synthetic action agreement is not used.,<absent>,<absent>,<absent>,False,False,False,[26],2,/home/soumyara004/soumyaratnadebnath/VisionLanguageAction/models/UniVLA/pretrain/fast_bridge_t5_s50,sdpa,,,/home/soumyara004/soumyaratnadebnath/VisionLanguageAction/models/UniVLA/weights/UNIVLA_SIMPLER_BRIDGE_VIDEO_BS128_20K,depth_pruning,depth_pruning1,,,,1,cuda:0,,0.2,False,0.15,,3,0.5,0.01,1,0.2,150,univla_simplerenv_bridge,/home/soumyara004/soumyaratnadebnath/VisionLanguageAction/models/UniVLA/configs/normalizer_bridge/norm_stats.json,,,50,/home/soumyara004/soumyaratnadebnath/VisionLanguageAction/artifacts/results/univla_simplerenv_bridge/depth_pruning1/widowx_spoon_on_towel,,,1,0.01,0.03,0.995,0.01,42,,widowx_spoon_on_towel,,/home/soumyara004/soumyaratnadebnath/VisionLanguageAction/models/UniVLA/weights/Emu3-VisionTokenizer,,,bridge_robot,sdpa,Emu3MoE,,16984056920,,,,Yuqi1997/UniVLA/UNIVLA_SIMPLER_BRIDGE_VIDEO_BS128_20K,5,,,/home/soumyara004/soumyaratnadebnath/VisionLanguageAction/models/UniVLA/weights/UNIVLA_SIMPLER_BRIDGE_VIDEO_BS128_20K,/home/soumyara004/soumyaratnadebnath/VisionLanguageAction/models/UniVLA/weights/UNIVLA_SIMPLER_BRIDGE_VIDEO_BS128_20K,,simpler_widowx,,/home/soumyara004/soumyaratnadebnath/VisionLanguageAction/models/UniVLA/weights/Emu3-VisionTokenizer,,,"[0.9169129207730293, 0.011780709028244019, 0.004383876919746399, 0.005180835723876953, 0.005106315016746521, 0.015587016940116882, 0.027546629309654236, 0.03983038663864136, 0.05001169443130493, 0.07494522631168365, 0.09827487170696259, 0.08312574028968811, 0.058985888957977295, 0.04573534429073334, 0.03976412117481232, 0.03670795261859894, 0.03668707609176636, 0.03365088999271393, 0.022581562399864197, 0.020012691617012024, 0.012444734573364258, 0.011138662695884705, 0.01629328727722168, 0.02334555983543396, 0.017335250973701477, 0.008604854345321655, 0.0067880600690841675, 0.012948185205459595, 0.02995564043521881, 0.01790948212146759, 0.007157802581787109, 0.02529972791671753]",,,,,,,False,0,0.0,Emu3 VQ-code fusion before UniVLA language-model input,
/home/user/BiVLA/artifacts/results/mentor_2026-09-11/results/univla_simplerenv_bridge/depth_pruning1/widowx_stack_cube/summary.json,univla_simplerenv_bridge,depth_pruning1,widowx_stack_cube,completed,depth_pruning,univla_simplerenv_bridge,depth_pruning1,simpler_widowx,50,37,0.74,0.0,7.06,,NoneType,,Task success and timing from paired SimplerEnv WidowX rollouts. UniVLA native five-action chunks are retained; synthetic action agreement is not used.,<absent>,<absent>,<absent>,False,False,False,[26],2,/home/soumyara004/soumyaratnadebnath/VisionLanguageAction/models/UniVLA/pretrain/fast_bridge_t5_s50,sdpa,,,/home/soumyara004/soumyaratnadebnath/VisionLanguageAction/models/UniVLA/weights/UNIVLA_SIMPLER_BRIDGE_VIDEO_BS128_20K,depth_pruning,depth_pruning1,,,,1,cuda:0,,0.2,False,0.15,,3,0.5,0.01,1,0.2,150,univla_simplerenv_bridge,/home/soumyara004/soumyaratnadebnath/VisionLanguageAction/models/UniVLA/configs/normalizer_bridge/norm_stats.json,,,50,/home/soumyara004/soumyaratnadebnath/VisionLanguageAction/artifacts/results/univla_simplerenv_bridge/depth_pruning1/widowx_stack_cube,,,1,0.01,0.03,0.995,0.01,42,,widowx_stack_cube,,/home/soumyara004/soumyaratnadebnath/VisionLanguageAction/models/UniVLA/weights/Emu3-VisionTokenizer,,,bridge_robot,sdpa,Emu3MoE,,16984056920,,,,Yuqi1997/UniVLA/UNIVLA_SIMPLER_BRIDGE_VIDEO_BS128_20K,5,,,/home/soumyara004/soumyaratnadebnath/VisionLanguageAction/models/UniVLA/weights/UNIVLA_SIMPLER_BRIDGE_VIDEO_BS128_20K,/home/soumyara004/soumyaratnadebnath/VisionLanguageAction/models/UniVLA/weights/UNIVLA_SIMPLER_BRIDGE_VIDEO_BS128_20K,,simpler_widowx,,/home/soumyara004/soumyaratnadebnath/VisionLanguageAction/models/UniVLA/weights/Emu3-VisionTokenizer,,,"[0.9169129207730293, 0.011780709028244019, 0.004383876919746399, 0.005180835723876953, 0.005106315016746521, 0.015587016940116882, 0.027546629309654236, 0.03983038663864136, 0.05001169443130493, 0.07494522631168365, 0.09827487170696259, 0.08312574028968811, 0.058985888957977295, 0.04573534429073334, 0.03976412117481232, 0.03670795261859894, 0.03668707609176636, 0.03365088999271393, 0.022581562399864197, 0.020012691617012024, 0.012444734573364258, 0.011138662695884705, 0.01629328727722168, 0.02334555983543396, 0.017335250973701477, 0.008604854345321655, 0.0067880600690841675, 0.012948185205459595, 0.02995564043521881, 0.01790948212146759, 0.007157802581787109, 0.02529972791671753]",,,,,,,False,0,0.0,Emu3 VQ-code fusion before UniVLA language-model input,
/home/user/BiVLA/artifacts/results/mentor_2026-09-11/results/univla_simplerenv_bridge/depth_pruning2/widowx_carrot_on_plate/summary.json,univla_simplerenv_bridge,depth_pruning2,widowx_carrot_on_plate,completed,depth_pruning,univla_simplerenv_bridge,depth_pruning2,simpler_widowx,50,36,0.72,0.0,7.22,,NoneType,,Task success and timing from paired SimplerEnv WidowX rollouts. UniVLA native five-action chunks are retained; synthetic action agreement is not used.,<absent>,<absent>,<absent>,False,False,False,"[26, 30]",2,/home/soumyara004/soumyaratnadebnath/VisionLanguageAction/models/UniVLA/pretrain/fast_bridge_t5_s50,sdpa,,,/home/soumyara004/soumyaratnadebnath/VisionLanguageAction/models/UniVLA/weights/UNIVLA_SIMPLER_BRIDGE_VIDEO_BS128_20K,depth_pruning,depth_pruning2,,,,2,cuda:0,,0.2,False,0.15,,3,0.5,0.01,1,0.2,150,univla_simplerenv_bridge,/home/soumyara004/soumyaratnadebnath/VisionLanguageAction/models/UniVLA/configs/normalizer_bridge/norm_stats.json,,,50,/home/soumyara004/soumyaratnadebnath/VisionLanguageAction/artifacts/results/univla_simplerenv_bridge/depth_pruning2/widowx_carrot_on_plate,,,1,0.01,0.03,0.995,0.01,42,,widowx_carrot_on_plate,,/home/soumyara004/soumyaratnadebnath/VisionLanguageAction/models/UniVLA/weights/Emu3-VisionTokenizer,,,bridge_robot,sdpa,Emu3MoE,,16984056920,,,,Yuqi1997/UniVLA/UNIVLA_SIMPLER_BRIDGE_VIDEO_BS128_20K,5,,,/home/soumyara004/soumyaratnadebnath/VisionLanguageAction/models/UniVLA/weights/UNIVLA_SIMPLER_BRIDGE_VIDEO_BS128_20K,/home/soumyara004/soumyaratnadebnath/VisionLanguageAction/models/UniVLA/weights/UNIVLA_SIMPLER_BRIDGE_VIDEO_BS128_20K,,simpler_widowx,,/home/soumyara004/soumyaratnadebnath/VisionLanguageAction/models/UniVLA/weights/Emu3-VisionTokenizer,,,"[0.9169129207730293, 0.011780709028244019, 0.004383876919746399, 0.005180835723876953, 0.005106315016746521, 0.015587016940116882, 0.027546629309654236, 0.03983038663864136, 0.05001169443130493, 0.07494522631168365, 0.09827487170696259, 0.08312574028968811, 0.058985888957977295, 0.04573534429073334, 0.03976412117481232, 0.03670795261859894, 0.03668707609176636, 0.03365088999271393, 0.022581562399864197, 0.020012691617012024, 0.012444734573364258, 0.011138662695884705, 0.01629328727722168, 0.02334555983543396, 0.017335250973701477, 0.008604854345321655, 0.0067880600690841675, 0.012948185205459595, 0.02995564043521881, 0.01790948212146759, 0.007157802581787109, 0.02529972791671753]",,,,,,,False,0,0.0,Emu3 VQ-code fusion before UniVLA language-model input,
/home/user/BiVLA/artifacts/results/mentor_2026-09-11/results/univla_simplerenv_bridge/depth_pruning2/widowx_put_eggplant_in_basket/summary.json,univla_simplerenv_bridge,depth_pruning2,widowx_put_eggplant_in_basket,completed,depth_pruning,univla_simplerenv_bridge,depth_pruning2,simpler_widowx,50,49,0.98,0.0,6.28,,NoneType,,Task success and timing from paired SimplerEnv WidowX rollouts. UniVLA native five-action chunks are retained; synthetic action agreement is not used.,<absent>,<absent>,<absent>,False,False,False,"[26, 30]",2,/home/soumyara004/soumyaratnadebnath/VisionLanguageAction/models/UniVLA/pretrain/fast_bridge_t5_s50,sdpa,,,/home/soumyara004/soumyaratnadebnath/VisionLanguageAction/models/UniVLA/weights/UNIVLA_SIMPLER_BRIDGE_VIDEO_BS128_20K,depth_pruning,depth_pruning2,,,,2,cuda:0,,0.2,False,0.15,,3,0.5,0.01,1,0.2,150,univla_simplerenv_bridge,/home/soumyara004/soumyaratnadebnath/VisionLanguageAction/models/UniVLA/configs/normalizer_bridge/norm_stats.json,,,50,/home/soumyara004/soumyaratnadebnath/VisionLanguageAction/artifacts/results/univla_simplerenv_bridge/depth_pruning2/widowx_put_eggplant_in_basket,,,1,0.01,0.03,0.995,0.01,42,,widowx_put_eggplant_in_basket,,/home/soumyara004/soumyaratnadebnath/VisionLanguageAction/models/UniVLA/weights/Emu3-VisionTokenizer,,,bridge_robot,sdpa,Emu3MoE,,16984056920,,,,Yuqi1997/UniVLA/UNIVLA_SIMPLER_BRIDGE_VIDEO_BS128_20K,5,,,/home/soumyara004/soumyaratnadebnath/VisionLanguageAction/models/UniVLA/weights/UNIVLA_SIMPLER_BRIDGE_VIDEO_BS128_20K,/home/soumyara004/soumyaratnadebnath/VisionLanguageAction/models/UniVLA/weights/UNIVLA_SIMPLER_BRIDGE_VIDEO_BS128_20K,,simpler_widowx,,/home/soumyara004/soumyaratnadebnath/VisionLanguageAction/models/UniVLA/weights/Emu3-VisionTokenizer,,,"[0.9169129207730293, 0.011780709028244019, 0.004383876919746399, 0.005180835723876953, 0.005106315016746521, 0.015587016940116882, 0.027546629309654236, 0.03983038663864136, 0.05001169443130493, 0.07494522631168365, 0.09827487170696259, 0.08312574028968811, 0.058985888957977295, 0.04573534429073334, 0.03976412117481232, 0.03670795261859894, 0.03668707609176636, 0.03365088999271393, 0.022581562399864197, 0.020012691617012024, 0.012444734573364258, 0.011138662695884705, 0.01629328727722168, 0.02334555983543396, 0.017335250973701477, 0.008604854345321655, 0.0067880600690841675, 0.012948185205459595, 0.02995564043521881, 0.01790948212146759, 0.007157802581787109, 0.02529972791671753]",,,,,,,False,0,0.0,Emu3 VQ-code fusion before UniVLA language-model input,
/home/user/BiVLA/artifacts/results/mentor_2026-09-11/results/univla_simplerenv_bridge/depth_pruning2/widowx_spoon_on_towel/summary.json,univla_simplerenv_bridge,depth_pruning2,widowx_spoon_on_towel,completed,depth_pruning,univla_simplerenv_bridge,depth_pruning2,simpler_widowx,50,38,0.76,0.0,6.58,,NoneType,,Task success and timing from paired SimplerEnv WidowX rollouts. UniVLA native five-action chunks are retained; synthetic action agreement is not used.,<absent>,<absent>,<absent>,False,False,False,"[26, 30]",2,/home/soumyara004/soumyaratnadebnath/VisionLanguageAction/models/UniVLA/pretrain/fast_bridge_t5_s50,sdpa,,,/home/soumyara004/soumyaratnadebnath/VisionLanguageAction/models/UniVLA/weights/UNIVLA_SIMPLER_BRIDGE_VIDEO_BS128_20K,depth_pruning,depth_pruning2,,,,2,cuda:0,,0.2,False,0.15,,3,0.5,0.01,1,0.2,150,univla_simplerenv_bridge,/home/soumyara004/soumyaratnadebnath/VisionLanguageAction/models/UniVLA/configs/normalizer_bridge/norm_stats.json,,,50,/home/soumyara004/soumyaratnadebnath/VisionLanguageAction/artifacts/results/univla_simplerenv_bridge/depth_pruning2/widowx_spoon_on_towel,,,1,0.01,0.03,0.995,0.01,42,,widowx_spoon_on_towel,,/home/soumyara004/soumyaratnadebnath/VisionLanguageAction/models/UniVLA/weights/Emu3-VisionTokenizer,,,bridge_robot,sdpa,Emu3MoE,,16984056920,,,,Yuqi1997/UniVLA/UNIVLA_SIMPLER_BRIDGE_VIDEO_BS128_20K,5,,,/home/soumyara004/soumyaratnadebnath/VisionLanguageAction/models/UniVLA/weights/UNIVLA_SIMPLER_BRIDGE_VIDEO_BS128_20K,/home/soumyara004/soumyaratnadebnath/VisionLanguageAction/models/UniVLA/weights/UNIVLA_SIMPLER_BRIDGE_VIDEO_BS128_20K,,simpler_widowx,,/home/soumyara004/soumyaratnadebnath/VisionLanguageAction/models/UniVLA/weights/Emu3-VisionTokenizer,,,"[0.9169129207730293, 0.011780709028244019, 0.004383876919746399, 0.005180835723876953, 0.005106315016746521, 0.015587016940116882, 0.027546629309654236, 0.03983038663864136, 0.05001169443130493, 0.07494522631168365, 0.09827487170696259, 0.08312574028968811, 0.058985888957977295, 0.04573534429073334, 0.03976412117481232, 0.03670795261859894, 0.03668707609176636, 0.03365088999271393, 0.022581562399864197, 0.020012691617012024, 0.012444734573364258, 0.011138662695884705, 0.01629328727722168, 0.02334555983543396, 0.017335250973701477, 0.008604854345321655, 0.0067880600690841675, 0.012948185205459595, 0.02995564043521881, 0.01790948212146759, 0.007157802581787109, 0.02529972791671753]",,,,,,,False,0,0.0,Emu3 VQ-code fusion before UniVLA language-model input,
/home/user/BiVLA/artifacts/results/mentor_2026-09-11/results/univla_simplerenv_bridge/depth_pruning2/widowx_stack_cube/summary.json,univla_simplerenv_bridge,depth_pruning2,widowx_stack_cube,completed,depth_pruning,univla_simplerenv_bridge,depth_pruning2,simpler_widowx,50,41,0.82,0.0,6.46,,NoneType,,Task success and timing from paired SimplerEnv WidowX rollouts. UniVLA native five-action chunks are retained; synthetic action agreement is not used.,<absent>,<absent>,<absent>,False,False,False,"[26, 30]",2,/home/soumyara004/soumyaratnadebnath/VisionLanguageAction/models/UniVLA/pretrain/fast_bridge_t5_s50,sdpa,,,/home/soumyara004/soumyaratnadebnath/VisionLanguageAction/models/UniVLA/weights/UNIVLA_SIMPLER_BRIDGE_VIDEO_BS128_20K,depth_pruning,depth_pruning2,,,,2,cuda:0,,0.2,False,0.15,,3,0.5,0.01,1,0.2,150,univla_simplerenv_bridge,/home/soumyara004/soumyaratnadebnath/VisionLanguageAction/models/UniVLA/configs/normalizer_bridge/norm_stats.json,,,50,/home/soumyara004/soumyaratnadebnath/VisionLanguageAction/artifacts/results/univla_simplerenv_bridge/depth_pruning2/widowx_stack_cube,,,1,0.01,0.03,0.995,0.01,42,,widowx_stack_cube,,/home/soumyara004/soumyaratnadebnath/VisionLanguageAction/models/UniVLA/weights/Emu3-VisionTokenizer,,,bridge_robot,sdpa,Emu3MoE,,16984056920,,,,Yuqi1997/UniVLA/UNIVLA_SIMPLER_BRIDGE_VIDEO_BS128_20K,5,,,/home/soumyara004/soumyaratnadebnath/VisionLanguageAction/models/UniVLA/weights/UNIVLA_SIMPLER_BRIDGE_VIDEO_BS128_20K,/home/soumyara004/soumyaratnadebnath/VisionLanguageAction/models/UniVLA/weights/UNIVLA_SIMPLER_BRIDGE_VIDEO_BS128_20K,,simpler_widowx,,/home/soumyara004/soumyaratnadebnath/VisionLanguageAction/models/UniVLA/weights/Emu3-VisionTokenizer,,,"[0.9169129207730293, 0.011780709028244019, 0.004383876919746399, 0.005180835723876953, 0.005106315016746521, 0.015587016940116882, 0.027546629309654236, 0.03983038663864136, 0.05001169443130493, 0.07494522631168365, 0.09827487170696259, 0.08312574028968811, 0.058985888957977295, 0.04573534429073334, 0.03976412117481232, 0.03670795261859894, 0.03668707609176636, 0.03365088999271393, 0.022581562399864197, 0.020012691617012024, 0.012444734573364258, 0.011138662695884705, 0.01629328727722168, 0.02334555983543396, 0.017335250973701477, 0.008604854345321655, 0.0067880600690841675, 0.012948185205459595, 0.02995564043521881, 0.01790948212146759, 0.007157802581787109, 0.02529972791671753]",,,,,,,False,0,0.0,Emu3 VQ-code fusion before UniVLA language-model input,
/home/user/BiVLA/artifacts/results/mentor_2026-09-11/results/univla_simplerenv_bridge/depth_pruning4/widowx_carrot_on_plate/summary.json,univla_simplerenv_bridge,depth_pruning4,widowx_carrot_on_plate,completed,depth_pruning,univla_simplerenv_bridge,depth_pruning4,simpler_widowx,50,42,0.84,0.0,6.9,,NoneType,,Task success and timing from paired SimplerEnv WidowX rollouts. UniVLA native five-action chunks are retained; synthetic action agreement is not used.,<absent>,<absent>,<absent>,False,False,False,"[21, 24, 26, 30]",2,/home/soumyara004/soumyaratnadebnath/VisionLanguageAction/models/UniVLA/pretrain/fast_bridge_t5_s50,sdpa,,,/home/soumyara004/soumyaratnadebnath/VisionLanguageAction/models/UniVLA/weights/UNIVLA_SIMPLER_BRIDGE_VIDEO_BS128_20K,depth_pruning,depth_pruning4,,,,4,cuda:0,,0.2,False,0.15,,3,0.5,0.01,1,0.2,150,univla_simplerenv_bridge,/home/soumyara004/soumyaratnadebnath/VisionLanguageAction/models/UniVLA/configs/normalizer_bridge/norm_stats.json,,,50,/home/soumyara004/soumyaratnadebnath/VisionLanguageAction/artifacts/results/univla_simplerenv_bridge/depth_pruning4/widowx_carrot_on_plate,,,1,0.01,0.03,0.995,0.01,42,,widowx_carrot_on_plate,,/home/soumyara004/soumyaratnadebnath/VisionLanguageAction/models/UniVLA/weights/Emu3-VisionTokenizer,,,bridge_robot,sdpa,Emu3MoE,,16984056920,,,,Yuqi1997/UniVLA/UNIVLA_SIMPLER_BRIDGE_VIDEO_BS128_20K,5,,,/home/soumyara004/soumyaratnadebnath/VisionLanguageAction/models/UniVLA/weights/UNIVLA_SIMPLER_BRIDGE_VIDEO_BS128_20K,/home/soumyara004/soumyaratnadebnath/VisionLanguageAction/models/UniVLA/weights/UNIVLA_SIMPLER_BRIDGE_VIDEO_BS128_20K,,simpler_widowx,,/home/soumyara004/soumyaratnadebnath/VisionLanguageAction/models/UniVLA/weights/Emu3-VisionTokenizer,,,"[0.9169129207730293, 0.011780709028244019, 0.004383876919746399, 0.005180835723876953, 0.005106315016746521, 0.015587016940116882, 0.027546629309654236, 0.03983038663864136, 0.05001169443130493, 0.07494522631168365, 0.09827487170696259, 0.08312574028968811, 0.058985888957977295, 0.04573534429073334, 0.03976412117481232, 0.03670795261859894, 0.03668707609176636, 0.03365088999271393, 0.022581562399864197, 0.020012691617012024, 0.012444734573364258, 0.011138662695884705, 0.01629328727722168, 0.02334555983543396, 0.017335250973701477, 0.008604854345321655, 0.0067880600690841675, 0.012948185205459595, 0.02995564043521881, 0.01790948212146759, 0.007157802581787109, 0.02529972791671753]",,,,,,,False,0,0.0,Emu3 VQ-code fusion before UniVLA language-model input,
/home/user/BiVLA/artifacts/results/mentor_2026-09-11/results/univla_simplerenv_bridge/depth_pruning4/widowx_put_eggplant_in_basket/summary.json,univla_simplerenv_bridge,depth_pruning4,widowx_put_eggplant_in_basket,completed,depth_pruning,univla_simplerenv_bridge,depth_pruning4,simpler_widowx,50,49,0.98,0.0,6.26,,NoneType,,Task success and timing from paired SimplerEnv WidowX rollouts. UniVLA native five-action chunks are retained; synthetic action agreement is not used.,<absent>,<absent>,<absent>,False,False,False,"[21, 24, 26, 30]",2,/home/soumyara004/soumyaratnadebnath/VisionLanguageAction/models/UniVLA/pretrain/fast_bridge_t5_s50,sdpa,,,/home/soumyara004/soumyaratnadebnath/VisionLanguageAction/models/UniVLA/weights/UNIVLA_SIMPLER_BRIDGE_VIDEO_BS128_20K,depth_pruning,depth_pruning4,,,,4,cuda:0,,0.2,False,0.15,,3,0.5,0.01,1,0.2,150,univla_simplerenv_bridge,/home/soumyara004/soumyaratnadebnath/VisionLanguageAction/models/UniVLA/configs/normalizer_bridge/norm_stats.json,,,50,/home/soumyara004/soumyaratnadebnath/VisionLanguageAction/artifacts/results/univla_simplerenv_bridge/depth_pruning4/widowx_put_eggplant_in_basket,,,1,0.01,0.03,0.995,0.01,42,,widowx_put_eggplant_in_basket,,/home/soumyara004/soumyaratnadebnath/VisionLanguageAction/models/UniVLA/weights/Emu3-VisionTokenizer,,,bridge_robot,sdpa,Emu3MoE,,16984056920,,,,Yuqi1997/UniVLA/UNIVLA_SIMPLER_BRIDGE_VIDEO_BS128_20K,5,,,/home/soumyara004/soumyaratnadebnath/VisionLanguageAction/models/UniVLA/weights/UNIVLA_SIMPLER_BRIDGE_VIDEO_BS128_20K,/home/soumyara004/soumyaratnadebnath/VisionLanguageAction/models/UniVLA/weights/UNIVLA_SIMPLER_BRIDGE_VIDEO_BS128_20K,,simpler_widowx,,/home/soumyara004/soumyaratnadebnath/VisionLanguageAction/models/UniVLA/weights/Emu3-VisionTokenizer,,,"[0.9169129207730293, 0.011780709028244019, 0.004383876919746399, 0.005180835723876953, 0.005106315016746521, 0.015587016940116882, 0.027546629309654236, 0.03983038663864136, 0.05001169443130493, 0.07494522631168365, 0.09827487170696259, 0.08312574028968811, 0.058985888957977295, 0.04573534429073334, 0.03976412117481232, 0.03670795261859894, 0.03668707609176636, 0.03365088999271393, 0.022581562399864197, 0.020012691617012024, 0.012444734573364258, 0.011138662695884705, 0.01629328727722168, 0.02334555983543396, 0.017335250973701477, 0.008604854345321655, 0.0067880600690841675, 0.012948185205459595, 0.02995564043521881, 0.01790948212146759, 0.007157802581787109, 0.02529972791671753]",,,,,,,False,0,0.0,Emu3 VQ-code fusion before UniVLA language-model input,
/home/user/BiVLA/artifacts/results/mentor_2026-09-11/results/univla_simplerenv_bridge/depth_pruning4/widowx_spoon_on_towel/summary.json,univla_simplerenv_bridge,depth_pruning4,widowx_spoon_on_towel,completed,depth_pruning,univla_simplerenv_bridge,depth_pruning4,simpler_widowx,50,37,0.74,0.0,6.72,,NoneType,,Task success and timing from paired SimplerEnv WidowX rollouts. UniVLA native five-action chunks are retained; synthetic action agreement is not used.,<absent>,<absent>,<absent>,False,False,False,"[21, 24, 26, 30]",2,/home/soumyara004/soumyaratnadebnath/VisionLanguageAction/models/UniVLA/pretrain/fast_bridge_t5_s50,sdpa,,,/home/soumyara004/soumyaratnadebnath/VisionLanguageAction/models/UniVLA/weights/UNIVLA_SIMPLER_BRIDGE_VIDEO_BS128_20K,depth_pruning,depth_pruning4,,,,4,cuda:0,,0.2,False,0.15,,3,0.5,0.01,1,0.2,150,univla_simplerenv_bridge,/home/soumyara004/soumyaratnadebnath/VisionLanguageAction/models/UniVLA/configs/normalizer_bridge/norm_stats.json,,,50,/home/soumyara004/soumyaratnadebnath/VisionLanguageAction/artifacts/results/univla_simplerenv_bridge/depth_pruning4/widowx_spoon_on_towel,,,1,0.01,0.03,0.995,0.01,42,,widowx_spoon_on_towel,,/home/soumyara004/soumyaratnadebnath/VisionLanguageAction/models/UniVLA/weights/Emu3-VisionTokenizer,,,bridge_robot,sdpa,Emu3MoE,,16984056920,,,,Yuqi1997/UniVLA/UNIVLA_SIMPLER_BRIDGE_VIDEO_BS128_20K,5,,,/home/soumyara004/soumyaratnadebnath/VisionLanguageAction/models/UniVLA/weights/UNIVLA_SIMPLER_BRIDGE_VIDEO_BS128_20K,/home/soumyara004/soumyaratnadebnath/VisionLanguageAction/models/UniVLA/weights/UNIVLA_SIMPLER_BRIDGE_VIDEO_BS128_20K,,simpler_widowx,,/home/soumyara004/soumyaratnadebnath/VisionLanguageAction/models/UniVLA/weights/Emu3-VisionTokenizer,,,"[0.9169129207730293, 0.011780709028244019, 0.004383876919746399, 0.005180835723876953, 0.005106315016746521, 0.015587016940116882, 0.027546629309654236, 0.03983038663864136, 0.05001169443130493, 0.07494522631168365, 0.09827487170696259, 0.08312574028968811, 0.058985888957977295, 0.04573534429073334, 0.03976412117481232, 0.03670795261859894, 0.03668707609176636, 0.03365088999271393, 0.022581562399864197, 0.020012691617012024, 0.012444734573364258, 0.011138662695884705, 0.01629328727722168, 0.02334555983543396, 0.017335250973701477, 0.008604854345321655, 0.0067880600690841675, 0.012948185205459595, 0.02995564043521881, 0.01790948212146759, 0.007157802581787109, 0.02529972791671753]",,,,,,,False,0,0.0,Emu3 VQ-code fusion before UniVLA language-model input,
/home/user/BiVLA/artifacts/results/mentor_2026-09-11/results/univla_simplerenv_bridge/depth_pruning4/widowx_stack_cube/summary.json,univla_simplerenv_bridge,depth_pruning4,widowx_stack_cube,completed,depth_pruning,univla_simplerenv_bridge,depth_pruning4,simpler_widowx,50,35,0.7,0.0,7.18,,NoneType,,Task success and timing from paired SimplerEnv WidowX rollouts. UniVLA native five-action chunks are retained; synthetic action agreement is not used.,<absent>,<absent>,<absent>,False,False,False,"[21, 24, 26, 30]",2,/home/soumyara004/soumyaratnadebnath/VisionLanguageAction/models/UniVLA/pretrain/fast_bridge_t5_s50,sdpa,,,/home/soumyara004/soumyaratnadebnath/VisionLanguageAction/models/UniVLA/weights/UNIVLA_SIMPLER_BRIDGE_VIDEO_BS128_20K,depth_pruning,depth_pruning4,,,,4,cuda:0,,0.2,False,0.15,,3,0.5,0.01,1,0.2,150,univla_simplerenv_bridge,/home/soumyara004/soumyaratnadebnath/VisionLanguageAction/models/UniVLA/configs/normalizer_bridge/norm_stats.json,,,50,/home/soumyara004/soumyaratnadebnath/VisionLanguageAction/artifacts/results/univla_simplerenv_bridge/depth_pruning4/widowx_stack_cube,,,1,0.01,0.03,0.995,0.01,42,,widowx_stack_cube,,/home/soumyara004/soumyaratnadebnath/VisionLanguageAction/models/UniVLA/weights/Emu3-VisionTokenizer,,,bridge_robot,sdpa,Emu3MoE,,16984056920,,,,Yuqi1997/UniVLA/UNIVLA_SIMPLER_BRIDGE_VIDEO_BS128_20K,5,,,/home/soumyara004/soumyaratnadebnath/VisionLanguageAction/models/UniVLA/weights/UNIVLA_SIMPLER_BRIDGE_VIDEO_BS128_20K,/home/soumyara004/soumyaratnadebnath/VisionLanguageAction/models/UniVLA/weights/UNIVLA_SIMPLER_BRIDGE_VIDEO_BS128_20K,,simpler_widowx,,/home/soumyara004/soumyaratnadebnath/VisionLanguageAction/models/UniVLA/weights/Emu3-VisionTokenizer,,,"[0.9169129207730293, 0.011780709028244019, 0.004383876919746399, 0.005180835723876953, 0.005106315016746521, 0.015587016940116882, 0.027546629309654236, 0.03983038663864136, 0.05001169443130493, 0.07494522631168365, 0.09827487170696259, 0.08312574028968811, 0.058985888957977295, 0.04573534429073334, 0.03976412117481232, 0.03670795261859894, 0.03668707609176636, 0.03365088999271393, 0.022581562399864197, 0.020012691617012024, 0.012444734573364258, 0.011138662695884705, 0.01629328727722168, 0.02334555983543396, 0.017335250973701477, 0.008604854345321655, 0.0067880600690841675, 0.012948185205459595, 0.02995564043521881, 0.01790948212146759, 0.007157802581787109, 0.02529972791671753]",,,,,,,False,0,0.0,Emu3 VQ-code fusion before UniVLA language-model input,
/home/user/BiVLA/artifacts/results/mentor_2026-09-11/results/univla_simplerenv_bridge/fixed_foveation_keep20/widowx_carrot_on_plate/summary.json,univla_simplerenv_bridge,fixed_foveation_keep20,widowx_carrot_on_plate,completed,fixed_foveation,univla_simplerenv_bridge,fixed_foveation_keep20,simpler_widowx,50,34,0.68,0.0,8.04,,NoneType,,Task success and timing from paired SimplerEnv WidowX rollouts. UniVLA native five-action chunks are retained; synthetic action agreement is not used.,<absent>,<absent>,<absent>,False,False,False,[],2,/home/soumyara004/soumyaratnadebnath/VisionLanguageAction/models/UniVLA/pretrain/fast_bridge_t5_s50,sdpa,,,/home/soumyara004/soumyaratnadebnath/VisionLanguageAction/models/UniVLA/weights/UNIVLA_SIMPLER_BRIDGE_VIDEO_BS128_20K,fixed_foveation,fixed_foveation_keep20,,,,1,cuda:0,,0.2,False,0.15,,3,0.5,0.01,1,0.2,150,univla_simplerenv_bridge,/home/soumyara004/soumyaratnadebnath/VisionLanguageAction/models/UniVLA/configs/normalizer_bridge/norm_stats.json,,,50,/home/soumyara004/soumyaratnadebnath/VisionLanguageAction/artifacts/results/univla_simplerenv_bridge/fixed_foveation_keep20/widowx_carrot_on_plate,,,1,0.01,0.03,0.995,0.01,42,,widowx_carrot_on_plate,,/home/soumyara004/soumyaratnadebnath/VisionLanguageAction/models/UniVLA/weights/Emu3-VisionTokenizer,,,bridge_robot,sdpa,Emu3MoE,,16984056920,,,,Yuqi1997/UniVLA/UNIVLA_SIMPLER_BRIDGE_VIDEO_BS128_20K,5,,,/home/soumyara004/soumyaratnadebnath/VisionLanguageAction/models/UniVLA/weights/UNIVLA_SIMPLER_BRIDGE_VIDEO_BS128_20K,/home/soumyara004/soumyaratnadebnath/VisionLanguageAction/models/UniVLA/weights/UNIVLA_SIMPLER_BRIDGE_VIDEO_BS128_20K,,simpler_widowx,,/home/soumyara004/soumyaratnadebnath/VisionLanguageAction/models/UniVLA/weights/Emu3-VisionTokenizer,,,,,,,,,,False,0,0.0,Emu3 VQ-code fusion before UniVLA language-model input,
/home/user/BiVLA/artifacts/results/mentor_2026-09-11/results/univla_simplerenv_bridge/fixed_foveation_keep20/widowx_put_eggplant_in_basket/summary.json,univla_simplerenv_bridge,fixed_foveation_keep20,widowx_put_eggplant_in_basket,completed,fixed_foveation,univla_simplerenv_bridge,fixed_foveation_keep20,simpler_widowx,50,48,0.96,0.0,6.46,,NoneType,,Task success and timing from paired SimplerEnv WidowX rollouts. UniVLA native five-action chunks are retained; synthetic action agreement is not used.,<absent>,<absent>,<absent>,False,False,False,[],2,/home/soumyara004/soumyaratnadebnath/VisionLanguageAction/models/UniVLA/pretrain/fast_bridge_t5_s50,sdpa,,,/home/soumyara004/soumyaratnadebnath/VisionLanguageAction/models/UniVLA/weights/UNIVLA_SIMPLER_BRIDGE_VIDEO_BS128_20K,fixed_foveation,fixed_foveation_keep20,,,,1,cuda:0,,0.2,False,0.15,,3,0.5,0.01,1,0.2,150,univla_simplerenv_bridge,/home/soumyara004/soumyaratnadebnath/VisionLanguageAction/models/UniVLA/configs/normalizer_bridge/norm_stats.json,,,50,/home/soumyara004/soumyaratnadebnath/VisionLanguageAction/artifacts/results/univla_simplerenv_bridge/fixed_foveation_keep20/widowx_put_eggplant_in_basket,,,1,0.01,0.03,0.995,0.01,42,,widowx_put_eggplant_in_basket,,/home/soumyara004/soumyaratnadebnath/VisionLanguageAction/models/UniVLA/weights/Emu3-VisionTokenizer,,,bridge_robot,sdpa,Emu3MoE,,16984056920,,,,Yuqi1997/UniVLA/UNIVLA_SIMPLER_BRIDGE_VIDEO_BS128_20K,5,,,/home/soumyara004/soumyaratnadebnath/VisionLanguageAction/models/UniVLA/weights/UNIVLA_SIMPLER_BRIDGE_VIDEO_BS128_20K,/home/soumyara004/soumyaratnadebnath/VisionLanguageAction/models/UniVLA/weights/UNIVLA_SIMPLER_BRIDGE_VIDEO_BS128_20K,,simpler_widowx,,/home/soumyara004/soumyaratnadebnath/VisionLanguageAction/models/UniVLA/weights/Emu3-VisionTokenizer,,,,,,,,,,False,0,0.0,Emu3 VQ-code fusion before UniVLA language-model input,
/home/user/BiVLA/artifacts/results/mentor_2026-09-11/results/univla_simplerenv_bridge/fixed_foveation_keep20/widowx_spoon_on_towel/summary.json,univla_simplerenv_bridge,fixed_foveation_keep20,widowx_spoon_on_towel,completed,fixed_foveation,univla_simplerenv_bridge,fixed_foveation_keep20,simpler_widowx,50,40,0.8,0.0,6.88,,NoneType,,Task success and timing from paired SimplerEnv WidowX rollouts. UniVLA native five-action chunks are retained; synthetic action agreement is not used.,<absent>,<absent>,<absent>,False,False,False,[],2,/home/soumyara004/soumyaratnadebnath/VisionLanguageAction/models/UniVLA/pretrain/fast_bridge_t5_s50,sdpa,,,/home/soumyara004/soumyaratnadebnath/VisionLanguageAction/models/UniVLA/weights/UNIVLA_SIMPLER_BRIDGE_VIDEO_BS128_20K,fixed_foveation,fixed_foveation_keep20,,,,1,cuda:0,,0.2,False,0.15,,3,0.5,0.01,1,0.2,150,univla_simplerenv_bridge,/home/soumyara004/soumyaratnadebnath/VisionLanguageAction/models/UniVLA/configs/normalizer_bridge/norm_stats.json,,,50,/home/soumyara004/soumyaratnadebnath/VisionLanguageAction/artifacts/results/univla_simplerenv_bridge/fixed_foveation_keep20/widowx_spoon_on_towel,,,1,0.01,0.03,0.995,0.01,42,,widowx_spoon_on_towel,,/home/soumyara004/soumyaratnadebnath/VisionLanguageAction/models/UniVLA/weights/Emu3-VisionTokenizer,,,bridge_robot,sdpa,Emu3MoE,,16984056920,,,,Yuqi1997/UniVLA/UNIVLA_SIMPLER_BRIDGE_VIDEO_BS128_20K,5,,,/home/soumyara004/soumyaratnadebnath/VisionLanguageAction/models/UniVLA/weights/UNIVLA_SIMPLER_BRIDGE_VIDEO_BS128_20K,/home/soumyara004/soumyaratnadebnath/VisionLanguageAction/models/UniVLA/weights/UNIVLA_SIMPLER_BRIDGE_VIDEO_BS128_20K,,simpler_widowx,,/home/soumyara004/soumyaratnadebnath/VisionLanguageAction/models/UniVLA/weights/Emu3-VisionTokenizer,,,,,,,,,,False,0,0.0,Emu3 VQ-code fusion before UniVLA language-model input,
/home/user/BiVLA/artifacts/results/mentor_2026-09-11/results/univla_simplerenv_bridge/fixed_foveation_keep20/widowx_stack_cube/summary.json,univla_simplerenv_bridge,fixed_foveation_keep20,widowx_stack_cube,completed,fixed_foveation,univla_simplerenv_bridge,fixed_foveation_keep20,simpler_widowx,50,36,0.72,0.0,7.36,,NoneType,,Task success and timing from paired SimplerEnv WidowX rollouts. UniVLA native five-action chunks are retained; synthetic action agreement is not used.,<absent>,<absent>,<absent>,False,False,False,[],2,/home/soumyara004/soumyaratnadebnath/VisionLanguageAction/models/UniVLA/pretrain/fast_bridge_t5_s50,sdpa,,,/home/soumyara004/soumyaratnadebnath/VisionLanguageAction/models/UniVLA/weights/UNIVLA_SIMPLER_BRIDGE_VIDEO_BS128_20K,fixed_foveation,fixed_foveation_keep20,,,,1,cuda:0,,0.2,False,0.15,,3,0.5,0.01,1,0.2,150,univla_simplerenv_bridge,/home/soumyara004/soumyaratnadebnath/VisionLanguageAction/models/UniVLA/configs/normalizer_bridge/norm_stats.json,,,50,/home/soumyara004/soumyaratnadebnath/VisionLanguageAction/artifacts/results/univla_simplerenv_bridge/fixed_foveation_keep20/widowx_stack_cube,,,1,0.01,0.03,0.995,0.01,42,,widowx_stack_cube,,/home/soumyara004/soumyaratnadebnath/VisionLanguageAction/models/UniVLA/weights/Emu3-VisionTokenizer,,,bridge_robot,sdpa,Emu3MoE,,16984056920,,,,Yuqi1997/UniVLA/UNIVLA_SIMPLER_BRIDGE_VIDEO_BS128_20K,5,,,/home/soumyara004/soumyaratnadebnath/VisionLanguageAction/models/UniVLA/weights/UNIVLA_SIMPLER_BRIDGE_VIDEO_BS128_20K,/home/soumyara004/soumyaratnadebnath/VisionLanguageAction/models/UniVLA/weights/UNIVLA_SIMPLER_BRIDGE_VIDEO_BS128_20K,,simpler_widowx,,/home/soumyara004/soumyaratnadebnath/VisionLanguageAction/models/UniVLA/weights/Emu3-VisionTokenizer,,,,,,,,,,False,0,0.0,Emu3 VQ-code fusion before UniVLA language-model input,
/home/user/BiVLA/artifacts/results/mentor_2026-09-11/results/univla_simplerenv_bridge/fixed_foveation_keep50/widowx_carrot_on_plate/summary.json,univla_simplerenv_bridge,fixed_foveation_keep50,widowx_carrot_on_plate,completed,fixed_foveation,univla_simplerenv_bridge,fixed_foveation_keep50,simpler_widowx,50,31,0.62,0.0,8.24,,NoneType,,Task success and timing from paired SimplerEnv WidowX rollouts. UniVLA native five-action chunks are retained; synthetic action agreement is not used.,<absent>,<absent>,<absent>,False,False,False,[],2,/home/soumyara004/soumyaratnadebnath/VisionLanguageAction/models/UniVLA/pretrain/fast_bridge_t5_s50,sdpa,,,/home/soumyara004/soumyaratnadebnath/VisionLanguageAction/models/UniVLA/weights/UNIVLA_SIMPLER_BRIDGE_VIDEO_BS128_20K,fixed_foveation,fixed_foveation_keep50,,,,1,cuda:0,,0.5,False,0.15,,3,0.5,0.01,1,0.2,150,univla_simplerenv_bridge,/home/soumyara004/soumyaratnadebnath/VisionLanguageAction/models/UniVLA/configs/normalizer_bridge/norm_stats.json,,,50,/home/soumyara004/soumyaratnadebnath/VisionLanguageAction/artifacts/results/univla_simplerenv_bridge/fixed_foveation_keep50/widowx_carrot_on_plate,,,1,0.01,0.03,0.995,0.01,42,,widowx_carrot_on_plate,,/home/soumyara004/soumyaratnadebnath/VisionLanguageAction/models/UniVLA/weights/Emu3-VisionTokenizer,,,bridge_robot,sdpa,Emu3MoE,,16984056920,,,,Yuqi1997/UniVLA/UNIVLA_SIMPLER_BRIDGE_VIDEO_BS128_20K,5,,,/home/soumyara004/soumyaratnadebnath/VisionLanguageAction/models/UniVLA/weights/UNIVLA_SIMPLER_BRIDGE_VIDEO_BS128_20K,/home/soumyara004/soumyaratnadebnath/VisionLanguageAction/models/UniVLA/weights/UNIVLA_SIMPLER_BRIDGE_VIDEO_BS128_20K,,simpler_widowx,,/home/soumyara004/soumyaratnadebnath/VisionLanguageAction/models/UniVLA/weights/Emu3-VisionTokenizer,,,,,,,,,,False,0,0.0,Emu3 VQ-code fusion before UniVLA language-model input,
/home/user/BiVLA/artifacts/results/mentor_2026-09-11/results/univla_simplerenv_bridge/fixed_foveation_keep50/widowx_put_eggplant_in_basket/summary.json,univla_simplerenv_bridge,fixed_foveation_keep50,widowx_put_eggplant_in_basket,completed,fixed_foveation,univla_simplerenv_bridge,fixed_foveation_keep50,simpler_widowx,50,48,0.96,0.0,6.84,,NoneType,,Task success and timing from paired SimplerEnv WidowX rollouts. UniVLA native five-action chunks are retained; synthetic action agreement is not used.,<absent>,<absent>,<absent>,False,False,False,[],2,/home/soumyara004/soumyaratnadebnath/VisionLanguageAction/models/UniVLA/pretrain/fast_bridge_t5_s50,sdpa,,,/home/soumyara004/soumyaratnadebnath/VisionLanguageAction/models/UniVLA/weights/UNIVLA_SIMPLER_BRIDGE_VIDEO_BS128_20K,fixed_foveation,fixed_foveation_keep50,,,,1,cuda:0,,0.5,False,0.15,,3,0.5,0.01,1,0.2,150,univla_simplerenv_bridge,/home/soumyara004/soumyaratnadebnath/VisionLanguageAction/models/UniVLA/configs/normalizer_bridge/norm_stats.json,,,50,/home/soumyara004/soumyaratnadebnath/VisionLanguageAction/artifacts/results/univla_simplerenv_bridge/fixed_foveation_keep50/widowx_put_eggplant_in_basket,,,1,0.01,0.03,0.995,0.01,42,,widowx_put_eggplant_in_basket,,/home/soumyara004/soumyaratnadebnath/VisionLanguageAction/models/UniVLA/weights/Emu3-VisionTokenizer,,,bridge_robot,sdpa,Emu3MoE,,16984056920,,,,Yuqi1997/UniVLA/UNIVLA_SIMPLER_BRIDGE_VIDEO_BS128_20K,5,,,/home/soumyara004/soumyaratnadebnath/VisionLanguageAction/models/UniVLA/weights/UNIVLA_SIMPLER_BRIDGE_VIDEO_BS128_20K,/home/soumyara004/soumyaratnadebnath/VisionLanguageAction/models/UniVLA/weights/UNIVLA_SIMPLER_BRIDGE_VIDEO_BS128_20K,,simpler_widowx,,/home/soumyara004/soumyaratnadebnath/VisionLanguageAction/models/UniVLA/weights/Emu3-VisionTokenizer,,,,,,,,,,False,0,0.0,Emu3 VQ-code fusion before UniVLA language-model input,
/home/user/BiVLA/artifacts/results/mentor_2026-09-11/results/univla_simplerenv_bridge/fixed_foveation_keep50/widowx_spoon_on_towel/summary.json,univla_simplerenv_bridge,fixed_foveation_keep50,widowx_spoon_on_towel,completed,fixed_foveation,univla_simplerenv_bridge,fixed_foveation_keep50,simpler_widowx,50,40,0.8,0.0,7.06,,NoneType,,Task success and timing from paired SimplerEnv WidowX rollouts. UniVLA native five-action chunks are retained; synthetic action agreement is not used.,<absent>,<absent>,<absent>,False,False,False,[],2,/home/soumyara004/soumyaratnadebnath/VisionLanguageAction/models/UniVLA/pretrain/fast_bridge_t5_s50,sdpa,,,/home/soumyara004/soumyaratnadebnath/VisionLanguageAction/models/UniVLA/weights/UNIVLA_SIMPLER_BRIDGE_VIDEO_BS128_20K,fixed_foveation,fixed_foveation_keep50,,,,1,cuda:0,,0.5,False,0.15,,3,0.5,0.01,1,0.2,150,univla_simplerenv_bridge,/home/soumyara004/soumyaratnadebnath/VisionLanguageAction/models/UniVLA/configs/normalizer_bridge/norm_stats.json,,,50,/home/soumyara004/soumyaratnadebnath/VisionLanguageAction/artifacts/results/univla_simplerenv_bridge/fixed_foveation_keep50/widowx_spoon_on_towel,,,1,0.01,0.03,0.995,0.01,42,,widowx_spoon_on_towel,,/home/soumyara004/soumyaratnadebnath/VisionLanguageAction/models/UniVLA/weights/Emu3-VisionTokenizer,,,bridge_robot,sdpa,Emu3MoE,,16984056920,,,,Yuqi1997/UniVLA/UNIVLA_SIMPLER_BRIDGE_VIDEO_BS128_20K,5,,,/home/soumyara004/soumyaratnadebnath/VisionLanguageAction/models/UniVLA/weights/UNIVLA_SIMPLER_BRIDGE_VIDEO_BS128_20K,/home/soumyara004/soumyaratnadebnath/VisionLanguageAction/models/UniVLA/weights/UNIVLA_SIMPLER_BRIDGE_VIDEO_BS128_20K,,simpler_widowx,,/home/soumyara004/soumyaratnadebnath/VisionLanguageAction/models/UniVLA/weights/Emu3-VisionTokenizer,,,,,,,,,,False,0,0.0,Emu3 VQ-code fusion before UniVLA language-model input,
/home/user/BiVLA/artifacts/results/mentor_2026-09-11/results/univla_simplerenv_bridge/fixed_foveation_keep50/widowx_stack_cube/summary.json,univla_simplerenv_bridge,fixed_foveation_keep50,widowx_stack_cube,completed,fixed_foveation,univla_simplerenv_bridge,fixed_foveation_keep50,simpler_widowx,50,27,0.54,0.0,8.86,,NoneType,,Task success and timing from paired SimplerEnv WidowX rollouts. UniVLA native five-action chunks are retained; synthetic action agreement is not used.,<absent>,<absent>,<absent>,False,False,False,[],2,/home/soumyara004/soumyaratnadebnath/VisionLanguageAction/models/UniVLA/pretrain/fast_bridge_t5_s50,sdpa,,,/home/soumyara004/soumyaratnadebnath/VisionLanguageAction/models/UniVLA/weights/UNIVLA_SIMPLER_BRIDGE_VIDEO_BS128_20K,fixed_foveation,fixed_foveation_keep50,,,,1,cuda:0,,0.5,False,0.15,,3,0.5,0.01,1,0.2,150,univla_simplerenv_bridge,/home/soumyara004/soumyaratnadebnath/VisionLanguageAction/models/UniVLA/configs/normalizer_bridge/norm_stats.json,,,50,/home/soumyara004/soumyaratnadebnath/VisionLanguageAction/artifacts/results/univla_simplerenv_bridge/fixed_foveation_keep50/widowx_stack_cube,,,1,0.01,0.03,0.995,0.01,42,,widowx_stack_cube,,/home/soumyara004/soumyaratnadebnath/VisionLanguageAction/models/UniVLA/weights/Emu3-VisionTokenizer,,,bridge_robot,sdpa,Emu3MoE,,16984056920,,,,Yuqi1997/UniVLA/UNIVLA_SIMPLER_BRIDGE_VIDEO_BS128_20K,5,,,/home/soumyara004/soumyaratnadebnath/VisionLanguageAction/models/UniVLA/weights/UNIVLA_SIMPLER_BRIDGE_VIDEO_BS128_20K,/home/soumyara004/soumyaratnadebnath/VisionLanguageAction/models/UniVLA/weights/UNIVLA_SIMPLER_BRIDGE_VIDEO_BS128_20K,,simpler_widowx,,/home/soumyara004/soumyaratnadebnath/VisionLanguageAction/models/UniVLA/weights/Emu3-VisionTokenizer,,,,,,,,,,False,0,0.0,Emu3 VQ-code fusion before UniVLA language-model input,
/home/user/BiVLA/artifacts/results/mentor_2026-09-11/results/univla_simplerenv_bridge/guarded_reuse_aggressive/widowx_carrot_on_plate/summary.json,univla_simplerenv_bridge,guarded_reuse_aggressive,widowx_carrot_on_plate,completed,guarded_action_reuse,univla_simplerenv_bridge,guarded_reuse_aggressive,simpler_widowx,50,42,0.84,0.0,6.54,,NoneType,,Task success and timing from paired SimplerEnv WidowX rollouts. UniVLA native five-action chunks are retained; synthetic action agreement is not used.,<absent>,<absent>,<absent>,False,False,False,[],2,/home/soumyara004/soumyaratnadebnath/VisionLanguageAction/models/UniVLA/pretrain/fast_bridge_t5_s50,sdpa,,,/home/soumyara004/soumyaratnadebnath/VisionLanguageAction/models/UniVLA/weights/UNIVLA_SIMPLER_BRIDGE_VIDEO_BS128_20K,guarded_action_reuse,guarded_reuse_aggressive,,,,1,cuda:0,,0.2,False,0.15,,3,0.5,0.01,1,0.2,150,univla_simplerenv_bridge,/home/soumyara004/soumyaratnadebnath/VisionLanguageAction/models/UniVLA/configs/normalizer_bridge/norm_stats.json,,,50,/home/soumyara004/soumyaratnadebnath/VisionLanguageAction/artifacts/results/univla_simplerenv_bridge/guarded_reuse_aggressive/widowx_carrot_on_plate,,,2,0.02,0.05,0.98,0.01,42,,widowx_carrot_on_plate,,/home/soumyara004/soumyaratnadebnath/VisionLanguageAction/models/UniVLA/weights/Emu3-VisionTokenizer,,,bridge_robot,sdpa,Emu3MoE,,16984056920,,,,Yuqi1997/UniVLA/UNIVLA_SIMPLER_BRIDGE_VIDEO_BS128_20K,5,,,/home/soumyara004/soumyaratnadebnath/VisionLanguageAction/models/UniVLA/weights/UNIVLA_SIMPLER_BRIDGE_VIDEO_BS128_20K,/home/soumyara004/soumyaratnadebnath/VisionLanguageAction/models/UniVLA/weights/UNIVLA_SIMPLER_BRIDGE_VIDEO_BS128_20K,,simpler_widowx,,/home/soumyara004/soumyaratnadebnath/VisionLanguageAction/models/UniVLA/weights/Emu3-VisionTokenizer,,,,,,,,,,False,0,0.0,Emu3 VQ-code fusion before UniVLA language-model input,
/home/user/BiVLA/artifacts/results/mentor_2026-09-11/results/univla_simplerenv_bridge/guarded_reuse_aggressive/widowx_put_eggplant_in_basket/summary.json,univla_simplerenv_bridge,guarded_reuse_aggressive,widowx_put_eggplant_in_basket,completed,guarded_action_reuse,univla_simplerenv_bridge,guarded_reuse_aggressive,simpler_widowx,50,49,0.98,0.0,6.24,,NoneType,,Task success and timing from paired SimplerEnv WidowX rollouts. UniVLA native five-action chunks are retained; synthetic action agreement is not used.,<absent>,<absent>,<absent>,False,False,False,[],2,/home/soumyara004/soumyaratnadebnath/VisionLanguageAction/models/UniVLA/pretrain/fast_bridge_t5_s50,sdpa,,,/home/soumyara004/soumyaratnadebnath/VisionLanguageAction/models/UniVLA/weights/UNIVLA_SIMPLER_BRIDGE_VIDEO_BS128_20K,guarded_action_reuse,guarded_reuse_aggressive,,,,1,cuda:0,,0.2,False,0.15,,3,0.5,0.01,1,0.2,150,univla_simplerenv_bridge,/home/soumyara004/soumyaratnadebnath/VisionLanguageAction/models/UniVLA/configs/normalizer_bridge/norm_stats.json,,,50,/home/soumyara004/soumyaratnadebnath/VisionLanguageAction/artifacts/results/univla_simplerenv_bridge/guarded_reuse_aggressive/widowx_put_eggplant_in_basket,,,2,0.02,0.05,0.98,0.01,42,,widowx_put_eggplant_in_basket,,/home/soumyara004/soumyaratnadebnath/VisionLanguageAction/models/UniVLA/weights/Emu3-VisionTokenizer,,,bridge_robot,sdpa,Emu3MoE,,16984056920,,,,Yuqi1997/UniVLA/UNIVLA_SIMPLER_BRIDGE_VIDEO_BS128_20K,5,,,/home/soumyara004/soumyaratnadebnath/VisionLanguageAction/models/UniVLA/weights/UNIVLA_SIMPLER_BRIDGE_VIDEO_BS128_20K,/home/soumyara004/soumyaratnadebnath/VisionLanguageAction/models/UniVLA/weights/UNIVLA_SIMPLER_BRIDGE_VIDEO_BS128_20K,,simpler_widowx,,/home/soumyara004/soumyaratnadebnath/VisionLanguageAction/models/UniVLA/weights/Emu3-VisionTokenizer,,,,,,,,,,False,0,0.0,Emu3 VQ-code fusion before UniVLA language-model input,
/home/user/BiVLA/artifacts/results/mentor_2026-09-11/results/univla_simplerenv_bridge/guarded_reuse_aggressive/widowx_spoon_on_towel/summary.json,univla_simplerenv_bridge,guarded_reuse_aggressive,widowx_spoon_on_towel,completed,guarded_action_reuse,univla_simplerenv_bridge,guarded_reuse_aggressive,simpler_widowx,50,42,0.84,0.04,6.06,,NoneType,,Task success and timing from paired SimplerEnv WidowX rollouts. UniVLA native five-action chunks are retained; synthetic action agreement is not used.,<absent>,<absent>,<absent>,False,False,False,[],2,/home/soumyara004/soumyaratnadebnath/VisionLanguageAction/models/UniVLA/pretrain/fast_bridge_t5_s50,sdpa,,,/home/soumyara004/soumyaratnadebnath/VisionLanguageAction/models/UniVLA/weights/UNIVLA_SIMPLER_BRIDGE_VIDEO_BS128_20K,guarded_action_reuse,guarded_reuse_aggressive,,,,1,cuda:0,,0.2,False,0.15,,3,0.5,0.01,1,0.2,150,univla_simplerenv_bridge,/home/soumyara004/soumyaratnadebnath/VisionLanguageAction/models/UniVLA/configs/normalizer_bridge/norm_stats.json,,,50,/home/soumyara004/soumyaratnadebnath/VisionLanguageAction/artifacts/results/univla_simplerenv_bridge/guarded_reuse_aggressive/widowx_spoon_on_towel,,,2,0.02,0.05,0.98,0.01,42,,widowx_spoon_on_towel,,/home/soumyara004/soumyaratnadebnath/VisionLanguageAction/models/UniVLA/weights/Emu3-VisionTokenizer,,,bridge_robot,sdpa,Emu3MoE,,16984056920,,,,Yuqi1997/UniVLA/UNIVLA_SIMPLER_BRIDGE_VIDEO_BS128_20K,5,,,/home/soumyara004/soumyaratnadebnath/VisionLanguageAction/models/UniVLA/weights/UNIVLA_SIMPLER_BRIDGE_VIDEO_BS128_20K,/home/soumyara004/soumyaratnadebnath/VisionLanguageAction/models/UniVLA/weights/UNIVLA_SIMPLER_BRIDGE_VIDEO_BS128_20K,,simpler_widowx,,/home/soumyara004/soumyaratnadebnath/VisionLanguageAction/models/UniVLA/weights/Emu3-VisionTokenizer,,,,,,,,,,False,0,0.0,Emu3 VQ-code fusion before UniVLA language-model input,
/home/user/BiVLA/artifacts/results/mentor_2026-09-11/results/univla_simplerenv_bridge/guarded_reuse_aggressive/widowx_stack_cube/summary.json,univla_simplerenv_bridge,guarded_reuse_aggressive,widowx_stack_cube,completed,guarded_action_reuse,univla_simplerenv_bridge,guarded_reuse_aggressive,simpler_widowx,50,40,0.8,0.0,6.9,,NoneType,,Task success and timing from paired SimplerEnv WidowX rollouts. UniVLA native five-action chunks are retained; synthetic action agreement is not used.,<absent>,<absent>,<absent>,False,False,False,[],2,/home/soumyara004/soumyaratnadebnath/VisionLanguageAction/models/UniVLA/pretrain/fast_bridge_t5_s50,sdpa,,,/home/soumyara004/soumyaratnadebnath/VisionLanguageAction/models/UniVLA/weights/UNIVLA_SIMPLER_BRIDGE_VIDEO_BS128_20K,guarded_action_reuse,guarded_reuse_aggressive,,,,1,cuda:0,,0.2,False,0.15,,3,0.5,0.01,1,0.2,150,univla_simplerenv_bridge,/home/soumyara004/soumyaratnadebnath/VisionLanguageAction/models/UniVLA/configs/normalizer_bridge/norm_stats.json,,,50,/home/soumyara004/soumyaratnadebnath/VisionLanguageAction/artifacts/results/univla_simplerenv_bridge/guarded_reuse_aggressive/widowx_stack_cube,,,2,0.02,0.05,0.98,0.01,42,,widowx_stack_cube,,/home/soumyara004/soumyaratnadebnath/VisionLanguageAction/models/UniVLA/weights/Emu3-VisionTokenizer,,,bridge_robot,sdpa,Emu3MoE,,16984056920,,,,Yuqi1997/UniVLA/UNIVLA_SIMPLER_BRIDGE_VIDEO_BS128_20K,5,,,/home/soumyara004/soumyaratnadebnath/VisionLanguageAction/models/UniVLA/weights/UNIVLA_SIMPLER_BRIDGE_VIDEO_BS128_20K,/home/soumyara004/soumyaratnadebnath/VisionLanguageAction/models/UniVLA/weights/UNIVLA_SIMPLER_BRIDGE_VIDEO_BS128_20K,,simpler_widowx,,/home/soumyara004/soumyaratnadebnath/VisionLanguageAction/models/UniVLA/weights/Emu3-VisionTokenizer,,,,,,,,,,False,0,0.0,Emu3 VQ-code fusion before UniVLA language-model input,
/home/user/BiVLA/artifacts/results/mentor_2026-09-11/results/univla_simplerenv_bridge/guarded_reuse_moderate/widowx_carrot_on_plate/summary.json,univla_simplerenv_bridge,guarded_reuse_moderate,widowx_carrot_on_plate,completed,guarded_action_reuse,univla_simplerenv_bridge,guarded_reuse_moderate,simpler_widowx,50,42,0.84,0.0,6.54,,NoneType,,Task success and timing from paired SimplerEnv WidowX rollouts. UniVLA native five-action chunks are retained; synthetic action agreement is not used.,<absent>,<absent>,<absent>,False,False,False,[],2,/home/soumyara004/soumyaratnadebnath/VisionLanguageAction/models/UniVLA/pretrain/fast_bridge_t5_s50,sdpa,,,/home/soumyara004/soumyaratnadebnath/VisionLanguageAction/models/UniVLA/weights/UNIVLA_SIMPLER_BRIDGE_VIDEO_BS128_20K,guarded_action_reuse,guarded_reuse_moderate,,,,1,cuda:0,,0.2,False,0.15,,3,0.5,0.01,1,0.2,150,univla_simplerenv_bridge,/home/soumyara004/soumyaratnadebnath/VisionLanguageAction/models/UniVLA/configs/normalizer_bridge/norm_stats.json,,,50,/home/soumyara004/soumyaratnadebnath/VisionLanguageAction/artifacts/results/univla_simplerenv_bridge/guarded_reuse_moderate/widowx_carrot_on_plate,,,1,0.015,0.04,0.99,0.01,42,,widowx_carrot_on_plate,,/home/soumyara004/soumyaratnadebnath/VisionLanguageAction/models/UniVLA/weights/Emu3-VisionTokenizer,,,bridge_robot,sdpa,Emu3MoE,,16984056920,,,,Yuqi1997/UniVLA/UNIVLA_SIMPLER_BRIDGE_VIDEO_BS128_20K,5,,,/home/soumyara004/soumyaratnadebnath/VisionLanguageAction/models/UniVLA/weights/UNIVLA_SIMPLER_BRIDGE_VIDEO_BS128_20K,/home/soumyara004/soumyaratnadebnath/VisionLanguageAction/models/UniVLA/weights/UNIVLA_SIMPLER_BRIDGE_VIDEO_BS128_20K,,simpler_widowx,,/home/soumyara004/soumyaratnadebnath/VisionLanguageAction/models/UniVLA/weights/Emu3-VisionTokenizer,,,,,,,,,,False,0,0.0,Emu3 VQ-code fusion before UniVLA language-model input,
/home/user/BiVLA/artifacts/results/mentor_2026-09-11/results/univla_simplerenv_bridge/guarded_reuse_moderate/widowx_put_eggplant_in_basket/summary.json,univla_simplerenv_bridge,guarded_reuse_moderate,widowx_put_eggplant_in_basket,completed,guarded_action_reuse,univla_simplerenv_bridge,guarded_reuse_moderate,simpler_widowx,50,49,0.98,0.0,6.24,,NoneType,,Task success and timing from paired SimplerEnv WidowX rollouts. UniVLA native five-action chunks are retained; synthetic action agreement is not used.,<absent>,<absent>,<absent>,False,False,False,[],2,/home/soumyara004/soumyaratnadebnath/VisionLanguageAction/models/UniVLA/pretrain/fast_bridge_t5_s50,sdpa,,,/home/soumyara004/soumyaratnadebnath/VisionLanguageAction/models/UniVLA/weights/UNIVLA_SIMPLER_BRIDGE_VIDEO_BS128_20K,guarded_action_reuse,guarded_reuse_moderate,,,,1,cuda:0,,0.2,False,0.15,,3,0.5,0.01,1,0.2,150,univla_simplerenv_bridge,/home/soumyara004/soumyaratnadebnath/VisionLanguageAction/models/UniVLA/configs/normalizer_bridge/norm_stats.json,,,50,/home/soumyara004/soumyaratnadebnath/VisionLanguageAction/artifacts/results/univla_simplerenv_bridge/guarded_reuse_moderate/widowx_put_eggplant_in_basket,,,1,0.015,0.04,0.99,0.01,42,,widowx_put_eggplant_in_basket,,/home/soumyara004/soumyaratnadebnath/VisionLanguageAction/models/UniVLA/weights/Emu3-VisionTokenizer,,,bridge_robot,sdpa,Emu3MoE,,16984056920,,,,Yuqi1997/UniVLA/UNIVLA_SIMPLER_BRIDGE_VIDEO_BS128_20K,5,,,/home/soumyara004/soumyaratnadebnath/VisionLanguageAction/models/UniVLA/weights/UNIVLA_SIMPLER_BRIDGE_VIDEO_BS128_20K,/home/soumyara004/soumyaratnadebnath/VisionLanguageAction/models/UniVLA/weights/UNIVLA_SIMPLER_BRIDGE_VIDEO_BS128_20K,,simpler_widowx,,/home/soumyara004/soumyaratnadebnath/VisionLanguageAction/models/UniVLA/weights/Emu3-VisionTokenizer,,,,,,,,,,False,0,0.0,Emu3 VQ-code fusion before UniVLA language-model input,
/home/user/BiVLA/artifacts/results/mentor_2026-09-11/results/univla_simplerenv_bridge/guarded_reuse_moderate/widowx_spoon_on_towel/summary.json,univla_simplerenv_bridge,guarded_reuse_moderate,widowx_spoon_on_towel,completed,guarded_action_reuse,univla_simplerenv_bridge,guarded_reuse_moderate,simpler_widowx,50,44,0.88,0.02,5.7,,NoneType,,Task success and timing from paired SimplerEnv WidowX rollouts. UniVLA native five-action chunks are retained; synthetic action agreement is not used.,<absent>,<absent>,<absent>,False,False,False,[],2,/home/soumyara004/soumyaratnadebnath/VisionLanguageAction/models/UniVLA/pretrain/fast_bridge_t5_s50,sdpa,,,/home/soumyara004/soumyaratnadebnath/VisionLanguageAction/models/UniVLA/weights/UNIVLA_SIMPLER_BRIDGE_VIDEO_BS128_20K,guarded_action_reuse,guarded_reuse_moderate,,,,1,cuda:0,,0.2,False,0.15,,3,0.5,0.01,1,0.2,150,univla_simplerenv_bridge,/home/soumyara004/soumyaratnadebnath/VisionLanguageAction/models/UniVLA/configs/normalizer_bridge/norm_stats.json,,,50,/home/soumyara004/soumyaratnadebnath/VisionLanguageAction/artifacts/results/univla_simplerenv_bridge/guarded_reuse_moderate/widowx_spoon_on_towel,,,1,0.015,0.04,0.99,0.01,42,,widowx_spoon_on_towel,,/home/soumyara004/soumyaratnadebnath/VisionLanguageAction/models/UniVLA/weights/Emu3-VisionTokenizer,,,bridge_robot,sdpa,Emu3MoE,,16984056920,,,,Yuqi1997/UniVLA/UNIVLA_SIMPLER_BRIDGE_VIDEO_BS128_20K,5,,,/home/soumyara004/soumyaratnadebnath/VisionLanguageAction/models/UniVLA/weights/UNIVLA_SIMPLER_BRIDGE_VIDEO_BS128_20K,/home/soumyara004/soumyaratnadebnath/VisionLanguageAction/models/UniVLA/weights/UNIVLA_SIMPLER_BRIDGE_VIDEO_BS128_20K,,simpler_widowx,,/home/soumyara004/soumyaratnadebnath/VisionLanguageAction/models/UniVLA/weights/Emu3-VisionTokenizer,,,,,,,,,,False,0,0.0,Emu3 VQ-code fusion before UniVLA language-model input,
/home/user/BiVLA/artifacts/results/mentor_2026-09-11/results/univla_simplerenv_bridge/guarded_reuse_moderate/widowx_stack_cube/summary.json,univla_simplerenv_bridge,guarded_reuse_moderate,widowx_stack_cube,completed,guarded_action_reuse,univla_simplerenv_bridge,guarded_reuse_moderate,simpler_widowx,50,40,0.8,0.0,6.9,,NoneType,,Task success and timing from paired SimplerEnv WidowX rollouts. UniVLA native five-action chunks are retained; synthetic action agreement is not used.,<absent>,<absent>,<absent>,False,False,False,[],2,/home/soumyara004/soumyaratnadebnath/VisionLanguageAction/models/UniVLA/pretrain/fast_bridge_t5_s50,sdpa,,,/home/soumyara004/soumyaratnadebnath/VisionLanguageAction/models/UniVLA/weights/UNIVLA_SIMPLER_BRIDGE_VIDEO_BS128_20K,guarded_action_reuse,guarded_reuse_moderate,,,,1,cuda:0,,0.2,False,0.15,,3,0.5,0.01,1,0.2,150,univla_simplerenv_bridge,/home/soumyara004/soumyaratnadebnath/VisionLanguageAction/models/UniVLA/configs/normalizer_bridge/norm_stats.json,,,50,/home/soumyara004/soumyaratnadebnath/VisionLanguageAction/artifacts/results/univla_simplerenv_bridge/guarded_reuse_moderate/widowx_stack_cube,,,1,0.015,0.04,0.99,0.01,42,,widowx_stack_cube,,/home/soumyara004/soumyaratnadebnath/VisionLanguageAction/models/UniVLA/weights/Emu3-VisionTokenizer,,,bridge_robot,sdpa,Emu3MoE,,16984056920,,,,Yuqi1997/UniVLA/UNIVLA_SIMPLER_BRIDGE_VIDEO_BS128_20K,5,,,/home/soumyara004/soumyaratnadebnath/VisionLanguageAction/models/UniVLA/weights/UNIVLA_SIMPLER_BRIDGE_VIDEO_BS128_20K,/home/soumyara004/soumyaratnadebnath/VisionLanguageAction/models/UniVLA/weights/UNIVLA_SIMPLER_BRIDGE_VIDEO_BS128_20K,,simpler_widowx,,/home/soumyara004/soumyaratnadebnath/VisionLanguageAction/models/UniVLA/weights/Emu3-VisionTokenizer,,,,,,,,,,False,0,0.0,Emu3 VQ-code fusion before UniVLA language-model input,
/home/user/BiVLA/artifacts/results/mentor_2026-09-11/results/univla_simplerenv_bridge/guarded_reuse_strict/widowx_carrot_on_plate/summary.json,univla_simplerenv_bridge,guarded_reuse_strict,widowx_carrot_on_plate,completed,guarded_action_reuse,univla_simplerenv_bridge,guarded_reuse_strict,simpler_widowx,50,42,0.84,0.0,6.54,,NoneType,,Task success and timing from paired SimplerEnv WidowX rollouts. UniVLA native five-action chunks are retained; synthetic action agreement is not used.,<absent>,<absent>,<absent>,False,False,False,[],2,/home/soumyara004/soumyaratnadebnath/VisionLanguageAction/models/UniVLA/pretrain/fast_bridge_t5_s50,sdpa,,,/home/soumyara004/soumyaratnadebnath/VisionLanguageAction/models/UniVLA/weights/UNIVLA_SIMPLER_BRIDGE_VIDEO_BS128_20K,guarded_action_reuse,guarded_reuse_strict,,,,1,cuda:0,,0.2,False,0.15,,3,0.5,0.01,1,0.2,150,univla_simplerenv_bridge,/home/soumyara004/soumyaratnadebnath/VisionLanguageAction/models/UniVLA/configs/normalizer_bridge/norm_stats.json,,,50,/home/soumyara004/soumyaratnadebnath/VisionLanguageAction/artifacts/results/univla_simplerenv_bridge/guarded_reuse_strict/widowx_carrot_on_plate,,,1,0.01,0.03,0.995,0.01,42,,widowx_carrot_on_plate,,/home/soumyara004/soumyaratnadebnath/VisionLanguageAction/models/UniVLA/weights/Emu3-VisionTokenizer,,,bridge_robot,sdpa,Emu3MoE,,16984056920,,,,Yuqi1997/UniVLA/UNIVLA_SIMPLER_BRIDGE_VIDEO_BS128_20K,5,,,/home/soumyara004/soumyaratnadebnath/VisionLanguageAction/models/UniVLA/weights/UNIVLA_SIMPLER_BRIDGE_VIDEO_BS128_20K,/home/soumyara004/soumyaratnadebnath/VisionLanguageAction/models/UniVLA/weights/UNIVLA_SIMPLER_BRIDGE_VIDEO_BS128_20K,,simpler_widowx,,/home/soumyara004/soumyaratnadebnath/VisionLanguageAction/models/UniVLA/weights/Emu3-VisionTokenizer,,,,,,,,,,False,0,0.0,Emu3 VQ-code fusion before UniVLA language-model input,
/home/user/BiVLA/artifacts/results/mentor_2026-09-11/results/univla_simplerenv_bridge/guarded_reuse_strict/widowx_put_eggplant_in_basket/summary.json,univla_simplerenv_bridge,guarded_reuse_strict,widowx_put_eggplant_in_basket,completed,guarded_action_reuse,univla_simplerenv_bridge,guarded_reuse_strict,simpler_widowx,50,49,0.98,0.0,6.24,,NoneType,,Task success and timing from paired SimplerEnv WidowX rollouts. UniVLA native five-action chunks are retained; synthetic action agreement is not used.,<absent>,<absent>,<absent>,False,False,False,[],2,/home/soumyara004/soumyaratnadebnath/VisionLanguageAction/models/UniVLA/pretrain/fast_bridge_t5_s50,sdpa,,,/home/soumyara004/soumyaratnadebnath/VisionLanguageAction/models/UniVLA/weights/UNIVLA_SIMPLER_BRIDGE_VIDEO_BS128_20K,guarded_action_reuse,guarded_reuse_strict,,,,1,cuda:0,,0.2,False,0.15,,3,0.5,0.01,1,0.2,150,univla_simplerenv_bridge,/home/soumyara004/soumyaratnadebnath/VisionLanguageAction/models/UniVLA/configs/normalizer_bridge/norm_stats.json,,,50,/home/soumyara004/soumyaratnadebnath/VisionLanguageAction/artifacts/results/univla_simplerenv_bridge/guarded_reuse_strict/widowx_put_eggplant_in_basket,,,1,0.01,0.03,0.995,0.01,42,,widowx_put_eggplant_in_basket,,/home/soumyara004/soumyaratnadebnath/VisionLanguageAction/models/UniVLA/weights/Emu3-VisionTokenizer,,,bridge_robot,sdpa,Emu3MoE,,16984056920,,,,Yuqi1997/UniVLA/UNIVLA_SIMPLER_BRIDGE_VIDEO_BS128_20K,5,,,/home/soumyara004/soumyaratnadebnath/VisionLanguageAction/models/UniVLA/weights/UNIVLA_SIMPLER_BRIDGE_VIDEO_BS128_20K,/home/soumyara004/soumyaratnadebnath/VisionLanguageAction/models/UniVLA/weights/UNIVLA_SIMPLER_BRIDGE_VIDEO_BS128_20K,,simpler_widowx,,/home/soumyara004/soumyaratnadebnath/VisionLanguageAction/models/UniVLA/weights/Emu3-VisionTokenizer,,,,,,,,,,False,0,0.0,Emu3 VQ-code fusion before UniVLA language-model input,
/home/user/BiVLA/artifacts/results/mentor_2026-09-11/results/univla_simplerenv_bridge/guarded_reuse_strict/widowx_spoon_on_towel/summary.json,univla_simplerenv_bridge,guarded_reuse_strict,widowx_spoon_on_towel,completed,guarded_action_reuse,univla_simplerenv_bridge,guarded_reuse_strict,simpler_widowx,50,44,0.88,0.0,5.82,,NoneType,,Task success and timing from paired SimplerEnv WidowX rollouts. UniVLA native five-action chunks are retained; synthetic action agreement is not used.,<absent>,<absent>,<absent>,False,False,False,[],2,/home/soumyara004/soumyaratnadebnath/VisionLanguageAction/models/UniVLA/pretrain/fast_bridge_t5_s50,sdpa,,,/home/soumyara004/soumyaratnadebnath/VisionLanguageAction/models/UniVLA/weights/UNIVLA_SIMPLER_BRIDGE_VIDEO_BS128_20K,guarded_action_reuse,guarded_reuse_strict,,,,1,cuda:0,,0.2,False,0.15,,3,0.5,0.01,1,0.2,150,univla_simplerenv_bridge,/home/soumyara004/soumyaratnadebnath/VisionLanguageAction/models/UniVLA/configs/normalizer_bridge/norm_stats.json,,,50,/home/soumyara004/soumyaratnadebnath/VisionLanguageAction/artifacts/results/univla_simplerenv_bridge/guarded_reuse_strict/widowx_spoon_on_towel,,,1,0.01,0.03,0.995,0.01,42,,widowx_spoon_on_towel,,/home/soumyara004/soumyaratnadebnath/VisionLanguageAction/models/UniVLA/weights/Emu3-VisionTokenizer,,,bridge_robot,sdpa,Emu3MoE,,16984056920,,,,Yuqi1997/UniVLA/UNIVLA_SIMPLER_BRIDGE_VIDEO_BS128_20K,5,,,/home/soumyara004/soumyaratnadebnath/VisionLanguageAction/models/UniVLA/weights/UNIVLA_SIMPLER_BRIDGE_VIDEO_BS128_20K,/home/soumyara004/soumyaratnadebnath/VisionLanguageAction/models/UniVLA/weights/UNIVLA_SIMPLER_BRIDGE_VIDEO_BS128_20K,,simpler_widowx,,/home/soumyara004/soumyaratnadebnath/VisionLanguageAction/models/UniVLA/weights/Emu3-VisionTokenizer,,,,,,,,,,False,0,0.0,Emu3 VQ-code fusion before UniVLA language-model input,
/home/user/BiVLA/artifacts/results/mentor_2026-09-11/results/univla_simplerenv_bridge/guarded_reuse_strict/widowx_stack_cube/summary.json,univla_simplerenv_bridge,guarded_reuse_strict,widowx_stack_cube,completed,guarded_action_reuse,univla_simplerenv_bridge,guarded_reuse_strict,simpler_widowx,50,40,0.8,0.0,6.9,,NoneType,,Task success and timing from paired SimplerEnv WidowX rollouts. UniVLA native five-action chunks are retained; synthetic action agreement is not used.,<absent>,<absent>,<absent>,False,False,False,[],2,/home/soumyara004/soumyaratnadebnath/VisionLanguageAction/models/UniVLA/pretrain/fast_bridge_t5_s50,sdpa,,,/home/soumyara004/soumyaratnadebnath/VisionLanguageAction/models/UniVLA/weights/UNIVLA_SIMPLER_BRIDGE_VIDEO_BS128_20K,guarded_action_reuse,guarded_reuse_strict,,,,1,cuda:0,,0.2,False,0.15,,3,0.5,0.01,1,0.2,150,univla_simplerenv_bridge,/home/soumyara004/soumyaratnadebnath/VisionLanguageAction/models/UniVLA/configs/normalizer_bridge/norm_stats.json,,,50,/home/soumyara004/soumyaratnadebnath/VisionLanguageAction/artifacts/results/univla_simplerenv_bridge/guarded_reuse_strict/widowx_stack_cube,,,1,0.01,0.03,0.995,0.01,42,,widowx_stack_cube,,/home/soumyara004/soumyaratnadebnath/VisionLanguageAction/models/UniVLA/weights/Emu3-VisionTokenizer,,,bridge_robot,sdpa,Emu3MoE,,16984056920,,,,Yuqi1997/UniVLA/UNIVLA_SIMPLER_BRIDGE_VIDEO_BS128_20K,5,,,/home/soumyara004/soumyaratnadebnath/VisionLanguageAction/models/UniVLA/weights/UNIVLA_SIMPLER_BRIDGE_VIDEO_BS128_20K,/home/soumyara004/soumyaratnadebnath/VisionLanguageAction/models/UniVLA/weights/UNIVLA_SIMPLER_BRIDGE_VIDEO_BS128_20K,,simpler_widowx,,/home/soumyara004/soumyaratnadebnath/VisionLanguageAction/models/UniVLA/weights/Emu3-VisionTokenizer,,,,,,,,,,False,0,0.0,Emu3 VQ-code fusion before UniVLA language-model input,
/home/user/BiVLA/artifacts/results/mentor_2026-09-11/results/univla_simplerenv_bridge/original/widowx_carrot_on_plate/summary.json,univla_simplerenv_bridge,original,widowx_carrot_on_plate,completed,original,univla_simplerenv_bridge,original,simpler_widowx,50,42,0.84,0.0,6.54,,NoneType,,Task success and timing from paired SimplerEnv WidowX rollouts. UniVLA native five-action chunks are retained; synthetic action agreement is not used.,<absent>,<absent>,<absent>,False,False,False,[],2,/home/soumyara004/soumyaratnadebnath/VisionLanguageAction/models/UniVLA/pretrain/fast_bridge_t5_s50,sdpa,,,/home/soumyara004/soumyaratnadebnath/VisionLanguageAction/models/UniVLA/weights/UNIVLA_SIMPLER_BRIDGE_VIDEO_BS128_20K,original,original,,,,1,cuda:0,,0.2,False,0.15,,3,0.5,0.01,1,0.2,150,univla_simplerenv_bridge,/home/soumyara004/soumyaratnadebnath/VisionLanguageAction/models/UniVLA/configs/normalizer_bridge/norm_stats.json,,,50,/home/soumyara004/soumyaratnadebnath/VisionLanguageAction/artifacts/results/univla_simplerenv_bridge/original/widowx_carrot_on_plate,,,1,0.01,0.03,0.995,0.01,42,,widowx_carrot_on_plate,,/home/soumyara004/soumyaratnadebnath/VisionLanguageAction/models/UniVLA/weights/Emu3-VisionTokenizer,,,bridge_robot,sdpa,Emu3MoE,,16984056920,,,,Yuqi1997/UniVLA/UNIVLA_SIMPLER_BRIDGE_VIDEO_BS128_20K,5,,,/home/soumyara004/soumyaratnadebnath/VisionLanguageAction/models/UniVLA/weights/UNIVLA_SIMPLER_BRIDGE_VIDEO_BS128_20K,/home/soumyara004/soumyaratnadebnath/VisionLanguageAction/models/UniVLA/weights/UNIVLA_SIMPLER_BRIDGE_VIDEO_BS128_20K,,simpler_widowx,,/home/soumyara004/soumyaratnadebnath/VisionLanguageAction/models/UniVLA/weights/Emu3-VisionTokenizer,,,,,,,,,,False,0,0.0,Emu3 VQ-code fusion before UniVLA language-model input,
/home/user/BiVLA/artifacts/results/mentor_2026-09-11/results/univla_simplerenv_bridge/original/widowx_put_eggplant_in_basket/summary.json,univla_simplerenv_bridge,original,widowx_put_eggplant_in_basket,completed,original,univla_simplerenv_bridge,original,simpler_widowx,50,49,0.98,0.0,6.24,,NoneType,,Task success and timing from paired SimplerEnv WidowX rollouts. UniVLA native five-action chunks are retained; synthetic action agreement is not used.,<absent>,<absent>,<absent>,False,False,False,[],2,/home/soumyara004/soumyaratnadebnath/VisionLanguageAction/models/UniVLA/pretrain/fast_bridge_t5_s50,sdpa,,,/home/soumyara004/soumyaratnadebnath/VisionLanguageAction/models/UniVLA/weights/UNIVLA_SIMPLER_BRIDGE_VIDEO_BS128_20K,original,original,,,,1,cuda:0,,0.2,False,0.15,,3,0.5,0.01,1,0.2,150,univla_simplerenv_bridge,/home/soumyara004/soumyaratnadebnath/VisionLanguageAction/models/UniVLA/configs/normalizer_bridge/norm_stats.json,,,50,/home/soumyara004/soumyaratnadebnath/VisionLanguageAction/artifacts/results/univla_simplerenv_bridge/original/widowx_put_eggplant_in_basket,,,1,0.01,0.03,0.995,0.01,42,,widowx_put_eggplant_in_basket,,/home/soumyara004/soumyaratnadebnath/VisionLanguageAction/models/UniVLA/weights/Emu3-VisionTokenizer,,,bridge_robot,sdpa,Emu3MoE,,16984056920,,,,Yuqi1997/UniVLA/UNIVLA_SIMPLER_BRIDGE_VIDEO_BS128_20K,5,,,/home/soumyara004/soumyaratnadebnath/VisionLanguageAction/models/UniVLA/weights/UNIVLA_SIMPLER_BRIDGE_VIDEO_BS128_20K,/home/soumyara004/soumyaratnadebnath/VisionLanguageAction/models/UniVLA/weights/UNIVLA_SIMPLER_BRIDGE_VIDEO_BS128_20K,,simpler_widowx,,/home/soumyara004/soumyaratnadebnath/VisionLanguageAction/models/UniVLA/weights/Emu3-VisionTokenizer,,,,,,,,,,False,0,0.0,Emu3 VQ-code fusion before UniVLA language-model input,
/home/user/BiVLA/artifacts/results/mentor_2026-09-11/results/univla_simplerenv_bridge/original/widowx_spoon_on_towel/summary.json,univla_simplerenv_bridge,original,widowx_spoon_on_towel,completed,original,univla_simplerenv_bridge,original,simpler_widowx,50,44,0.88,0.0,5.82,,NoneType,,Task success and timing from paired SimplerEnv WidowX rollouts. UniVLA native five-action chunks are retained; synthetic action agreement is not used.,<absent>,<absent>,<absent>,False,False,False,[],2,/home/soumyara004/soumyaratnadebnath/VisionLanguageAction/models/UniVLA/pretrain/fast_bridge_t5_s50,sdpa,,,/home/soumyara004/soumyaratnadebnath/VisionLanguageAction/models/UniVLA/weights/UNIVLA_SIMPLER_BRIDGE_VIDEO_BS128_20K,original,original,,,,1,cuda:0,,0.2,False,0.15,,3,0.5,0.01,1,0.2,150,univla_simplerenv_bridge,/home/soumyara004/soumyaratnadebnath/VisionLanguageAction/models/UniVLA/configs/normalizer_bridge/norm_stats.json,,,50,/home/soumyara004/soumyaratnadebnath/VisionLanguageAction/artifacts/results/univla_simplerenv_bridge/original/widowx_spoon_on_towel,,,1,0.01,0.03,0.995,0.01,42,,widowx_spoon_on_towel,,/home/soumyara004/soumyaratnadebnath/VisionLanguageAction/models/UniVLA/weights/Emu3-VisionTokenizer,,,bridge_robot,sdpa,Emu3MoE,,16984056920,,,,Yuqi1997/UniVLA/UNIVLA_SIMPLER_BRIDGE_VIDEO_BS128_20K,5,,,/home/soumyara004/soumyaratnadebnath/VisionLanguageAction/models/UniVLA/weights/UNIVLA_SIMPLER_BRIDGE_VIDEO_BS128_20K,/home/soumyara004/soumyaratnadebnath/VisionLanguageAction/models/UniVLA/weights/UNIVLA_SIMPLER_BRIDGE_VIDEO_BS128_20K,,simpler_widowx,,/home/soumyara004/soumyaratnadebnath/VisionLanguageAction/models/UniVLA/weights/Emu3-VisionTokenizer,,,,,,,,,,False,0,0.0,Emu3 VQ-code fusion before UniVLA language-model input,
/home/user/BiVLA/artifacts/results/mentor_2026-09-11/results/univla_simplerenv_bridge/original/widowx_stack_cube/summary.json,univla_simplerenv_bridge,original,widowx_stack_cube,completed,original,univla_simplerenv_bridge,original,simpler_widowx,50,40,0.8,0.0,6.9,,NoneType,,Task success and timing from paired SimplerEnv WidowX rollouts. UniVLA native five-action chunks are retained; synthetic action agreement is not used.,<absent>,<absent>,<absent>,False,False,False,[],2,/home/soumyara004/soumyaratnadebnath/VisionLanguageAction/models/UniVLA/pretrain/fast_bridge_t5_s50,sdpa,,,/home/soumyara004/soumyaratnadebnath/VisionLanguageAction/models/UniVLA/weights/UNIVLA_SIMPLER_BRIDGE_VIDEO_BS128_20K,original,original,,,,1,cuda:0,,0.2,False,0.15,,3,0.5,0.01,1,0.2,150,univla_simplerenv_bridge,/home/soumyara004/soumyaratnadebnath/VisionLanguageAction/models/UniVLA/configs/normalizer_bridge/norm_stats.json,,,50,/home/soumyara004/soumyaratnadebnath/VisionLanguageAction/artifacts/results/univla_simplerenv_bridge/original/widowx_stack_cube,,,1,0.01,0.03,0.995,0.01,42,,widowx_stack_cube,,/home/soumyara004/soumyaratnadebnath/VisionLanguageAction/models/UniVLA/weights/Emu3-VisionTokenizer,,,bridge_robot,sdpa,Emu3MoE,,16984056920,,,,Yuqi1997/UniVLA/UNIVLA_SIMPLER_BRIDGE_VIDEO_BS128_20K,5,,,/home/soumyara004/soumyaratnadebnath/VisionLanguageAction/models/UniVLA/weights/UNIVLA_SIMPLER_BRIDGE_VIDEO_BS128_20K,/home/soumyara004/soumyaratnadebnath/VisionLanguageAction/models/UniVLA/weights/UNIVLA_SIMPLER_BRIDGE_VIDEO_BS128_20K,,simpler_widowx,,/home/soumyara004/soumyaratnadebnath/VisionLanguageAction/models/UniVLA/weights/Emu3-VisionTokenizer,,,,,,,,,,False,0,0.0,Emu3 VQ-code fusion before UniVLA language-model input,
/home/user/BiVLA/artifacts/results/mentor_2026-09-11/results/univla_simplerenv_bridge/temporal_fusion_conservative_adaptive/widowx_carrot_on_plate/summary.json,univla_simplerenv_bridge,temporal_fusion_conservative_adaptive,widowx_carrot_on_plate,completed,temporal_fusion,univla_simplerenv_bridge,temporal_fusion_conservative_adaptive,simpler_widowx,50,42,0.84,0.0,6.54,,NoneType,,Task success and timing from paired SimplerEnv WidowX rollouts. UniVLA native five-action chunks are retained; synthetic action agreement is not used.,<absent>,<absent>,<absent>,False,False,False,[],2,/home/soumyara004/soumyaratnadebnath/VisionLanguageAction/models/UniVLA/pretrain/fast_bridge_t5_s50,sdpa,,,/home/soumyara004/soumyaratnadebnath/VisionLanguageAction/models/UniVLA/weights/UNIVLA_SIMPLER_BRIDGE_VIDEO_BS128_20K,temporal_fusion,temporal_fusion_conservative_adaptive,,,,1,cuda:0,,0.2,False,0.15,0.03,2,0.25,0.01,1,0.2,150,univla_simplerenv_bridge,/home/soumyara004/soumyaratnadebnath/VisionLanguageAction/models/UniVLA/configs/normalizer_bridge/norm_stats.json,,,50,/home/soumyara004/soumyaratnadebnath/VisionLanguageAction/artifacts/results/univla_simplerenv_bridge/temporal_fusion_conservative_adaptive/widowx_carrot_on_plate,,,1,0.01,0.03,0.995,0.01,42,,widowx_carrot_on_plate,,/home/soumyara004/soumyaratnadebnath/VisionLanguageAction/models/UniVLA/weights/Emu3-VisionTokenizer,,,bridge_robot,sdpa,Emu3MoE,,16984056920,,,,Yuqi1997/UniVLA/UNIVLA_SIMPLER_BRIDGE_VIDEO_BS128_20K,5,,,/home/soumyara004/soumyaratnadebnath/VisionLanguageAction/models/UniVLA/weights/UNIVLA_SIMPLER_BRIDGE_VIDEO_BS128_20K,/home/soumyara004/soumyaratnadebnath/VisionLanguageAction/models/UniVLA/weights/UNIVLA_SIMPLER_BRIDGE_VIDEO_BS128_20K,,simpler_widowx,,/home/soumyara004/soumyaratnadebnath/VisionLanguageAction/models/UniVLA/weights/Emu3-VisionTokenizer,,,,,,,,,,False,327,0.0,Emu3 VQ-code fusion before UniVLA language-model input,
/home/user/BiVLA/artifacts/results/mentor_2026-09-11/results/univla_simplerenv_bridge/temporal_fusion_conservative_adaptive/widowx_put_eggplant_in_basket/summary.json,univla_simplerenv_bridge,temporal_fusion_conservative_adaptive,widowx_put_eggplant_in_basket,completed,temporal_fusion,univla_simplerenv_bridge,temporal_fusion_conservative_adaptive,simpler_widowx,50,49,0.98,0.0,6.24,,NoneType,,Task success and timing from paired SimplerEnv WidowX rollouts. UniVLA native five-action chunks are retained; synthetic action agreement is not used.,<absent>,<absent>,<absent>,False,False,False,[],2,/home/soumyara004/soumyaratnadebnath/VisionLanguageAction/models/UniVLA/pretrain/fast_bridge_t5_s50,sdpa,,,/home/soumyara004/soumyaratnadebnath/VisionLanguageAction/models/UniVLA/weights/UNIVLA_SIMPLER_BRIDGE_VIDEO_BS128_20K,temporal_fusion,temporal_fusion_conservative_adaptive,,,,1,cuda:0,,0.2,False,0.15,0.03,2,0.25,0.01,1,0.2,150,univla_simplerenv_bridge,/home/soumyara004/soumyaratnadebnath/VisionLanguageAction/models/UniVLA/configs/normalizer_bridge/norm_stats.json,,,50,/home/soumyara004/soumyaratnadebnath/VisionLanguageAction/artifacts/results/univla_simplerenv_bridge/temporal_fusion_conservative_adaptive/widowx_put_eggplant_in_basket,,,1,0.01,0.03,0.995,0.01,42,,widowx_put_eggplant_in_basket,,/home/soumyara004/soumyaratnadebnath/VisionLanguageAction/models/UniVLA/weights/Emu3-VisionTokenizer,,,bridge_robot,sdpa,Emu3MoE,,16984056920,,,,Yuqi1997/UniVLA/UNIVLA_SIMPLER_BRIDGE_VIDEO_BS128_20K,5,,,/home/soumyara004/soumyaratnadebnath/VisionLanguageAction/models/UniVLA/weights/UNIVLA_SIMPLER_BRIDGE_VIDEO_BS128_20K,/home/soumyara004/soumyaratnadebnath/VisionLanguageAction/models/UniVLA/weights/UNIVLA_SIMPLER_BRIDGE_VIDEO_BS128_20K,,simpler_widowx,,/home/soumyara004/soumyaratnadebnath/VisionLanguageAction/models/UniVLA/weights/Emu3-VisionTokenizer,,,,,,,,,,False,312,0.0,Emu3 VQ-code fusion before UniVLA language-model input,
/home/user/BiVLA/artifacts/results/mentor_2026-09-11/results/univla_simplerenv_bridge/temporal_fusion_conservative_adaptive/widowx_spoon_on_towel/summary.json,univla_simplerenv_bridge,temporal_fusion_conservative_adaptive,widowx_spoon_on_towel,completed,temporal_fusion,univla_simplerenv_bridge,temporal_fusion_conservative_adaptive,simpler_widowx,50,44,0.88,0.0,5.82,,NoneType,,Task success and timing from paired SimplerEnv WidowX rollouts. UniVLA native five-action chunks are retained; synthetic action agreement is not used.,<absent>,<absent>,<absent>,False,False,False,[],2,/home/soumyara004/soumyaratnadebnath/VisionLanguageAction/models/UniVLA/pretrain/fast_bridge_t5_s50,sdpa,,,/home/soumyara004/soumyaratnadebnath/VisionLanguageAction/models/UniVLA/weights/UNIVLA_SIMPLER_BRIDGE_VIDEO_BS128_20K,temporal_fusion,temporal_fusion_conservative_adaptive,,,,1,cuda:0,,0.2,False,0.15,0.03,2,0.25,0.01,1,0.2,150,univla_simplerenv_bridge,/home/soumyara004/soumyaratnadebnath/VisionLanguageAction/models/UniVLA/configs/normalizer_bridge/norm_stats.json,,,50,/home/soumyara004/soumyaratnadebnath/VisionLanguageAction/artifacts/results/univla_simplerenv_bridge/temporal_fusion_conservative_adaptive/widowx_spoon_on_towel,,,1,0.01,0.03,0.995,0.01,42,,widowx_spoon_on_towel,,/home/soumyara004/soumyaratnadebnath/VisionLanguageAction/models/UniVLA/weights/Emu3-VisionTokenizer,,,bridge_robot,sdpa,Emu3MoE,,16984056920,,,,Yuqi1997/UniVLA/UNIVLA_SIMPLER_BRIDGE_VIDEO_BS128_20K,5,,,/home/soumyara004/soumyaratnadebnath/VisionLanguageAction/models/UniVLA/weights/UNIVLA_SIMPLER_BRIDGE_VIDEO_BS128_20K,/home/soumyara004/soumyaratnadebnath/VisionLanguageAction/models/UniVLA/weights/UNIVLA_SIMPLER_BRIDGE_VIDEO_BS128_20K,,simpler_widowx,,/home/soumyara004/soumyaratnadebnath/VisionLanguageAction/models/UniVLA/weights/Emu3-VisionTokenizer,,,,,,,,,,False,291,0.0,Emu3 VQ-code fusion before UniVLA language-model input,
/home/user/BiVLA/artifacts/results/mentor_2026-09-11/results/univla_simplerenv_bridge/temporal_fusion_conservative_adaptive/widowx_stack_cube/summary.json,univla_simplerenv_bridge,temporal_fusion_conservative_adaptive,widowx_stack_cube,completed,temporal_fusion,univla_simplerenv_bridge,temporal_fusion_conservative_adaptive,simpler_widowx,50,40,0.8,0.0,6.9,,NoneType,,Task success and timing from paired SimplerEnv WidowX rollouts. UniVLA native five-action chunks are retained; synthetic action agreement is not used.,<absent>,<absent>,<absent>,False,False,False,[],2,/home/soumyara004/soumyaratnadebnath/VisionLanguageAction/models/UniVLA/pretrain/fast_bridge_t5_s50,sdpa,,,/home/soumyara004/soumyaratnadebnath/VisionLanguageAction/models/UniVLA/weights/UNIVLA_SIMPLER_BRIDGE_VIDEO_BS128_20K,temporal_fusion,temporal_fusion_conservative_adaptive,,,,1,cuda:0,,0.2,False,0.15,0.03,2,0.25,0.01,1,0.2,150,univla_simplerenv_bridge,/home/soumyara004/soumyaratnadebnath/VisionLanguageAction/models/UniVLA/configs/normalizer_bridge/norm_stats.json,,,50,/home/soumyara004/soumyaratnadebnath/VisionLanguageAction/artifacts/results/univla_simplerenv_bridge/temporal_fusion_conservative_adaptive/widowx_stack_cube,,,1,0.01,0.03,0.995,0.01,42,,widowx_stack_cube,,/home/soumyara004/soumyaratnadebnath/VisionLanguageAction/models/UniVLA/weights/Emu3-VisionTokenizer,,,bridge_robot,sdpa,Emu3MoE,,16984056920,,,,Yuqi1997/UniVLA/UNIVLA_SIMPLER_BRIDGE_VIDEO_BS128_20K,5,,,/home/soumyara004/soumyaratnadebnath/VisionLanguageAction/models/UniVLA/weights/UNIVLA_SIMPLER_BRIDGE_VIDEO_BS128_20K,/home/soumyara004/soumyaratnadebnath/VisionLanguageAction/models/UniVLA/weights/UNIVLA_SIMPLER_BRIDGE_VIDEO_BS128_20K,,simpler_widowx,,/home/soumyara004/soumyaratnadebnath/VisionLanguageAction/models/UniVLA/weights/Emu3-VisionTokenizer,,,,,,,,,,False,345,0.0,Emu3 VQ-code fusion before UniVLA language-model input,
/home/user/BiVLA/artifacts/results/mentor_2026-09-11/results/univla_simplerenv_bridge/temporal_fusion_motion_entropy/widowx_carrot_on_plate/summary.json,univla_simplerenv_bridge,temporal_fusion_motion_entropy,widowx_carrot_on_plate,completed,temporal_fusion,univla_simplerenv_bridge,temporal_fusion_motion_entropy,simpler_widowx,50,38,0.76,0.0,6.92,,NoneType,,Task success and timing from paired SimplerEnv WidowX rollouts. UniVLA native five-action chunks are retained; synthetic action agreement is not used.,<absent>,<absent>,<absent>,False,False,False,[],2,/home/soumyara004/soumyaratnadebnath/VisionLanguageAction/models/UniVLA/pretrain/fast_bridge_t5_s50,sdpa,,,/home/soumyara004/soumyaratnadebnath/VisionLanguageAction/models/UniVLA/weights/UNIVLA_SIMPLER_BRIDGE_VIDEO_BS128_20K,temporal_fusion,temporal_fusion_motion_entropy,,,,1,cuda:0,,0.2,False,0.15,,3,0.5,0.01,1,0.2,150,univla_simplerenv_bridge,/home/soumyara004/soumyaratnadebnath/VisionLanguageAction/models/UniVLA/configs/normalizer_bridge/norm_stats.json,,,50,/home/soumyara004/soumyaratnadebnath/VisionLanguageAction/artifacts/results/univla_simplerenv_bridge/temporal_fusion_motion_entropy/widowx_carrot_on_plate,,,1,0.01,0.03,0.995,0.01,42,,widowx_carrot_on_plate,,/home/soumyara004/soumyaratnadebnath/VisionLanguageAction/models/UniVLA/weights/Emu3-VisionTokenizer,,,bridge_robot,sdpa,Emu3MoE,,16984056920,,,,Yuqi1997/UniVLA/UNIVLA_SIMPLER_BRIDGE_VIDEO_BS128_20K,5,,,/home/soumyara004/soumyaratnadebnath/VisionLanguageAction/models/UniVLA/weights/UNIVLA_SIMPLER_BRIDGE_VIDEO_BS128_20K,/home/soumyara004/soumyaratnadebnath/VisionLanguageAction/models/UniVLA/weights/UNIVLA_SIMPLER_BRIDGE_VIDEO_BS128_20K,,simpler_widowx,,/home/soumyara004/soumyaratnadebnath/VisionLanguageAction/models/UniVLA/weights/Emu3-VisionTokenizer,,,,,,,,,,False,128,442.5,Emu3 VQ-code fusion before UniVLA language-model input,
/home/user/BiVLA/artifacts/results/mentor_2026-09-11/results/univla_simplerenv_bridge/temporal_fusion_motion_entropy/widowx_put_eggplant_in_basket/summary.json,univla_simplerenv_bridge,temporal_fusion_motion_entropy,widowx_put_eggplant_in_basket,completed,temporal_fusion,univla_simplerenv_bridge,temporal_fusion_motion_entropy,simpler_widowx,50,49,0.98,0.0,6.3,,NoneType,,Task success and timing from paired SimplerEnv WidowX rollouts. UniVLA native five-action chunks are retained; synthetic action agreement is not used.,<absent>,<absent>,<absent>,False,False,False,[],2,/home/soumyara004/soumyaratnadebnath/VisionLanguageAction/models/UniVLA/pretrain/fast_bridge_t5_s50,sdpa,,,/home/soumyara004/soumyaratnadebnath/VisionLanguageAction/models/UniVLA/weights/UNIVLA_SIMPLER_BRIDGE_VIDEO_BS128_20K,temporal_fusion,temporal_fusion_motion_entropy,,,,1,cuda:0,,0.2,False,0.15,,3,0.5,0.01,1,0.2,150,univla_simplerenv_bridge,/home/soumyara004/soumyaratnadebnath/VisionLanguageAction/models/UniVLA/configs/normalizer_bridge/norm_stats.json,,,50,/home/soumyara004/soumyaratnadebnath/VisionLanguageAction/artifacts/results/univla_simplerenv_bridge/temporal_fusion_motion_entropy/widowx_put_eggplant_in_basket,,,1,0.01,0.03,0.995,0.01,42,,widowx_put_eggplant_in_basket,,/home/soumyara004/soumyaratnadebnath/VisionLanguageAction/models/UniVLA/weights/Emu3-VisionTokenizer,,,bridge_robot,sdpa,Emu3MoE,,16984056920,,,,Yuqi1997/UniVLA/UNIVLA_SIMPLER_BRIDGE_VIDEO_BS128_20K,5,,,/home/soumyara004/soumyaratnadebnath/VisionLanguageAction/models/UniVLA/weights/UNIVLA_SIMPLER_BRIDGE_VIDEO_BS128_20K,/home/soumyara004/soumyaratnadebnath/VisionLanguageAction/models/UniVLA/weights/UNIVLA_SIMPLER_BRIDGE_VIDEO_BS128_20K,,simpler_widowx,,/home/soumyara004/soumyaratnadebnath/VisionLanguageAction/models/UniVLA/weights/Emu3-VisionTokenizer,,,,,,,,,,False,107,314.0,Emu3 VQ-code fusion before UniVLA language-model input,
/home/user/BiVLA/artifacts/results/mentor_2026-09-11/results/univla_simplerenv_bridge/temporal_fusion_motion_entropy/widowx_spoon_on_towel/summary.json,univla_simplerenv_bridge,temporal_fusion_motion_entropy,widowx_spoon_on_towel,completed,temporal_fusion,univla_simplerenv_bridge,temporal_fusion_motion_entropy,simpler_widowx,50,38,0.76,0.0,6.66,,NoneType,,Task success and timing from paired SimplerEnv WidowX rollouts. UniVLA native five-action chunks are retained; synthetic action agreement is not used.,<absent>,<absent>,<absent>,False,False,False,[],2,/home/soumyara004/soumyaratnadebnath/VisionLanguageAction/models/UniVLA/pretrain/fast_bridge_t5_s50,sdpa,,,/home/soumyara004/soumyaratnadebnath/VisionLanguageAction/models/UniVLA/weights/UNIVLA_SIMPLER_BRIDGE_VIDEO_BS128_20K,temporal_fusion,temporal_fusion_motion_entropy,,,,1,cuda:0,,0.2,False,0.15,,3,0.5,0.01,1,0.2,150,univla_simplerenv_bridge,/home/soumyara004/soumyaratnadebnath/VisionLanguageAction/models/UniVLA/configs/normalizer_bridge/norm_stats.json,,,50,/home/soumyara004/soumyaratnadebnath/VisionLanguageAction/artifacts/results/univla_simplerenv_bridge/temporal_fusion_motion_entropy/widowx_spoon_on_towel,,,1,0.01,0.03,0.995,0.01,42,,widowx_spoon_on_towel,,/home/soumyara004/soumyaratnadebnath/VisionLanguageAction/models/UniVLA/weights/Emu3-VisionTokenizer,,,bridge_robot,sdpa,Emu3MoE,,16984056920,,,,Yuqi1997/UniVLA/UNIVLA_SIMPLER_BRIDGE_VIDEO_BS128_20K,5,,,/home/soumyara004/soumyaratnadebnath/VisionLanguageAction/models/UniVLA/weights/UNIVLA_SIMPLER_BRIDGE_VIDEO_BS128_20K,/home/soumyara004/soumyaratnadebnath/VisionLanguageAction/models/UniVLA/weights/UNIVLA_SIMPLER_BRIDGE_VIDEO_BS128_20K,,simpler_widowx,,/home/soumyara004/soumyaratnadebnath/VisionLanguageAction/models/UniVLA/weights/Emu3-VisionTokenizer,,,,,,,,,,False,127,426.0,Emu3 VQ-code fusion before UniVLA language-model input,
/home/user/BiVLA/artifacts/results/mentor_2026-09-11/results/univla_simplerenv_bridge/temporal_fusion_motion_entropy/widowx_stack_cube/summary.json,univla_simplerenv_bridge,temporal_fusion_motion_entropy,widowx_stack_cube,completed,temporal_fusion,univla_simplerenv_bridge,temporal_fusion_motion_entropy,simpler_widowx,50,39,0.78,0.0,6.62,,NoneType,,Task success and timing from paired SimplerEnv WidowX rollouts. UniVLA native five-action chunks are retained; synthetic action agreement is not used.,<absent>,<absent>,<absent>,False,False,False,[],2,/home/soumyara004/soumyaratnadebnath/VisionLanguageAction/models/UniVLA/pretrain/fast_bridge_t5_s50,sdpa,,,/home/soumyara004/soumyaratnadebnath/VisionLanguageAction/models/UniVLA/weights/UNIVLA_SIMPLER_BRIDGE_VIDEO_BS128_20K,temporal_fusion,temporal_fusion_motion_entropy,,,,1,cuda:0,,0.2,False,0.15,,3,0.5,0.01,1,0.2,150,univla_simplerenv_bridge,/home/soumyara004/soumyaratnadebnath/VisionLanguageAction/models/UniVLA/configs/normalizer_bridge/norm_stats.json,,,50,/home/soumyara004/soumyaratnadebnath/VisionLanguageAction/artifacts/results/univla_simplerenv_bridge/temporal_fusion_motion_entropy/widowx_stack_cube,,,1,0.01,0.03,0.995,0.01,42,,widowx_stack_cube,,/home/soumyara004/soumyaratnadebnath/VisionLanguageAction/models/UniVLA/weights/Emu3-VisionTokenizer,,,bridge_robot,sdpa,Emu3MoE,,16984056920,,,,Yuqi1997/UniVLA/UNIVLA_SIMPLER_BRIDGE_VIDEO_BS128_20K,5,,,/home/soumyara004/soumyaratnadebnath/VisionLanguageAction/models/UniVLA/weights/UNIVLA_SIMPLER_BRIDGE_VIDEO_BS128_20K,/home/soumyara004/soumyaratnadebnath/VisionLanguageAction/models/UniVLA/weights/UNIVLA_SIMPLER_BRIDGE_VIDEO_BS128_20K,,simpler_widowx,,/home/soumyara004/soumyaratnadebnath/VisionLanguageAction/models/UniVLA/weights/Emu3-VisionTokenizer,,,,,,,,,,False,126,432.0,Emu3 VQ-code fusion before UniVLA language-model input,
/home/user/BiVLA/artifacts/results/mentor_2026-09-11/results/univla_simplerenv_bridge/temporal_fusion_task_aware/widowx_carrot_on_plate/summary.json,univla_simplerenv_bridge,temporal_fusion_task_aware,widowx_carrot_on_plate,completed,temporal_fusion,univla_simplerenv_bridge,temporal_fusion_task_aware,simpler_widowx,50,36,0.72,0.0,7.14,,NoneType,,Task success and timing from paired SimplerEnv WidowX rollouts. UniVLA native five-action chunks are retained; synthetic action agreement is not used.,<absent>,<absent>,<absent>,False,False,False,[],2,/home/soumyara004/soumyaratnadebnath/VisionLanguageAction/models/UniVLA/pretrain/fast_bridge_t5_s50,sdpa,,,/home/soumyara004/soumyaratnadebnath/VisionLanguageAction/models/UniVLA/weights/UNIVLA_SIMPLER_BRIDGE_VIDEO_BS128_20K,temporal_fusion,temporal_fusion_task_aware,,,,1,cuda:0,,0.2,True,0.15,,3,0.5,0.01,1,0.2,150,univla_simplerenv_bridge,/home/soumyara004/soumyaratnadebnath/VisionLanguageAction/models/UniVLA/configs/normalizer_bridge/norm_stats.json,,,50,/home/soumyara004/soumyaratnadebnath/VisionLanguageAction/artifacts/results/univla_simplerenv_bridge/temporal_fusion_task_aware/widowx_carrot_on_plate,,,1,0.01,0.03,0.995,0.01,42,,widowx_carrot_on_plate,,/home/soumyara004/soumyaratnadebnath/VisionLanguageAction/models/UniVLA/weights/Emu3-VisionTokenizer,,,bridge_robot,sdpa,Emu3MoE,,16984056920,,,,Yuqi1997/UniVLA/UNIVLA_SIMPLER_BRIDGE_VIDEO_BS128_20K,5,,,/home/soumyara004/soumyaratnadebnath/VisionLanguageAction/models/UniVLA/weights/UNIVLA_SIMPLER_BRIDGE_VIDEO_BS128_20K,/home/soumyara004/soumyaratnadebnath/VisionLanguageAction/models/UniVLA/weights/UNIVLA_SIMPLER_BRIDGE_VIDEO_BS128_20K,,simpler_widowx,,/home/soumyara004/soumyaratnadebnath/VisionLanguageAction/models/UniVLA/weights/Emu3-VisionTokenizer,,,,,,,,,,True,130,221.0,Emu3 VQ-code fusion before UniVLA language-model input,
/home/user/BiVLA/artifacts/results/mentor_2026-09-11/results/univla_simplerenv_bridge/temporal_fusion_task_aware/widowx_put_eggplant_in_basket/summary.json,univla_simplerenv_bridge,temporal_fusion_task_aware,widowx_put_eggplant_in_basket,completed,temporal_fusion,univla_simplerenv_bridge,temporal_fusion_task_aware,simpler_widowx,50,8,0.16,0.0,2.26,,NoneType,,Task success and timing from paired SimplerEnv WidowX rollouts. UniVLA native five-action chunks are retained; synthetic action agreement is not used.,<absent>,<absent>,<absent>,False,False,False,[],2,/home/soumyara004/soumyaratnadebnath/VisionLanguageAction/models/UniVLA/pretrain/fast_bridge_t5_s50,sdpa,,,/home/soumyara004/soumyaratnadebnath/VisionLanguageAction/models/UniVLA/weights/UNIVLA_SIMPLER_BRIDGE_VIDEO_BS128_20K,temporal_fusion,temporal_fusion_task_aware,,,,1,cuda:0,,0.2,True,0.15,,3,0.5,0.01,1,0.2,150,univla_simplerenv_bridge,/home/soumyara004/soumyaratnadebnath/VisionLanguageAction/models/UniVLA/configs/normalizer_bridge/norm_stats.json,,,50,/home/soumyara004/soumyaratnadebnath/VisionLanguageAction/artifacts/results/univla_simplerenv_bridge/temporal_fusion_task_aware/widowx_put_eggplant_in_basket,,,1,0.01,0.03,0.995,0.01,42,,widowx_put_eggplant_in_basket,,/home/soumyara004/soumyaratnadebnath/VisionLanguageAction/models/UniVLA/weights/Emu3-VisionTokenizer,,,bridge_robot,sdpa,Emu3MoE,,16984056920,,,,Yuqi1997/UniVLA/UNIVLA_SIMPLER_BRIDGE_VIDEO_BS128_20K,5,,,/home/soumyara004/soumyaratnadebnath/VisionLanguageAction/models/UniVLA/weights/UNIVLA_SIMPLER_BRIDGE_VIDEO_BS128_20K,/home/soumyara004/soumyaratnadebnath/VisionLanguageAction/models/UniVLA/weights/UNIVLA_SIMPLER_BRIDGE_VIDEO_BS128_20K,,simpler_widowx,,/home/soumyara004/soumyaratnadebnath/VisionLanguageAction/models/UniVLA/weights/Emu3-VisionTokenizer,,,,,,,,,,True,66,0.0,Emu3 VQ-code fusion before UniVLA language-model input,
/home/user/BiVLA/artifacts/results/mentor_2026-09-11/results/univla_simplerenv_bridge/temporal_fusion_task_aware/widowx_spoon_on_towel/summary.json,univla_simplerenv_bridge,temporal_fusion_task_aware,widowx_spoon_on_towel,completed,temporal_fusion,univla_simplerenv_bridge,temporal_fusion_task_aware,simpler_widowx,50,44,0.88,0.0,6.26,,NoneType,,Task success and timing from paired SimplerEnv WidowX rollouts. UniVLA native five-action chunks are retained; synthetic action agreement is not used.,<absent>,<absent>,<absent>,False,False,False,[],2,/home/soumyara004/soumyaratnadebnath/VisionLanguageAction/models/UniVLA/pretrain/fast_bridge_t5_s50,sdpa,,,/home/soumyara004/soumyaratnadebnath/VisionLanguageAction/models/UniVLA/weights/UNIVLA_SIMPLER_BRIDGE_VIDEO_BS128_20K,temporal_fusion,temporal_fusion_task_aware,,,,1,cuda:0,,0.2,True,0.15,,3,0.5,0.01,1,0.2,150,univla_simplerenv_bridge,/home/soumyara004/soumyaratnadebnath/VisionLanguageAction/models/UniVLA/configs/normalizer_bridge/norm_stats.json,,,50,/home/soumyara004/soumyaratnadebnath/VisionLanguageAction/artifacts/results/univla_simplerenv_bridge/temporal_fusion_task_aware/widowx_spoon_on_towel,,,1,0.01,0.03,0.995,0.01,42,,widowx_spoon_on_towel,,/home/soumyara004/soumyaratnadebnath/VisionLanguageAction/models/UniVLA/weights/Emu3-VisionTokenizer,,,bridge_robot,sdpa,Emu3MoE,,16984056920,,,,Yuqi1997/UniVLA/UNIVLA_SIMPLER_BRIDGE_VIDEO_BS128_20K,5,,,/home/soumyara004/soumyaratnadebnath/VisionLanguageAction/models/UniVLA/weights/UNIVLA_SIMPLER_BRIDGE_VIDEO_BS128_20K,/home/soumyara004/soumyaratnadebnath/VisionLanguageAction/models/UniVLA/weights/UNIVLA_SIMPLER_BRIDGE_VIDEO_BS128_20K,,simpler_widowx,,/home/soumyara004/soumyaratnadebnath/VisionLanguageAction/models/UniVLA/weights/Emu3-VisionTokenizer,,,,,,,,,,True,122,212.0,Emu3 VQ-code fusion before UniVLA language-model input,
/home/user/BiVLA/artifacts/results/mentor_2026-09-11/results/univla_simplerenv_bridge/temporal_fusion_task_aware/widowx_stack_cube/summary.json,univla_simplerenv_bridge,temporal_fusion_task_aware,widowx_stack_cube,completed,temporal_fusion,univla_simplerenv_bridge,temporal_fusion_task_aware,simpler_widowx,50,8,0.16,0.0,3.18,,NoneType,,Task success and timing from paired SimplerEnv WidowX rollouts. UniVLA native five-action chunks are retained; synthetic action agreement is not used.,<absent>,<absent>,<absent>,False,False,False,[],2,/home/soumyara004/soumyaratnadebnath/VisionLanguageAction/models/UniVLA/pretrain/fast_bridge_t5_s50,sdpa,,,/home/soumyara004/soumyaratnadebnath/VisionLanguageAction/models/UniVLA/weights/UNIVLA_SIMPLER_BRIDGE_VIDEO_BS128_20K,temporal_fusion,temporal_fusion_task_aware,,,,1,cuda:0,,0.2,True,0.15,,3,0.5,0.01,1,0.2,150,univla_simplerenv_bridge,/home/soumyara004/soumyaratnadebnath/VisionLanguageAction/models/UniVLA/configs/normalizer_bridge/norm_stats.json,,,50,/home/soumyara004/soumyaratnadebnath/VisionLanguageAction/artifacts/results/univla_simplerenv_bridge/temporal_fusion_task_aware/widowx_stack_cube,,,1,0.01,0.03,0.995,0.01,42,,widowx_stack_cube,,/home/soumyara004/soumyaratnadebnath/VisionLanguageAction/models/UniVLA/weights/Emu3-VisionTokenizer,,,bridge_robot,sdpa,Emu3MoE,,16984056920,,,,Yuqi1997/UniVLA/UNIVLA_SIMPLER_BRIDGE_VIDEO_BS128_20K,5,,,/home/soumyara004/soumyaratnadebnath/VisionLanguageAction/models/UniVLA/weights/UNIVLA_SIMPLER_BRIDGE_VIDEO_BS128_20K,/home/soumyara004/soumyaratnadebnath/VisionLanguageAction/models/UniVLA/weights/UNIVLA_SIMPLER_BRIDGE_VIDEO_BS128_20K,,simpler_widowx,,/home/soumyara004/soumyaratnadebnath/VisionLanguageAction/models/UniVLA/weights/Emu3-VisionTokenizer,,,,,,,,,,True,79,156.0,Emu3 VQ-code fusion before UniVLA language-model input,
