backbone,env,configuration,family,task,task_description,episodes,successes,success_pct,avg_steps,avg_reuses,orig_episodes,orig_successes,orig_success_pct,orig_avg_steps,delta_success_pct,delta_avg_steps,delta_vs_original
CogACT,WidowX,original,Original,widowx_carrot_on_plate,,50,19,38.00,50.86,0.00,50,19,38.00,50.86,0.00,0.00,0.00
CogACT,WidowX,original,Original,widowx_put_eggplant_in_basket,,50,34,68.00,60.60,0.00,50,34,68.00,60.60,0.00,0.00,0.00
CogACT,WidowX,original,Original,widowx_spoon_on_towel,,50,31,62.00,40.34,0.00,50,31,62.00,40.34,0.00,0.00,0.00
CogACT,WidowX,original,Original,widowx_stack_cube,,50,16,32.00,51.58,0.00,50,16,32.00,51.58,0.00,0.00,0.00
CogACT,WidowX,fixed_foveation_keep20,Foveation,widowx_carrot_on_plate,,50,21,42.00,48.10,0.00,50,19,38.00,50.86,4.00,-2.76,4.00
CogACT,WidowX,fixed_foveation_keep20,Foveation,widowx_put_eggplant_in_basket,,50,44,88.00,43.70,0.00,50,34,68.00,60.60,20.00,-16.90,20.00
CogACT,WidowX,fixed_foveation_keep20,Foveation,widowx_spoon_on_towel,,50,25,50.00,43.26,0.00,50,31,62.00,40.34,-12.00,2.92,-12.00
CogACT,WidowX,fixed_foveation_keep20,Foveation,widowx_stack_cube,,50,15,30.00,51.22,0.00,50,16,32.00,51.58,-2.00,-0.36,-2.00
CogACT,WidowX,fixed_foveation_keep50,Foveation,widowx_carrot_on_plate,,50,21,42.00,48.62,0.00,50,19,38.00,50.86,4.00,-2.24,4.00
CogACT,WidowX,fixed_foveation_keep50,Foveation,widowx_put_eggplant_in_basket,,50,38,76.00,53.82,0.00,50,34,68.00,60.60,8.00,-6.78,8.00
CogACT,WidowX,fixed_foveation_keep50,Foveation,widowx_spoon_on_towel,,50,32,64.00,38.42,0.00,50,31,62.00,40.34,2.00,-1.92,2.00
CogACT,WidowX,fixed_foveation_keep50,Foveation,widowx_stack_cube,,50,14,28.00,52.58,0.00,50,16,32.00,51.58,-4.00,1.00,-4.00
CogACT,WidowX,action_repeat2,Action repeat,widowx_carrot_on_plate,,50,7,14.00,57.24,0.00,50,19,38.00,50.86,-24.00,6.38,-24.00
CogACT,WidowX,action_repeat2,Action repeat,widowx_put_eggplant_in_basket,,50,8,16.00,108.22,0.00,50,34,68.00,60.60,-52.00,47.62,-52.00
CogACT,WidowX,action_repeat2,Action repeat,widowx_spoon_on_towel,,50,9,18.00,56.96,0.00,50,31,62.00,40.34,-44.00,16.62,-44.00
CogACT,WidowX,action_repeat2,Action repeat,widowx_stack_cube,,50,0,0.00,60.00,0.00,50,16,32.00,51.58,-32.00,8.42,-32.00
CogACT,WidowX,action_repeat4,Action repeat,widowx_carrot_on_plate,,50,4,8.00,58.82,0.00,50,19,38.00,50.86,-30.00,7.96,-30.00
CogACT,WidowX,action_repeat4,Action repeat,widowx_put_eggplant_in_basket,,50,1,2.00,119.20,0.00,50,34,68.00,60.60,-66.00,58.60,-66.00
CogACT,WidowX,action_repeat4,Action repeat,widowx_spoon_on_towel,,50,3,6.00,59.46,0.00,50,31,62.00,40.34,-56.00,19.12,-56.00
CogACT,WidowX,action_repeat4,Action repeat,widowx_stack_cube,,50,1,2.00,59.60,0.00,50,16,32.00,51.58,-30.00,8.02,-30.00
CogACT,WidowX,depth_pruning1,Depth pruning,widowx_carrot_on_plate,,50,22,44.00,49.48,0.00,50,19,38.00,50.86,6.00,-1.38,6.00
CogACT,WidowX,depth_pruning1,Depth pruning,widowx_put_eggplant_in_basket,,50,39,78.00,52.26,0.00,50,34,68.00,60.60,10.00,-8.34,10.00
CogACT,WidowX,depth_pruning1,Depth pruning,widowx_spoon_on_towel,,50,37,74.00,37.64,0.00,50,31,62.00,40.34,12.00,-2.70,12.00
CogACT,WidowX,depth_pruning1,Depth pruning,widowx_stack_cube,,50,16,32.00,50.92,0.00,50,16,32.00,51.58,0.00,-0.66,0.00
CogACT,WidowX,depth_pruning2,Depth pruning,widowx_carrot_on_plate,,50,27,54.00,46.86,0.00,50,19,38.00,50.86,16.00,-4.00,16.00
CogACT,WidowX,depth_pruning2,Depth pruning,widowx_put_eggplant_in_basket,,50,39,78.00,52.10,0.00,50,34,68.00,60.60,10.00,-8.50,10.00
CogACT,WidowX,depth_pruning2,Depth pruning,widowx_spoon_on_towel,,50,32,64.00,41.64,0.00,50,31,62.00,40.34,2.00,1.30,2.00
CogACT,WidowX,depth_pruning2,Depth pruning,widowx_stack_cube,,50,21,42.00,47.94,0.00,50,16,32.00,51.58,10.00,-3.64,10.00
CogACT,WidowX,depth_pruning4,Depth pruning,widowx_carrot_on_plate,,50,26,52.00,45.68,0.00,50,19,38.00,50.86,14.00,-5.18,14.00
CogACT,WidowX,depth_pruning4,Depth pruning,widowx_put_eggplant_in_basket,,50,38,76.00,56.28,0.00,50,34,68.00,60.60,8.00,-4.32,8.00
CogACT,WidowX,depth_pruning4,Depth pruning,widowx_spoon_on_towel,,50,21,42.00,49.02,0.00,50,31,62.00,40.34,-20.00,8.68,-20.00
CogACT,WidowX,depth_pruning4,Depth pruning,widowx_stack_cube,,50,20,40.00,48.38,0.00,50,16,32.00,51.58,8.00,-3.20,8.00
CogACT,WidowX,guarded_reuse_strict,Guarded reuse,widowx_carrot_on_plate,,50,22,44.00,49.90,0.02,50,19,38.00,50.86,6.00,-0.96,6.00
CogACT,WidowX,guarded_reuse_strict,Guarded reuse,widowx_put_eggplant_in_basket,,50,35,70.00,59.38,0.54,50,34,68.00,60.60,2.00,-1.22,2.00
CogACT,WidowX,guarded_reuse_strict,Guarded reuse,widowx_spoon_on_towel,,50,31,62.00,40.34,0.00,50,31,62.00,40.34,0.00,0.00,0.00
CogACT,WidowX,guarded_reuse_strict,Guarded reuse,widowx_stack_cube,,50,15,30.00,51.70,0.08,50,16,32.00,51.58,-2.00,0.12,-2.00
CogACT,WidowX,guarded_reuse_moderate,Guarded reuse,widowx_carrot_on_plate,,50,20,40.00,51.06,0.12,50,19,38.00,50.86,2.00,0.20,2.00
CogACT,WidowX,guarded_reuse_moderate,Guarded reuse,widowx_put_eggplant_in_basket,,50,32,64.00,65.00,1.52,50,34,68.00,60.60,-4.00,4.40,-4.00
CogACT,WidowX,guarded_reuse_moderate,Guarded reuse,widowx_spoon_on_towel,,50,35,70.00,38.68,0.06,50,31,62.00,40.34,8.00,-1.66,8.00
CogACT,WidowX,guarded_reuse_moderate,Guarded reuse,widowx_stack_cube,,50,13,26.00,52.60,0.24,50,16,32.00,51.58,-6.00,1.02,-6.00
CogACT,WidowX,guarded_reuse_aggressive,Guarded reuse,widowx_carrot_on_plate,,50,21,42.00,49.48,0.42,50,19,38.00,50.86,4.00,-1.38,4.00
CogACT,WidowX,guarded_reuse_aggressive,Guarded reuse,widowx_put_eggplant_in_basket,,50,35,70.00,59.12,3.62,50,34,68.00,60.60,2.00,-1.48,2.00
CogACT,WidowX,guarded_reuse_aggressive,Guarded reuse,widowx_spoon_on_towel,,50,33,66.00,38.92,0.70,50,31,62.00,40.34,4.00,-1.42,4.00
CogACT,WidowX,guarded_reuse_aggressive,Guarded reuse,widowx_stack_cube,,50,17,34.00,51.56,0.68,50,16,32.00,51.58,2.00,-0.02,2.00
CogACT,WidowX,temporal_fusion_motion_entropy,Temporal fusion,widowx_carrot_on_plate,,50,23,46.00,49.74,0.00,50,19,38.00,50.86,8.00,-1.12,8.00
CogACT,WidowX,temporal_fusion_motion_entropy,Temporal fusion,widowx_put_eggplant_in_basket,,50,41,82.00,51.06,0.00,50,34,68.00,60.60,14.00,-9.54,14.00
CogACT,WidowX,temporal_fusion_motion_entropy,Temporal fusion,widowx_spoon_on_towel,,50,36,72.00,37.08,0.00,50,31,62.00,40.34,10.00,-3.26,10.00
CogACT,WidowX,temporal_fusion_motion_entropy,Temporal fusion,widowx_stack_cube,,50,16,32.00,51.76,0.00,50,16,32.00,51.58,0.00,0.18,0.00
CogACT,WidowX,temporal_fusion_task_aware,Temporal fusion,widowx_carrot_on_plate,,50,23,46.00,49.74,0.00,50,19,38.00,50.86,8.00,-1.12,8.00
CogACT,WidowX,temporal_fusion_task_aware,Temporal fusion,widowx_put_eggplant_in_basket,,50,41,82.00,51.06,0.00,50,34,68.00,60.60,14.00,-9.54,14.00
CogACT,WidowX,temporal_fusion_task_aware,Temporal fusion,widowx_spoon_on_towel,,50,36,72.00,37.08,0.00,50,31,62.00,40.34,10.00,-3.26,10.00
CogACT,WidowX,temporal_fusion_task_aware,Temporal fusion,widowx_stack_cube,,50,16,32.00,51.76,0.00,50,16,32.00,51.58,0.00,0.18,0.00
CogACT,WidowX,temporal_fusion_conservative_adaptive,Temporal fusion,widowx_carrot_on_plate,,50,18,36.00,51.30,0.00,50,19,38.00,50.86,-2.00,0.44,-2.00
CogACT,WidowX,temporal_fusion_conservative_adaptive,Temporal fusion,widowx_put_eggplant_in_basket,,50,38,76.00,54.50,0.00,50,34,68.00,60.60,8.00,-6.10,8.00
CogACT,WidowX,temporal_fusion_conservative_adaptive,Temporal fusion,widowx_spoon_on_towel,,50,34,68.00,37.54,0.00,50,31,62.00,40.34,6.00,-2.80,6.00
CogACT,WidowX,temporal_fusion_conservative_adaptive,Temporal fusion,widowx_stack_cube,,50,14,28.00,52.38,0.00,50,16,32.00,51.58,-4.00,0.80,-4.00
OpenVLA,WidowX,original,Original,widowx_carrot_on_plate,,50,16,32.00,51.22,0.00,50,16,32.00,51.22,0.00,0.00,0.00
OpenVLA,WidowX,original,Original,widowx_put_eggplant_in_basket,,50,37,74.00,53.74,0.00,50,37,74.00,53.74,0.00,0.00,0.00
OpenVLA,WidowX,original,Original,widowx_spoon_on_towel,,50,19,38.00,47.52,0.00,50,19,38.00,47.52,0.00,0.00,0.00
OpenVLA,WidowX,original,Original,widowx_stack_cube,,50,15,30.00,51.16,0.00,50,15,30.00,51.16,0.00,0.00,0.00
OpenVLA,WidowX,fixed_foveation_keep20,Foveation,widowx_carrot_on_plate,,50,12,24.00,51.34,0.00,50,16,32.00,51.22,-8.00,0.12,-8.00
OpenVLA,WidowX,fixed_foveation_keep20,Foveation,widowx_put_eggplant_in_basket,,50,8,16.00,104.72,0.00,50,37,74.00,53.74,-58.00,50.98,-58.00
OpenVLA,WidowX,fixed_foveation_keep20,Foveation,widowx_spoon_on_towel,,50,19,38.00,49.20,0.00,50,19,38.00,47.52,0.00,1.68,0.00
OpenVLA,WidowX,fixed_foveation_keep20,Foveation,widowx_stack_cube,,50,6,12.00,55.70,0.00,50,15,30.00,51.16,-18.00,4.54,-18.00
OpenVLA,WidowX,fixed_foveation_keep50,Foveation,widowx_carrot_on_plate,,50,17,34.00,50.32,0.00,50,16,32.00,51.22,2.00,-0.90,2.00
OpenVLA,WidowX,fixed_foveation_keep50,Foveation,widowx_put_eggplant_in_basket,,50,12,24.00,97.84,0.00,50,37,74.00,53.74,-50.00,44.10,-50.00
OpenVLA,WidowX,fixed_foveation_keep50,Foveation,widowx_spoon_on_towel,,50,24,48.00,46.30,0.00,50,19,38.00,47.52,10.00,-1.22,10.00
OpenVLA,WidowX,fixed_foveation_keep50,Foveation,widowx_stack_cube,,50,7,14.00,55.60,0.00,50,15,30.00,51.16,-16.00,4.44,-16.00
OpenVLA,WidowX,action_repeat2,Action repeat,widowx_carrot_on_plate,,50,10,20.00,55.08,27.50,50,16,32.00,51.22,-12.00,3.86,-12.00
OpenVLA,WidowX,action_repeat2,Action repeat,widowx_put_eggplant_in_basket,,50,23,46.00,80.84,40.26,50,37,74.00,53.74,-28.00,27.10,-28.00
OpenVLA,WidowX,action_repeat2,Action repeat,widowx_spoon_on_towel,,50,14,28.00,50.66,25.26,50,19,38.00,47.52,-10.00,3.14,-10.00
OpenVLA,WidowX,action_repeat2,Action repeat,widowx_stack_cube,,50,9,18.00,55.40,27.64,50,15,30.00,51.16,-12.00,4.24,-12.00
OpenVLA,WidowX,action_repeat4,Action repeat,widowx_carrot_on_plate,,50,11,22.00,56.08,42.00,50,16,32.00,51.22,-10.00,4.86,-10.00
OpenVLA,WidowX,action_repeat4,Action repeat,widowx_put_eggplant_in_basket,,50,14,28.00,98.74,73.90,50,37,74.00,53.74,-46.00,45.00,-46.00
OpenVLA,WidowX,action_repeat4,Action repeat,widowx_spoon_on_towel,,50,3,6.00,59.30,44.44,50,19,38.00,47.52,-32.00,11.78,-32.00
OpenVLA,WidowX,action_repeat4,Action repeat,widowx_stack_cube,,50,1,2.00,59.52,44.64,50,15,30.00,51.16,-28.00,8.36,-28.00
OpenVLA,WidowX,depth_pruning1,Depth pruning,widowx_carrot_on_plate,,50,8,16.00,56.16,0.00,50,16,32.00,51.22,-16.00,4.94,-16.00
OpenVLA,WidowX,depth_pruning1,Depth pruning,widowx_put_eggplant_in_basket,,50,36,72.00,53.92,0.00,50,37,74.00,53.74,-2.00,0.18,-2.00
OpenVLA,WidowX,depth_pruning1,Depth pruning,widowx_spoon_on_towel,,50,22,44.00,47.04,0.00,50,19,38.00,47.52,6.00,-0.48,6.00
OpenVLA,WidowX,depth_pruning1,Depth pruning,widowx_stack_cube,,50,21,42.00,49.50,0.00,50,15,30.00,51.16,12.00,-1.66,12.00
OpenVLA,WidowX,depth_pruning2,Depth pruning,widowx_carrot_on_plate,,50,19,38.00,50.02,0.00,50,16,32.00,51.22,6.00,-1.20,6.00
OpenVLA,WidowX,depth_pruning2,Depth pruning,widowx_put_eggplant_in_basket,,50,33,66.00,59.24,0.00,50,37,74.00,53.74,-8.00,5.50,-8.00
OpenVLA,WidowX,depth_pruning2,Depth pruning,widowx_spoon_on_towel,,50,23,46.00,45.84,0.00,50,19,38.00,47.52,8.00,-1.68,8.00
OpenVLA,WidowX,depth_pruning2,Depth pruning,widowx_stack_cube,,50,20,40.00,49.90,0.00,50,15,30.00,51.16,10.00,-1.26,10.00
OpenVLA,WidowX,depth_pruning4,Depth pruning,widowx_carrot_on_plate,,50,14,28.00,54.06,0.00,50,16,32.00,51.22,-4.00,2.84,-4.00
OpenVLA,WidowX,depth_pruning4,Depth pruning,widowx_put_eggplant_in_basket,,50,38,76.00,51.60,0.00,50,37,74.00,53.74,2.00,-2.14,2.00
OpenVLA,WidowX,depth_pruning4,Depth pruning,widowx_spoon_on_towel,,50,13,26.00,53.30,0.00,50,19,38.00,47.52,-12.00,5.78,-12.00
OpenVLA,WidowX,depth_pruning4,Depth pruning,widowx_stack_cube,,50,10,20.00,56.22,0.00,50,15,30.00,51.16,-10.00,5.06,-10.00
OpenVLA,WidowX,guarded_reuse_strict,Guarded reuse,widowx_carrot_on_plate,,50,14,28.00,51.82,2.12,50,16,32.00,51.22,-4.00,0.60,-4.00
OpenVLA,WidowX,guarded_reuse_strict,Guarded reuse,widowx_put_eggplant_in_basket,,50,39,78.00,49.66,0.24,50,37,74.00,53.74,4.00,-4.08,4.00
OpenVLA,WidowX,guarded_reuse_strict,Guarded reuse,widowx_spoon_on_towel,,50,23,46.00,46.10,1.02,50,19,38.00,47.52,8.00,-1.42,8.00
OpenVLA,WidowX,guarded_reuse_strict,Guarded reuse,widowx_stack_cube,,50,15,30.00,51.16,3.98,50,15,30.00,51.16,0.00,0.00,0.00
OpenVLA,WidowX,guarded_reuse_moderate,Guarded reuse,widowx_carrot_on_plate,,50,14,28.00,53.72,2.92,50,16,32.00,51.22,-4.00,2.50,-4.00
OpenVLA,WidowX,guarded_reuse_moderate,Guarded reuse,widowx_put_eggplant_in_basket,,50,35,70.00,54.80,1.64,50,37,74.00,53.74,-4.00,1.06,-4.00
OpenVLA,WidowX,guarded_reuse_moderate,Guarded reuse,widowx_spoon_on_towel,,50,20,40.00,48.14,1.42,50,19,38.00,47.52,2.00,0.62,2.00
OpenVLA,WidowX,guarded_reuse_moderate,Guarded reuse,widowx_stack_cube,,50,14,28.00,51.80,4.06,50,15,30.00,51.16,-2.00,0.64,-2.00
OpenVLA,WidowX,guarded_reuse_aggressive,Guarded reuse,widowx_carrot_on_plate,,50,14,28.00,53.62,4.36,50,16,32.00,51.22,-4.00,2.40,-4.00
OpenVLA,WidowX,guarded_reuse_aggressive,Guarded reuse,widowx_put_eggplant_in_basket,,50,35,70.00,56.34,1.58,50,37,74.00,53.74,-4.00,2.60,-4.00
OpenVLA,WidowX,guarded_reuse_aggressive,Guarded reuse,widowx_spoon_on_towel,,50,19,38.00,48.96,0.98,50,19,38.00,47.52,0.00,1.44,0.00
OpenVLA,WidowX,guarded_reuse_aggressive,Guarded reuse,widowx_stack_cube,,50,14,28.00,51.86,6.30,50,15,30.00,51.16,-2.00,0.70,-2.00
OpenVLA,WidowX,temporal_fusion_motion_entropy,Temporal fusion,widowx_carrot_on_plate,,50,13,26.00,55.14,0.00,50,16,32.00,51.22,-6.00,3.92,-6.00
OpenVLA,WidowX,temporal_fusion_motion_entropy,Temporal fusion,widowx_put_eggplant_in_basket,,50,30,60.00,65.40,0.00,50,37,74.00,53.74,-14.00,11.66,-14.00
OpenVLA,WidowX,temporal_fusion_motion_entropy,Temporal fusion,widowx_spoon_on_towel,,50,27,54.00,45.50,0.00,50,19,38.00,47.52,16.00,-2.02,16.00
OpenVLA,WidowX,temporal_fusion_motion_entropy,Temporal fusion,widowx_stack_cube,,50,12,24.00,53.32,0.00,50,15,30.00,51.16,-6.00,2.16,-6.00
OpenVLA,WidowX,temporal_fusion_task_aware,Temporal fusion,widowx_carrot_on_plate,,50,23,46.00,49.38,0.00,50,16,32.00,51.22,14.00,-1.84,14.00
OpenVLA,WidowX,temporal_fusion_task_aware,Temporal fusion,widowx_put_eggplant_in_basket,,50,37,74.00,51.62,0.00,50,37,74.00,53.74,0.00,-2.12,0.00
OpenVLA,WidowX,temporal_fusion_task_aware,Temporal fusion,widowx_spoon_on_towel,,50,26,52.00,47.88,0.00,50,19,38.00,47.52,14.00,0.36,14.00
OpenVLA,WidowX,temporal_fusion_task_aware,Temporal fusion,widowx_stack_cube,,50,15,30.00,53.24,0.00,50,15,30.00,51.16,0.00,2.08,0.00
OpenVLA,WidowX,temporal_fusion_conservative_adaptive,Temporal fusion,widowx_carrot_on_plate,,50,14,28.00,52.06,0.00,50,16,32.00,51.22,-4.00,0.84,-4.00
OpenVLA,WidowX,temporal_fusion_conservative_adaptive,Temporal fusion,widowx_put_eggplant_in_basket,,50,41,82.00,46.60,0.00,50,37,74.00,53.74,8.00,-7.14,8.00
OpenVLA,WidowX,temporal_fusion_conservative_adaptive,Temporal fusion,widowx_spoon_on_towel,,50,26,52.00,43.96,0.00,50,19,38.00,47.52,14.00,-3.56,14.00
OpenVLA,WidowX,temporal_fusion_conservative_adaptive,Temporal fusion,widowx_stack_cube,,50,15,30.00,51.46,0.00,50,15,30.00,51.16,0.00,0.30,0.00
SpatialVLA,WidowX,original,Original,widowx_carrot_on_plate,,50,13,26.00,51.90,0.00,50,13,26.00,51.90,0.00,0.00,0.00
SpatialVLA,WidowX,original,Original,widowx_put_eggplant_in_basket,,50,50,100.00,26.26,0.00,50,50,100.00,26.26,0.00,0.00,0.00
SpatialVLA,WidowX,original,Original,widowx_spoon_on_towel,,50,11,22.00,52.72,0.00,50,11,22.00,52.72,0.00,0.00,0.00
SpatialVLA,WidowX,original,Original,widowx_stack_cube,,50,16,32.00,49.70,0.00,50,16,32.00,49.70,0.00,0.00,0.00
SpatialVLA,WidowX,fixed_foveation_keep20,Foveation,widowx_carrot_on_plate,,50,17,34.00,52.90,0.00,50,13,26.00,51.90,8.00,1.00,8.00
SpatialVLA,WidowX,fixed_foveation_keep20,Foveation,widowx_put_eggplant_in_basket,,50,50,100.00,27.56,0.00,50,50,100.00,26.26,0.00,1.30,0.00
SpatialVLA,WidowX,fixed_foveation_keep20,Foveation,widowx_spoon_on_towel,,50,12,24.00,52.32,0.00,50,11,22.00,52.72,2.00,-0.40,2.00
SpatialVLA,WidowX,fixed_foveation_keep20,Foveation,widowx_stack_cube,,50,21,42.00,49.48,0.00,50,16,32.00,49.70,10.00,-0.22,10.00
SpatialVLA,WidowX,fixed_foveation_keep50,Foveation,widowx_carrot_on_plate,,50,14,28.00,50.62,0.00,50,13,26.00,51.90,2.00,-1.28,2.00
SpatialVLA,WidowX,fixed_foveation_keep50,Foveation,widowx_put_eggplant_in_basket,,50,50,100.00,27.48,0.00,50,50,100.00,26.26,0.00,1.22,0.00
SpatialVLA,WidowX,fixed_foveation_keep50,Foveation,widowx_spoon_on_towel,,50,10,20.00,53.78,0.00,50,11,22.00,52.72,-2.00,1.06,-2.00
SpatialVLA,WidowX,fixed_foveation_keep50,Foveation,widowx_stack_cube,,50,15,30.00,52.36,0.00,50,16,32.00,49.70,-2.00,2.66,-2.00
SpatialVLA,WidowX,action_repeat2,Action repeat,widowx_carrot_on_plate,,50,2,4.00,58.76,0.00,50,13,26.00,51.90,-22.00,6.86,-22.00
SpatialVLA,WidowX,action_repeat2,Action repeat,widowx_put_eggplant_in_basket,,50,49,98.00,35.96,0.00,50,50,100.00,26.26,-2.00,9.70,-2.00
SpatialVLA,WidowX,action_repeat2,Action repeat,widowx_spoon_on_towel,,50,20,40.00,48.74,0.00,50,11,22.00,52.72,18.00,-3.98,18.00
SpatialVLA,WidowX,action_repeat2,Action repeat,widowx_stack_cube,,50,11,22.00,54.04,0.00,50,16,32.00,49.70,-10.00,4.34,-10.00
SpatialVLA,WidowX,action_repeat4,Action repeat,widowx_carrot_on_plate,,50,6,12.00,59.16,0.00,50,13,26.00,51.90,-14.00,7.26,-14.00
SpatialVLA,WidowX,action_repeat4,Action repeat,widowx_put_eggplant_in_basket,,50,37,74.00,73.52,0.00,50,50,100.00,26.26,-26.00,47.26,-26.00
SpatialVLA,WidowX,action_repeat4,Action repeat,widowx_spoon_on_towel,,50,9,18.00,58.24,0.00,50,11,22.00,52.72,-4.00,5.52,-4.00
SpatialVLA,WidowX,action_repeat4,Action repeat,widowx_stack_cube,,50,6,12.00,58.68,0.00,50,16,32.00,49.70,-20.00,8.98,-20.00
SpatialVLA,WidowX,depth_pruning1,Depth pruning,widowx_carrot_on_plate,,50,10,20.00,54.08,0.00,50,13,26.00,51.90,-6.00,2.18,-6.00
SpatialVLA,WidowX,depth_pruning1,Depth pruning,widowx_put_eggplant_in_basket,,50,46,92.00,36.12,0.00,50,50,100.00,26.26,-8.00,9.86,-8.00
SpatialVLA,WidowX,depth_pruning1,Depth pruning,widowx_spoon_on_towel,,50,9,18.00,54.46,0.00,50,11,22.00,52.72,-4.00,1.74,-4.00
SpatialVLA,WidowX,depth_pruning1,Depth pruning,widowx_stack_cube,,50,12,24.00,54.16,0.00,50,16,32.00,49.70,-8.00,4.46,-8.00
SpatialVLA,WidowX,depth_pruning2,Depth pruning,widowx_carrot_on_plate,,50,8,16.00,55.56,0.00,50,13,26.00,51.90,-10.00,3.66,-10.00
SpatialVLA,WidowX,depth_pruning2,Depth pruning,widowx_put_eggplant_in_basket,,50,41,82.00,48.46,0.00,50,50,100.00,26.26,-18.00,22.20,-18.00
SpatialVLA,WidowX,depth_pruning2,Depth pruning,widowx_spoon_on_towel,,50,0,0.00,60.00,0.00,50,11,22.00,52.72,-22.00,7.28,-22.00
SpatialVLA,WidowX,depth_pruning2,Depth pruning,widowx_stack_cube,,50,7,14.00,57.26,0.00,50,16,32.00,49.70,-18.00,7.56,-18.00
SpatialVLA,WidowX,depth_pruning4,Depth pruning,widowx_carrot_on_plate,,50,13,26.00,55.66,0.00,50,13,26.00,51.90,0.00,3.76,0.00
SpatialVLA,WidowX,depth_pruning4,Depth pruning,widowx_put_eggplant_in_basket,,50,8,16.00,110.90,0.00,50,50,100.00,26.26,-84.00,84.64,-84.00
SpatialVLA,WidowX,depth_pruning4,Depth pruning,widowx_spoon_on_towel,,50,3,6.00,59.04,0.00,50,11,22.00,52.72,-16.00,6.32,-16.00
SpatialVLA,WidowX,depth_pruning4,Depth pruning,widowx_stack_cube,,50,4,8.00,57.92,0.00,50,16,32.00,49.70,-24.00,8.22,-24.00
SpatialVLA,WidowX,guarded_reuse_strict,Guarded reuse,widowx_carrot_on_plate,,50,13,26.00,51.90,0.04,50,13,26.00,51.90,0.00,0.00,0.00
SpatialVLA,WidowX,guarded_reuse_strict,Guarded reuse,widowx_put_eggplant_in_basket,,50,50,100.00,26.26,0.00,50,50,100.00,26.26,0.00,0.00,0.00
SpatialVLA,WidowX,guarded_reuse_strict,Guarded reuse,widowx_spoon_on_towel,,50,11,22.00,52.72,0.00,50,11,22.00,52.72,0.00,0.00,0.00
SpatialVLA,WidowX,guarded_reuse_strict,Guarded reuse,widowx_stack_cube,,50,16,32.00,49.70,0.00,50,16,32.00,49.70,0.00,0.00,0.00
SpatialVLA,WidowX,guarded_reuse_moderate,Guarded reuse,widowx_carrot_on_plate,,50,13,26.00,51.90,0.10,50,13,26.00,51.90,0.00,0.00,0.00
SpatialVLA,WidowX,guarded_reuse_moderate,Guarded reuse,widowx_put_eggplant_in_basket,,50,50,100.00,26.26,0.00,50,50,100.00,26.26,0.00,0.00,0.00
SpatialVLA,WidowX,guarded_reuse_moderate,Guarded reuse,widowx_spoon_on_towel,,50,11,22.00,52.58,0.02,50,11,22.00,52.72,0.00,-0.14,0.00
SpatialVLA,WidowX,guarded_reuse_moderate,Guarded reuse,widowx_stack_cube,,50,16,32.00,49.70,0.00,50,16,32.00,49.70,0.00,0.00,0.00
SpatialVLA,WidowX,guarded_reuse_aggressive,Guarded reuse,widowx_carrot_on_plate,,50,13,26.00,51.80,0.36,50,13,26.00,51.90,0.00,-0.10,0.00
SpatialVLA,WidowX,guarded_reuse_aggressive,Guarded reuse,widowx_put_eggplant_in_basket,,50,50,100.00,26.26,0.00,50,50,100.00,26.26,0.00,0.00,0.00
SpatialVLA,WidowX,guarded_reuse_aggressive,Guarded reuse,widowx_spoon_on_towel,,50,10,20.00,52.82,0.28,50,11,22.00,52.72,-2.00,0.10,-2.00
SpatialVLA,WidowX,guarded_reuse_aggressive,Guarded reuse,widowx_stack_cube,,50,18,36.00,49.62,0.12,50,16,32.00,49.70,4.00,-0.08,4.00
SpatialVLA,WidowX,temporal_fusion_motion_entropy,Temporal fusion,widowx_carrot_on_plate,,50,15,30.00,50.04,0.00,50,13,26.00,51.90,4.00,-1.86,4.00
SpatialVLA,WidowX,temporal_fusion_motion_entropy,Temporal fusion,widowx_put_eggplant_in_basket,,50,50,100.00,26.50,0.00,50,50,100.00,26.26,0.00,0.24,0.00
SpatialVLA,WidowX,temporal_fusion_motion_entropy,Temporal fusion,widowx_spoon_on_towel,,50,10,20.00,53.36,0.00,50,11,22.00,52.72,-2.00,0.64,-2.00
SpatialVLA,WidowX,temporal_fusion_motion_entropy,Temporal fusion,widowx_stack_cube,,50,17,34.00,51.44,0.00,50,16,32.00,49.70,2.00,1.74,2.00
SpatialVLA,WidowX,temporal_fusion_task_aware,Temporal fusion,widowx_carrot_on_plate,,50,11,22.00,53.34,0.00,50,13,26.00,51.90,-4.00,1.44,-4.00
SpatialVLA,WidowX,temporal_fusion_task_aware,Temporal fusion,widowx_put_eggplant_in_basket,,50,50,100.00,25.56,0.00,50,50,100.00,26.26,0.00,-0.70,0.00
SpatialVLA,WidowX,temporal_fusion_task_aware,Temporal fusion,widowx_spoon_on_towel,,50,10,20.00,52.50,0.00,50,11,22.00,52.72,-2.00,-0.22,-2.00
SpatialVLA,WidowX,temporal_fusion_task_aware,Temporal fusion,widowx_stack_cube,,50,17,34.00,50.50,0.00,50,16,32.00,49.70,2.00,0.80,2.00
SpatialVLA,WidowX,temporal_fusion_conservative_adaptive,Temporal fusion,widowx_carrot_on_plate,,50,13,26.00,51.90,0.00,50,13,26.00,51.90,0.00,0.00,0.00
SpatialVLA,WidowX,temporal_fusion_conservative_adaptive,Temporal fusion,widowx_put_eggplant_in_basket,,50,49,98.00,29.16,0.00,50,50,100.00,26.26,-2.00,2.90,-2.00
SpatialVLA,WidowX,temporal_fusion_conservative_adaptive,Temporal fusion,widowx_spoon_on_towel,,50,12,24.00,52.00,0.00,50,11,22.00,52.72,2.00,-0.72,2.00
SpatialVLA,WidowX,temporal_fusion_conservative_adaptive,Temporal fusion,widowx_stack_cube,,50,16,32.00,49.70,0.00,50,16,32.00,49.70,0.00,0.00,0.00
CronusVLA,WidowX,original,Original,widowx_carrot_on_plate,,50,8,16.00,56.70,0.00,50,8,16.00,56.70,0.00,0.00,0.00
CronusVLA,WidowX,original,Original,widowx_put_eggplant_in_basket,,50,48,96.00,32.08,0.00,50,48,96.00,32.08,0.00,0.00,0.00
CronusVLA,WidowX,original,Original,widowx_spoon_on_towel,,50,12,24.00,53.44,0.00,50,12,24.00,53.44,0.00,0.00,0.00
CronusVLA,WidowX,original,Original,widowx_stack_cube,,50,0,0.00,60.00,0.00,50,0,0.00,60.00,0.00,0.00,0.00
CronusVLA,WidowX,fixed_foveation_keep20,Foveation,widowx_carrot_on_plate,,50,5,10.00,57.76,0.00,50,8,16.00,56.70,-6.00,1.06,-6.00
CronusVLA,WidowX,fixed_foveation_keep20,Foveation,widowx_put_eggplant_in_basket,,50,50,100.00,28.52,0.00,50,48,96.00,32.08,4.00,-3.56,4.00
CronusVLA,WidowX,fixed_foveation_keep20,Foveation,widowx_spoon_on_towel,,50,18,36.00,49.40,0.00,50,12,24.00,53.44,12.00,-4.04,12.00
CronusVLA,WidowX,fixed_foveation_keep20,Foveation,widowx_stack_cube,,50,0,0.00,60.00,0.00,50,0,0.00,60.00,0.00,0.00,0.00
CronusVLA,WidowX,fixed_foveation_keep50,Foveation,widowx_carrot_on_plate,,50,4,8.00,57.88,0.00,50,8,16.00,56.70,-8.00,1.18,-8.00
CronusVLA,WidowX,fixed_foveation_keep50,Foveation,widowx_put_eggplant_in_basket,,50,49,98.00,32.84,0.00,50,48,96.00,32.08,2.00,0.76,2.00
CronusVLA,WidowX,fixed_foveation_keep50,Foveation,widowx_spoon_on_towel,,50,15,30.00,51.04,0.00,50,12,24.00,53.44,6.00,-2.40,6.00
CronusVLA,WidowX,fixed_foveation_keep50,Foveation,widowx_stack_cube,,50,0,0.00,60.00,0.00,50,0,0.00,60.00,0.00,0.00,0.00
CronusVLA,WidowX,action_repeat2,Action repeat,widowx_carrot_on_plate,,50,2,4.00,59.60,29.78,50,8,16.00,56.70,-12.00,2.90,-12.00
CronusVLA,WidowX,action_repeat2,Action repeat,widowx_put_eggplant_in_basket,,50,4,8.00,114.56,57.26,50,48,96.00,32.08,-88.00,82.48,-88.00
CronusVLA,WidowX,action_repeat2,Action repeat,widowx_spoon_on_towel,,50,1,2.00,59.42,29.70,50,12,24.00,53.44,-22.00,5.98,-22.00
CronusVLA,WidowX,action_repeat2,Action repeat,widowx_stack_cube,,50,0,0.00,60.00,30.00,50,0,0.00,60.00,0.00,0.00,0.00
CronusVLA,WidowX,action_repeat4,Action repeat,widowx_carrot_on_plate,,50,0,0.00,60.00,45.00,50,8,16.00,56.70,-16.00,3.30,-16.00
CronusVLA,WidowX,action_repeat4,Action repeat,widowx_put_eggplant_in_basket,,50,0,0.00,120.00,90.00,50,48,96.00,32.08,-96.00,87.92,-96.00
CronusVLA,WidowX,action_repeat4,Action repeat,widowx_spoon_on_towel,,50,0,0.00,60.00,45.00,50,12,24.00,53.44,-24.00,6.56,-24.00
CronusVLA,WidowX,action_repeat4,Action repeat,widowx_stack_cube,,50,0,0.00,60.00,45.00,50,0,0.00,60.00,0.00,0.00,0.00
CronusVLA,WidowX,depth_pruning1,Depth pruning,widowx_carrot_on_plate,,50,6,12.00,58.34,0.00,50,8,16.00,56.70,-4.00,1.64,-4.00
CronusVLA,WidowX,depth_pruning1,Depth pruning,widowx_put_eggplant_in_basket,,50,49,98.00,30.30,0.00,50,48,96.00,32.08,2.00,-1.78,2.00
CronusVLA,WidowX,depth_pruning1,Depth pruning,widowx_spoon_on_towel,,50,15,30.00,51.94,0.00,50,12,24.00,53.44,6.00,-1.50,6.00
CronusVLA,WidowX,depth_pruning1,Depth pruning,widowx_stack_cube,,50,1,2.00,59.52,0.00,50,0,0.00,60.00,2.00,-0.48,2.00
CronusVLA,WidowX,depth_pruning2,Depth pruning,widowx_carrot_on_plate,,50,8,16.00,57.84,0.00,50,8,16.00,56.70,0.00,1.14,0.00
CronusVLA,WidowX,depth_pruning2,Depth pruning,widowx_put_eggplant_in_basket,,50,48,96.00,33.82,0.00,50,48,96.00,32.08,0.00,1.74,0.00
CronusVLA,WidowX,depth_pruning2,Depth pruning,widowx_spoon_on_towel,,50,16,32.00,50.42,0.00,50,12,24.00,53.44,8.00,-3.02,8.00
CronusVLA,WidowX,depth_pruning2,Depth pruning,widowx_stack_cube,,50,0,0.00,60.00,0.00,50,0,0.00,60.00,0.00,0.00,0.00
CronusVLA,WidowX,depth_pruning4,Depth pruning,widowx_carrot_on_plate,,50,7,14.00,56.84,0.00,50,8,16.00,56.70,-2.00,0.14,-2.00
CronusVLA,WidowX,depth_pruning4,Depth pruning,widowx_put_eggplant_in_basket,,50,47,94.00,34.12,0.00,50,48,96.00,32.08,-2.00,2.04,-2.00
CronusVLA,WidowX,depth_pruning4,Depth pruning,widowx_spoon_on_towel,,50,3,6.00,59.10,0.00,50,12,24.00,53.44,-18.00,5.66,-18.00
CronusVLA,WidowX,depth_pruning4,Depth pruning,widowx_stack_cube,,50,0,0.00,60.00,0.00,50,0,0.00,60.00,0.00,0.00,0.00
CronusVLA,WidowX,guarded_reuse_strict,Guarded reuse,widowx_carrot_on_plate,,50,7,14.00,57.48,0.06,50,8,16.00,56.70,-2.00,0.78,-2.00
CronusVLA,WidowX,guarded_reuse_strict,Guarded reuse,widowx_put_eggplant_in_basket,,50,49,98.00,30.44,0.00,50,48,96.00,32.08,2.00,-1.64,2.00
CronusVLA,WidowX,guarded_reuse_strict,Guarded reuse,widowx_spoon_on_towel,,50,16,32.00,51.02,0.02,50,12,24.00,53.44,8.00,-2.42,8.00
CronusVLA,WidowX,guarded_reuse_strict,Guarded reuse,widowx_stack_cube,,50,0,0.00,60.00,0.02,50,0,0.00,60.00,0.00,0.00,0.00
CronusVLA,WidowX,guarded_reuse_moderate,Guarded reuse,widowx_carrot_on_plate,,50,5,10.00,58.06,0.36,50,8,16.00,56.70,-6.00,1.36,-6.00
CronusVLA,WidowX,guarded_reuse_moderate,Guarded reuse,widowx_put_eggplant_in_basket,,50,49,98.00,30.76,0.00,50,48,96.00,32.08,2.00,-1.32,2.00
CronusVLA,WidowX,guarded_reuse_moderate,Guarded reuse,widowx_spoon_on_towel,,50,15,30.00,51.74,0.22,50,12,24.00,53.44,6.00,-1.70,6.00
CronusVLA,WidowX,guarded_reuse_moderate,Guarded reuse,widowx_stack_cube,,50,0,0.00,60.00,0.08,50,0,0.00,60.00,0.00,0.00,0.00
CronusVLA,WidowX,guarded_reuse_aggressive,Guarded reuse,widowx_carrot_on_plate,,50,5,10.00,58.06,1.28,50,8,16.00,56.70,-6.00,1.36,-6.00
CronusVLA,WidowX,guarded_reuse_aggressive,Guarded reuse,widowx_put_eggplant_in_basket,,50,49,98.00,30.86,0.06,50,48,96.00,32.08,2.00,-1.22,2.00
CronusVLA,WidowX,guarded_reuse_aggressive,Guarded reuse,widowx_spoon_on_towel,,50,19,38.00,49.80,0.86,50,12,24.00,53.44,14.00,-3.64,14.00
CronusVLA,WidowX,guarded_reuse_aggressive,Guarded reuse,widowx_stack_cube,,50,0,0.00,60.00,0.54,50,0,0.00,60.00,0.00,0.00,0.00
CronusVLA,WidowX,temporal_fusion_motion_entropy,Temporal fusion,widowx_carrot_on_plate,,50,5,10.00,59.12,0.00,50,8,16.00,56.70,-6.00,2.42,-6.00
CronusVLA,WidowX,temporal_fusion_motion_entropy,Temporal fusion,widowx_put_eggplant_in_basket,,50,48,96.00,32.68,0.00,50,48,96.00,32.08,0.00,0.60,0.00
CronusVLA,WidowX,temporal_fusion_motion_entropy,Temporal fusion,widowx_spoon_on_towel,,50,14,28.00,53.02,0.00,50,12,24.00,53.44,4.00,-0.42,4.00
CronusVLA,WidowX,temporal_fusion_motion_entropy,Temporal fusion,widowx_stack_cube,,50,0,0.00,60.00,0.00,50,0,0.00,60.00,0.00,0.00,0.00
CronusVLA,WidowX,temporal_fusion_task_aware,Temporal fusion,widowx_carrot_on_plate,,50,5,10.00,59.12,0.00,50,8,16.00,56.70,-6.00,2.42,-6.00
CronusVLA,WidowX,temporal_fusion_task_aware,Temporal fusion,widowx_put_eggplant_in_basket,,50,48,96.00,32.68,0.00,50,48,96.00,32.08,0.00,0.60,0.00
CronusVLA,WidowX,temporal_fusion_task_aware,Temporal fusion,widowx_spoon_on_towel,,50,14,28.00,53.02,0.00,50,12,24.00,53.44,4.00,-0.42,4.00
CronusVLA,WidowX,temporal_fusion_task_aware,Temporal fusion,widowx_stack_cube,,50,0,0.00,60.00,0.00,50,0,0.00,60.00,0.00,0.00,0.00
CronusVLA,WidowX,temporal_fusion_conservative_adaptive,Temporal fusion,widowx_carrot_on_plate,,50,5,10.00,59.12,0.00,50,8,16.00,56.70,-6.00,2.42,-6.00
CronusVLA,WidowX,temporal_fusion_conservative_adaptive,Temporal fusion,widowx_put_eggplant_in_basket,,50,48,96.00,32.68,0.00,50,48,96.00,32.08,0.00,0.60,0.00
CronusVLA,WidowX,temporal_fusion_conservative_adaptive,Temporal fusion,widowx_spoon_on_towel,,50,14,28.00,53.02,0.00,50,12,24.00,53.44,4.00,-0.42,4.00
CronusVLA,WidowX,temporal_fusion_conservative_adaptive,Temporal fusion,widowx_stack_cube,,50,0,0.00,60.00,0.00,50,0,0.00,60.00,0.00,0.00,0.00
UniVLA,WidowX,original,Original,widowx_carrot_on_plate,,50,42,84.00,31.16,0.00,50,42,84.00,31.16,0.00,0.00,0.00
UniVLA,WidowX,original,Original,widowx_put_eggplant_in_basket,,50,49,98.00,29.30,0.00,50,49,98.00,29.30,0.00,0.00,0.00
UniVLA,WidowX,original,Original,widowx_spoon_on_towel,,50,44,88.00,27.76,0.00,50,44,88.00,27.76,0.00,0.00,0.00
UniVLA,WidowX,original,Original,widowx_stack_cube,,50,40,80.00,32.62,0.00,50,40,80.00,32.62,0.00,0.00,0.00
UniVLA,WidowX,fixed_foveation_keep20,Foveation,widowx_carrot_on_plate,,50,34,68.00,38.74,0.00,50,42,84.00,31.16,-16.00,7.58,-16.00
UniVLA,WidowX,fixed_foveation_keep20,Foveation,widowx_put_eggplant_in_basket,,50,48,96.00,31.04,0.00,50,49,98.00,29.30,-2.00,1.74,-2.00
UniVLA,WidowX,fixed_foveation_keep20,Foveation,widowx_spoon_on_towel,,50,40,80.00,33.04,0.00,50,44,88.00,27.76,-8.00,5.28,-8.00
UniVLA,WidowX,fixed_foveation_keep20,Foveation,widowx_stack_cube,,50,36,72.00,35.44,0.00,50,40,80.00,32.62,-8.00,2.82,-8.00
UniVLA,WidowX,fixed_foveation_keep50,Foveation,widowx_carrot_on_plate,,50,31,62.00,40.18,0.00,50,42,84.00,31.16,-22.00,9.02,-22.00
UniVLA,WidowX,fixed_foveation_keep50,Foveation,widowx_put_eggplant_in_basket,,50,48,96.00,32.34,0.00,50,49,98.00,29.30,-2.00,3.04,-2.00
UniVLA,WidowX,fixed_foveation_keep50,Foveation,widowx_spoon_on_towel,,50,40,80.00,33.58,0.00,50,44,88.00,27.76,-8.00,5.82,-8.00
UniVLA,WidowX,fixed_foveation_keep50,Foveation,widowx_stack_cube,,50,27,54.00,43.36,0.00,50,40,80.00,32.62,-26.00,10.74,-26.00
UniVLA,WidowX,action_repeat2,Action repeat,widowx_carrot_on_plate,,50,12,24.00,55.16,28.20,50,42,84.00,31.16,-60.00,24.00,-60.00
UniVLA,WidowX,action_repeat2,Action repeat,widowx_put_eggplant_in_basket,,50,3,6.00,115.68,57.90,50,49,98.00,29.30,-92.00,86.38,-92.00
UniVLA,WidowX,action_repeat2,Action repeat,widowx_spoon_on_towel,,50,6,12.00,57.28,28.90,50,44,88.00,27.76,-76.00,29.52,-76.00
UniVLA,WidowX,action_repeat2,Action repeat,widowx_stack_cube,,50,4,8.00,59.60,30.00,50,40,80.00,32.62,-72.00,26.98,-72.00
UniVLA,WidowX,action_repeat4,Action repeat,widowx_carrot_on_plate,,50,2,4.00,59.64,45.00,50,42,84.00,31.16,-80.00,28.48,-80.00
UniVLA,WidowX,action_repeat4,Action repeat,widowx_put_eggplant_in_basket,,50,1,2.00,118.88,89.40,50,49,98.00,29.30,-96.00,89.58,-96.00
UniVLA,WidowX,action_repeat4,Action repeat,widowx_spoon_on_towel,,50,3,6.00,59.54,45.00,50,44,88.00,27.76,-82.00,31.78,-82.00
UniVLA,WidowX,action_repeat4,Action repeat,widowx_stack_cube,,50,0,0.00,60.00,45.00,50,40,80.00,32.62,-80.00,27.38,-80.00
UniVLA,WidowX,depth_pruning1,Depth pruning,widowx_carrot_on_plate,,50,38,76.00,34.24,0.00,50,42,84.00,31.16,-8.00,3.08,-8.00
UniVLA,WidowX,depth_pruning1,Depth pruning,widowx_put_eggplant_in_basket,,50,49,98.00,30.22,0.00,50,49,98.00,29.30,0.00,0.92,0.00
UniVLA,WidowX,depth_pruning1,Depth pruning,widowx_spoon_on_towel,,50,40,80.00,31.84,0.00,50,44,88.00,27.76,-8.00,4.08,-8.00
UniVLA,WidowX,depth_pruning1,Depth pruning,widowx_stack_cube,,50,37,74.00,33.50,0.00,50,40,80.00,32.62,-6.00,0.88,-6.00
UniVLA,WidowX,depth_pruning2,Depth pruning,widowx_carrot_on_plate,,50,36,72.00,34.80,0.00,50,42,84.00,31.16,-12.00,3.64,-12.00
UniVLA,WidowX,depth_pruning2,Depth pruning,widowx_put_eggplant_in_basket,,50,49,98.00,28.96,0.00,50,49,98.00,29.30,0.00,-0.34,0.00
UniVLA,WidowX,depth_pruning2,Depth pruning,widowx_spoon_on_towel,,50,38,76.00,31.78,0.00,50,44,88.00,27.76,-12.00,4.02,-12.00
UniVLA,WidowX,depth_pruning2,Depth pruning,widowx_stack_cube,,50,41,82.00,31.00,0.00,50,40,80.00,32.62,2.00,-1.62,2.00
UniVLA,WidowX,depth_pruning4,Depth pruning,widowx_carrot_on_plate,,50,42,84.00,33.12,0.00,50,42,84.00,31.16,0.00,1.96,0.00
UniVLA,WidowX,depth_pruning4,Depth pruning,widowx_put_eggplant_in_basket,,50,49,98.00,29.12,0.00,50,49,98.00,29.30,0.00,-0.18,0.00
UniVLA,WidowX,depth_pruning4,Depth pruning,widowx_spoon_on_towel,,50,37,74.00,32.40,0.00,50,44,88.00,27.76,-14.00,4.64,-14.00
UniVLA,WidowX,depth_pruning4,Depth pruning,widowx_stack_cube,,50,35,70.00,34.62,0.00,50,40,80.00,32.62,-10.00,2.00,-10.00
UniVLA,WidowX,guarded_reuse_strict,Guarded reuse,widowx_carrot_on_plate,,50,42,84.00,31.16,0.00,50,42,84.00,31.16,0.00,0.00,0.00
UniVLA,WidowX,guarded_reuse_strict,Guarded reuse,widowx_put_eggplant_in_basket,,50,49,98.00,29.30,0.00,50,49,98.00,29.30,0.00,0.00,0.00
UniVLA,WidowX,guarded_reuse_strict,Guarded reuse,widowx_spoon_on_towel,,50,44,88.00,27.76,0.00,50,44,88.00,27.76,0.00,0.00,0.00
UniVLA,WidowX,guarded_reuse_strict,Guarded reuse,widowx_stack_cube,,50,40,80.00,32.62,0.00,50,40,80.00,32.62,0.00,0.00,0.00
UniVLA,WidowX,guarded_reuse_moderate,Guarded reuse,widowx_carrot_on_plate,,50,42,84.00,31.16,0.00,50,42,84.00,31.16,0.00,0.00,0.00
UniVLA,WidowX,guarded_reuse_moderate,Guarded reuse,widowx_put_eggplant_in_basket,,50,49,98.00,29.30,0.00,50,49,98.00,29.30,0.00,0.00,0.00
UniVLA,WidowX,guarded_reuse_moderate,Guarded reuse,widowx_spoon_on_towel,,50,44,88.00,27.18,0.02,50,44,88.00,27.76,0.00,-0.58,0.00
UniVLA,WidowX,guarded_reuse_moderate,Guarded reuse,widowx_stack_cube,,50,40,80.00,32.62,0.00,50,40,80.00,32.62,0.00,0.00,0.00
UniVLA,WidowX,guarded_reuse_aggressive,Guarded reuse,widowx_carrot_on_plate,,50,42,84.00,31.16,0.00,50,42,84.00,31.16,0.00,0.00,0.00
UniVLA,WidowX,guarded_reuse_aggressive,Guarded reuse,widowx_put_eggplant_in_basket,,50,49,98.00,29.30,0.00,50,49,98.00,29.30,0.00,0.00,0.00
UniVLA,WidowX,guarded_reuse_aggressive,Guarded reuse,widowx_spoon_on_towel,,50,42,84.00,29.16,0.04,50,44,88.00,27.76,-4.00,1.40,-4.00
UniVLA,WidowX,guarded_reuse_aggressive,Guarded reuse,widowx_stack_cube,,50,40,80.00,32.62,0.00,50,40,80.00,32.62,0.00,0.00,0.00
UniVLA,WidowX,temporal_fusion_motion_entropy,Temporal fusion,widowx_carrot_on_plate,,50,38,76.00,32.94,0.00,50,42,84.00,31.16,-8.00,1.78,-8.00
UniVLA,WidowX,temporal_fusion_motion_entropy,Temporal fusion,widowx_put_eggplant_in_basket,,50,49,98.00,29.44,0.00,50,49,98.00,29.30,0.00,0.14,0.00
UniVLA,WidowX,temporal_fusion_motion_entropy,Temporal fusion,widowx_spoon_on_towel,,50,38,76.00,32.22,0.00,50,44,88.00,27.76,-12.00,4.46,-12.00
UniVLA,WidowX,temporal_fusion_motion_entropy,Temporal fusion,widowx_stack_cube,,50,39,78.00,31.88,0.00,50,40,80.00,32.62,-2.00,-0.74,-2.00
UniVLA,WidowX,temporal_fusion_task_aware,Temporal fusion,widowx_carrot_on_plate,,50,36,72.00,33.94,0.00,50,42,84.00,31.16,-12.00,2.78,-12.00
UniVLA,WidowX,temporal_fusion_task_aware,Temporal fusion,widowx_put_eggplant_in_basket,,50,50,100.00,27.34,0.00,50,49,98.00,29.30,2.00,-1.96,2.00
UniVLA,WidowX,temporal_fusion_task_aware,Temporal fusion,widowx_spoon_on_towel,,50,44,88.00,28.78,0.00,50,44,88.00,27.76,0.00,1.02,0.00
UniVLA,WidowX,temporal_fusion_task_aware,Temporal fusion,widowx_stack_cube,,50,37,74.00,34.80,0.00,50,40,80.00,32.62,-6.00,2.18,-6.00
UniVLA,WidowX,temporal_fusion_conservative_adaptive,Temporal fusion,widowx_carrot_on_plate,,50,42,84.00,31.16,0.00,50,42,84.00,31.16,0.00,0.00,0.00
UniVLA,WidowX,temporal_fusion_conservative_adaptive,Temporal fusion,widowx_put_eggplant_in_basket,,50,49,98.00,29.30,0.00,50,49,98.00,29.30,0.00,0.00,0.00
UniVLA,WidowX,temporal_fusion_conservative_adaptive,Temporal fusion,widowx_spoon_on_towel,,50,44,88.00,27.76,0.00,50,44,88.00,27.76,0.00,0.00,0.00
UniVLA,WidowX,temporal_fusion_conservative_adaptive,Temporal fusion,widowx_stack_cube,,50,40,80.00,32.62,0.00,50,40,80.00,32.62,0.00,0.00,0.00
MiniVLA,WidowX,original,Original,widowx_carrot_on_plate,,50,2,4.00,59.28,0.00,50,2,4.00,59.28,0.00,0.00,0.00
MiniVLA,WidowX,original,Original,widowx_put_eggplant_in_basket,,50,9,18.00,106.12,0.00,50,9,18.00,106.12,0.00,0.00,0.00
MiniVLA,WidowX,original,Original,widowx_spoon_on_towel,,50,25,50.00,47.12,0.00,50,25,50.00,47.12,0.00,0.00,0.00
MiniVLA,WidowX,original,Original,widowx_stack_cube,,50,36,72.00,42.84,0.00,50,36,72.00,42.84,0.00,0.00,0.00
MiniVLA,WidowX,fixed_foveation_keep20,Foveation,widowx_carrot_on_plate,,50,6,12.00,56.10,0.00,50,2,4.00,59.28,8.00,-3.18,8.00
MiniVLA,WidowX,fixed_foveation_keep20,Foveation,widowx_put_eggplant_in_basket,,50,13,26.00,98.30,0.00,50,9,18.00,106.12,8.00,-7.82,8.00
MiniVLA,WidowX,fixed_foveation_keep20,Foveation,widowx_spoon_on_towel,,50,22,44.00,46.62,0.00,50,25,50.00,47.12,-6.00,-0.50,-6.00
MiniVLA,WidowX,fixed_foveation_keep20,Foveation,widowx_stack_cube,,50,15,30.00,52.44,0.00,50,36,72.00,42.84,-42.00,9.60,-42.00
MiniVLA,WidowX,fixed_foveation_keep50,Foveation,widowx_carrot_on_plate,,50,7,14.00,58.38,0.00,50,2,4.00,59.28,10.00,-0.90,10.00
MiniVLA,WidowX,fixed_foveation_keep50,Foveation,widowx_put_eggplant_in_basket,,50,11,22.00,102.04,0.00,50,9,18.00,106.12,4.00,-4.08,4.00
MiniVLA,WidowX,fixed_foveation_keep50,Foveation,widowx_spoon_on_towel,,50,26,52.00,45.82,0.00,50,25,50.00,47.12,2.00,-1.30,2.00
MiniVLA,WidowX,fixed_foveation_keep50,Foveation,widowx_stack_cube,,50,26,52.00,45.40,0.00,50,36,72.00,42.84,-20.00,2.56,-20.00
MiniVLA,WidowX,action_repeat2,Action repeat,widowx_carrot_on_plate,,50,5,10.00,58.54,29.24,50,2,4.00,59.28,6.00,-0.74,6.00
MiniVLA,WidowX,action_repeat2,Action repeat,widowx_put_eggplant_in_basket,,50,7,14.00,110.68,55.30,50,9,18.00,106.12,-4.00,4.56,-4.00
MiniVLA,WidowX,action_repeat2,Action repeat,widowx_spoon_on_towel,,50,24,48.00,48.50,24.12,50,25,50.00,47.12,-2.00,1.38,-2.00
MiniVLA,WidowX,action_repeat2,Action repeat,widowx_stack_cube,,50,24,48.00,50.04,24.92,50,36,72.00,42.84,-24.00,7.20,-24.00
MiniVLA,WidowX,action_repeat4,Action repeat,widowx_carrot_on_plate,,50,4,8.00,58.62,43.96,50,2,4.00,59.28,4.00,-0.66,4.00
MiniVLA,WidowX,action_repeat4,Action repeat,widowx_put_eggplant_in_basket,,50,8,16.00,107.64,80.64,50,9,18.00,106.12,-2.00,1.52,-2.00
MiniVLA,WidowX,action_repeat4,Action repeat,widowx_spoon_on_towel,,50,24,48.00,50.04,37.32,50,25,50.00,47.12,-2.00,2.92,-2.00
MiniVLA,WidowX,action_repeat4,Action repeat,widowx_stack_cube,,50,22,44.00,51.36,38.42,50,36,72.00,42.84,-28.00,8.52,-28.00
MiniVLA,WidowX,depth_pruning1,Depth pruning,widowx_carrot_on_plate,,50,0,0.00,60.00,0.00,50,2,4.00,59.28,-4.00,0.72,-4.00
MiniVLA,WidowX,depth_pruning1,Depth pruning,widowx_put_eggplant_in_basket,,50,10,20.00,102.24,0.00,50,9,18.00,106.12,2.00,-3.88,2.00
MiniVLA,WidowX,depth_pruning1,Depth pruning,widowx_spoon_on_towel,,50,19,38.00,50.50,0.00,50,25,50.00,47.12,-12.00,3.38,-12.00
MiniVLA,WidowX,depth_pruning1,Depth pruning,widowx_stack_cube,,50,8,16.00,57.00,0.00,50,36,72.00,42.84,-56.00,14.16,-56.00
MiniVLA,WidowX,depth_pruning2,Depth pruning,widowx_carrot_on_plate,,50,0,0.00,60.00,0.00,50,2,4.00,59.28,-4.00,0.72,-4.00
MiniVLA,WidowX,depth_pruning2,Depth pruning,widowx_put_eggplant_in_basket,,50,0,0.00,120.00,0.00,50,9,18.00,106.12,-18.00,13.88,-18.00
MiniVLA,WidowX,depth_pruning2,Depth pruning,widowx_spoon_on_towel,,50,0,0.00,60.00,0.00,50,25,50.00,47.12,-50.00,12.88,-50.00
MiniVLA,WidowX,depth_pruning2,Depth pruning,widowx_stack_cube,,50,0,0.00,60.00,0.00,50,36,72.00,42.84,-72.00,17.16,-72.00
MiniVLA,WidowX,depth_pruning4,Depth pruning,widowx_carrot_on_plate,,50,0,0.00,60.00,0.00,50,2,4.00,59.28,-4.00,0.72,-4.00
MiniVLA,WidowX,depth_pruning4,Depth pruning,widowx_put_eggplant_in_basket,,50,0,0.00,120.00,0.00,50,9,18.00,106.12,-18.00,13.88,-18.00
MiniVLA,WidowX,depth_pruning4,Depth pruning,widowx_spoon_on_towel,,50,0,0.00,60.00,0.00,50,25,50.00,47.12,-50.00,12.88,-50.00
MiniVLA,WidowX,depth_pruning4,Depth pruning,widowx_stack_cube,,50,0,0.00,60.00,0.00,50,36,72.00,42.84,-72.00,17.16,-72.00
MiniVLA,WidowX,guarded_reuse_strict,Guarded reuse,widowx_carrot_on_plate,,50,4,8.00,59.12,0.28,50,2,4.00,59.28,4.00,-0.16,4.00
MiniVLA,WidowX,guarded_reuse_strict,Guarded reuse,widowx_put_eggplant_in_basket,,50,12,24.00,101.74,7.50,50,9,18.00,106.12,6.00,-4.38,6.00
MiniVLA,WidowX,guarded_reuse_strict,Guarded reuse,widowx_spoon_on_towel,,50,25,50.00,46.90,0.06,50,25,50.00,47.12,0.00,-0.22,0.00
MiniVLA,WidowX,guarded_reuse_strict,Guarded reuse,widowx_stack_cube,,50,36,72.00,42.84,0.00,50,36,72.00,42.84,0.00,0.00,0.00
MiniVLA,WidowX,guarded_reuse_moderate,Guarded reuse,widowx_carrot_on_plate,,50,4,8.00,59.12,0.40,50,2,4.00,59.28,4.00,-0.16,4.00
MiniVLA,WidowX,guarded_reuse_moderate,Guarded reuse,widowx_put_eggplant_in_basket,,50,8,16.00,106.72,10.26,50,9,18.00,106.12,-2.00,0.60,-2.00
MiniVLA,WidowX,guarded_reuse_moderate,Guarded reuse,widowx_spoon_on_towel,,50,24,48.00,47.48,0.20,50,25,50.00,47.12,-2.00,0.36,-2.00
MiniVLA,WidowX,guarded_reuse_moderate,Guarded reuse,widowx_stack_cube,,50,36,72.00,42.84,0.00,50,36,72.00,42.84,0.00,0.00,0.00
MiniVLA,WidowX,guarded_reuse_aggressive,Guarded reuse,widowx_carrot_on_plate,,50,4,8.00,59.12,1.04,50,2,4.00,59.28,4.00,-0.16,4.00
MiniVLA,WidowX,guarded_reuse_aggressive,Guarded reuse,widowx_put_eggplant_in_basket,,50,5,10.00,111.58,9.14,50,9,18.00,106.12,-8.00,5.46,-8.00
MiniVLA,WidowX,guarded_reuse_aggressive,Guarded reuse,widowx_spoon_on_towel,,50,22,44.00,48.26,0.32,50,25,50.00,47.12,-6.00,1.14,-6.00
MiniVLA,WidowX,guarded_reuse_aggressive,Guarded reuse,widowx_stack_cube,,50,36,72.00,42.52,0.06,50,36,72.00,42.84,0.00,-0.32,0.00
MiniVLA,WidowX,temporal_fusion_motion_entropy,Temporal fusion,widowx_carrot_on_plate,,50,1,2.00,59.64,0.00,50,2,4.00,59.28,-2.00,0.36,-2.00
MiniVLA,WidowX,temporal_fusion_motion_entropy,Temporal fusion,widowx_put_eggplant_in_basket,,50,11,22.00,101.16,0.00,50,9,18.00,106.12,4.00,-4.96,4.00
MiniVLA,WidowX,temporal_fusion_motion_entropy,Temporal fusion,widowx_spoon_on_towel,,50,24,48.00,45.78,0.00,50,25,50.00,47.12,-2.00,-1.34,-2.00
MiniVLA,WidowX,temporal_fusion_motion_entropy,Temporal fusion,widowx_stack_cube,,50,42,84.00,38.08,0.00,50,36,72.00,42.84,12.00,-4.76,12.00
MiniVLA,WidowX,temporal_fusion_task_aware,Temporal fusion,widowx_carrot_on_plate,,50,4,8.00,59.00,0.00,50,2,4.00,59.28,4.00,-0.28,4.00
MiniVLA,WidowX,temporal_fusion_task_aware,Temporal fusion,widowx_put_eggplant_in_basket,,50,8,16.00,107.54,0.00,50,9,18.00,106.12,-2.00,1.42,-2.00
MiniVLA,WidowX,temporal_fusion_task_aware,Temporal fusion,widowx_spoon_on_towel,,50,24,48.00,46.76,0.00,50,25,50.00,47.12,-2.00,-0.36,-2.00
MiniVLA,WidowX,temporal_fusion_task_aware,Temporal fusion,widowx_stack_cube,,50,35,70.00,41.26,0.00,50,36,72.00,42.84,-2.00,-1.58,-2.00
MiniVLA,WidowX,temporal_fusion_conservative_adaptive,Temporal fusion,widowx_carrot_on_plate,,50,2,4.00,59.28,0.00,50,2,4.00,59.28,0.00,0.00,0.00
MiniVLA,WidowX,temporal_fusion_conservative_adaptive,Temporal fusion,widowx_put_eggplant_in_basket,,50,9,18.00,104.48,0.00,50,9,18.00,106.12,0.00,-1.64,0.00
MiniVLA,WidowX,temporal_fusion_conservative_adaptive,Temporal fusion,widowx_spoon_on_towel,,50,27,54.00,45.70,0.00,50,25,50.00,47.12,4.00,-1.42,4.00
MiniVLA,WidowX,temporal_fusion_conservative_adaptive,Temporal fusion,widowx_stack_cube,,50,39,78.00,42.90,0.00,50,36,72.00,42.84,6.00,0.06,6.00
CogACT,Fractal,original,Original,google_robot_close_drawer,,50,31,62.00,48.96,0.00,50,31,62.00,48.96,0.00,0.00,0.00
CogACT,Fractal,original,Original,google_robot_move_near,,50,47,94.00,22.50,0.00,50,47,94.00,22.50,0.00,0.00,0.00
CogACT,Fractal,original,Original,google_robot_open_drawer,,50,40,80.00,51.96,0.00,50,40,80.00,51.96,0.00,0.00,0.00
CogACT,Fractal,original,Original,google_robot_pick_coke_can,,50,49,98.00,20.46,0.00,50,49,98.00,20.46,0.00,0.00,0.00
CogACT,Fractal,original,Original,google_robot_place_apple_in_closed_top_drawer,,50,0,0.00,80.00,0.00,50,0,0.00,80.00,0.00,0.00,0.00
CogACT,Fractal,fixed_foveation_keep20,Foveation,google_robot_close_drawer,,50,29,58.00,51.20,0.00,50,31,62.00,48.96,-4.00,2.24,-4.00
CogACT,Fractal,fixed_foveation_keep20,Foveation,google_robot_move_near,,50,47,94.00,22.20,0.00,50,47,94.00,22.50,0.00,-0.30,0.00
CogACT,Fractal,fixed_foveation_keep20,Foveation,google_robot_open_drawer,,50,36,72.00,54.30,0.00,50,40,80.00,51.96,-8.00,2.34,-8.00
CogACT,Fractal,fixed_foveation_keep20,Foveation,google_robot_pick_coke_can,,50,50,100.00,18.90,0.00,50,49,98.00,20.46,2.00,-1.56,2.00
CogACT,Fractal,fixed_foveation_keep20,Foveation,google_robot_place_apple_in_closed_top_drawer,,50,0,0.00,80.00,0.00,50,0,0.00,80.00,0.00,0.00,0.00
CogACT,Fractal,fixed_foveation_keep50,Foveation,google_robot_close_drawer,,50,34,68.00,46.74,0.00,50,31,62.00,48.96,6.00,-2.22,6.00
CogACT,Fractal,fixed_foveation_keep50,Foveation,google_robot_move_near,,50,46,92.00,23.14,0.00,50,47,94.00,22.50,-2.00,0.64,-2.00
CogACT,Fractal,fixed_foveation_keep50,Foveation,google_robot_open_drawer,,50,40,80.00,50.22,0.00,50,40,80.00,51.96,0.00,-1.74,0.00
CogACT,Fractal,fixed_foveation_keep50,Foveation,google_robot_pick_coke_can,,50,48,96.00,21.60,0.00,50,49,98.00,20.46,-2.00,1.14,-2.00
CogACT,Fractal,fixed_foveation_keep50,Foveation,google_robot_place_apple_in_closed_top_drawer,,50,0,0.00,80.00,0.00,50,0,0.00,80.00,0.00,0.00,0.00
CogACT,Fractal,action_repeat2,Action repeat,google_robot_close_drawer,,50,37,74.00,42.06,0.00,50,31,62.00,48.96,12.00,-6.90,12.00
CogACT,Fractal,action_repeat2,Action repeat,google_robot_move_near,,50,41,82.00,32.10,0.00,50,47,94.00,22.50,-12.00,9.60,-12.00
CogACT,Fractal,action_repeat2,Action repeat,google_robot_open_drawer,,50,42,84.00,45.86,0.00,50,40,80.00,51.96,4.00,-6.10,4.00
CogACT,Fractal,action_repeat2,Action repeat,google_robot_pick_coke_can,,50,44,88.00,33.32,0.00,50,49,98.00,20.46,-10.00,12.86,-10.00
CogACT,Fractal,action_repeat2,Action repeat,google_robot_place_apple_in_closed_top_drawer,,50,0,0.00,80.00,0.00,50,0,0.00,80.00,0.00,0.00,0.00
CogACT,Fractal,action_repeat4,Action repeat,google_robot_close_drawer,,50,44,88.00,38.98,0.00,50,31,62.00,48.96,26.00,-9.98,26.00
CogACT,Fractal,action_repeat4,Action repeat,google_robot_move_near,,50,25,50.00,53.98,0.00,50,47,94.00,22.50,-44.00,31.48,-44.00
CogACT,Fractal,action_repeat4,Action repeat,google_robot_open_drawer,,50,21,42.00,65.86,0.00,50,40,80.00,51.96,-38.00,13.90,-38.00
CogACT,Fractal,action_repeat4,Action repeat,google_robot_pick_coke_can,,50,30,60.00,51.72,0.00,50,49,98.00,20.46,-38.00,31.26,-38.00
CogACT,Fractal,action_repeat4,Action repeat,google_robot_place_apple_in_closed_top_drawer,,50,0,0.00,80.00,0.00,50,0,0.00,80.00,0.00,0.00,0.00
CogACT,Fractal,depth_pruning1,Depth pruning,google_robot_close_drawer,,50,29,58.00,48.72,0.00,50,31,62.00,48.96,-4.00,-0.24,-4.00
CogACT,Fractal,depth_pruning1,Depth pruning,google_robot_move_near,,50,48,96.00,21.32,0.00,50,47,94.00,22.50,2.00,-1.18,2.00
CogACT,Fractal,depth_pruning1,Depth pruning,google_robot_open_drawer,,50,36,72.00,51.74,0.00,50,40,80.00,51.96,-8.00,-0.22,-8.00
CogACT,Fractal,depth_pruning1,Depth pruning,google_robot_pick_coke_can,,50,50,100.00,19.12,0.00,50,49,98.00,20.46,2.00,-1.34,2.00
CogACT,Fractal,depth_pruning1,Depth pruning,google_robot_place_apple_in_closed_top_drawer,,50,0,0.00,80.00,0.00,50,0,0.00,80.00,0.00,0.00,0.00
CogACT,Fractal,depth_pruning2,Depth pruning,google_robot_close_drawer,,50,30,60.00,49.38,0.00,50,31,62.00,48.96,-2.00,0.42,-2.00
CogACT,Fractal,depth_pruning2,Depth pruning,google_robot_move_near,,50,47,94.00,23.28,0.00,50,47,94.00,22.50,0.00,0.78,0.00
CogACT,Fractal,depth_pruning2,Depth pruning,google_robot_open_drawer,,50,39,78.00,46.50,0.00,50,40,80.00,51.96,-2.00,-5.46,-2.00
CogACT,Fractal,depth_pruning2,Depth pruning,google_robot_pick_coke_can,,50,48,96.00,20.50,0.00,50,49,98.00,20.46,-2.00,0.04,-2.00
CogACT,Fractal,depth_pruning2,Depth pruning,google_robot_place_apple_in_closed_top_drawer,,50,0,0.00,80.00,0.00,50,0,0.00,80.00,0.00,0.00,0.00
CogACT,Fractal,depth_pruning4,Depth pruning,google_robot_close_drawer,,50,34,68.00,45.58,0.00,50,31,62.00,48.96,6.00,-3.38,6.00
CogACT,Fractal,depth_pruning4,Depth pruning,google_robot_move_near,,50,46,92.00,23.42,0.00,50,47,94.00,22.50,-2.00,0.92,-2.00
CogACT,Fractal,depth_pruning4,Depth pruning,google_robot_open_drawer,,50,38,76.00,50.22,0.00,50,40,80.00,51.96,-4.00,-1.74,-4.00
CogACT,Fractal,depth_pruning4,Depth pruning,google_robot_pick_coke_can,,50,49,98.00,20.38,0.00,50,49,98.00,20.46,0.00,-0.08,0.00
CogACT,Fractal,depth_pruning4,Depth pruning,google_robot_place_apple_in_closed_top_drawer,,50,0,0.00,80.00,0.00,50,0,0.00,80.00,0.00,0.00,0.00
CogACT,Fractal,guarded_reuse_strict,Guarded reuse,google_robot_close_drawer,,50,31,62.00,48.96,0.00,50,31,62.00,48.96,0.00,0.00,0.00
CogACT,Fractal,guarded_reuse_strict,Guarded reuse,google_robot_move_near,,50,47,94.00,22.50,0.00,50,47,94.00,22.50,0.00,0.00,0.00
CogACT,Fractal,guarded_reuse_strict,Guarded reuse,google_robot_open_drawer,,50,40,80.00,51.60,0.02,50,40,80.00,51.96,0.00,-0.36,0.00
CogACT,Fractal,guarded_reuse_strict,Guarded reuse,google_robot_pick_coke_can,,50,49,98.00,20.46,0.00,50,49,98.00,20.46,0.00,0.00,0.00
CogACT,Fractal,guarded_reuse_strict,Guarded reuse,google_robot_place_apple_in_closed_top_drawer,,50,0,0.00,80.00,0.00,50,0,0.00,80.00,0.00,0.00,0.00
CogACT,Fractal,guarded_reuse_moderate,Guarded reuse,google_robot_close_drawer,,50,31,62.00,50.34,0.08,50,31,62.00,48.96,0.00,1.38,0.00
CogACT,Fractal,guarded_reuse_moderate,Guarded reuse,google_robot_move_near,,50,47,94.00,22.50,0.00,50,47,94.00,22.50,0.00,0.00,0.00
CogACT,Fractal,guarded_reuse_moderate,Guarded reuse,google_robot_open_drawer,,50,41,82.00,48.84,0.16,50,40,80.00,51.96,2.00,-3.12,2.00
CogACT,Fractal,guarded_reuse_moderate,Guarded reuse,google_robot_pick_coke_can,,50,49,98.00,20.46,0.00,50,49,98.00,20.46,0.00,0.00,0.00
CogACT,Fractal,guarded_reuse_moderate,Guarded reuse,google_robot_place_apple_in_closed_top_drawer,,50,0,0.00,80.00,0.00,50,0,0.00,80.00,0.00,0.00,0.00
CogACT,Fractal,guarded_reuse_aggressive,Guarded reuse,google_robot_close_drawer,,50,31,62.00,47.46,0.58,50,31,62.00,48.96,0.00,-1.50,0.00
CogACT,Fractal,guarded_reuse_aggressive,Guarded reuse,google_robot_move_near,,50,47,94.00,22.54,0.04,50,47,94.00,22.50,0.00,0.04,0.00
CogACT,Fractal,guarded_reuse_aggressive,Guarded reuse,google_robot_open_drawer,,50,40,80.00,47.70,0.56,50,40,80.00,51.96,0.00,-4.26,0.00
CogACT,Fractal,guarded_reuse_aggressive,Guarded reuse,google_robot_pick_coke_can,,50,49,98.00,20.46,0.00,50,49,98.00,20.46,0.00,0.00,0.00
CogACT,Fractal,guarded_reuse_aggressive,Guarded reuse,google_robot_place_apple_in_closed_top_drawer,,50,0,0.00,80.00,0.06,50,0,0.00,80.00,0.00,0.00,0.00
CogACT,Fractal,temporal_fusion_motion_entropy,Temporal fusion,google_robot_close_drawer,,50,31,62.00,48.42,0.00,50,31,62.00,48.96,0.00,-0.54,0.00
CogACT,Fractal,temporal_fusion_motion_entropy,Temporal fusion,google_robot_move_near,,50,46,92.00,22.76,0.00,50,47,94.00,22.50,-2.00,0.26,-2.00
CogACT,Fractal,temporal_fusion_motion_entropy,Temporal fusion,google_robot_open_drawer,,50,37,74.00,50.96,0.00,50,40,80.00,51.96,-6.00,-1.00,-6.00
CogACT,Fractal,temporal_fusion_motion_entropy,Temporal fusion,google_robot_pick_coke_can,,50,48,96.00,21.22,0.00,50,49,98.00,20.46,-2.00,0.76,-2.00
CogACT,Fractal,temporal_fusion_motion_entropy,Temporal fusion,google_robot_place_apple_in_closed_top_drawer,,50,0,0.00,80.00,0.00,50,0,0.00,80.00,0.00,0.00,0.00
CogACT,Fractal,temporal_fusion_task_aware,Temporal fusion,google_robot_close_drawer,,50,31,62.00,48.42,0.00,50,31,62.00,48.96,0.00,-0.54,0.00
CogACT,Fractal,temporal_fusion_task_aware,Temporal fusion,google_robot_move_near,,50,46,92.00,22.76,0.00,50,47,94.00,22.50,-2.00,0.26,-2.00
CogACT,Fractal,temporal_fusion_task_aware,Temporal fusion,google_robot_open_drawer,,50,37,74.00,50.96,0.00,50,40,80.00,51.96,-6.00,-1.00,-6.00
CogACT,Fractal,temporal_fusion_task_aware,Temporal fusion,google_robot_pick_coke_can,,50,48,96.00,21.22,0.00,50,49,98.00,20.46,-2.00,0.76,-2.00
CogACT,Fractal,temporal_fusion_task_aware,Temporal fusion,google_robot_place_apple_in_closed_top_drawer,,50,0,0.00,80.00,0.00,50,0,0.00,80.00,0.00,0.00,0.00
CogACT,Fractal,temporal_fusion_conservative_adaptive,Temporal fusion,google_robot_close_drawer,,50,31,62.00,49.14,0.00,50,31,62.00,48.96,0.00,0.18,0.00
CogACT,Fractal,temporal_fusion_conservative_adaptive,Temporal fusion,google_robot_move_near,,50,47,94.00,22.50,0.00,50,47,94.00,22.50,0.00,0.00,0.00
CogACT,Fractal,temporal_fusion_conservative_adaptive,Temporal fusion,google_robot_open_drawer,,50,37,74.00,50.62,0.00,50,40,80.00,51.96,-6.00,-1.34,-6.00
CogACT,Fractal,temporal_fusion_conservative_adaptive,Temporal fusion,google_robot_pick_coke_can,,50,49,98.00,20.46,0.00,50,49,98.00,20.46,0.00,0.00,0.00
CogACT,Fractal,temporal_fusion_conservative_adaptive,Temporal fusion,google_robot_place_apple_in_closed_top_drawer,,50,0,0.00,80.00,0.00,50,0,0.00,80.00,0.00,0.00,0.00
OpenVLA,Fractal,original,Original,google_robot_close_drawer,,50,20,40.00,64.28,0.00,50,20,40.00,64.28,0.00,0.00,0.00
OpenVLA,Fractal,original,Original,google_robot_move_near,,50,31,62.00,47.84,0.00,50,31,62.00,47.84,0.00,0.00,0.00
OpenVLA,Fractal,original,Original,google_robot_open_drawer,,50,9,18.00,74.64,0.00,50,9,18.00,74.64,0.00,0.00,0.00
OpenVLA,Fractal,original,Original,google_robot_pick_coke_can,,50,29,58.00,54.80,0.00,50,29,58.00,54.80,0.00,0.00,0.00
OpenVLA,Fractal,original,Original,google_robot_place_apple_in_closed_top_drawer,,50,0,0.00,80.00,0.00,50,0,0.00,80.00,0.00,0.00,0.00
OpenVLA,Fractal,fixed_foveation_keep20,Foveation,google_robot_close_drawer,,50,15,30.00,66.16,0.00,50,20,40.00,64.28,-10.00,1.88,-10.00
OpenVLA,Fractal,fixed_foveation_keep20,Foveation,google_robot_move_near,,50,3,6.00,76.34,0.00,50,31,62.00,47.84,-56.00,28.50,-56.00
OpenVLA,Fractal,fixed_foveation_keep20,Foveation,google_robot_open_drawer,,50,0,0.00,80.00,0.00,50,9,18.00,74.64,-18.00,5.36,-18.00
OpenVLA,Fractal,fixed_foveation_keep20,Foveation,google_robot_pick_coke_can,,50,1,2.00,78.98,0.00,50,29,58.00,54.80,-56.00,24.18,-56.00
OpenVLA,Fractal,fixed_foveation_keep20,Foveation,google_robot_place_apple_in_closed_top_drawer,,50,0,0.00,80.00,0.00,50,0,0.00,80.00,0.00,0.00,0.00
OpenVLA,Fractal,fixed_foveation_keep50,Foveation,google_robot_close_drawer,,50,17,34.00,63.56,0.00,50,20,40.00,64.28,-6.00,-0.72,-6.00
OpenVLA,Fractal,fixed_foveation_keep50,Foveation,google_robot_move_near,,50,16,32.00,63.42,0.00,50,31,62.00,47.84,-30.00,15.58,-30.00
OpenVLA,Fractal,fixed_foveation_keep50,Foveation,google_robot_open_drawer,,50,5,10.00,76.18,0.00,50,9,18.00,74.64,-8.00,1.54,-8.00
OpenVLA,Fractal,fixed_foveation_keep50,Foveation,google_robot_pick_coke_can,,50,23,46.00,58.02,0.00,50,29,58.00,54.80,-12.00,3.22,-12.00
OpenVLA,Fractal,fixed_foveation_keep50,Foveation,google_robot_place_apple_in_closed_top_drawer,,50,0,0.00,80.00,0.00,50,0,0.00,80.00,0.00,0.00,0.00
OpenVLA,Fractal,action_repeat2,Action repeat,google_robot_close_drawer,,50,23,46.00,62.10,30.92,50,20,40.00,64.28,6.00,-2.18,6.00
OpenVLA,Fractal,action_repeat2,Action repeat,google_robot_move_near,,50,29,58.00,50.08,24.88,50,31,62.00,47.84,-4.00,2.24,-4.00
OpenVLA,Fractal,action_repeat2,Action repeat,google_robot_open_drawer,,50,17,34.00,68.18,34.00,50,9,18.00,74.64,16.00,-6.46,16.00
OpenVLA,Fractal,action_repeat2,Action repeat,google_robot_pick_coke_can,,50,31,62.00,54.20,26.98,50,29,58.00,54.80,4.00,-0.60,4.00
OpenVLA,Fractal,action_repeat2,Action repeat,google_robot_place_apple_in_closed_top_drawer,,50,0,0.00,80.00,40.00,50,0,0.00,80.00,0.00,0.00,0.00
OpenVLA,Fractal,action_repeat4,Action repeat,google_robot_close_drawer,,50,26,52.00,63.10,47.16,50,20,40.00,64.28,12.00,-1.18,12.00
OpenVLA,Fractal,action_repeat4,Action repeat,google_robot_move_near,,50,22,44.00,59.12,44.16,50,31,62.00,47.84,-18.00,11.28,-18.00
OpenVLA,Fractal,action_repeat4,Action repeat,google_robot_open_drawer,,50,15,30.00,72.38,54.16,50,9,18.00,74.64,12.00,-2.26,12.00
OpenVLA,Fractal,action_repeat4,Action repeat,google_robot_pick_coke_can,,50,26,52.00,60.50,45.14,50,29,58.00,54.80,-6.00,5.70,-6.00
OpenVLA,Fractal,action_repeat4,Action repeat,google_robot_place_apple_in_closed_top_drawer,,50,0,0.00,80.00,60.00,50,0,0.00,80.00,0.00,0.00,0.00
OpenVLA,Fractal,depth_pruning1,Depth pruning,google_robot_close_drawer,,50,19,38.00,61.62,0.00,50,20,40.00,64.28,-2.00,-2.66,-2.00
OpenVLA,Fractal,depth_pruning1,Depth pruning,google_robot_move_near,,50,38,76.00,40.34,0.00,50,31,62.00,47.84,14.00,-7.50,14.00
OpenVLA,Fractal,depth_pruning1,Depth pruning,google_robot_open_drawer,,50,13,26.00,75.36,0.00,50,9,18.00,74.64,8.00,0.72,8.00
OpenVLA,Fractal,depth_pruning1,Depth pruning,google_robot_pick_coke_can,,50,26,52.00,56.86,0.00,50,29,58.00,54.80,-6.00,2.06,-6.00
OpenVLA,Fractal,depth_pruning1,Depth pruning,google_robot_place_apple_in_closed_top_drawer,,50,0,0.00,80.00,0.00,50,0,0.00,80.00,0.00,0.00,0.00
OpenVLA,Fractal,depth_pruning2,Depth pruning,google_robot_close_drawer,,50,25,50.00,58.32,0.00,50,20,40.00,64.28,10.00,-5.96,10.00
OpenVLA,Fractal,depth_pruning2,Depth pruning,google_robot_move_near,,50,34,68.00,43.38,0.00,50,31,62.00,47.84,6.00,-4.46,6.00
OpenVLA,Fractal,depth_pruning2,Depth pruning,google_robot_open_drawer,,50,13,26.00,74.08,0.00,50,9,18.00,74.64,8.00,-0.56,8.00
OpenVLA,Fractal,depth_pruning2,Depth pruning,google_robot_pick_coke_can,,50,30,60.00,53.50,0.00,50,29,58.00,54.80,2.00,-1.30,2.00
OpenVLA,Fractal,depth_pruning2,Depth pruning,google_robot_place_apple_in_closed_top_drawer,,50,0,0.00,80.00,0.00,50,0,0.00,80.00,0.00,0.00,0.00
OpenVLA,Fractal,depth_pruning4,Depth pruning,google_robot_close_drawer,,50,20,40.00,60.12,0.00,50,20,40.00,64.28,0.00,-4.16,0.00
OpenVLA,Fractal,depth_pruning4,Depth pruning,google_robot_move_near,,50,31,62.00,48.58,0.00,50,31,62.00,47.84,0.00,0.74,0.00
OpenVLA,Fractal,depth_pruning4,Depth pruning,google_robot_open_drawer,,50,9,18.00,75.30,0.00,50,9,18.00,74.64,0.00,0.66,0.00
OpenVLA,Fractal,depth_pruning4,Depth pruning,google_robot_pick_coke_can,,50,32,64.00,50.00,0.00,50,29,58.00,54.80,6.00,-4.80,6.00
OpenVLA,Fractal,depth_pruning4,Depth pruning,google_robot_place_apple_in_closed_top_drawer,,50,0,0.00,80.00,0.00,50,0,0.00,80.00,0.00,0.00,0.00
OpenVLA,Fractal,guarded_reuse_strict,Guarded reuse,google_robot_close_drawer,,50,21,42.00,64.18,2.16,50,20,40.00,64.28,2.00,-0.10,2.00
OpenVLA,Fractal,guarded_reuse_strict,Guarded reuse,google_robot_move_near,,50,31,62.00,47.84,0.12,50,31,62.00,47.84,0.00,0.00,0.00
OpenVLA,Fractal,guarded_reuse_strict,Guarded reuse,google_robot_open_drawer,,50,9,18.00,74.64,4.86,50,9,18.00,74.64,0.00,0.00,0.00
OpenVLA,Fractal,guarded_reuse_strict,Guarded reuse,google_robot_pick_coke_can,,50,29,58.00,54.80,0.00,50,29,58.00,54.80,0.00,0.00,0.00
OpenVLA,Fractal,guarded_reuse_strict,Guarded reuse,google_robot_place_apple_in_closed_top_drawer,,50,0,0.00,80.00,0.18,50,0,0.00,80.00,0.00,0.00,0.00
OpenVLA,Fractal,guarded_reuse_moderate,Guarded reuse,google_robot_close_drawer,,50,21,42.00,64.18,2.24,50,20,40.00,64.28,2.00,-0.10,2.00
OpenVLA,Fractal,guarded_reuse_moderate,Guarded reuse,google_robot_move_near,,50,31,62.00,47.84,0.22,50,31,62.00,47.84,0.00,0.00,0.00
OpenVLA,Fractal,guarded_reuse_moderate,Guarded reuse,google_robot_open_drawer,,50,9,18.00,74.64,5.22,50,9,18.00,74.64,0.00,0.00,0.00
OpenVLA,Fractal,guarded_reuse_moderate,Guarded reuse,google_robot_pick_coke_can,,50,30,60.00,54.32,0.02,50,29,58.00,54.80,2.00,-0.48,2.00
OpenVLA,Fractal,guarded_reuse_moderate,Guarded reuse,google_robot_place_apple_in_closed_top_drawer,,50,0,0.00,80.00,0.32,50,0,0.00,80.00,0.00,0.00,0.00
OpenVLA,Fractal,guarded_reuse_aggressive,Guarded reuse,google_robot_close_drawer,,50,17,34.00,64.74,3.00,50,20,40.00,64.28,-6.00,0.46,-6.00
OpenVLA,Fractal,guarded_reuse_aggressive,Guarded reuse,google_robot_move_near,,50,31,62.00,47.84,0.44,50,31,62.00,47.84,0.00,0.00,0.00
OpenVLA,Fractal,guarded_reuse_aggressive,Guarded reuse,google_robot_open_drawer,,50,10,20.00,74.48,8.50,50,9,18.00,74.64,2.00,-0.16,2.00
OpenVLA,Fractal,guarded_reuse_aggressive,Guarded reuse,google_robot_pick_coke_can,,50,30,60.00,54.18,0.06,50,29,58.00,54.80,2.00,-0.62,2.00
OpenVLA,Fractal,guarded_reuse_aggressive,Guarded reuse,google_robot_place_apple_in_closed_top_drawer,,50,0,0.00,80.00,0.46,50,0,0.00,80.00,0.00,0.00,0.00
OpenVLA,Fractal,temporal_fusion_motion_entropy,Temporal fusion,google_robot_close_drawer,,50,20,40.00,65.84,0.00,50,20,40.00,64.28,0.00,1.56,0.00
OpenVLA,Fractal,temporal_fusion_motion_entropy,Temporal fusion,google_robot_move_near,,50,42,84.00,36.78,0.00,50,31,62.00,47.84,22.00,-11.06,22.00
OpenVLA,Fractal,temporal_fusion_motion_entropy,Temporal fusion,google_robot_open_drawer,,50,13,26.00,71.20,0.00,50,9,18.00,74.64,8.00,-3.44,8.00
OpenVLA,Fractal,temporal_fusion_motion_entropy,Temporal fusion,google_robot_pick_coke_can,,50,30,60.00,56.32,0.00,50,29,58.00,54.80,2.00,1.52,2.00
OpenVLA,Fractal,temporal_fusion_motion_entropy,Temporal fusion,google_robot_place_apple_in_closed_top_drawer,,50,0,0.00,80.00,0.00,50,0,0.00,80.00,0.00,0.00,0.00
OpenVLA,Fractal,temporal_fusion_task_aware,Temporal fusion,google_robot_close_drawer,,50,25,50.00,58.60,0.00,50,20,40.00,64.28,10.00,-5.68,10.00
OpenVLA,Fractal,temporal_fusion_task_aware,Temporal fusion,google_robot_move_near,,50,32,64.00,47.18,0.00,50,31,62.00,47.84,2.00,-0.66,2.00
OpenVLA,Fractal,temporal_fusion_task_aware,Temporal fusion,google_robot_open_drawer,,50,17,34.00,68.92,0.00,50,9,18.00,74.64,16.00,-5.72,16.00
OpenVLA,Fractal,temporal_fusion_task_aware,Temporal fusion,google_robot_pick_coke_can,,50,32,64.00,52.48,0.00,50,29,58.00,54.80,6.00,-2.32,6.00
OpenVLA,Fractal,temporal_fusion_task_aware,Temporal fusion,google_robot_place_apple_in_closed_top_drawer,,50,0,0.00,80.00,0.00,50,0,0.00,80.00,0.00,0.00,0.00
OpenVLA,Fractal,temporal_fusion_conservative_adaptive,Temporal fusion,google_robot_close_drawer,,50,20,40.00,61.56,0.00,50,20,40.00,64.28,0.00,-2.72,0.00
OpenVLA,Fractal,temporal_fusion_conservative_adaptive,Temporal fusion,google_robot_move_near,,50,31,62.00,47.84,0.00,50,31,62.00,47.84,0.00,0.00,0.00
OpenVLA,Fractal,temporal_fusion_conservative_adaptive,Temporal fusion,google_robot_open_drawer,,50,10,20.00,74.64,0.00,50,9,18.00,74.64,2.00,0.00,2.00
OpenVLA,Fractal,temporal_fusion_conservative_adaptive,Temporal fusion,google_robot_pick_coke_can,,50,31,62.00,52.32,0.00,50,29,58.00,54.80,4.00,-2.48,4.00
OpenVLA,Fractal,temporal_fusion_conservative_adaptive,Temporal fusion,google_robot_place_apple_in_closed_top_drawer,,50,0,0.00,80.00,0.00,50,0,0.00,80.00,0.00,0.00,0.00
SpatialVLA,Fractal,original,Original,google_robot_close_drawer,,50,31,62.00,53.04,0.00,50,31,62.00,53.04,0.00,0.00,0.00
SpatialVLA,Fractal,original,Original,google_robot_move_near,,50,46,92.00,24.56,0.00,50,46,92.00,24.56,0.00,0.00,0.00
SpatialVLA,Fractal,original,Original,google_robot_open_drawer,,50,28,56.00,63.52,0.00,50,28,56.00,63.52,0.00,0.00,0.00
SpatialVLA,Fractal,original,Original,google_robot_pick_coke_can,,50,43,86.00,26.76,0.00,50,43,86.00,26.76,0.00,0.00,0.00
SpatialVLA,Fractal,original,Original,google_robot_place_apple_in_closed_top_drawer,,50,0,0.00,80.00,0.00,50,0,0.00,80.00,0.00,0.00,0.00
SpatialVLA,Fractal,fixed_foveation_keep20,Foveation,google_robot_close_drawer,,50,37,74.00,43.36,0.00,50,31,62.00,53.04,12.00,-9.68,12.00
SpatialVLA,Fractal,fixed_foveation_keep20,Foveation,google_robot_move_near,,50,38,76.00,32.70,0.00,50,46,92.00,24.56,-16.00,8.14,-16.00
SpatialVLA,Fractal,fixed_foveation_keep20,Foveation,google_robot_open_drawer,,50,19,38.00,63.64,0.00,50,28,56.00,63.52,-18.00,0.12,-18.00
SpatialVLA,Fractal,fixed_foveation_keep20,Foveation,google_robot_pick_coke_can,,50,44,88.00,24.04,0.00,50,43,86.00,26.76,2.00,-2.72,2.00
SpatialVLA,Fractal,fixed_foveation_keep20,Foveation,google_robot_place_apple_in_closed_top_drawer,,50,0,0.00,80.00,0.00,50,0,0.00,80.00,0.00,0.00,0.00
SpatialVLA,Fractal,fixed_foveation_keep50,Foveation,google_robot_close_drawer,,50,39,78.00,43.14,0.00,50,31,62.00,53.04,16.00,-9.90,16.00
SpatialVLA,Fractal,fixed_foveation_keep50,Foveation,google_robot_move_near,,50,45,90.00,27.32,0.00,50,46,92.00,24.56,-2.00,2.76,-2.00
SpatialVLA,Fractal,fixed_foveation_keep50,Foveation,google_robot_open_drawer,,50,18,36.00,67.04,0.00,50,28,56.00,63.52,-20.00,3.52,-20.00
SpatialVLA,Fractal,fixed_foveation_keep50,Foveation,google_robot_pick_coke_can,,50,41,82.00,28.24,0.00,50,43,86.00,26.76,-4.00,1.48,-4.00
SpatialVLA,Fractal,fixed_foveation_keep50,Foveation,google_robot_place_apple_in_closed_top_drawer,,50,0,0.00,80.00,0.00,50,0,0.00,80.00,0.00,0.00,0.00
SpatialVLA,Fractal,action_repeat2,Action repeat,google_robot_close_drawer,,50,37,74.00,48.24,0.00,50,31,62.00,53.04,12.00,-4.80,12.00
SpatialVLA,Fractal,action_repeat2,Action repeat,google_robot_move_near,,50,43,86.00,32.28,0.00,50,46,92.00,24.56,-6.00,7.72,-6.00
SpatialVLA,Fractal,action_repeat2,Action repeat,google_robot_open_drawer,,50,25,50.00,60.58,0.00,50,28,56.00,63.52,-6.00,-2.94,-6.00
SpatialVLA,Fractal,action_repeat2,Action repeat,google_robot_pick_coke_can,,50,43,86.00,30.92,0.00,50,43,86.00,26.76,0.00,4.16,0.00
SpatialVLA,Fractal,action_repeat2,Action repeat,google_robot_place_apple_in_closed_top_drawer,,50,0,0.00,80.00,0.00,50,0,0.00,80.00,0.00,0.00,0.00
SpatialVLA,Fractal,action_repeat4,Action repeat,google_robot_close_drawer,,50,22,44.00,60.78,0.00,50,31,62.00,53.04,-18.00,7.74,-18.00
SpatialVLA,Fractal,action_repeat4,Action repeat,google_robot_move_near,,50,24,48.00,54.02,0.00,50,46,92.00,24.56,-44.00,29.46,-44.00
SpatialVLA,Fractal,action_repeat4,Action repeat,google_robot_open_drawer,,50,12,24.00,72.02,0.00,50,28,56.00,63.52,-32.00,8.50,-32.00
SpatialVLA,Fractal,action_repeat4,Action repeat,google_robot_pick_coke_can,,50,16,32.00,62.58,0.00,50,43,86.00,26.76,-54.00,35.82,-54.00
SpatialVLA,Fractal,action_repeat4,Action repeat,google_robot_place_apple_in_closed_top_drawer,,50,0,0.00,80.00,0.00,50,0,0.00,80.00,0.00,0.00,0.00
SpatialVLA,Fractal,depth_pruning1,Depth pruning,google_robot_close_drawer,,50,34,68.00,48.78,0.00,50,31,62.00,53.04,6.00,-4.26,6.00
SpatialVLA,Fractal,depth_pruning1,Depth pruning,google_robot_move_near,,50,45,90.00,26.78,0.00,50,46,92.00,24.56,-2.00,2.22,-2.00
SpatialVLA,Fractal,depth_pruning1,Depth pruning,google_robot_open_drawer,,50,14,28.00,69.86,0.00,50,28,56.00,63.52,-28.00,6.34,-28.00
SpatialVLA,Fractal,depth_pruning1,Depth pruning,google_robot_pick_coke_can,,50,42,84.00,27.76,0.00,50,43,86.00,26.76,-2.00,1.00,-2.00
SpatialVLA,Fractal,depth_pruning1,Depth pruning,google_robot_place_apple_in_closed_top_drawer,,50,0,0.00,80.00,0.00,50,0,0.00,80.00,0.00,0.00,0.00
SpatialVLA,Fractal,depth_pruning2,Depth pruning,google_robot_close_drawer,,50,30,60.00,54.72,0.00,50,31,62.00,53.04,-2.00,1.68,-2.00
SpatialVLA,Fractal,depth_pruning2,Depth pruning,google_robot_move_near,,50,43,86.00,30.00,0.00,50,46,92.00,24.56,-6.00,5.44,-6.00
SpatialVLA,Fractal,depth_pruning2,Depth pruning,google_robot_open_drawer,,50,23,46.00,66.32,0.00,50,28,56.00,63.52,-10.00,2.80,-10.00
SpatialVLA,Fractal,depth_pruning2,Depth pruning,google_robot_pick_coke_can,,50,46,92.00,22.66,0.00,50,43,86.00,26.76,6.00,-4.10,6.00
SpatialVLA,Fractal,depth_pruning2,Depth pruning,google_robot_place_apple_in_closed_top_drawer,,50,0,0.00,80.00,0.00,50,0,0.00,80.00,0.00,0.00,0.00
SpatialVLA,Fractal,depth_pruning4,Depth pruning,google_robot_close_drawer,,50,19,38.00,62.12,0.00,50,31,62.00,53.04,-24.00,9.08,-24.00
SpatialVLA,Fractal,depth_pruning4,Depth pruning,google_robot_move_near,,50,36,72.00,35.56,0.00,50,46,92.00,24.56,-20.00,11.00,-20.00
SpatialVLA,Fractal,depth_pruning4,Depth pruning,google_robot_open_drawer,,50,5,10.00,76.88,0.00,50,28,56.00,63.52,-46.00,13.36,-46.00
SpatialVLA,Fractal,depth_pruning4,Depth pruning,google_robot_pick_coke_can,,50,48,96.00,22.18,0.00,50,43,86.00,26.76,10.00,-4.58,10.00
SpatialVLA,Fractal,depth_pruning4,Depth pruning,google_robot_place_apple_in_closed_top_drawer,,50,0,0.00,80.00,0.00,50,0,0.00,80.00,0.00,0.00,0.00
SpatialVLA,Fractal,guarded_reuse_strict,Guarded reuse,google_robot_close_drawer,,50,31,62.00,53.14,0.40,50,31,62.00,53.04,0.00,0.10,0.00
SpatialVLA,Fractal,guarded_reuse_strict,Guarded reuse,google_robot_move_near,,50,46,92.00,24.56,0.00,50,46,92.00,24.56,0.00,0.00,0.00
SpatialVLA,Fractal,guarded_reuse_strict,Guarded reuse,google_robot_open_drawer,,50,28,56.00,63.60,0.84,50,28,56.00,63.52,0.00,0.08,0.00
SpatialVLA,Fractal,guarded_reuse_strict,Guarded reuse,google_robot_pick_coke_can,,50,43,86.00,26.76,0.00,50,43,86.00,26.76,0.00,0.00,0.00
SpatialVLA,Fractal,guarded_reuse_strict,Guarded reuse,google_robot_place_apple_in_closed_top_drawer,,50,0,0.00,80.00,0.04,50,0,0.00,80.00,0.00,0.00,0.00
SpatialVLA,Fractal,guarded_reuse_moderate,Guarded reuse,google_robot_close_drawer,,50,31,62.00,53.58,0.94,50,31,62.00,53.04,0.00,0.54,0.00
SpatialVLA,Fractal,guarded_reuse_moderate,Guarded reuse,google_robot_move_near,,50,47,94.00,23.82,0.02,50,46,92.00,24.56,2.00,-0.74,2.00
SpatialVLA,Fractal,guarded_reuse_moderate,Guarded reuse,google_robot_open_drawer,,50,29,58.00,63.02,0.90,50,28,56.00,63.52,2.00,-0.50,2.00
SpatialVLA,Fractal,guarded_reuse_moderate,Guarded reuse,google_robot_pick_coke_can,,50,43,86.00,26.76,0.02,50,43,86.00,26.76,0.00,0.00,0.00
SpatialVLA,Fractal,guarded_reuse_moderate,Guarded reuse,google_robot_place_apple_in_closed_top_drawer,,50,0,0.00,80.00,0.18,50,0,0.00,80.00,0.00,0.00,0.00
SpatialVLA,Fractal,guarded_reuse_aggressive,Guarded reuse,google_robot_close_drawer,,50,29,58.00,54.32,2.04,50,31,62.00,53.04,-4.00,1.28,-4.00
SpatialVLA,Fractal,guarded_reuse_aggressive,Guarded reuse,google_robot_move_near,,50,48,96.00,23.82,0.26,50,46,92.00,24.56,4.00,-0.74,4.00
SpatialVLA,Fractal,guarded_reuse_aggressive,Guarded reuse,google_robot_open_drawer,,50,27,54.00,64.72,2.42,50,28,56.00,63.52,-2.00,1.20,-2.00
SpatialVLA,Fractal,guarded_reuse_aggressive,Guarded reuse,google_robot_pick_coke_can,,50,43,86.00,26.80,0.20,50,43,86.00,26.76,0.00,0.04,0.00
SpatialVLA,Fractal,guarded_reuse_aggressive,Guarded reuse,google_robot_place_apple_in_closed_top_drawer,,50,0,0.00,80.00,1.08,50,0,0.00,80.00,0.00,0.00,0.00
SpatialVLA,Fractal,temporal_fusion_motion_entropy,Temporal fusion,google_robot_close_drawer,,50,32,64.00,53.40,0.00,50,31,62.00,53.04,2.00,0.36,2.00
SpatialVLA,Fractal,temporal_fusion_motion_entropy,Temporal fusion,google_robot_move_near,,50,48,96.00,23.66,0.00,50,46,92.00,24.56,4.00,-0.90,4.00
SpatialVLA,Fractal,temporal_fusion_motion_entropy,Temporal fusion,google_robot_open_drawer,,50,23,46.00,62.86,0.00,50,28,56.00,63.52,-10.00,-0.66,-10.00
SpatialVLA,Fractal,temporal_fusion_motion_entropy,Temporal fusion,google_robot_pick_coke_can,,50,42,84.00,27.16,0.00,50,43,86.00,26.76,-2.00,0.40,-2.00
SpatialVLA,Fractal,temporal_fusion_motion_entropy,Temporal fusion,google_robot_place_apple_in_closed_top_drawer,,50,0,0.00,80.00,0.00,50,0,0.00,80.00,0.00,0.00,0.00
SpatialVLA,Fractal,temporal_fusion_task_aware,Temporal fusion,google_robot_close_drawer,,50,31,62.00,51.06,0.00,50,31,62.00,53.04,0.00,-1.98,0.00
SpatialVLA,Fractal,temporal_fusion_task_aware,Temporal fusion,google_robot_move_near,,50,48,96.00,23.38,0.00,50,46,92.00,24.56,4.00,-1.18,4.00
SpatialVLA,Fractal,temporal_fusion_task_aware,Temporal fusion,google_robot_open_drawer,,50,26,52.00,60.82,0.00,50,28,56.00,63.52,-4.00,-2.70,-4.00
SpatialVLA,Fractal,temporal_fusion_task_aware,Temporal fusion,google_robot_pick_coke_can,,50,45,90.00,23.28,0.00,50,43,86.00,26.76,4.00,-3.48,4.00
SpatialVLA,Fractal,temporal_fusion_task_aware,Temporal fusion,google_robot_place_apple_in_closed_top_drawer,,50,0,0.00,80.00,0.00,50,0,0.00,80.00,0.00,0.00,0.00
SpatialVLA,Fractal,temporal_fusion_conservative_adaptive,Temporal fusion,google_robot_close_drawer,,50,31,62.00,52.90,0.00,50,31,62.00,53.04,0.00,-0.14,0.00
SpatialVLA,Fractal,temporal_fusion_conservative_adaptive,Temporal fusion,google_robot_move_near,,50,46,92.00,24.56,0.00,50,46,92.00,24.56,0.00,0.00,0.00
SpatialVLA,Fractal,temporal_fusion_conservative_adaptive,Temporal fusion,google_robot_open_drawer,,50,28,56.00,64.08,0.00,50,28,56.00,63.52,0.00,0.56,0.00
SpatialVLA,Fractal,temporal_fusion_conservative_adaptive,Temporal fusion,google_robot_pick_coke_can,,50,43,86.00,26.76,0.00,50,43,86.00,26.76,0.00,0.00,0.00
SpatialVLA,Fractal,temporal_fusion_conservative_adaptive,Temporal fusion,google_robot_place_apple_in_closed_top_drawer,,50,0,0.00,80.00,0.00,50,0,0.00,80.00,0.00,0.00,0.00
CronusVLA,Fractal,original,Original,google_robot_close_drawer,,50,19,38.00,60.08,0.00,50,19,38.00,60.08,0.00,0.00,0.00
CronusVLA,Fractal,original,Original,google_robot_move_near,,50,50,100.00,28.10,0.00,50,50,100.00,28.10,0.00,0.00,0.00
CronusVLA,Fractal,original,Original,google_robot_open_drawer,,50,20,40.00,64.14,0.00,50,20,40.00,64.14,0.00,0.00,0.00
CronusVLA,Fractal,original,Original,google_robot_pick_coke_can,,50,50,100.00,24.36,0.00,50,50,100.00,24.36,0.00,0.00,0.00
CronusVLA,Fractal,original,Original,google_robot_place_apple_in_closed_top_drawer,,50,0,0.00,80.00,0.00,50,0,0.00,80.00,0.00,0.00,0.00
CronusVLA,Fractal,fixed_foveation_keep20,Foveation,google_robot_close_drawer,,50,25,50.00,56.76,0.00,50,19,38.00,60.08,12.00,-3.32,12.00
CronusVLA,Fractal,fixed_foveation_keep20,Foveation,google_robot_move_near,,50,50,100.00,25.76,0.00,50,50,100.00,28.10,0.00,-2.34,0.00
CronusVLA,Fractal,fixed_foveation_keep20,Foveation,google_robot_open_drawer,,50,11,22.00,72.92,0.00,50,20,40.00,64.14,-18.00,8.78,-18.00
CronusVLA,Fractal,fixed_foveation_keep20,Foveation,google_robot_pick_coke_can,,50,50,100.00,21.40,0.00,50,50,100.00,24.36,0.00,-2.96,0.00
CronusVLA,Fractal,fixed_foveation_keep20,Foveation,google_robot_place_apple_in_closed_top_drawer,,50,0,0.00,80.00,0.00,50,0,0.00,80.00,0.00,0.00,0.00
CronusVLA,Fractal,fixed_foveation_keep50,Foveation,google_robot_close_drawer,,50,28,56.00,54.88,0.00,50,19,38.00,60.08,18.00,-5.20,18.00
CronusVLA,Fractal,fixed_foveation_keep50,Foveation,google_robot_move_near,,50,50,100.00,25.24,0.00,50,50,100.00,28.10,0.00,-2.86,0.00
CronusVLA,Fractal,fixed_foveation_keep50,Foveation,google_robot_open_drawer,,50,14,28.00,70.16,0.00,50,20,40.00,64.14,-12.00,6.02,-12.00
CronusVLA,Fractal,fixed_foveation_keep50,Foveation,google_robot_pick_coke_can,,50,50,100.00,20.20,0.00,50,50,100.00,24.36,0.00,-4.16,0.00
CronusVLA,Fractal,fixed_foveation_keep50,Foveation,google_robot_place_apple_in_closed_top_drawer,,50,0,0.00,80.00,0.00,50,0,0.00,80.00,0.00,0.00,0.00
CronusVLA,Fractal,action_repeat2,Action repeat,google_robot_close_drawer,,50,24,48.00,60.32,30.04,50,19,38.00,60.08,10.00,0.24,10.00
CronusVLA,Fractal,action_repeat2,Action repeat,google_robot_move_near,,50,50,100.00,41.32,20.48,50,50,100.00,28.10,0.00,13.22,0.00
CronusVLA,Fractal,action_repeat2,Action repeat,google_robot_open_drawer,,50,22,44.00,67.08,33.40,50,20,40.00,64.14,4.00,2.94,4.00
CronusVLA,Fractal,action_repeat2,Action repeat,google_robot_pick_coke_can,,50,50,100.00,38.42,19.02,50,50,100.00,24.36,0.00,14.06,0.00
CronusVLA,Fractal,action_repeat2,Action repeat,google_robot_place_apple_in_closed_top_drawer,,50,0,0.00,80.00,40.00,50,0,0.00,80.00,0.00,0.00,0.00
CronusVLA,Fractal,action_repeat4,Action repeat,google_robot_close_drawer,,50,10,20.00,73.26,54.88,50,19,38.00,60.08,-18.00,13.18,-18.00
CronusVLA,Fractal,action_repeat4,Action repeat,google_robot_move_near,,50,50,100.00,68.70,51.44,50,50,100.00,28.10,0.00,40.60,0.00
CronusVLA,Fractal,action_repeat4,Action repeat,google_robot_open_drawer,,50,5,10.00,78.06,58.52,50,20,40.00,64.14,-30.00,13.92,-30.00
CronusVLA,Fractal,action_repeat4,Action repeat,google_robot_pick_coke_can,,50,50,100.00,70.64,52.84,50,50,100.00,24.36,0.00,46.28,0.00
CronusVLA,Fractal,action_repeat4,Action repeat,google_robot_place_apple_in_closed_top_drawer,,50,0,0.00,80.00,60.00,50,0,0.00,80.00,0.00,0.00,0.00
CronusVLA,Fractal,depth_pruning1,Depth pruning,google_robot_close_drawer,,50,24,48.00,57.40,0.00,50,19,38.00,60.08,10.00,-2.68,10.00
CronusVLA,Fractal,depth_pruning1,Depth pruning,google_robot_move_near,,50,48,96.00,26.22,0.00,50,50,100.00,28.10,-4.00,-1.88,-4.00
CronusVLA,Fractal,depth_pruning1,Depth pruning,google_robot_open_drawer,,50,20,40.00,64.60,0.00,50,20,40.00,64.14,0.00,0.46,0.00
CronusVLA,Fractal,depth_pruning1,Depth pruning,google_robot_pick_coke_can,,50,49,98.00,22.62,0.00,50,50,100.00,24.36,-2.00,-1.74,-2.00
CronusVLA,Fractal,depth_pruning1,Depth pruning,google_robot_place_apple_in_closed_top_drawer,,50,0,0.00,80.00,0.00,50,0,0.00,80.00,0.00,0.00,0.00
CronusVLA,Fractal,depth_pruning2,Depth pruning,google_robot_close_drawer,,50,16,32.00,64.88,0.00,50,19,38.00,60.08,-6.00,4.80,-6.00
CronusVLA,Fractal,depth_pruning2,Depth pruning,google_robot_move_near,,50,47,94.00,28.66,0.00,50,50,100.00,28.10,-6.00,0.56,-6.00
CronusVLA,Fractal,depth_pruning2,Depth pruning,google_robot_open_drawer,,50,18,36.00,70.08,0.00,50,20,40.00,64.14,-4.00,5.94,-4.00
CronusVLA,Fractal,depth_pruning2,Depth pruning,google_robot_pick_coke_can,,50,48,96.00,23.34,0.00,50,50,100.00,24.36,-4.00,-1.02,-4.00
CronusVLA,Fractal,depth_pruning2,Depth pruning,google_robot_place_apple_in_closed_top_drawer,,50,0,0.00,80.00,0.00,50,0,0.00,80.00,0.00,0.00,0.00
CronusVLA,Fractal,depth_pruning4,Depth pruning,google_robot_close_drawer,,50,18,36.00,65.16,0.00,50,19,38.00,60.08,-2.00,5.08,-2.00
CronusVLA,Fractal,depth_pruning4,Depth pruning,google_robot_move_near,,50,48,96.00,27.14,0.00,50,50,100.00,28.10,-4.00,-0.96,-4.00
CronusVLA,Fractal,depth_pruning4,Depth pruning,google_robot_open_drawer,,50,12,24.00,73.06,0.00,50,20,40.00,64.14,-16.00,8.92,-16.00
CronusVLA,Fractal,depth_pruning4,Depth pruning,google_robot_pick_coke_can,,50,50,100.00,24.54,0.00,50,50,100.00,24.36,0.00,0.18,0.00
CronusVLA,Fractal,depth_pruning4,Depth pruning,google_robot_place_apple_in_closed_top_drawer,,50,0,0.00,80.00,0.00,50,0,0.00,80.00,0.00,0.00,0.00
CronusVLA,Fractal,guarded_reuse_strict,Guarded reuse,google_robot_close_drawer,,50,21,42.00,61.28,1.60,50,19,38.00,60.08,4.00,1.20,4.00
CronusVLA,Fractal,guarded_reuse_strict,Guarded reuse,google_robot_move_near,,50,50,100.00,27.60,0.00,50,50,100.00,28.10,0.00,-0.50,0.00
CronusVLA,Fractal,guarded_reuse_strict,Guarded reuse,google_robot_open_drawer,,50,15,30.00,67.18,0.12,50,20,40.00,64.14,-10.00,3.04,-10.00
CronusVLA,Fractal,guarded_reuse_strict,Guarded reuse,google_robot_pick_coke_can,,50,50,100.00,23.58,0.06,50,50,100.00,24.36,0.00,-0.78,0.00
CronusVLA,Fractal,guarded_reuse_strict,Guarded reuse,google_robot_place_apple_in_closed_top_drawer,,50,0,0.00,80.00,0.00,50,0,0.00,80.00,0.00,0.00,0.00
CronusVLA,Fractal,guarded_reuse_moderate,Guarded reuse,google_robot_close_drawer,,50,20,40.00,61.16,3.62,50,19,38.00,60.08,2.00,1.08,2.00
CronusVLA,Fractal,guarded_reuse_moderate,Guarded reuse,google_robot_move_near,,50,50,100.00,27.60,0.00,50,50,100.00,28.10,0.00,-0.50,0.00
CronusVLA,Fractal,guarded_reuse_moderate,Guarded reuse,google_robot_open_drawer,,50,17,34.00,67.00,0.50,50,20,40.00,64.14,-6.00,2.86,-6.00
CronusVLA,Fractal,guarded_reuse_moderate,Guarded reuse,google_robot_pick_coke_can,,50,50,100.00,23.60,0.28,50,50,100.00,24.36,0.00,-0.76,0.00
CronusVLA,Fractal,guarded_reuse_moderate,Guarded reuse,google_robot_place_apple_in_closed_top_drawer,,50,0,0.00,80.00,0.02,50,0,0.00,80.00,0.00,0.00,0.00
CronusVLA,Fractal,guarded_reuse_aggressive,Guarded reuse,google_robot_close_drawer,,50,22,44.00,58.00,7.70,50,19,38.00,60.08,6.00,-2.08,6.00
CronusVLA,Fractal,guarded_reuse_aggressive,Guarded reuse,google_robot_move_near,,50,50,100.00,26.72,0.14,50,50,100.00,28.10,0.00,-1.38,0.00
CronusVLA,Fractal,guarded_reuse_aggressive,Guarded reuse,google_robot_open_drawer,,50,20,40.00,66.00,2.08,50,20,40.00,64.14,0.00,1.86,0.00
CronusVLA,Fractal,guarded_reuse_aggressive,Guarded reuse,google_robot_pick_coke_can,,50,50,100.00,22.94,0.12,50,50,100.00,24.36,0.00,-1.42,0.00
CronusVLA,Fractal,guarded_reuse_aggressive,Guarded reuse,google_robot_place_apple_in_closed_top_drawer,,50,0,0.00,80.00,0.66,50,0,0.00,80.00,0.00,0.00,0.00
CronusVLA,Fractal,temporal_fusion_motion_entropy,Temporal fusion,google_robot_close_drawer,,50,25,50.00,55.60,0.00,50,19,38.00,60.08,12.00,-4.48,12.00
CronusVLA,Fractal,temporal_fusion_motion_entropy,Temporal fusion,google_robot_move_near,,50,50,100.00,28.22,0.00,50,50,100.00,28.10,0.00,0.12,0.00
CronusVLA,Fractal,temporal_fusion_motion_entropy,Temporal fusion,google_robot_open_drawer,,50,18,36.00,65.98,0.00,50,20,40.00,64.14,-4.00,1.84,-4.00
CronusVLA,Fractal,temporal_fusion_motion_entropy,Temporal fusion,google_robot_pick_coke_can,,50,50,100.00,22.88,0.00,50,50,100.00,24.36,0.00,-1.48,0.00
CronusVLA,Fractal,temporal_fusion_motion_entropy,Temporal fusion,google_robot_place_apple_in_closed_top_drawer,,50,0,0.00,80.00,0.00,50,0,0.00,80.00,0.00,0.00,0.00
CronusVLA,Fractal,temporal_fusion_task_aware,Temporal fusion,google_robot_close_drawer,,50,25,50.00,55.60,0.00,50,19,38.00,60.08,12.00,-4.48,12.00
CronusVLA,Fractal,temporal_fusion_task_aware,Temporal fusion,google_robot_move_near,,50,50,100.00,28.22,0.00,50,50,100.00,28.10,0.00,0.12,0.00
CronusVLA,Fractal,temporal_fusion_task_aware,Temporal fusion,google_robot_open_drawer,,50,18,36.00,65.98,0.00,50,20,40.00,64.14,-4.00,1.84,-4.00
CronusVLA,Fractal,temporal_fusion_task_aware,Temporal fusion,google_robot_pick_coke_can,,50,50,100.00,22.88,0.00,50,50,100.00,24.36,0.00,-1.48,0.00
CronusVLA,Fractal,temporal_fusion_task_aware,Temporal fusion,google_robot_place_apple_in_closed_top_drawer,,50,0,0.00,80.00,0.00,50,0,0.00,80.00,0.00,0.00,0.00
CronusVLA,Fractal,temporal_fusion_conservative_adaptive,Temporal fusion,google_robot_close_drawer,,50,25,50.00,55.60,0.00,50,19,38.00,60.08,12.00,-4.48,12.00
CronusVLA,Fractal,temporal_fusion_conservative_adaptive,Temporal fusion,google_robot_move_near,,50,50,100.00,28.22,0.00,50,50,100.00,28.10,0.00,0.12,0.00
CronusVLA,Fractal,temporal_fusion_conservative_adaptive,Temporal fusion,google_robot_open_drawer,,50,18,36.00,65.98,0.00,50,20,40.00,64.14,-4.00,1.84,-4.00
CronusVLA,Fractal,temporal_fusion_conservative_adaptive,Temporal fusion,google_robot_pick_coke_can,,50,50,100.00,22.88,0.00,50,50,100.00,24.36,0.00,-1.48,0.00
CronusVLA,Fractal,temporal_fusion_conservative_adaptive,Temporal fusion,google_robot_place_apple_in_closed_top_drawer,,50,0,0.00,80.00,0.00,50,0,0.00,80.00,0.00,0.00,0.00
OpenVLA,LIBERO Long,original,Original,libero_10__task_0,put both the alphabet soup and the tomato sauce in the basket,10,7,70.00,399.50,0.00,10,7,70.00,399.50,0.00,0.00,0.00
OpenVLA,LIBERO Long,original,Original,libero_10__task_1,put both the cream cheese box and the butter in the basket,10,8,80.00,347.80,0.00,10,8,80.00,347.80,0.00,0.00,0.00
OpenVLA,LIBERO Long,original,Original,libero_10__task_2,turn on the stove and put the moka pot on it,10,6,60.00,391.00,0.00,10,6,60.00,391.00,0.00,0.00,0.00
OpenVLA,LIBERO Long,original,Original,libero_10__task_3,put the black bowl in the bottom drawer of the cabinet and close it,10,2,20.00,464.30,0.00,10,2,20.00,464.30,0.00,0.00,0.00
OpenVLA,LIBERO Long,original,Original,libero_10__task_4,put the white mug on the left plate and put the yellow and white mug on the right plate,10,4,40.00,413.70,0.00,10,4,40.00,413.70,0.00,0.00,0.00
OpenVLA,LIBERO Long,original,Original,libero_10__task_5,pick up the book and place it in the back compartment of the caddy,10,9,90.00,222.60,0.00,10,9,90.00,222.60,0.00,0.00,0.00
OpenVLA,LIBERO Long,original,Original,libero_10__task_6,put the white mug on the plate and put the chocolate pudding to the right of the plate,10,7,70.00,374.80,0.00,10,7,70.00,374.80,0.00,0.00,0.00
OpenVLA,LIBERO Long,original,Original,libero_10__task_7,put both the alphabet soup and the cream cheese box in the basket,10,5,50.00,428.00,0.00,10,5,50.00,428.00,0.00,0.00,0.00
OpenVLA,LIBERO Long,original,Original,libero_10__task_8,put both moka pots on the stove,10,3,30.00,486.50,0.00,10,3,30.00,486.50,0.00,0.00,0.00
OpenVLA,LIBERO Long,original,Original,libero_10__task_9,put the yellow and white mug in the microwave and close it,10,5,50.00,439.70,0.00,10,5,50.00,439.70,0.00,0.00,0.00
OpenVLA,LIBERO Long,fixed_foveation_keep20,Foveation,libero_10__task_0,put both the alphabet soup and the tomato sauce in the basket,10,4,40.00,431.00,0.00,10,7,70.00,399.50,-30.00,31.50,-30.00
OpenVLA,LIBERO Long,fixed_foveation_keep20,Foveation,libero_10__task_1,put both the cream cheese box and the butter in the basket,10,3,30.00,440.60,0.00,10,8,80.00,347.80,-50.00,92.80,-50.00
OpenVLA,LIBERO Long,fixed_foveation_keep20,Foveation,libero_10__task_2,turn on the stove and put the moka pot on it,10,3,30.00,474.60,0.00,10,6,60.00,391.00,-30.00,83.60,-30.00
OpenVLA,LIBERO Long,fixed_foveation_keep20,Foveation,libero_10__task_3,put the black bowl in the bottom drawer of the cabinet and close it,10,2,20.00,460.70,0.00,10,2,20.00,464.30,0.00,-3.60,0.00
OpenVLA,LIBERO Long,fixed_foveation_keep20,Foveation,libero_10__task_4,put the white mug on the left plate and put the yellow and white mug on the right plate,10,3,30.00,451.60,0.00,10,4,40.00,413.70,-10.00,37.90,-10.00
OpenVLA,LIBERO Long,fixed_foveation_keep20,Foveation,libero_10__task_5,pick up the book and place it in the back compartment of the caddy,10,7,70.00,283.80,0.00,10,9,90.00,222.60,-20.00,61.20,-20.00
OpenVLA,LIBERO Long,fixed_foveation_keep20,Foveation,libero_10__task_6,put the white mug on the plate and put the chocolate pudding to the right of the plate,10,3,30.00,449.00,0.00,10,7,70.00,374.80,-40.00,74.20,-40.00
OpenVLA,LIBERO Long,fixed_foveation_keep20,Foveation,libero_10__task_7,put both the alphabet soup and the cream cheese box in the basket,10,3,30.00,466.70,0.00,10,5,50.00,428.00,-20.00,38.70,-20.00
OpenVLA,LIBERO Long,fixed_foveation_keep20,Foveation,libero_10__task_8,put both moka pots on the stove,10,1,10.00,508.20,0.00,10,3,30.00,486.50,-20.00,21.70,-20.00
OpenVLA,LIBERO Long,fixed_foveation_keep20,Foveation,libero_10__task_9,put the yellow and white mug in the microwave and close it,10,1,10.00,501.90,0.00,10,5,50.00,439.70,-40.00,62.20,-40.00
OpenVLA,LIBERO Long,fixed_foveation_keep50,Foveation,libero_10__task_0,put both the alphabet soup and the tomato sauce in the basket,10,3,30.00,465.50,0.00,10,7,70.00,399.50,-40.00,66.00,-40.00
OpenVLA,LIBERO Long,fixed_foveation_keep50,Foveation,libero_10__task_1,put both the cream cheese box and the butter in the basket,10,6,60.00,379.20,0.00,10,8,80.00,347.80,-20.00,31.40,-20.00
OpenVLA,LIBERO Long,fixed_foveation_keep50,Foveation,libero_10__task_2,turn on the stove and put the moka pot on it,10,7,70.00,356.70,0.00,10,6,60.00,391.00,10.00,-34.30,10.00
OpenVLA,LIBERO Long,fixed_foveation_keep50,Foveation,libero_10__task_3,put the black bowl in the bottom drawer of the cabinet and close it,10,4,40.00,429.40,0.00,10,2,20.00,464.30,20.00,-34.90,20.00
OpenVLA,LIBERO Long,fixed_foveation_keep50,Foveation,libero_10__task_4,put the white mug on the left plate and put the yellow and white mug on the right plate,10,2,20.00,466.30,0.00,10,4,40.00,413.70,-20.00,52.60,-20.00
OpenVLA,LIBERO Long,fixed_foveation_keep50,Foveation,libero_10__task_5,pick up the book and place it in the back compartment of the caddy,10,10,100.00,186.40,0.00,10,9,90.00,222.60,10.00,-36.20,10.00
OpenVLA,LIBERO Long,fixed_foveation_keep50,Foveation,libero_10__task_6,put the white mug on the plate and put the chocolate pudding to the right of the plate,10,4,40.00,404.60,0.00,10,7,70.00,374.80,-30.00,29.80,-30.00
OpenVLA,LIBERO Long,fixed_foveation_keep50,Foveation,libero_10__task_7,put both the alphabet soup and the cream cheese box in the basket,10,4,40.00,439.40,0.00,10,5,50.00,428.00,-10.00,11.40,-10.00
OpenVLA,LIBERO Long,fixed_foveation_keep50,Foveation,libero_10__task_8,put both moka pots on the stove,10,1,10.00,512.90,0.00,10,3,30.00,486.50,-20.00,26.40,-20.00
OpenVLA,LIBERO Long,fixed_foveation_keep50,Foveation,libero_10__task_9,put the yellow and white mug in the microwave and close it,10,3,30.00,462.70,0.00,10,5,50.00,439.70,-20.00,23.00,-20.00
OpenVLA,LIBERO Long,action_repeat2,Action repeat,libero_10__task_0,put both the alphabet soup and the tomato sauce in the basket,10,6,60.00,427.10,213.40,10,7,70.00,399.50,-10.00,27.60,-10.00
OpenVLA,LIBERO Long,action_repeat2,Action repeat,libero_10__task_1,put both the cream cheese box and the butter in the basket,10,8,80.00,320.10,159.80,10,8,80.00,347.80,0.00,-27.70,0.00
OpenVLA,LIBERO Long,action_repeat2,Action repeat,libero_10__task_2,turn on the stove and put the moka pot on it,10,4,40.00,424.60,212.20,10,6,60.00,391.00,-20.00,33.60,-20.00
OpenVLA,LIBERO Long,action_repeat2,Action repeat,libero_10__task_3,put the black bowl in the bottom drawer of the cabinet and close it,10,4,40.00,426.90,213.40,10,2,20.00,464.30,20.00,-37.40,20.00
OpenVLA,LIBERO Long,action_repeat2,Action repeat,libero_10__task_4,put the white mug on the left plate and put the yellow and white mug on the right plate,10,1,10.00,494.70,247.30,10,4,40.00,413.70,-30.00,81.00,-30.00
OpenVLA,LIBERO Long,action_repeat2,Action repeat,libero_10__task_5,pick up the book and place it in the back compartment of the caddy,10,10,100.00,183.40,91.50,10,9,90.00,222.60,10.00,-39.20,10.00
OpenVLA,LIBERO Long,action_repeat2,Action repeat,libero_10__task_6,put the white mug on the plate and put the chocolate pudding to the right of the plate,10,2,20.00,458.50,229.20,10,7,70.00,374.80,-50.00,83.70,-50.00
OpenVLA,LIBERO Long,action_repeat2,Action repeat,libero_10__task_7,put both the alphabet soup and the cream cheese box in the basket,10,3,30.00,444.40,222.10,10,5,50.00,428.00,-20.00,16.40,-20.00
OpenVLA,LIBERO Long,action_repeat2,Action repeat,libero_10__task_8,put both moka pots on the stove,10,2,20.00,500.50,250.20,10,3,30.00,486.50,-10.00,14.00,-10.00
OpenVLA,LIBERO Long,action_repeat2,Action repeat,libero_10__task_9,put the yellow and white mug in the microwave and close it,10,6,60.00,394.50,197.10,10,5,50.00,439.70,10.00,-45.20,10.00
OpenVLA,LIBERO Long,action_repeat4,Action repeat,libero_10__task_0,put both the alphabet soup and the tomato sauce in the basket,10,5,50.00,454.60,340.90,10,7,70.00,399.50,-20.00,55.10,-20.00
OpenVLA,LIBERO Long,action_repeat4,Action repeat,libero_10__task_1,put both the cream cheese box and the butter in the basket,10,6,60.00,406.20,304.40,10,8,80.00,347.80,-20.00,58.40,-20.00
OpenVLA,LIBERO Long,action_repeat4,Action repeat,libero_10__task_2,turn on the stove and put the moka pot on it,10,1,10.00,491.40,368.50,10,6,60.00,391.00,-50.00,100.40,-50.00
OpenVLA,LIBERO Long,action_repeat4,Action repeat,libero_10__task_3,put the black bowl in the bottom drawer of the cabinet and close it,10,4,40.00,432.50,324.30,10,2,20.00,464.30,20.00,-31.80,20.00
OpenVLA,LIBERO Long,action_repeat4,Action repeat,libero_10__task_4,put the white mug on the left plate and put the yellow and white mug on the right plate,10,0,0.00,520.00,390.00,10,4,40.00,413.70,-40.00,106.30,-40.00
OpenVLA,LIBERO Long,action_repeat4,Action repeat,libero_10__task_5,pick up the book and place it in the back compartment of the caddy,10,6,60.00,347.70,260.60,10,9,90.00,222.60,-30.00,125.10,-30.00
OpenVLA,LIBERO Long,action_repeat4,Action repeat,libero_10__task_6,put the white mug on the plate and put the chocolate pudding to the right of the plate,10,1,10.00,494.80,371.10,10,7,70.00,374.80,-60.00,120.00,-60.00
OpenVLA,LIBERO Long,action_repeat4,Action repeat,libero_10__task_7,put both the alphabet soup and the cream cheese box in the basket,10,4,40.00,464.60,348.40,10,5,50.00,428.00,-10.00,36.60,-10.00
OpenVLA,LIBERO Long,action_repeat4,Action repeat,libero_10__task_8,put both moka pots on the stove,10,2,20.00,516.60,387.40,10,3,30.00,486.50,-10.00,30.10,-10.00
OpenVLA,LIBERO Long,action_repeat4,Action repeat,libero_10__task_9,put the yellow and white mug in the microwave and close it,10,3,30.00,483.00,362.20,10,5,50.00,439.70,-20.00,43.30,-20.00
OpenVLA,LIBERO Long,depth_pruning1,Depth pruning,libero_10__task_0,put both the alphabet soup and the tomato sauce in the basket,10,4,40.00,428.40,0.00,10,7,70.00,399.50,-30.00,28.90,-30.00
OpenVLA,LIBERO Long,depth_pruning1,Depth pruning,libero_10__task_1,put both the cream cheese box and the butter in the basket,10,8,80.00,325.30,0.00,10,8,80.00,347.80,0.00,-22.50,0.00
OpenVLA,LIBERO Long,depth_pruning1,Depth pruning,libero_10__task_2,turn on the stove and put the moka pot on it,10,6,60.00,371.50,0.00,10,6,60.00,391.00,0.00,-19.50,0.00
OpenVLA,LIBERO Long,depth_pruning1,Depth pruning,libero_10__task_3,put the black bowl in the bottom drawer of the cabinet and close it,10,4,40.00,442.80,0.00,10,2,20.00,464.30,20.00,-21.50,20.00
OpenVLA,LIBERO Long,depth_pruning1,Depth pruning,libero_10__task_4,put the white mug on the left plate and put the yellow and white mug on the right plate,10,4,40.00,413.60,0.00,10,4,40.00,413.70,0.00,-0.10,0.00
OpenVLA,LIBERO Long,depth_pruning1,Depth pruning,libero_10__task_5,pick up the book and place it in the back compartment of the caddy,10,10,100.00,210.70,0.00,10,9,90.00,222.60,10.00,-11.90,10.00
OpenVLA,LIBERO Long,depth_pruning1,Depth pruning,libero_10__task_6,put the white mug on the plate and put the chocolate pudding to the right of the plate,10,5,50.00,420.10,0.00,10,7,70.00,374.80,-20.00,45.30,-20.00
OpenVLA,LIBERO Long,depth_pruning1,Depth pruning,libero_10__task_7,put both the alphabet soup and the cream cheese box in the basket,10,7,70.00,420.70,0.00,10,5,50.00,428.00,20.00,-7.30,20.00
OpenVLA,LIBERO Long,depth_pruning1,Depth pruning,libero_10__task_8,put both moka pots on the stove,10,2,20.00,501.20,0.00,10,3,30.00,486.50,-10.00,14.70,-10.00
OpenVLA,LIBERO Long,depth_pruning1,Depth pruning,libero_10__task_9,put the yellow and white mug in the microwave and close it,10,3,30.00,451.90,0.00,10,5,50.00,439.70,-20.00,12.20,-20.00
OpenVLA,LIBERO Long,depth_pruning2,Depth pruning,libero_10__task_0,put both the alphabet soup and the tomato sauce in the basket,10,3,30.00,456.60,0.00,10,7,70.00,399.50,-40.00,57.10,-40.00
OpenVLA,LIBERO Long,depth_pruning2,Depth pruning,libero_10__task_1,put both the cream cheese box and the butter in the basket,10,9,90.00,280.60,0.00,10,8,80.00,347.80,10.00,-67.20,10.00
OpenVLA,LIBERO Long,depth_pruning2,Depth pruning,libero_10__task_2,turn on the stove and put the moka pot on it,10,7,70.00,382.50,0.00,10,6,60.00,391.00,10.00,-8.50,10.00
OpenVLA,LIBERO Long,depth_pruning2,Depth pruning,libero_10__task_3,put the black bowl in the bottom drawer of the cabinet and close it,10,3,30.00,434.20,0.00,10,2,20.00,464.30,10.00,-30.10,10.00
OpenVLA,LIBERO Long,depth_pruning2,Depth pruning,libero_10__task_4,put the white mug on the left plate and put the yellow and white mug on the right plate,10,0,0.00,520.00,0.00,10,4,40.00,413.70,-40.00,106.30,-40.00
OpenVLA,LIBERO Long,depth_pruning2,Depth pruning,libero_10__task_5,pick up the book and place it in the back compartment of the caddy,10,10,100.00,177.40,0.00,10,9,90.00,222.60,10.00,-45.20,10.00
OpenVLA,LIBERO Long,depth_pruning2,Depth pruning,libero_10__task_6,put the white mug on the plate and put the chocolate pudding to the right of the plate,10,6,60.00,385.60,0.00,10,7,70.00,374.80,-10.00,10.80,-10.00
OpenVLA,LIBERO Long,depth_pruning2,Depth pruning,libero_10__task_7,put both the alphabet soup and the cream cheese box in the basket,10,3,30.00,455.40,0.00,10,5,50.00,428.00,-20.00,27.40,-20.00
OpenVLA,LIBERO Long,depth_pruning2,Depth pruning,libero_10__task_8,put both moka pots on the stove,10,1,10.00,518.80,0.00,10,3,30.00,486.50,-20.00,32.30,-20.00
OpenVLA,LIBERO Long,depth_pruning2,Depth pruning,libero_10__task_9,put the yellow and white mug in the microwave and close it,10,3,30.00,451.70,0.00,10,5,50.00,439.70,-20.00,12.00,-20.00
OpenVLA,LIBERO Long,depth_pruning4,Depth pruning,libero_10__task_0,put both the alphabet soup and the tomato sauce in the basket,10,3,30.00,475.30,0.00,10,7,70.00,399.50,-40.00,75.80,-40.00
OpenVLA,LIBERO Long,depth_pruning4,Depth pruning,libero_10__task_1,put both the cream cheese box and the butter in the basket,10,4,40.00,412.20,0.00,10,8,80.00,347.80,-40.00,64.40,-40.00
OpenVLA,LIBERO Long,depth_pruning4,Depth pruning,libero_10__task_2,turn on the stove and put the moka pot on it,10,2,20.00,484.30,0.00,10,6,60.00,391.00,-40.00,93.30,-40.00
OpenVLA,LIBERO Long,depth_pruning4,Depth pruning,libero_10__task_3,put the black bowl in the bottom drawer of the cabinet and close it,10,2,20.00,466.40,0.00,10,2,20.00,464.30,0.00,2.10,0.00
OpenVLA,LIBERO Long,depth_pruning4,Depth pruning,libero_10__task_4,put the white mug on the left plate and put the yellow and white mug on the right plate,10,4,40.00,436.40,0.00,10,4,40.00,413.70,0.00,22.70,0.00
OpenVLA,LIBERO Long,depth_pruning4,Depth pruning,libero_10__task_5,pick up the book and place it in the back compartment of the caddy,10,4,40.00,422.10,0.00,10,9,90.00,222.60,-50.00,199.50,-50.00
OpenVLA,LIBERO Long,depth_pruning4,Depth pruning,libero_10__task_6,put the white mug on the plate and put the chocolate pudding to the right of the plate,10,1,10.00,489.90,0.00,10,7,70.00,374.80,-60.00,115.10,-60.00
OpenVLA,LIBERO Long,depth_pruning4,Depth pruning,libero_10__task_7,put both the alphabet soup and the cream cheese box in the basket,10,1,10.00,490.40,0.00,10,5,50.00,428.00,-40.00,62.40,-40.00
OpenVLA,LIBERO Long,depth_pruning4,Depth pruning,libero_10__task_8,put both moka pots on the stove,10,4,40.00,489.90,0.00,10,3,30.00,486.50,10.00,3.40,10.00
OpenVLA,LIBERO Long,depth_pruning4,Depth pruning,libero_10__task_9,put the yellow and white mug in the microwave and close it,10,1,10.00,500.90,0.00,10,5,50.00,439.70,-40.00,61.20,-40.00
OpenVLA,LIBERO Long,guarded_reuse_strict,Guarded reuse,libero_10__task_0,put both the alphabet soup and the tomato sauce in the basket,10,5,50.00,412.50,9.80,10,7,70.00,399.50,-20.00,13.00,-20.00
OpenVLA,LIBERO Long,guarded_reuse_strict,Guarded reuse,libero_10__task_1,put both the cream cheese box and the butter in the basket,10,7,70.00,348.20,7.90,10,8,80.00,347.80,-10.00,0.40,-10.00
OpenVLA,LIBERO Long,guarded_reuse_strict,Guarded reuse,libero_10__task_2,turn on the stove and put the moka pot on it,10,5,50.00,414.90,16.90,10,6,60.00,391.00,-10.00,23.90,-10.00
OpenVLA,LIBERO Long,guarded_reuse_strict,Guarded reuse,libero_10__task_3,put the black bowl in the bottom drawer of the cabinet and close it,10,2,20.00,464.10,10.10,10,2,20.00,464.30,0.00,-0.20,0.00
OpenVLA,LIBERO Long,guarded_reuse_strict,Guarded reuse,libero_10__task_4,put the white mug on the left plate and put the yellow and white mug on the right plate,10,4,40.00,413.30,13.60,10,4,40.00,413.70,0.00,-0.40,0.00
OpenVLA,LIBERO Long,guarded_reuse_strict,Guarded reuse,libero_10__task_5,pick up the book and place it in the back compartment of the caddy,10,10,100.00,206.30,5.50,10,9,90.00,222.60,10.00,-16.30,10.00
OpenVLA,LIBERO Long,guarded_reuse_strict,Guarded reuse,libero_10__task_6,put the white mug on the plate and put the chocolate pudding to the right of the plate,10,4,40.00,408.20,27.50,10,7,70.00,374.80,-30.00,33.40,-30.00
OpenVLA,LIBERO Long,guarded_reuse_strict,Guarded reuse,libero_10__task_7,put both the alphabet soup and the cream cheese box in the basket,10,4,40.00,417.70,14.60,10,5,50.00,428.00,-10.00,-10.30,-10.00
OpenVLA,LIBERO Long,guarded_reuse_strict,Guarded reuse,libero_10__task_8,put both moka pots on the stove,10,5,50.00,463.30,14.80,10,3,30.00,486.50,20.00,-23.20,20.00
OpenVLA,LIBERO Long,guarded_reuse_strict,Guarded reuse,libero_10__task_9,put the yellow and white mug in the microwave and close it,10,5,50.00,430.20,23.00,10,5,50.00,439.70,0.00,-9.50,0.00
OpenVLA,LIBERO Long,guarded_reuse_moderate,Guarded reuse,libero_10__task_0,put both the alphabet soup and the tomato sauce in the basket,10,7,70.00,365.60,13.10,10,7,70.00,399.50,0.00,-33.90,0.00
OpenVLA,LIBERO Long,guarded_reuse_moderate,Guarded reuse,libero_10__task_1,put both the cream cheese box and the butter in the basket,10,6,60.00,358.20,7.90,10,8,80.00,347.80,-20.00,10.40,-20.00
OpenVLA,LIBERO Long,guarded_reuse_moderate,Guarded reuse,libero_10__task_2,turn on the stove and put the moka pot on it,10,7,70.00,380.20,21.20,10,6,60.00,391.00,10.00,-10.80,10.00
OpenVLA,LIBERO Long,guarded_reuse_moderate,Guarded reuse,libero_10__task_3,put the black bowl in the bottom drawer of the cabinet and close it,10,2,20.00,459.00,26.30,10,2,20.00,464.30,0.00,-5.30,0.00
OpenVLA,LIBERO Long,guarded_reuse_moderate,Guarded reuse,libero_10__task_4,put the white mug on the left plate and put the yellow and white mug on the right plate,10,4,40.00,433.30,33.10,10,4,40.00,413.70,0.00,19.60,0.00
OpenVLA,LIBERO Long,guarded_reuse_moderate,Guarded reuse,libero_10__task_5,pick up the book and place it in the back compartment of the caddy,10,10,100.00,180.80,11.40,10,9,90.00,222.60,10.00,-41.80,10.00
OpenVLA,LIBERO Long,guarded_reuse_moderate,Guarded reuse,libero_10__task_6,put the white mug on the plate and put the chocolate pudding to the right of the plate,10,4,40.00,417.30,34.80,10,7,70.00,374.80,-30.00,42.50,-30.00
OpenVLA,LIBERO Long,guarded_reuse_moderate,Guarded reuse,libero_10__task_7,put both the alphabet soup and the cream cheese box in the basket,10,2,20.00,467.90,19.60,10,5,50.00,428.00,-30.00,39.90,-30.00
OpenVLA,LIBERO Long,guarded_reuse_moderate,Guarded reuse,libero_10__task_8,put both moka pots on the stove,10,4,40.00,471.20,23.40,10,3,30.00,486.50,10.00,-15.30,10.00
OpenVLA,LIBERO Long,guarded_reuse_moderate,Guarded reuse,libero_10__task_9,put the yellow and white mug in the microwave and close it,10,5,50.00,432.70,30.50,10,5,50.00,439.70,0.00,-7.00,0.00
OpenVLA,LIBERO Long,guarded_reuse_aggressive,Guarded reuse,libero_10__task_0,put both the alphabet soup and the tomato sauce in the basket,10,3,30.00,453.90,35.00,10,7,70.00,399.50,-40.00,54.40,-40.00
OpenVLA,LIBERO Long,guarded_reuse_aggressive,Guarded reuse,libero_10__task_1,put both the cream cheese box and the butter in the basket,10,8,80.00,317.30,15.40,10,8,80.00,347.80,0.00,-30.50,0.00
OpenVLA,LIBERO Long,guarded_reuse_aggressive,Guarded reuse,libero_10__task_2,turn on the stove and put the moka pot on it,10,7,70.00,356.50,45.30,10,6,60.00,391.00,10.00,-34.50,10.00
OpenVLA,LIBERO Long,guarded_reuse_aggressive,Guarded reuse,libero_10__task_3,put the black bowl in the bottom drawer of the cabinet and close it,10,2,20.00,458.90,32.10,10,2,20.00,464.30,0.00,-5.40,0.00
OpenVLA,LIBERO Long,guarded_reuse_aggressive,Guarded reuse,libero_10__task_4,put the white mug on the left plate and put the yellow and white mug on the right plate,10,3,30.00,443.60,33.30,10,4,40.00,413.70,-10.00,29.90,-10.00
OpenVLA,LIBERO Long,guarded_reuse_aggressive,Guarded reuse,libero_10__task_5,pick up the book and place it in the back compartment of the caddy,10,10,100.00,184.60,29.60,10,9,90.00,222.60,10.00,-38.00,10.00
OpenVLA,LIBERO Long,guarded_reuse_aggressive,Guarded reuse,libero_10__task_6,put the white mug on the plate and put the chocolate pudding to the right of the plate,10,6,60.00,380.60,46.90,10,7,70.00,374.80,-10.00,5.80,-10.00
OpenVLA,LIBERO Long,guarded_reuse_aggressive,Guarded reuse,libero_10__task_7,put both the alphabet soup and the cream cheese box in the basket,10,3,30.00,472.40,32.20,10,5,50.00,428.00,-20.00,44.40,-20.00
OpenVLA,LIBERO Long,guarded_reuse_aggressive,Guarded reuse,libero_10__task_8,put both moka pots on the stove,10,3,30.00,480.40,71.80,10,3,30.00,486.50,0.00,-6.10,0.00
OpenVLA,LIBERO Long,guarded_reuse_aggressive,Guarded reuse,libero_10__task_9,put the yellow and white mug in the microwave and close it,10,5,50.00,444.60,63.10,10,5,50.00,439.70,0.00,4.90,0.00
OpenVLA,LIBERO Long,temporal_fusion_motion_entropy,Temporal fusion,libero_10__task_0,put both the alphabet soup and the tomato sauce in the basket,10,4,40.00,424.70,0.00,10,7,70.00,399.50,-30.00,25.20,-30.00
OpenVLA,LIBERO Long,temporal_fusion_motion_entropy,Temporal fusion,libero_10__task_1,put both the cream cheese box and the butter in the basket,10,8,80.00,366.20,0.00,10,8,80.00,347.80,0.00,18.40,0.00
OpenVLA,LIBERO Long,temporal_fusion_motion_entropy,Temporal fusion,libero_10__task_2,turn on the stove and put the moka pot on it,10,5,50.00,417.40,0.00,10,6,60.00,391.00,-10.00,26.40,-10.00
OpenVLA,LIBERO Long,temporal_fusion_motion_entropy,Temporal fusion,libero_10__task_3,put the black bowl in the bottom drawer of the cabinet and close it,10,1,10.00,502.70,0.00,10,2,20.00,464.30,-10.00,38.40,-10.00
OpenVLA,LIBERO Long,temporal_fusion_motion_entropy,Temporal fusion,libero_10__task_4,put the white mug on the left plate and put the yellow and white mug on the right plate,10,3,30.00,442.90,0.00,10,4,40.00,413.70,-10.00,29.20,-10.00
OpenVLA,LIBERO Long,temporal_fusion_motion_entropy,Temporal fusion,libero_10__task_5,pick up the book and place it in the back compartment of the caddy,10,9,90.00,226.60,0.00,10,9,90.00,222.60,0.00,4.00,0.00
OpenVLA,LIBERO Long,temporal_fusion_motion_entropy,Temporal fusion,libero_10__task_6,put the white mug on the plate and put the chocolate pudding to the right of the plate,10,6,60.00,380.10,0.00,10,7,70.00,374.80,-10.00,5.30,-10.00
OpenVLA,LIBERO Long,temporal_fusion_motion_entropy,Temporal fusion,libero_10__task_7,put both the alphabet soup and the cream cheese box in the basket,10,2,20.00,463.10,0.00,10,5,50.00,428.00,-30.00,35.10,-30.00
OpenVLA,LIBERO Long,temporal_fusion_motion_entropy,Temporal fusion,libero_10__task_8,put both moka pots on the stove,10,3,30.00,501.20,0.00,10,3,30.00,486.50,0.00,14.70,0.00
OpenVLA,LIBERO Long,temporal_fusion_motion_entropy,Temporal fusion,libero_10__task_9,put the yellow and white mug in the microwave and close it,10,8,80.00,378.50,0.00,10,5,50.00,439.70,30.00,-61.20,30.00
OpenVLA,LIBERO Long,temporal_fusion_task_aware,Temporal fusion,libero_10__task_0,put both the alphabet soup and the tomato sauce in the basket,10,4,40.00,434.30,0.00,10,7,70.00,399.50,-30.00,34.80,-30.00
OpenVLA,LIBERO Long,temporal_fusion_task_aware,Temporal fusion,libero_10__task_1,put both the cream cheese box and the butter in the basket,10,7,70.00,385.80,0.00,10,8,80.00,347.80,-10.00,38.00,-10.00
OpenVLA,LIBERO Long,temporal_fusion_task_aware,Temporal fusion,libero_10__task_2,turn on the stove and put the moka pot on it,10,6,60.00,378.30,0.00,10,6,60.00,391.00,0.00,-12.70,0.00
OpenVLA,LIBERO Long,temporal_fusion_task_aware,Temporal fusion,libero_10__task_3,put the black bowl in the bottom drawer of the cabinet and close it,10,3,30.00,453.90,0.00,10,2,20.00,464.30,10.00,-10.40,10.00
OpenVLA,LIBERO Long,temporal_fusion_task_aware,Temporal fusion,libero_10__task_4,put the white mug on the left plate and put the yellow and white mug on the right plate,10,4,40.00,446.40,0.00,10,4,40.00,413.70,0.00,32.70,0.00
OpenVLA,LIBERO Long,temporal_fusion_task_aware,Temporal fusion,libero_10__task_5,pick up the book and place it in the back compartment of the caddy,10,9,90.00,215.40,0.00,10,9,90.00,222.60,0.00,-7.20,0.00
OpenVLA,LIBERO Long,temporal_fusion_task_aware,Temporal fusion,libero_10__task_6,put the white mug on the plate and put the chocolate pudding to the right of the plate,10,5,50.00,429.50,0.00,10,7,70.00,374.80,-20.00,54.70,-20.00
OpenVLA,LIBERO Long,temporal_fusion_task_aware,Temporal fusion,libero_10__task_7,put both the alphabet soup and the cream cheese box in the basket,10,3,30.00,449.40,0.00,10,5,50.00,428.00,-20.00,21.40,-20.00
OpenVLA,LIBERO Long,temporal_fusion_task_aware,Temporal fusion,libero_10__task_8,put both moka pots on the stove,10,2,20.00,484.10,0.00,10,3,30.00,486.50,-10.00,-2.40,-10.00
OpenVLA,LIBERO Long,temporal_fusion_task_aware,Temporal fusion,libero_10__task_9,put the yellow and white mug in the microwave and close it,10,5,50.00,416.20,0.00,10,5,50.00,439.70,0.00,-23.50,0.00
OpenVLA,LIBERO Long,temporal_fusion_conservative_adaptive,Temporal fusion,libero_10__task_0,put both the alphabet soup and the tomato sauce in the basket,10,5,50.00,399.30,0.00,10,7,70.00,399.50,-20.00,-0.20,-20.00
OpenVLA,LIBERO Long,temporal_fusion_conservative_adaptive,Temporal fusion,libero_10__task_1,put both the cream cheese box and the butter in the basket,10,7,70.00,345.60,0.00,10,8,80.00,347.80,-10.00,-2.20,-10.00
OpenVLA,LIBERO Long,temporal_fusion_conservative_adaptive,Temporal fusion,libero_10__task_2,turn on the stove and put the moka pot on it,10,6,60.00,367.20,0.00,10,6,60.00,391.00,0.00,-23.80,0.00
OpenVLA,LIBERO Long,temporal_fusion_conservative_adaptive,Temporal fusion,libero_10__task_3,put the black bowl in the bottom drawer of the cabinet and close it,10,2,20.00,464.30,0.00,10,2,20.00,464.30,0.00,0.00,0.00
OpenVLA,LIBERO Long,temporal_fusion_conservative_adaptive,Temporal fusion,libero_10__task_4,put the white mug on the left plate and put the yellow and white mug on the right plate,10,2,20.00,465.30,0.00,10,4,40.00,413.70,-20.00,51.60,-20.00
OpenVLA,LIBERO Long,temporal_fusion_conservative_adaptive,Temporal fusion,libero_10__task_5,pick up the book and place it in the back compartment of the caddy,10,9,90.00,221.90,0.00,10,9,90.00,222.60,0.00,-0.70,0.00
OpenVLA,LIBERO Long,temporal_fusion_conservative_adaptive,Temporal fusion,libero_10__task_6,put the white mug on the plate and put the chocolate pudding to the right of the plate,10,6,60.00,378.90,0.00,10,7,70.00,374.80,-10.00,4.10,-10.00
OpenVLA,LIBERO Long,temporal_fusion_conservative_adaptive,Temporal fusion,libero_10__task_7,put both the alphabet soup and the cream cheese box in the basket,10,3,30.00,468.70,0.00,10,5,50.00,428.00,-20.00,40.70,-20.00
OpenVLA,LIBERO Long,temporal_fusion_conservative_adaptive,Temporal fusion,libero_10__task_8,put both moka pots on the stove,10,0,0.00,520.00,0.00,10,3,30.00,486.50,-30.00,33.50,-30.00
OpenVLA,LIBERO Long,temporal_fusion_conservative_adaptive,Temporal fusion,libero_10__task_9,put the yellow and white mug in the microwave and close it,10,5,50.00,424.30,0.00,10,5,50.00,439.70,0.00,-15.40,0.00
UniVLA,LIBERO Long,original,Original,libero_10__task_0,put both the alphabet soup and the tomato sauce in the basket,10,10,100.00,256.60,0.00,10,10,100.00,256.60,0.00,0.00,0.00
UniVLA,LIBERO Long,original,Original,libero_10__task_1,put both the cream cheese box and the butter in the basket,10,9,90.00,265.70,0.00,10,9,90.00,265.70,0.00,0.00,0.00
UniVLA,LIBERO Long,original,Original,libero_10__task_2,turn on the stove and put the moka pot on it,10,10,100.00,246.70,0.00,10,10,100.00,246.70,0.00,0.00,0.00
UniVLA,LIBERO Long,original,Original,libero_10__task_3,put the black bowl in the bottom drawer of the cabinet and close it,10,10,100.00,225.30,0.00,10,10,100.00,225.30,0.00,0.00,0.00
UniVLA,LIBERO Long,original,Original,libero_10__task_4,put the white mug on the left plate and put the yellow and white mug on the right plate,10,9,90.00,256.70,0.00,10,9,90.00,256.70,0.00,0.00,0.00
UniVLA,LIBERO Long,original,Original,libero_10__task_5,pick up the book and place it in the back compartment of the caddy,10,9,90.00,194.70,0.00,10,9,90.00,194.70,0.00,0.00,0.00
UniVLA,LIBERO Long,original,Original,libero_10__task_6,put the white mug on the plate and put the chocolate pudding to the right of the plate,10,8,80.00,281.40,0.00,10,8,80.00,281.40,0.00,0.00,0.00
UniVLA,LIBERO Long,original,Original,libero_10__task_7,put both the alphabet soup and the cream cheese box in the basket,10,8,80.00,295.50,0.00,10,8,80.00,295.50,0.00,0.00,0.00
UniVLA,LIBERO Long,original,Original,libero_10__task_8,put both moka pots on the stove,10,6,60.00,438.70,0.00,10,6,60.00,438.70,0.00,0.00,0.00
UniVLA,LIBERO Long,original,Original,libero_10__task_9,put the yellow and white mug in the microwave and close it,10,7,70.00,342.30,0.00,10,7,70.00,342.30,0.00,0.00,0.00
UniVLA,LIBERO Long,fixed_foveation_keep20,Foveation,libero_10__task_0,put both the alphabet soup and the tomato sauce in the basket,10,10,100.00,255.20,0.00,10,10,100.00,256.60,0.00,-1.40,0.00
UniVLA,LIBERO Long,fixed_foveation_keep20,Foveation,libero_10__task_1,put both the cream cheese box and the butter in the basket,10,10,100.00,238.80,0.00,10,9,90.00,265.70,10.00,-26.90,10.00
UniVLA,LIBERO Long,fixed_foveation_keep20,Foveation,libero_10__task_2,turn on the stove and put the moka pot on it,10,8,80.00,281.80,0.00,10,10,100.00,246.70,-20.00,35.10,-20.00
UniVLA,LIBERO Long,fixed_foveation_keep20,Foveation,libero_10__task_3,put the black bowl in the bottom drawer of the cabinet and close it,10,10,100.00,226.10,0.00,10,10,100.00,225.30,0.00,0.80,0.00
UniVLA,LIBERO Long,fixed_foveation_keep20,Foveation,libero_10__task_4,put the white mug on the left plate and put the yellow and white mug on the right plate,10,10,100.00,229.70,0.00,10,9,90.00,256.70,10.00,-27.00,10.00
UniVLA,LIBERO Long,fixed_foveation_keep20,Foveation,libero_10__task_5,pick up the book and place it in the back compartment of the caddy,10,10,100.00,153.90,0.00,10,9,90.00,194.70,10.00,-40.80,10.00
UniVLA,LIBERO Long,fixed_foveation_keep20,Foveation,libero_10__task_6,put the white mug on the plate and put the chocolate pudding to the right of the plate,10,8,80.00,299.00,0.00,10,8,80.00,281.40,0.00,17.60,0.00
UniVLA,LIBERO Long,fixed_foveation_keep20,Foveation,libero_10__task_7,put both the alphabet soup and the cream cheese box in the basket,10,8,80.00,299.50,0.00,10,8,80.00,295.50,0.00,4.00,0.00
UniVLA,LIBERO Long,fixed_foveation_keep20,Foveation,libero_10__task_8,put both moka pots on the stove,10,2,20.00,487.20,0.00,10,6,60.00,438.70,-40.00,48.50,-40.00
UniVLA,LIBERO Long,fixed_foveation_keep20,Foveation,libero_10__task_9,put the yellow and white mug in the microwave and close it,10,10,100.00,286.20,0.00,10,7,70.00,342.30,30.00,-56.10,30.00
UniVLA,LIBERO Long,fixed_foveation_keep50,Foveation,libero_10__task_0,put both the alphabet soup and the tomato sauce in the basket,10,9,90.00,301.00,0.00,10,10,100.00,256.60,-10.00,44.40,-10.00
UniVLA,LIBERO Long,fixed_foveation_keep50,Foveation,libero_10__task_1,put both the cream cheese box and the butter in the basket,10,10,100.00,239.80,0.00,10,9,90.00,265.70,10.00,-25.90,10.00
UniVLA,LIBERO Long,fixed_foveation_keep50,Foveation,libero_10__task_2,turn on the stove and put the moka pot on it,10,9,90.00,257.60,0.00,10,10,100.00,246.70,-10.00,10.90,-10.00
UniVLA,LIBERO Long,fixed_foveation_keep50,Foveation,libero_10__task_3,put the black bowl in the bottom drawer of the cabinet and close it,10,10,100.00,222.70,0.00,10,10,100.00,225.30,0.00,-2.60,0.00
UniVLA,LIBERO Long,fixed_foveation_keep50,Foveation,libero_10__task_4,put the white mug on the left plate and put the yellow and white mug on the right plate,10,10,100.00,229.80,0.00,10,9,90.00,256.70,10.00,-26.90,10.00
UniVLA,LIBERO Long,fixed_foveation_keep50,Foveation,libero_10__task_5,pick up the book and place it in the back compartment of the caddy,10,10,100.00,169.80,0.00,10,9,90.00,194.70,10.00,-24.90,10.00
UniVLA,LIBERO Long,fixed_foveation_keep50,Foveation,libero_10__task_6,put the white mug on the plate and put the chocolate pudding to the right of the plate,10,10,100.00,214.40,0.00,10,8,80.00,281.40,20.00,-67.00,20.00
UniVLA,LIBERO Long,fixed_foveation_keep50,Foveation,libero_10__task_7,put both the alphabet soup and the cream cheese box in the basket,10,8,80.00,303.90,0.00,10,8,80.00,295.50,0.00,8.40,0.00
UniVLA,LIBERO Long,fixed_foveation_keep50,Foveation,libero_10__task_8,put both moka pots on the stove,10,6,60.00,444.00,0.00,10,6,60.00,438.70,0.00,5.30,0.00
UniVLA,LIBERO Long,fixed_foveation_keep50,Foveation,libero_10__task_9,put the yellow and white mug in the microwave and close it,10,8,80.00,305.80,0.00,10,7,70.00,342.30,10.00,-36.50,10.00
UniVLA,LIBERO Long,action_repeat2,Action repeat,libero_10__task_0,put both the alphabet soup and the tomato sauce in the basket,10,0,0.00,520.00,260.00,10,10,100.00,256.60,-100.00,263.40,-100.00
UniVLA,LIBERO Long,action_repeat2,Action repeat,libero_10__task_1,put both the cream cheese box and the butter in the basket,10,4,40.00,476.80,240.00,10,9,90.00,265.70,-50.00,211.10,-50.00
UniVLA,LIBERO Long,action_repeat2,Action repeat,libero_10__task_2,turn on the stove and put the moka pot on it,10,2,20.00,479.80,241.00,10,10,100.00,246.70,-80.00,233.10,-80.00
UniVLA,LIBERO Long,action_repeat2,Action repeat,libero_10__task_3,put the black bowl in the bottom drawer of the cabinet and close it,10,6,60.00,383.20,194.00,10,10,100.00,225.30,-40.00,157.90,-40.00
UniVLA,LIBERO Long,action_repeat2,Action repeat,libero_10__task_4,put the white mug on the left plate and put the yellow and white mug on the right plate,10,0,0.00,520.00,260.00,10,9,90.00,256.70,-90.00,263.30,-90.00
UniVLA,LIBERO Long,action_repeat2,Action repeat,libero_10__task_5,pick up the book and place it in the back compartment of the caddy,10,8,80.00,290.70,150.00,10,9,90.00,194.70,-10.00,96.00,-10.00
UniVLA,LIBERO Long,action_repeat2,Action repeat,libero_10__task_6,put the white mug on the plate and put the chocolate pudding to the right of the plate,10,1,10.00,499.40,250.00,10,8,80.00,281.40,-70.00,218.00,-70.00
UniVLA,LIBERO Long,action_repeat2,Action repeat,libero_10__task_7,put both the alphabet soup and the cream cheese box in the basket,10,2,20.00,492.30,248.00,10,8,80.00,295.50,-60.00,196.80,-60.00
UniVLA,LIBERO Long,action_repeat2,Action repeat,libero_10__task_8,put both moka pots on the stove,10,0,0.00,520.00,260.00,10,6,60.00,438.70,-60.00,81.30,-60.00
UniVLA,LIBERO Long,action_repeat2,Action repeat,libero_10__task_9,put the yellow and white mug in the microwave and close it,10,4,40.00,472.80,239.00,10,7,70.00,342.30,-30.00,130.50,-30.00
UniVLA,LIBERO Long,action_repeat4,Action repeat,libero_10__task_0,put both the alphabet soup and the tomato sauce in the basket,10,0,0.00,520.00,390.00,10,10,100.00,256.60,-100.00,263.40,-100.00
UniVLA,LIBERO Long,action_repeat4,Action repeat,libero_10__task_1,put both the cream cheese box and the butter in the basket,10,0,0.00,520.00,390.00,10,9,90.00,265.70,-90.00,254.30,-90.00
UniVLA,LIBERO Long,action_repeat4,Action repeat,libero_10__task_2,turn on the stove and put the moka pot on it,10,0,0.00,520.00,390.00,10,10,100.00,246.70,-100.00,273.30,-100.00
UniVLA,LIBERO Long,action_repeat4,Action repeat,libero_10__task_3,put the black bowl in the bottom drawer of the cabinet and close it,10,0,0.00,520.00,390.00,10,10,100.00,225.30,-100.00,294.70,-100.00
UniVLA,LIBERO Long,action_repeat4,Action repeat,libero_10__task_4,put the white mug on the left plate and put the yellow and white mug on the right plate,10,0,0.00,520.00,390.00,10,9,90.00,256.70,-90.00,263.30,-90.00
UniVLA,LIBERO Long,action_repeat4,Action repeat,libero_10__task_5,pick up the book and place it in the back compartment of the caddy,10,1,10.00,494.20,372.00,10,9,90.00,194.70,-80.00,299.50,-80.00
UniVLA,LIBERO Long,action_repeat4,Action repeat,libero_10__task_6,put the white mug on the plate and put the chocolate pudding to the right of the plate,10,0,0.00,520.00,390.00,10,8,80.00,281.40,-80.00,238.60,-80.00
UniVLA,LIBERO Long,action_repeat4,Action repeat,libero_10__task_7,put both the alphabet soup and the cream cheese box in the basket,10,0,0.00,520.00,390.00,10,8,80.00,295.50,-80.00,224.50,-80.00
UniVLA,LIBERO Long,action_repeat4,Action repeat,libero_10__task_8,put both moka pots on the stove,10,0,0.00,520.00,390.00,10,6,60.00,438.70,-60.00,81.30,-60.00
UniVLA,LIBERO Long,action_repeat4,Action repeat,libero_10__task_9,put the yellow and white mug in the microwave and close it,10,0,0.00,520.00,390.00,10,7,70.00,342.30,-70.00,177.70,-70.00
UniVLA,LIBERO Long,depth_pruning1,Depth pruning,libero_10__task_0,put both the alphabet soup and the tomato sauce in the basket,10,9,90.00,292.40,0.00,10,10,100.00,256.60,-10.00,35.80,-10.00
UniVLA,LIBERO Long,depth_pruning1,Depth pruning,libero_10__task_1,put both the cream cheese box and the butter in the basket,10,10,100.00,252.40,0.00,10,9,90.00,265.70,10.00,-13.30,10.00
UniVLA,LIBERO Long,depth_pruning1,Depth pruning,libero_10__task_2,turn on the stove and put the moka pot on it,10,9,90.00,263.60,0.00,10,10,100.00,246.70,-10.00,16.90,-10.00
UniVLA,LIBERO Long,depth_pruning1,Depth pruning,libero_10__task_3,put the black bowl in the bottom drawer of the cabinet and close it,10,10,100.00,227.10,0.00,10,10,100.00,225.30,0.00,1.80,0.00
UniVLA,LIBERO Long,depth_pruning1,Depth pruning,libero_10__task_4,put the white mug on the left plate and put the yellow and white mug on the right plate,10,9,90.00,267.50,0.00,10,9,90.00,256.70,0.00,10.80,0.00
UniVLA,LIBERO Long,depth_pruning1,Depth pruning,libero_10__task_5,pick up the book and place it in the back compartment of the caddy,10,9,90.00,193.40,0.00,10,9,90.00,194.70,0.00,-1.30,0.00
UniVLA,LIBERO Long,depth_pruning1,Depth pruning,libero_10__task_6,put the white mug on the plate and put the chocolate pudding to the right of the plate,10,8,80.00,321.30,0.00,10,8,80.00,281.40,0.00,39.90,0.00
UniVLA,LIBERO Long,depth_pruning1,Depth pruning,libero_10__task_7,put both the alphabet soup and the cream cheese box in the basket,10,8,80.00,296.60,0.00,10,8,80.00,295.50,0.00,1.10,0.00
UniVLA,LIBERO Long,depth_pruning1,Depth pruning,libero_10__task_8,put both moka pots on the stove,10,8,80.00,413.70,0.00,10,6,60.00,438.70,20.00,-25.00,20.00
UniVLA,LIBERO Long,depth_pruning1,Depth pruning,libero_10__task_9,put the yellow and white mug in the microwave and close it,10,8,80.00,333.20,0.00,10,7,70.00,342.30,10.00,-9.10,10.00
UniVLA,LIBERO Long,depth_pruning2,Depth pruning,libero_10__task_0,put both the alphabet soup and the tomato sauce in the basket,10,8,80.00,323.10,0.00,10,10,100.00,256.60,-20.00,66.50,-20.00
UniVLA,LIBERO Long,depth_pruning2,Depth pruning,libero_10__task_1,put both the cream cheese box and the butter in the basket,10,10,100.00,255.80,0.00,10,9,90.00,265.70,10.00,-9.90,10.00
UniVLA,LIBERO Long,depth_pruning2,Depth pruning,libero_10__task_2,turn on the stove and put the moka pot on it,10,10,100.00,245.40,0.00,10,10,100.00,246.70,0.00,-1.30,0.00
UniVLA,LIBERO Long,depth_pruning2,Depth pruning,libero_10__task_3,put the black bowl in the bottom drawer of the cabinet and close it,10,10,100.00,236.50,0.00,10,10,100.00,225.30,0.00,11.20,0.00
UniVLA,LIBERO Long,depth_pruning2,Depth pruning,libero_10__task_4,put the white mug on the left plate and put the yellow and white mug on the right plate,10,9,90.00,251.90,0.00,10,9,90.00,256.70,0.00,-4.80,0.00
UniVLA,LIBERO Long,depth_pruning2,Depth pruning,libero_10__task_5,pick up the book and place it in the back compartment of the caddy,10,9,90.00,200.30,0.00,10,9,90.00,194.70,0.00,5.60,0.00
UniVLA,LIBERO Long,depth_pruning2,Depth pruning,libero_10__task_6,put the white mug on the plate and put the chocolate pudding to the right of the plate,10,8,80.00,283.60,0.00,10,8,80.00,281.40,0.00,2.20,0.00
UniVLA,LIBERO Long,depth_pruning2,Depth pruning,libero_10__task_7,put both the alphabet soup and the cream cheese box in the basket,10,9,90.00,280.90,0.00,10,8,80.00,295.50,10.00,-14.60,10.00
UniVLA,LIBERO Long,depth_pruning2,Depth pruning,libero_10__task_8,put both moka pots on the stove,10,7,70.00,440.10,0.00,10,6,60.00,438.70,10.00,1.40,10.00
UniVLA,LIBERO Long,depth_pruning2,Depth pruning,libero_10__task_9,put the yellow and white mug in the microwave and close it,10,9,90.00,308.50,0.00,10,7,70.00,342.30,20.00,-33.80,20.00
UniVLA,LIBERO Long,depth_pruning4,Depth pruning,libero_10__task_0,put both the alphabet soup and the tomato sauce in the basket,10,9,90.00,297.80,0.00,10,10,100.00,256.60,-10.00,41.20,-10.00
UniVLA,LIBERO Long,depth_pruning4,Depth pruning,libero_10__task_1,put both the cream cheese box and the butter in the basket,10,10,100.00,252.50,0.00,10,9,90.00,265.70,10.00,-13.20,10.00
UniVLA,LIBERO Long,depth_pruning4,Depth pruning,libero_10__task_2,turn on the stove and put the moka pot on it,10,10,100.00,246.00,0.00,10,10,100.00,246.70,0.00,-0.70,0.00
UniVLA,LIBERO Long,depth_pruning4,Depth pruning,libero_10__task_3,put the black bowl in the bottom drawer of the cabinet and close it,10,9,90.00,259.50,0.00,10,10,100.00,225.30,-10.00,34.20,-10.00
UniVLA,LIBERO Long,depth_pruning4,Depth pruning,libero_10__task_4,put the white mug on the left plate and put the yellow and white mug on the right plate,10,10,100.00,240.30,0.00,10,9,90.00,256.70,10.00,-16.40,10.00
UniVLA,LIBERO Long,depth_pruning4,Depth pruning,libero_10__task_5,pick up the book and place it in the back compartment of the caddy,10,8,80.00,264.30,0.00,10,9,90.00,194.70,-10.00,69.60,-10.00
UniVLA,LIBERO Long,depth_pruning4,Depth pruning,libero_10__task_6,put the white mug on the plate and put the chocolate pudding to the right of the plate,10,7,70.00,338.20,0.00,10,8,80.00,281.40,-10.00,56.80,-10.00
UniVLA,LIBERO Long,depth_pruning4,Depth pruning,libero_10__task_7,put both the alphabet soup and the cream cheese box in the basket,10,7,70.00,336.10,0.00,10,8,80.00,295.50,-10.00,40.60,-10.00
UniVLA,LIBERO Long,depth_pruning4,Depth pruning,libero_10__task_8,put both moka pots on the stove,10,9,90.00,421.90,0.00,10,6,60.00,438.70,30.00,-16.80,30.00
UniVLA,LIBERO Long,depth_pruning4,Depth pruning,libero_10__task_9,put the yellow and white mug in the microwave and close it,10,7,70.00,388.30,0.00,10,7,70.00,342.30,0.00,46.00,0.00
UniVLA,LIBERO Long,guarded_reuse_strict,Guarded reuse,libero_10__task_0,put both the alphabet soup and the tomato sauce in the basket,10,10,100.00,259.10,0.10,10,10,100.00,256.60,0.00,2.50,0.00
UniVLA,LIBERO Long,guarded_reuse_strict,Guarded reuse,libero_10__task_1,put both the cream cheese box and the butter in the basket,10,9,90.00,265.70,0.00,10,9,90.00,265.70,0.00,0.00,0.00
UniVLA,LIBERO Long,guarded_reuse_strict,Guarded reuse,libero_10__task_2,turn on the stove and put the moka pot on it,10,10,100.00,246.70,0.00,10,10,100.00,246.70,0.00,0.00,0.00
UniVLA,LIBERO Long,guarded_reuse_strict,Guarded reuse,libero_10__task_3,put the black bowl in the bottom drawer of the cabinet and close it,10,10,100.00,226.30,0.00,10,10,100.00,225.30,0.00,1.00,0.00
UniVLA,LIBERO Long,guarded_reuse_strict,Guarded reuse,libero_10__task_4,put the white mug on the left plate and put the yellow and white mug on the right plate,10,9,90.00,256.70,0.00,10,9,90.00,256.70,0.00,0.00,0.00
UniVLA,LIBERO Long,guarded_reuse_strict,Guarded reuse,libero_10__task_5,pick up the book and place it in the back compartment of the caddy,10,9,90.00,194.70,0.00,10,9,90.00,194.70,0.00,0.00,0.00
UniVLA,LIBERO Long,guarded_reuse_strict,Guarded reuse,libero_10__task_6,put the white mug on the plate and put the chocolate pudding to the right of the plate,10,8,80.00,281.40,0.20,10,8,80.00,281.40,0.00,0.00,0.00
UniVLA,LIBERO Long,guarded_reuse_strict,Guarded reuse,libero_10__task_7,put both the alphabet soup and the cream cheese box in the basket,10,8,80.00,297.40,0.20,10,8,80.00,295.50,0.00,1.90,0.00
UniVLA,LIBERO Long,guarded_reuse_strict,Guarded reuse,libero_10__task_8,put both moka pots on the stove,10,6,60.00,438.70,0.00,10,6,60.00,438.70,0.00,0.00,0.00
UniVLA,LIBERO Long,guarded_reuse_strict,Guarded reuse,libero_10__task_9,put the yellow and white mug in the microwave and close it,10,7,70.00,339.10,0.00,10,7,70.00,342.30,0.00,-3.20,0.00
UniVLA,LIBERO Long,guarded_reuse_moderate,Guarded reuse,libero_10__task_0,put both the alphabet soup and the tomato sauce in the basket,10,10,100.00,259.10,0.10,10,10,100.00,256.60,0.00,2.50,0.00
UniVLA,LIBERO Long,guarded_reuse_moderate,Guarded reuse,libero_10__task_1,put both the cream cheese box and the butter in the basket,10,9,90.00,265.70,0.00,10,9,90.00,265.70,0.00,0.00,0.00
UniVLA,LIBERO Long,guarded_reuse_moderate,Guarded reuse,libero_10__task_2,turn on the stove and put the moka pot on it,10,10,100.00,246.70,0.00,10,10,100.00,246.70,0.00,0.00,0.00
UniVLA,LIBERO Long,guarded_reuse_moderate,Guarded reuse,libero_10__task_3,put the black bowl in the bottom drawer of the cabinet and close it,10,10,100.00,226.30,0.00,10,10,100.00,225.30,0.00,1.00,0.00
UniVLA,LIBERO Long,guarded_reuse_moderate,Guarded reuse,libero_10__task_4,put the white mug on the left plate and put the yellow and white mug on the right plate,10,9,90.00,256.70,0.00,10,9,90.00,256.70,0.00,0.00,0.00
UniVLA,LIBERO Long,guarded_reuse_moderate,Guarded reuse,libero_10__task_5,pick up the book and place it in the back compartment of the caddy,10,9,90.00,194.70,0.00,10,9,90.00,194.70,0.00,0.00,0.00
UniVLA,LIBERO Long,guarded_reuse_moderate,Guarded reuse,libero_10__task_6,put the white mug on the plate and put the chocolate pudding to the right of the plate,10,8,80.00,281.40,0.30,10,8,80.00,281.40,0.00,0.00,0.00
UniVLA,LIBERO Long,guarded_reuse_moderate,Guarded reuse,libero_10__task_7,put both the alphabet soup and the cream cheese box in the basket,10,8,80.00,297.40,0.20,10,8,80.00,295.50,0.00,1.90,0.00
UniVLA,LIBERO Long,guarded_reuse_moderate,Guarded reuse,libero_10__task_8,put both moka pots on the stove,10,6,60.00,438.70,0.00,10,6,60.00,438.70,0.00,0.00,0.00
UniVLA,LIBERO Long,guarded_reuse_moderate,Guarded reuse,libero_10__task_9,put the yellow and white mug in the microwave and close it,10,7,70.00,342.20,0.00,10,7,70.00,342.30,0.00,-0.10,0.00
UniVLA,LIBERO Long,guarded_reuse_aggressive,Guarded reuse,libero_10__task_0,put both the alphabet soup and the tomato sauce in the basket,10,10,100.00,259.80,0.20,10,10,100.00,256.60,0.00,3.20,0.00
UniVLA,LIBERO Long,guarded_reuse_aggressive,Guarded reuse,libero_10__task_1,put both the cream cheese box and the butter in the basket,10,9,90.00,265.70,0.00,10,9,90.00,265.70,0.00,0.00,0.00
UniVLA,LIBERO Long,guarded_reuse_aggressive,Guarded reuse,libero_10__task_2,turn on the stove and put the moka pot on it,10,10,100.00,246.70,0.00,10,10,100.00,246.70,0.00,0.00,0.00
UniVLA,LIBERO Long,guarded_reuse_aggressive,Guarded reuse,libero_10__task_3,put the black bowl in the bottom drawer of the cabinet and close it,10,10,100.00,226.50,0.00,10,10,100.00,225.30,0.00,1.20,0.00
UniVLA,LIBERO Long,guarded_reuse_aggressive,Guarded reuse,libero_10__task_4,put the white mug on the left plate and put the yellow and white mug on the right plate,10,9,90.00,256.70,0.00,10,9,90.00,256.70,0.00,0.00,0.00
UniVLA,LIBERO Long,guarded_reuse_aggressive,Guarded reuse,libero_10__task_5,pick up the book and place it in the back compartment of the caddy,10,9,90.00,196.20,0.30,10,9,90.00,194.70,0.00,1.50,0.00
UniVLA,LIBERO Long,guarded_reuse_aggressive,Guarded reuse,libero_10__task_6,put the white mug on the plate and put the chocolate pudding to the right of the plate,10,8,80.00,282.20,0.50,10,8,80.00,281.40,0.00,0.80,0.00
UniVLA,LIBERO Long,guarded_reuse_aggressive,Guarded reuse,libero_10__task_7,put both the alphabet soup and the cream cheese box in the basket,10,8,80.00,297.40,0.70,10,8,80.00,295.50,0.00,1.90,0.00
UniVLA,LIBERO Long,guarded_reuse_aggressive,Guarded reuse,libero_10__task_8,put both moka pots on the stove,10,6,60.00,438.70,0.00,10,6,60.00,438.70,0.00,0.00,0.00
UniVLA,LIBERO Long,guarded_reuse_aggressive,Guarded reuse,libero_10__task_9,put the yellow and white mug in the microwave and close it,10,7,70.00,342.40,0.00,10,7,70.00,342.30,0.00,0.10,0.00
UniVLA,LIBERO Long,temporal_fusion_motion_entropy,Temporal fusion,libero_10__task_0,put both the alphabet soup and the tomato sauce in the basket,10,10,100.00,266.40,0.00,10,10,100.00,256.60,0.00,9.80,0.00
UniVLA,LIBERO Long,temporal_fusion_motion_entropy,Temporal fusion,libero_10__task_1,put both the cream cheese box and the butter in the basket,10,8,80.00,303.40,0.00,10,9,90.00,265.70,-10.00,37.70,-10.00
UniVLA,LIBERO Long,temporal_fusion_motion_entropy,Temporal fusion,libero_10__task_2,turn on the stove and put the moka pot on it,10,9,90.00,276.80,0.00,10,10,100.00,246.70,-10.00,30.10,-10.00
UniVLA,LIBERO Long,temporal_fusion_motion_entropy,Temporal fusion,libero_10__task_3,put the black bowl in the bottom drawer of the cabinet and close it,10,10,100.00,241.20,0.00,10,10,100.00,225.30,0.00,15.90,0.00
UniVLA,LIBERO Long,temporal_fusion_motion_entropy,Temporal fusion,libero_10__task_4,put the white mug on the left plate and put the yellow and white mug on the right plate,10,8,80.00,287.50,0.00,10,9,90.00,256.70,-10.00,30.80,-10.00
UniVLA,LIBERO Long,temporal_fusion_motion_entropy,Temporal fusion,libero_10__task_5,pick up the book and place it in the back compartment of the caddy,10,10,100.00,168.20,0.00,10,9,90.00,194.70,10.00,-26.50,10.00
UniVLA,LIBERO Long,temporal_fusion_motion_entropy,Temporal fusion,libero_10__task_6,put the white mug on the plate and put the chocolate pudding to the right of the plate,10,8,80.00,284.70,0.00,10,8,80.00,281.40,0.00,3.30,0.00
UniVLA,LIBERO Long,temporal_fusion_motion_entropy,Temporal fusion,libero_10__task_7,put both the alphabet soup and the cream cheese box in the basket,10,8,80.00,309.10,0.00,10,8,80.00,295.50,0.00,13.60,0.00
UniVLA,LIBERO Long,temporal_fusion_motion_entropy,Temporal fusion,libero_10__task_8,put both moka pots on the stove,10,4,40.00,461.00,0.00,10,6,60.00,438.70,-20.00,22.30,-20.00
UniVLA,LIBERO Long,temporal_fusion_motion_entropy,Temporal fusion,libero_10__task_9,put the yellow and white mug in the microwave and close it,10,8,80.00,322.60,0.00,10,7,70.00,342.30,10.00,-19.70,10.00
UniVLA,LIBERO Long,temporal_fusion_task_aware,Temporal fusion,libero_10__task_0,put both the alphabet soup and the tomato sauce in the basket,10,10,100.00,277.10,0.00,10,10,100.00,256.60,0.00,20.50,0.00
UniVLA,LIBERO Long,temporal_fusion_task_aware,Temporal fusion,libero_10__task_1,put both the cream cheese box and the butter in the basket,10,9,90.00,273.30,0.00,10,9,90.00,265.70,0.00,7.60,0.00
UniVLA,LIBERO Long,temporal_fusion_task_aware,Temporal fusion,libero_10__task_2,turn on the stove and put the moka pot on it,10,10,100.00,238.80,0.00,10,10,100.00,246.70,0.00,-7.90,0.00
UniVLA,LIBERO Long,temporal_fusion_task_aware,Temporal fusion,libero_10__task_3,put the black bowl in the bottom drawer of the cabinet and close it,10,10,100.00,225.30,0.00,10,10,100.00,225.30,0.00,0.00,0.00
UniVLA,LIBERO Long,temporal_fusion_task_aware,Temporal fusion,libero_10__task_4,put the white mug on the left plate and put the yellow and white mug on the right plate,10,6,60.00,344.30,0.00,10,9,90.00,256.70,-30.00,87.60,-30.00
UniVLA,LIBERO Long,temporal_fusion_task_aware,Temporal fusion,libero_10__task_5,pick up the book and place it in the back compartment of the caddy,10,10,100.00,153.80,0.00,10,9,90.00,194.70,10.00,-40.90,10.00
UniVLA,LIBERO Long,temporal_fusion_task_aware,Temporal fusion,libero_10__task_6,put the white mug on the plate and put the chocolate pudding to the right of the plate,10,9,90.00,262.50,0.00,10,8,80.00,281.40,10.00,-18.90,10.00
UniVLA,LIBERO Long,temporal_fusion_task_aware,Temporal fusion,libero_10__task_7,put both the alphabet soup and the cream cheese box in the basket,10,9,90.00,284.80,0.00,10,8,80.00,295.50,10.00,-10.70,10.00
UniVLA,LIBERO Long,temporal_fusion_task_aware,Temporal fusion,libero_10__task_8,put both moka pots on the stove,10,6,60.00,440.40,0.00,10,6,60.00,438.70,0.00,1.70,0.00
UniVLA,LIBERO Long,temporal_fusion_task_aware,Temporal fusion,libero_10__task_9,put the yellow and white mug in the microwave and close it,10,8,80.00,318.80,0.00,10,7,70.00,342.30,10.00,-23.50,10.00
UniVLA,LIBERO Long,temporal_fusion_conservative_adaptive,Temporal fusion,libero_10__task_0,put both the alphabet soup and the tomato sauce in the basket,10,10,100.00,256.60,0.00,10,10,100.00,256.60,0.00,0.00,0.00
UniVLA,LIBERO Long,temporal_fusion_conservative_adaptive,Temporal fusion,libero_10__task_1,put both the cream cheese box and the butter in the basket,10,9,90.00,265.70,0.00,10,9,90.00,265.70,0.00,0.00,0.00
UniVLA,LIBERO Long,temporal_fusion_conservative_adaptive,Temporal fusion,libero_10__task_2,turn on the stove and put the moka pot on it,10,10,100.00,246.70,0.00,10,10,100.00,246.70,0.00,0.00,0.00
UniVLA,LIBERO Long,temporal_fusion_conservative_adaptive,Temporal fusion,libero_10__task_3,put the black bowl in the bottom drawer of the cabinet and close it,10,10,100.00,226.30,0.00,10,10,100.00,225.30,0.00,1.00,0.00
UniVLA,LIBERO Long,temporal_fusion_conservative_adaptive,Temporal fusion,libero_10__task_4,put the white mug on the left plate and put the yellow and white mug on the right plate,10,9,90.00,256.70,0.00,10,9,90.00,256.70,0.00,0.00,0.00
UniVLA,LIBERO Long,temporal_fusion_conservative_adaptive,Temporal fusion,libero_10__task_5,pick up the book and place it in the back compartment of the caddy,10,9,90.00,194.70,0.00,10,9,90.00,194.70,0.00,0.00,0.00
UniVLA,LIBERO Long,temporal_fusion_conservative_adaptive,Temporal fusion,libero_10__task_6,put the white mug on the plate and put the chocolate pudding to the right of the plate,10,8,80.00,281.40,0.00,10,8,80.00,281.40,0.00,0.00,0.00
UniVLA,LIBERO Long,temporal_fusion_conservative_adaptive,Temporal fusion,libero_10__task_7,put both the alphabet soup and the cream cheese box in the basket,10,8,80.00,295.50,0.00,10,8,80.00,295.50,0.00,0.00,0.00
UniVLA,LIBERO Long,temporal_fusion_conservative_adaptive,Temporal fusion,libero_10__task_8,put both moka pots on the stove,10,6,60.00,438.70,0.00,10,6,60.00,438.70,0.00,0.00,0.00
UniVLA,LIBERO Long,temporal_fusion_conservative_adaptive,Temporal fusion,libero_10__task_9,put the yellow and white mug in the microwave and close it,10,7,70.00,342.20,0.00,10,7,70.00,342.30,0.00,-0.10,0.00
SmolVLA,LIBERO Long,original,Original,libero_10__task_0,put both the alphabet soup and the tomato sauce in the basket,10,0,0.00,520.00,0.00,10,0,0.00,520.00,0.00,0.00,0.00
SmolVLA,LIBERO Long,original,Original,libero_10__task_1,put both the cream cheese box and the butter in the basket,10,6,60.00,388.40,0.00,10,6,60.00,388.40,0.00,0.00,0.00
SmolVLA,LIBERO Long,original,Original,libero_10__task_2,turn on the stove and put the moka pot on it,10,6,60.00,361.40,0.00,10,6,60.00,361.40,0.00,0.00,0.00
SmolVLA,LIBERO Long,original,Original,libero_10__task_3,put the black bowl in the bottom drawer of the cabinet and close it,10,9,90.00,311.80,0.00,10,9,90.00,311.80,0.00,0.00,0.00
SmolVLA,LIBERO Long,original,Original,libero_10__task_4,put the white mug on the left plate and put the yellow and white mug on the right plate,10,0,0.00,520.00,0.00,10,0,0.00,520.00,0.00,0.00,0.00
SmolVLA,LIBERO Long,original,Original,libero_10__task_5,pick up the book and place it in the back compartment of the caddy,10,5,50.00,445.60,0.00,10,5,50.00,445.60,0.00,0.00,0.00
SmolVLA,LIBERO Long,original,Original,libero_10__task_6,put the white mug on the plate and put the chocolate pudding to the right of the plate,10,6,60.00,362.60,0.00,10,6,60.00,362.60,0.00,0.00,0.00
SmolVLA,LIBERO Long,original,Original,libero_10__task_7,put both the alphabet soup and the cream cheese box in the basket,10,2,20.00,479.10,0.00,10,2,20.00,479.10,0.00,0.00,0.00
SmolVLA,LIBERO Long,original,Original,libero_10__task_8,put both moka pots on the stove,10,2,20.00,506.30,0.00,10,2,20.00,506.30,0.00,0.00,0.00
SmolVLA,LIBERO Long,original,Original,libero_10__task_9,put the yellow and white mug in the microwave and close it,10,6,60.00,388.30,0.00,10,6,60.00,388.30,0.00,0.00,0.00
SmolVLA,LIBERO Long,fixed_foveation_keep20,Foveation,libero_10__task_0,put both the alphabet soup and the tomato sauce in the basket,10,0,0.00,520.00,0.00,10,0,0.00,520.00,0.00,0.00,0.00
SmolVLA,LIBERO Long,fixed_foveation_keep20,Foveation,libero_10__task_1,put both the cream cheese box and the butter in the basket,10,2,20.00,495.20,0.00,10,6,60.00,388.40,-40.00,106.80,-40.00
SmolVLA,LIBERO Long,fixed_foveation_keep20,Foveation,libero_10__task_2,turn on the stove and put the moka pot on it,10,0,0.00,520.00,0.00,10,6,60.00,361.40,-60.00,158.60,-60.00
SmolVLA,LIBERO Long,fixed_foveation_keep20,Foveation,libero_10__task_3,put the black bowl in the bottom drawer of the cabinet and close it,10,6,60.00,372.20,0.00,10,9,90.00,311.80,-30.00,60.40,-30.00
SmolVLA,LIBERO Long,fixed_foveation_keep20,Foveation,libero_10__task_4,put the white mug on the left plate and put the yellow and white mug on the right plate,10,0,0.00,520.00,0.00,10,0,0.00,520.00,0.00,0.00,0.00
SmolVLA,LIBERO Long,fixed_foveation_keep20,Foveation,libero_10__task_5,pick up the book and place it in the back compartment of the caddy,10,2,20.00,471.50,0.00,10,5,50.00,445.60,-30.00,25.90,-30.00
SmolVLA,LIBERO Long,fixed_foveation_keep20,Foveation,libero_10__task_6,put the white mug on the plate and put the chocolate pudding to the right of the plate,10,6,60.00,388.00,0.00,10,6,60.00,362.60,0.00,25.40,0.00
SmolVLA,LIBERO Long,fixed_foveation_keep20,Foveation,libero_10__task_7,put both the alphabet soup and the cream cheese box in the basket,10,0,0.00,520.00,0.00,10,2,20.00,479.10,-20.00,40.90,-20.00
SmolVLA,LIBERO Long,fixed_foveation_keep20,Foveation,libero_10__task_8,put both moka pots on the stove,10,0,0.00,520.00,0.00,10,2,20.00,506.30,-20.00,13.70,-20.00
SmolVLA,LIBERO Long,fixed_foveation_keep20,Foveation,libero_10__task_9,put the yellow and white mug in the microwave and close it,10,3,30.00,488.00,0.00,10,6,60.00,388.30,-30.00,99.70,-30.00
SmolVLA,LIBERO Long,fixed_foveation_keep50,Foveation,libero_10__task_0,put both the alphabet soup and the tomato sauce in the basket,10,1,10.00,518.70,0.00,10,0,0.00,520.00,10.00,-1.30,10.00
SmolVLA,LIBERO Long,fixed_foveation_keep50,Foveation,libero_10__task_1,put both the cream cheese box and the butter in the basket,10,2,20.00,472.30,0.00,10,6,60.00,388.40,-40.00,83.90,-40.00
SmolVLA,LIBERO Long,fixed_foveation_keep50,Foveation,libero_10__task_2,turn on the stove and put the moka pot on it,10,0,0.00,520.00,0.00,10,6,60.00,361.40,-60.00,158.60,-60.00
SmolVLA,LIBERO Long,fixed_foveation_keep50,Foveation,libero_10__task_3,put the black bowl in the bottom drawer of the cabinet and close it,10,6,60.00,358.70,0.00,10,9,90.00,311.80,-30.00,46.90,-30.00
SmolVLA,LIBERO Long,fixed_foveation_keep50,Foveation,libero_10__task_4,put the white mug on the left plate and put the yellow and white mug on the right plate,10,0,0.00,520.00,0.00,10,0,0.00,520.00,0.00,0.00,0.00
SmolVLA,LIBERO Long,fixed_foveation_keep50,Foveation,libero_10__task_5,pick up the book and place it in the back compartment of the caddy,10,2,20.00,485.90,0.00,10,5,50.00,445.60,-30.00,40.30,-30.00
SmolVLA,LIBERO Long,fixed_foveation_keep50,Foveation,libero_10__task_6,put the white mug on the plate and put the chocolate pudding to the right of the plate,10,6,60.00,416.10,0.00,10,6,60.00,362.60,0.00,53.50,0.00
SmolVLA,LIBERO Long,fixed_foveation_keep50,Foveation,libero_10__task_7,put both the alphabet soup and the cream cheese box in the basket,10,0,0.00,520.00,0.00,10,2,20.00,479.10,-20.00,40.90,-20.00
SmolVLA,LIBERO Long,fixed_foveation_keep50,Foveation,libero_10__task_8,put both moka pots on the stove,10,1,10.00,513.70,0.00,10,2,20.00,506.30,-10.00,7.40,-10.00
SmolVLA,LIBERO Long,fixed_foveation_keep50,Foveation,libero_10__task_9,put the yellow and white mug in the microwave and close it,10,3,30.00,453.00,0.00,10,6,60.00,388.30,-30.00,64.70,-30.00
SmolVLA,LIBERO Long,action_repeat2,Action repeat,libero_10__task_0,put both the alphabet soup and the tomato sauce in the basket,10,1,10.00,505.10,252.50,10,0,0.00,520.00,10.00,-14.90,10.00
SmolVLA,LIBERO Long,action_repeat2,Action repeat,libero_10__task_1,put both the cream cheese box and the butter in the basket,10,3,30.00,463.20,231.50,10,6,60.00,388.40,-30.00,74.80,-30.00
SmolVLA,LIBERO Long,action_repeat2,Action repeat,libero_10__task_2,turn on the stove and put the moka pot on it,10,6,60.00,361.70,180.70,10,6,60.00,361.40,0.00,0.30,0.00
SmolVLA,LIBERO Long,action_repeat2,Action repeat,libero_10__task_3,put the black bowl in the bottom drawer of the cabinet and close it,10,8,80.00,298.10,148.80,10,9,90.00,311.80,-10.00,-13.70,-10.00
SmolVLA,LIBERO Long,action_repeat2,Action repeat,libero_10__task_4,put the white mug on the left plate and put the yellow and white mug on the right plate,10,0,0.00,520.00,260.00,10,0,0.00,520.00,0.00,0.00,0.00
SmolVLA,LIBERO Long,action_repeat2,Action repeat,libero_10__task_5,pick up the book and place it in the back compartment of the caddy,10,4,40.00,444.90,222.40,10,5,50.00,445.60,-10.00,-0.70,-10.00
SmolVLA,LIBERO Long,action_repeat2,Action repeat,libero_10__task_6,put the white mug on the plate and put the chocolate pudding to the right of the plate,10,4,40.00,405.20,202.60,10,6,60.00,362.60,-20.00,42.60,-20.00
SmolVLA,LIBERO Long,action_repeat2,Action repeat,libero_10__task_7,put both the alphabet soup and the cream cheese box in the basket,10,0,0.00,520.00,260.00,10,2,20.00,479.10,-20.00,40.90,-20.00
SmolVLA,LIBERO Long,action_repeat2,Action repeat,libero_10__task_8,put both moka pots on the stove,10,0,0.00,520.00,260.00,10,2,20.00,506.30,-20.00,13.70,-20.00
SmolVLA,LIBERO Long,action_repeat2,Action repeat,libero_10__task_9,put the yellow and white mug in the microwave and close it,10,5,50.00,396.30,198.00,10,6,60.00,388.30,-10.00,8.00,-10.00
SmolVLA,LIBERO Long,action_repeat4,Action repeat,libero_10__task_0,put both the alphabet soup and the tomato sauce in the basket,10,0,0.00,520.00,390.00,10,0,0.00,520.00,0.00,0.00,0.00
SmolVLA,LIBERO Long,action_repeat4,Action repeat,libero_10__task_1,put both the cream cheese box and the butter in the basket,10,2,20.00,474.10,355.50,10,6,60.00,388.40,-40.00,85.70,-40.00
SmolVLA,LIBERO Long,action_repeat4,Action repeat,libero_10__task_2,turn on the stove and put the moka pot on it,10,3,30.00,446.20,334.50,10,6,60.00,361.40,-30.00,84.80,-30.00
SmolVLA,LIBERO Long,action_repeat4,Action repeat,libero_10__task_3,put the black bowl in the bottom drawer of the cabinet and close it,10,6,60.00,356.40,267.10,10,9,90.00,311.80,-30.00,44.60,-30.00
SmolVLA,LIBERO Long,action_repeat4,Action repeat,libero_10__task_4,put the white mug on the left plate and put the yellow and white mug on the right plate,10,0,0.00,520.00,390.00,10,0,0.00,520.00,0.00,0.00,0.00
SmolVLA,LIBERO Long,action_repeat4,Action repeat,libero_10__task_5,pick up the book and place it in the back compartment of the caddy,10,3,30.00,430.20,322.50,10,5,50.00,445.60,-20.00,-15.40,-20.00
SmolVLA,LIBERO Long,action_repeat4,Action repeat,libero_10__task_6,put the white mug on the plate and put the chocolate pudding to the right of the plate,10,4,40.00,441.20,330.70,10,6,60.00,362.60,-20.00,78.60,-20.00
SmolVLA,LIBERO Long,action_repeat4,Action repeat,libero_10__task_7,put both the alphabet soup and the cream cheese box in the basket,10,0,0.00,520.00,390.00,10,2,20.00,479.10,-20.00,40.90,-20.00
SmolVLA,LIBERO Long,action_repeat4,Action repeat,libero_10__task_8,put both moka pots on the stove,10,0,0.00,520.00,390.00,10,2,20.00,506.30,-20.00,13.70,-20.00
SmolVLA,LIBERO Long,action_repeat4,Action repeat,libero_10__task_9,put the yellow and white mug in the microwave and close it,10,2,20.00,474.10,355.50,10,6,60.00,388.30,-40.00,85.80,-40.00
SmolVLA,LIBERO Long,depth_pruning1,Depth pruning,libero_10__task_0,put both the alphabet soup and the tomato sauce in the basket,10,0,0.00,520.00,0.00,10,0,0.00,520.00,0.00,0.00,0.00
SmolVLA,LIBERO Long,depth_pruning1,Depth pruning,libero_10__task_1,put both the cream cheese box and the butter in the basket,10,1,10.00,496.20,0.00,10,6,60.00,388.40,-50.00,107.80,-50.00
SmolVLA,LIBERO Long,depth_pruning1,Depth pruning,libero_10__task_2,turn on the stove and put the moka pot on it,10,2,20.00,486.40,0.00,10,6,60.00,361.40,-40.00,125.00,-40.00
SmolVLA,LIBERO Long,depth_pruning1,Depth pruning,libero_10__task_3,put the black bowl in the bottom drawer of the cabinet and close it,10,2,20.00,471.10,0.00,10,9,90.00,311.80,-70.00,159.30,-70.00
SmolVLA,LIBERO Long,depth_pruning1,Depth pruning,libero_10__task_4,put the white mug on the left plate and put the yellow and white mug on the right plate,10,0,0.00,520.00,0.00,10,0,0.00,520.00,0.00,0.00,0.00
SmolVLA,LIBERO Long,depth_pruning1,Depth pruning,libero_10__task_5,pick up the book and place it in the back compartment of the caddy,10,0,0.00,520.00,0.00,10,5,50.00,445.60,-50.00,74.40,-50.00
SmolVLA,LIBERO Long,depth_pruning1,Depth pruning,libero_10__task_6,put the white mug on the plate and put the chocolate pudding to the right of the plate,10,2,20.00,469.40,0.00,10,6,60.00,362.60,-40.00,106.80,-40.00
SmolVLA,LIBERO Long,depth_pruning1,Depth pruning,libero_10__task_7,put both the alphabet soup and the cream cheese box in the basket,10,1,10.00,501.90,0.00,10,2,20.00,479.10,-10.00,22.80,-10.00
SmolVLA,LIBERO Long,depth_pruning1,Depth pruning,libero_10__task_8,put both moka pots on the stove,10,0,0.00,520.00,0.00,10,2,20.00,506.30,-20.00,13.70,-20.00
SmolVLA,LIBERO Long,depth_pruning1,Depth pruning,libero_10__task_9,put the yellow and white mug in the microwave and close it,10,1,10.00,495.70,0.00,10,6,60.00,388.30,-50.00,107.40,-50.00
SmolVLA,LIBERO Long,depth_pruning2,Depth pruning,libero_10__task_0,put both the alphabet soup and the tomato sauce in the basket,10,0,0.00,520.00,0.00,10,0,0.00,520.00,0.00,0.00,0.00
SmolVLA,LIBERO Long,depth_pruning2,Depth pruning,libero_10__task_1,put both the cream cheese box and the butter in the basket,10,1,10.00,495.80,0.00,10,6,60.00,388.40,-50.00,107.40,-50.00
SmolVLA,LIBERO Long,depth_pruning2,Depth pruning,libero_10__task_2,turn on the stove and put the moka pot on it,10,0,0.00,520.00,0.00,10,6,60.00,361.40,-60.00,158.60,-60.00
SmolVLA,LIBERO Long,depth_pruning2,Depth pruning,libero_10__task_3,put the black bowl in the bottom drawer of the cabinet and close it,10,1,10.00,496.20,0.00,10,9,90.00,311.80,-80.00,184.40,-80.00
SmolVLA,LIBERO Long,depth_pruning2,Depth pruning,libero_10__task_4,put the white mug on the left plate and put the yellow and white mug on the right plate,10,0,0.00,520.00,0.00,10,0,0.00,520.00,0.00,0.00,0.00
SmolVLA,LIBERO Long,depth_pruning2,Depth pruning,libero_10__task_5,pick up the book and place it in the back compartment of the caddy,10,0,0.00,520.00,0.00,10,5,50.00,445.60,-50.00,74.40,-50.00
SmolVLA,LIBERO Long,depth_pruning2,Depth pruning,libero_10__task_6,put the white mug on the plate and put the chocolate pudding to the right of the plate,10,1,10.00,518.80,0.00,10,6,60.00,362.60,-50.00,156.20,-50.00
SmolVLA,LIBERO Long,depth_pruning2,Depth pruning,libero_10__task_7,put both the alphabet soup and the cream cheese box in the basket,10,0,0.00,520.00,0.00,10,2,20.00,479.10,-20.00,40.90,-20.00
SmolVLA,LIBERO Long,depth_pruning2,Depth pruning,libero_10__task_8,put both moka pots on the stove,10,0,0.00,520.00,0.00,10,2,20.00,506.30,-20.00,13.70,-20.00
SmolVLA,LIBERO Long,depth_pruning2,Depth pruning,libero_10__task_9,put the yellow and white mug in the microwave and close it,10,0,0.00,520.00,0.00,10,6,60.00,388.30,-60.00,131.70,-60.00
SmolVLA,LIBERO Long,depth_pruning4,Depth pruning,libero_10__task_0,put both the alphabet soup and the tomato sauce in the basket,10,0,0.00,520.00,0.00,10,0,0.00,520.00,0.00,0.00,0.00
SmolVLA,LIBERO Long,depth_pruning4,Depth pruning,libero_10__task_1,put both the cream cheese box and the butter in the basket,10,0,0.00,520.00,0.00,10,6,60.00,388.40,-60.00,131.60,-60.00
SmolVLA,LIBERO Long,depth_pruning4,Depth pruning,libero_10__task_2,turn on the stove and put the moka pot on it,10,0,0.00,520.00,0.00,10,6,60.00,361.40,-60.00,158.60,-60.00
SmolVLA,LIBERO Long,depth_pruning4,Depth pruning,libero_10__task_3,put the black bowl in the bottom drawer of the cabinet and close it,10,0,0.00,520.00,0.00,10,9,90.00,311.80,-90.00,208.20,-90.00
SmolVLA,LIBERO Long,depth_pruning4,Depth pruning,libero_10__task_4,put the white mug on the left plate and put the yellow and white mug on the right plate,10,0,0.00,520.00,0.00,10,0,0.00,520.00,0.00,0.00,0.00
SmolVLA,LIBERO Long,depth_pruning4,Depth pruning,libero_10__task_5,pick up the book and place it in the back compartment of the caddy,10,0,0.00,520.00,0.00,10,5,50.00,445.60,-50.00,74.40,-50.00
SmolVLA,LIBERO Long,depth_pruning4,Depth pruning,libero_10__task_6,put the white mug on the plate and put the chocolate pudding to the right of the plate,10,0,0.00,520.00,0.00,10,6,60.00,362.60,-60.00,157.40,-60.00
SmolVLA,LIBERO Long,depth_pruning4,Depth pruning,libero_10__task_7,put both the alphabet soup and the cream cheese box in the basket,10,0,0.00,520.00,0.00,10,2,20.00,479.10,-20.00,40.90,-20.00
SmolVLA,LIBERO Long,depth_pruning4,Depth pruning,libero_10__task_8,put both moka pots on the stove,10,0,0.00,520.00,0.00,10,2,20.00,506.30,-20.00,13.70,-20.00
SmolVLA,LIBERO Long,depth_pruning4,Depth pruning,libero_10__task_9,put the yellow and white mug in the microwave and close it,10,0,0.00,520.00,0.00,10,6,60.00,388.30,-60.00,131.70,-60.00
SmolVLA,LIBERO Long,guarded_reuse_strict,Guarded reuse,libero_10__task_0,put both the alphabet soup and the tomato sauce in the basket,10,1,10.00,510.90,0.40,10,0,0.00,520.00,10.00,-9.10,10.00
SmolVLA,LIBERO Long,guarded_reuse_strict,Guarded reuse,libero_10__task_1,put both the cream cheese box and the butter in the basket,10,6,60.00,422.40,0.20,10,6,60.00,388.40,0.00,34.00,0.00
SmolVLA,LIBERO Long,guarded_reuse_strict,Guarded reuse,libero_10__task_2,turn on the stove and put the moka pot on it,10,4,40.00,414.50,0.00,10,6,60.00,361.40,-20.00,53.10,-20.00
SmolVLA,LIBERO Long,guarded_reuse_strict,Guarded reuse,libero_10__task_3,put the black bowl in the bottom drawer of the cabinet and close it,10,7,70.00,321.50,1.50,10,9,90.00,311.80,-20.00,9.70,-20.00
SmolVLA,LIBERO Long,guarded_reuse_strict,Guarded reuse,libero_10__task_4,put the white mug on the left plate and put the yellow and white mug on the right plate,10,0,0.00,520.00,0.80,10,0,0.00,520.00,0.00,0.00,0.00
SmolVLA,LIBERO Long,guarded_reuse_strict,Guarded reuse,libero_10__task_5,pick up the book and place it in the back compartment of the caddy,10,9,90.00,313.60,0.60,10,5,50.00,445.60,40.00,-132.00,40.00
SmolVLA,LIBERO Long,guarded_reuse_strict,Guarded reuse,libero_10__task_6,put the white mug on the plate and put the chocolate pudding to the right of the plate,10,3,30.00,437.20,0.00,10,6,60.00,362.60,-30.00,74.60,-30.00
SmolVLA,LIBERO Long,guarded_reuse_strict,Guarded reuse,libero_10__task_7,put both the alphabet soup and the cream cheese box in the basket,10,2,20.00,481.20,0.40,10,2,20.00,479.10,0.00,2.10,0.00
SmolVLA,LIBERO Long,guarded_reuse_strict,Guarded reuse,libero_10__task_8,put both moka pots on the stove,10,4,40.00,485.60,0.30,10,2,20.00,506.30,20.00,-20.70,20.00
SmolVLA,LIBERO Long,guarded_reuse_strict,Guarded reuse,libero_10__task_9,put the yellow and white mug in the microwave and close it,10,4,40.00,444.10,1.60,10,6,60.00,388.30,-20.00,55.80,-20.00
SmolVLA,LIBERO Long,guarded_reuse_moderate,Guarded reuse,libero_10__task_0,put both the alphabet soup and the tomato sauce in the basket,10,3,30.00,485.20,1.50,10,0,0.00,520.00,30.00,-34.80,30.00
SmolVLA,LIBERO Long,guarded_reuse_moderate,Guarded reuse,libero_10__task_1,put both the cream cheese box and the butter in the basket,10,6,60.00,402.30,1.00,10,6,60.00,388.40,0.00,13.90,0.00
SmolVLA,LIBERO Long,guarded_reuse_moderate,Guarded reuse,libero_10__task_2,turn on the stove and put the moka pot on it,10,3,30.00,440.60,0.90,10,6,60.00,361.40,-30.00,79.20,-30.00
SmolVLA,LIBERO Long,guarded_reuse_moderate,Guarded reuse,libero_10__task_3,put the black bowl in the bottom drawer of the cabinet and close it,10,7,70.00,333.90,3.20,10,9,90.00,311.80,-20.00,22.10,-20.00
SmolVLA,LIBERO Long,guarded_reuse_moderate,Guarded reuse,libero_10__task_4,put the white mug on the left plate and put the yellow and white mug on the right plate,10,0,0.00,520.00,2.30,10,0,0.00,520.00,0.00,0.00,0.00
SmolVLA,LIBERO Long,guarded_reuse_moderate,Guarded reuse,libero_10__task_5,pick up the book and place it in the back compartment of the caddy,10,8,80.00,311.90,3.00,10,5,50.00,445.60,30.00,-133.70,30.00
SmolVLA,LIBERO Long,guarded_reuse_moderate,Guarded reuse,libero_10__task_6,put the white mug on the plate and put the chocolate pudding to the right of the plate,10,3,30.00,437.20,0.50,10,6,60.00,362.60,-30.00,74.60,-30.00
SmolVLA,LIBERO Long,guarded_reuse_moderate,Guarded reuse,libero_10__task_7,put both the alphabet soup and the cream cheese box in the basket,10,2,20.00,481.20,2.90,10,2,20.00,479.10,0.00,2.10,0.00
SmolVLA,LIBERO Long,guarded_reuse_moderate,Guarded reuse,libero_10__task_8,put both moka pots on the stove,10,4,40.00,485.70,2.90,10,2,20.00,506.30,20.00,-20.60,20.00
SmolVLA,LIBERO Long,guarded_reuse_moderate,Guarded reuse,libero_10__task_9,put the yellow and white mug in the microwave and close it,10,4,40.00,446.00,5.10,10,6,60.00,388.30,-20.00,57.70,-20.00
SmolVLA,LIBERO Long,guarded_reuse_aggressive,Guarded reuse,libero_10__task_0,put both the alphabet soup and the tomato sauce in the basket,10,1,10.00,501.30,10.50,10,0,0.00,520.00,10.00,-18.70,10.00
SmolVLA,LIBERO Long,guarded_reuse_aggressive,Guarded reuse,libero_10__task_1,put both the cream cheese box and the butter in the basket,10,7,70.00,377.70,4.40,10,6,60.00,388.40,10.00,-10.70,10.00
SmolVLA,LIBERO Long,guarded_reuse_aggressive,Guarded reuse,libero_10__task_2,turn on the stove and put the moka pot on it,10,4,40.00,413.20,4.00,10,6,60.00,361.40,-20.00,51.80,-20.00
SmolVLA,LIBERO Long,guarded_reuse_aggressive,Guarded reuse,libero_10__task_3,put the black bowl in the bottom drawer of the cabinet and close it,10,8,80.00,315.80,14.10,10,9,90.00,311.80,-10.00,4.00,-10.00
SmolVLA,LIBERO Long,guarded_reuse_aggressive,Guarded reuse,libero_10__task_4,put the white mug on the left plate and put the yellow and white mug on the right plate,10,0,0.00,520.00,14.20,10,0,0.00,520.00,0.00,0.00,0.00
SmolVLA,LIBERO Long,guarded_reuse_aggressive,Guarded reuse,libero_10__task_5,pick up the book and place it in the back compartment of the caddy,10,9,90.00,307.10,12.80,10,5,50.00,445.60,40.00,-138.50,40.00
SmolVLA,LIBERO Long,guarded_reuse_aggressive,Guarded reuse,libero_10__task_6,put the white mug on the plate and put the chocolate pudding to the right of the plate,10,4,40.00,407.70,5.10,10,6,60.00,362.60,-20.00,45.10,-20.00
SmolVLA,LIBERO Long,guarded_reuse_aggressive,Guarded reuse,libero_10__task_7,put both the alphabet soup and the cream cheese box in the basket,10,3,30.00,471.20,17.00,10,2,20.00,479.10,10.00,-7.90,10.00
SmolVLA,LIBERO Long,guarded_reuse_aggressive,Guarded reuse,libero_10__task_8,put both moka pots on the stove,10,3,30.00,498.10,11.10,10,2,20.00,506.30,10.00,-8.20,10.00
SmolVLA,LIBERO Long,guarded_reuse_aggressive,Guarded reuse,libero_10__task_9,put the yellow and white mug in the microwave and close it,10,3,30.00,455.20,18.50,10,6,60.00,388.30,-30.00,66.90,-30.00
SmolVLA,LIBERO Long,temporal_fusion_motion_entropy,Temporal fusion,libero_10__task_0,put both the alphabet soup and the tomato sauce in the basket,10,1,10.00,495.10,0.00,10,0,0.00,520.00,10.00,-24.90,10.00
SmolVLA,LIBERO Long,temporal_fusion_motion_entropy,Temporal fusion,libero_10__task_1,put both the cream cheese box and the butter in the basket,10,6,60.00,390.20,0.00,10,6,60.00,388.40,0.00,1.80,0.00
SmolVLA,LIBERO Long,temporal_fusion_motion_entropy,Temporal fusion,libero_10__task_2,turn on the stove and put the moka pot on it,10,3,30.00,436.40,0.00,10,6,60.00,361.40,-30.00,75.00,-30.00
SmolVLA,LIBERO Long,temporal_fusion_motion_entropy,Temporal fusion,libero_10__task_3,put the black bowl in the bottom drawer of the cabinet and close it,10,8,80.00,295.50,0.00,10,9,90.00,311.80,-10.00,-16.30,-10.00
SmolVLA,LIBERO Long,temporal_fusion_motion_entropy,Temporal fusion,libero_10__task_4,put the white mug on the left plate and put the yellow and white mug on the right plate,10,0,0.00,520.00,0.00,10,0,0.00,520.00,0.00,0.00,0.00
SmolVLA,LIBERO Long,temporal_fusion_motion_entropy,Temporal fusion,libero_10__task_5,pick up the book and place it in the back compartment of the caddy,10,9,90.00,294.30,0.00,10,5,50.00,445.60,40.00,-151.30,40.00
SmolVLA,LIBERO Long,temporal_fusion_motion_entropy,Temporal fusion,libero_10__task_6,put the white mug on the plate and put the chocolate pudding to the right of the plate,10,7,70.00,328.40,0.00,10,6,60.00,362.60,10.00,-34.20,10.00
SmolVLA,LIBERO Long,temporal_fusion_motion_entropy,Temporal fusion,libero_10__task_7,put both the alphabet soup and the cream cheese box in the basket,10,2,20.00,474.50,0.00,10,2,20.00,479.10,0.00,-4.60,0.00
SmolVLA,LIBERO Long,temporal_fusion_motion_entropy,Temporal fusion,libero_10__task_8,put both moka pots on the stove,10,3,30.00,506.70,0.00,10,2,20.00,506.30,10.00,0.40,10.00
SmolVLA,LIBERO Long,temporal_fusion_motion_entropy,Temporal fusion,libero_10__task_9,put the yellow and white mug in the microwave and close it,10,4,40.00,443.10,0.00,10,6,60.00,388.30,-20.00,54.80,-20.00
SmolVLA,LIBERO Long,temporal_fusion_task_aware,Temporal fusion,libero_10__task_0,put both the alphabet soup and the tomato sauce in the basket,10,1,10.00,505.00,0.00,10,0,0.00,520.00,10.00,-15.00,10.00
SmolVLA,LIBERO Long,temporal_fusion_task_aware,Temporal fusion,libero_10__task_1,put both the cream cheese box and the butter in the basket,10,6,60.00,392.80,0.00,10,6,60.00,388.40,0.00,4.40,0.00
SmolVLA,LIBERO Long,temporal_fusion_task_aware,Temporal fusion,libero_10__task_2,turn on the stove and put the moka pot on it,10,3,30.00,436.90,0.00,10,6,60.00,361.40,-30.00,75.50,-30.00
SmolVLA,LIBERO Long,temporal_fusion_task_aware,Temporal fusion,libero_10__task_3,put the black bowl in the bottom drawer of the cabinet and close it,10,6,60.00,349.70,0.00,10,9,90.00,311.80,-30.00,37.90,-30.00
SmolVLA,LIBERO Long,temporal_fusion_task_aware,Temporal fusion,libero_10__task_4,put the white mug on the left plate and put the yellow and white mug on the right plate,10,0,0.00,520.00,0.00,10,0,0.00,520.00,0.00,0.00,0.00
SmolVLA,LIBERO Long,temporal_fusion_task_aware,Temporal fusion,libero_10__task_5,pick up the book and place it in the back compartment of the caddy,10,8,80.00,307.10,0.00,10,5,50.00,445.60,30.00,-138.50,30.00
SmolVLA,LIBERO Long,temporal_fusion_task_aware,Temporal fusion,libero_10__task_6,put the white mug on the plate and put the chocolate pudding to the right of the plate,10,6,60.00,369.60,0.00,10,6,60.00,362.60,0.00,7.00,0.00
SmolVLA,LIBERO Long,temporal_fusion_task_aware,Temporal fusion,libero_10__task_7,put both the alphabet soup and the cream cheese box in the basket,10,3,30.00,451.30,0.00,10,2,20.00,479.10,10.00,-27.80,10.00
SmolVLA,LIBERO Long,temporal_fusion_task_aware,Temporal fusion,libero_10__task_8,put both moka pots on the stove,10,3,30.00,487.40,0.00,10,2,20.00,506.30,10.00,-18.90,10.00
SmolVLA,LIBERO Long,temporal_fusion_task_aware,Temporal fusion,libero_10__task_9,put the yellow and white mug in the microwave and close it,10,3,30.00,454.90,0.00,10,6,60.00,388.30,-30.00,66.60,-30.00
SmolVLA,LIBERO Long,temporal_fusion_conservative_adaptive,Temporal fusion,libero_10__task_0,put both the alphabet soup and the tomato sauce in the basket,10,2,20.00,510.30,0.00,10,0,0.00,520.00,20.00,-9.70,20.00
SmolVLA,LIBERO Long,temporal_fusion_conservative_adaptive,Temporal fusion,libero_10__task_1,put both the cream cheese box and the butter in the basket,10,8,80.00,336.30,0.00,10,6,60.00,388.40,20.00,-52.10,20.00
SmolVLA,LIBERO Long,temporal_fusion_conservative_adaptive,Temporal fusion,libero_10__task_2,turn on the stove and put the moka pot on it,10,4,40.00,414.40,0.00,10,6,60.00,361.40,-20.00,53.00,-20.00
SmolVLA,LIBERO Long,temporal_fusion_conservative_adaptive,Temporal fusion,libero_10__task_3,put the black bowl in the bottom drawer of the cabinet and close it,10,8,80.00,296.60,0.00,10,9,90.00,311.80,-10.00,-15.20,-10.00
SmolVLA,LIBERO Long,temporal_fusion_conservative_adaptive,Temporal fusion,libero_10__task_4,put the white mug on the left plate and put the yellow and white mug on the right plate,10,0,0.00,520.00,0.00,10,0,0.00,520.00,0.00,0.00,0.00
SmolVLA,LIBERO Long,temporal_fusion_conservative_adaptive,Temporal fusion,libero_10__task_5,pick up the book and place it in the back compartment of the caddy,10,8,80.00,314.10,0.00,10,5,50.00,445.60,30.00,-131.50,30.00
SmolVLA,LIBERO Long,temporal_fusion_conservative_adaptive,Temporal fusion,libero_10__task_6,put the white mug on the plate and put the chocolate pudding to the right of the plate,10,6,60.00,351.60,0.00,10,6,60.00,362.60,0.00,-11.00,0.00
SmolVLA,LIBERO Long,temporal_fusion_conservative_adaptive,Temporal fusion,libero_10__task_7,put both the alphabet soup and the cream cheese box in the basket,10,2,20.00,476.80,0.00,10,2,20.00,479.10,0.00,-2.30,0.00
SmolVLA,LIBERO Long,temporal_fusion_conservative_adaptive,Temporal fusion,libero_10__task_8,put both moka pots on the stove,10,4,40.00,482.40,0.00,10,2,20.00,506.30,20.00,-23.90,20.00
SmolVLA,LIBERO Long,temporal_fusion_conservative_adaptive,Temporal fusion,libero_10__task_9,put the yellow and white mug in the microwave and close it,10,3,30.00,456.90,0.00,10,6,60.00,388.30,-30.00,68.60,-30.00
OpenVLA,LIBERO Goal,original,Original,libero_goal__task_0,open the middle drawer of the cabinet,10,5,50.00,215.00,0.00,10,5,50.00,215.00,0.00,0.00,0.00
OpenVLA,LIBERO Goal,original,Original,libero_goal__task_1,put the bowl on the stove,10,10,100.00,90.00,0.00,10,10,100.00,90.00,0.00,0.00,0.00
OpenVLA,LIBERO Goal,original,Original,libero_goal__task_2,put the wine bottle on top of the cabinet,10,8,80.00,132.00,0.00,10,8,80.00,132.00,0.00,0.00,0.00
OpenVLA,LIBERO Goal,original,Original,libero_goal__task_3,open the top drawer and put the bowl inside,10,6,60.00,231.80,0.00,10,6,60.00,231.80,0.00,0.00,0.00
OpenVLA,LIBERO Goal,original,Original,libero_goal__task_4,put the bowl on top of the cabinet,10,8,80.00,129.10,0.00,10,8,80.00,129.10,0.00,0.00,0.00
OpenVLA,LIBERO Goal,original,Original,libero_goal__task_5,push the plate to the front of the stove,10,5,50.00,230.00,0.00,10,5,50.00,230.00,0.00,0.00,0.00
OpenVLA,LIBERO Goal,original,Original,libero_goal__task_6,put the cream cheese in the bowl,10,7,70.00,159.00,0.00,10,7,70.00,159.00,0.00,0.00,0.00
OpenVLA,LIBERO Goal,original,Original,libero_goal__task_7,turn on the stove,10,10,100.00,92.40,0.00,10,10,100.00,92.40,0.00,0.00,0.00
OpenVLA,LIBERO Goal,original,Original,libero_goal__task_8,put the bowl on the plate,10,10,100.00,80.70,0.00,10,10,100.00,80.70,0.00,0.00,0.00
OpenVLA,LIBERO Goal,original,Original,libero_goal__task_9,put the wine bottle on the rack,10,6,60.00,215.90,0.00,10,6,60.00,215.90,0.00,0.00,0.00
OpenVLA,LIBERO Goal,fixed_foveation_keep20,Foveation,libero_goal__task_0,open the middle drawer of the cabinet,10,6,60.00,197.30,0.00,10,5,50.00,215.00,10.00,-17.70,10.00
OpenVLA,LIBERO Goal,fixed_foveation_keep20,Foveation,libero_goal__task_1,put the bowl on the stove,10,9,90.00,113.30,0.00,10,10,100.00,90.00,-10.00,23.30,-10.00
OpenVLA,LIBERO Goal,fixed_foveation_keep20,Foveation,libero_goal__task_2,put the wine bottle on top of the cabinet,10,7,70.00,181.10,0.00,10,8,80.00,132.00,-10.00,49.10,-10.00
OpenVLA,LIBERO Goal,fixed_foveation_keep20,Foveation,libero_goal__task_3,open the top drawer and put the bowl inside,10,1,10.00,285.70,0.00,10,6,60.00,231.80,-50.00,53.90,-50.00
OpenVLA,LIBERO Goal,fixed_foveation_keep20,Foveation,libero_goal__task_4,put the bowl on top of the cabinet,10,9,90.00,110.20,0.00,10,8,80.00,129.10,10.00,-18.90,10.00
OpenVLA,LIBERO Goal,fixed_foveation_keep20,Foveation,libero_goal__task_5,push the plate to the front of the stove,10,6,60.00,224.80,0.00,10,5,50.00,230.00,10.00,-5.20,10.00
OpenVLA,LIBERO Goal,fixed_foveation_keep20,Foveation,libero_goal__task_6,put the cream cheese in the bowl,10,6,60.00,191.20,0.00,10,7,70.00,159.00,-10.00,32.20,-10.00
OpenVLA,LIBERO Goal,fixed_foveation_keep20,Foveation,libero_goal__task_7,turn on the stove,10,7,70.00,146.20,0.00,10,10,100.00,92.40,-30.00,53.80,-30.00
OpenVLA,LIBERO Goal,fixed_foveation_keep20,Foveation,libero_goal__task_8,put the bowl on the plate,10,9,90.00,114.20,0.00,10,10,100.00,80.70,-10.00,33.50,-10.00
OpenVLA,LIBERO Goal,fixed_foveation_keep20,Foveation,libero_goal__task_9,put the wine bottle on the rack,10,4,40.00,245.20,0.00,10,6,60.00,215.90,-20.00,29.30,-20.00
OpenVLA,LIBERO Goal,fixed_foveation_keep50,Foveation,libero_goal__task_0,open the middle drawer of the cabinet,10,7,70.00,171.60,0.00,10,5,50.00,215.00,20.00,-43.40,20.00
OpenVLA,LIBERO Goal,fixed_foveation_keep50,Foveation,libero_goal__task_1,put the bowl on the stove,10,10,100.00,90.20,0.00,10,10,100.00,90.00,0.00,0.20,0.00
OpenVLA,LIBERO Goal,fixed_foveation_keep50,Foveation,libero_goal__task_2,put the wine bottle on top of the cabinet,10,7,70.00,160.10,0.00,10,8,80.00,132.00,-10.00,28.10,-10.00
OpenVLA,LIBERO Goal,fixed_foveation_keep50,Foveation,libero_goal__task_3,open the top drawer and put the bowl inside,10,4,40.00,250.20,0.00,10,6,60.00,231.80,-20.00,18.40,-20.00
OpenVLA,LIBERO Goal,fixed_foveation_keep50,Foveation,libero_goal__task_4,put the bowl on top of the cabinet,10,8,80.00,130.70,0.00,10,8,80.00,129.10,0.00,1.60,0.00
OpenVLA,LIBERO Goal,fixed_foveation_keep50,Foveation,libero_goal__task_5,push the plate to the front of the stove,10,8,80.00,167.90,0.00,10,5,50.00,230.00,30.00,-62.10,30.00
OpenVLA,LIBERO Goal,fixed_foveation_keep50,Foveation,libero_goal__task_6,put the cream cheese in the bowl,10,7,70.00,157.70,0.00,10,7,70.00,159.00,0.00,-1.30,0.00
OpenVLA,LIBERO Goal,fixed_foveation_keep50,Foveation,libero_goal__task_7,turn on the stove,10,10,100.00,87.80,0.00,10,10,100.00,92.40,0.00,-4.60,0.00
OpenVLA,LIBERO Goal,fixed_foveation_keep50,Foveation,libero_goal__task_8,put the bowl on the plate,10,9,90.00,100.30,0.00,10,10,100.00,80.70,-10.00,19.60,-10.00
OpenVLA,LIBERO Goal,fixed_foveation_keep50,Foveation,libero_goal__task_9,put the wine bottle on the rack,10,5,50.00,256.40,0.00,10,6,60.00,215.90,-10.00,40.50,-10.00
OpenVLA,LIBERO Goal,action_repeat2,Action repeat,libero_goal__task_0,open the middle drawer of the cabinet,10,5,50.00,218.30,109.00,10,5,50.00,215.00,0.00,3.30,0.00
OpenVLA,LIBERO Goal,action_repeat2,Action repeat,libero_goal__task_1,put the bowl on the stove,10,9,90.00,115.20,57.50,10,10,100.00,90.00,-10.00,25.20,-10.00
OpenVLA,LIBERO Goal,action_repeat2,Action repeat,libero_goal__task_2,put the wine bottle on top of the cabinet,10,7,70.00,163.00,81.30,10,8,80.00,132.00,-10.00,31.00,-10.00
OpenVLA,LIBERO Goal,action_repeat2,Action repeat,libero_goal__task_3,open the top drawer and put the bowl inside,10,5,50.00,247.70,123.80,10,6,60.00,231.80,-10.00,15.90,-10.00
OpenVLA,LIBERO Goal,action_repeat2,Action repeat,libero_goal__task_4,put the bowl on top of the cabinet,10,9,90.00,135.30,67.30,10,8,80.00,129.10,10.00,6.20,10.00
OpenVLA,LIBERO Goal,action_repeat2,Action repeat,libero_goal__task_5,push the plate to the front of the stove,10,5,50.00,223.10,111.50,10,5,50.00,230.00,0.00,-6.90,0.00
OpenVLA,LIBERO Goal,action_repeat2,Action repeat,libero_goal__task_6,put the cream cheese in the bowl,10,5,50.00,205.70,102.70,10,7,70.00,159.00,-20.00,46.70,-20.00
OpenVLA,LIBERO Goal,action_repeat2,Action repeat,libero_goal__task_7,turn on the stove,10,10,100.00,90.00,44.80,10,10,100.00,92.40,0.00,-2.40,0.00
OpenVLA,LIBERO Goal,action_repeat2,Action repeat,libero_goal__task_8,put the bowl on the plate,10,7,70.00,148.40,74.10,10,10,100.00,80.70,-30.00,67.70,-30.00
OpenVLA,LIBERO Goal,action_repeat2,Action repeat,libero_goal__task_9,put the wine bottle on the rack,10,6,60.00,204.90,102.20,10,6,60.00,215.90,0.00,-11.00,0.00
OpenVLA,LIBERO Goal,action_repeat4,Action repeat,libero_goal__task_0,open the middle drawer of the cabinet,10,4,40.00,233.20,174.80,10,5,50.00,215.00,-10.00,18.20,-10.00
OpenVLA,LIBERO Goal,action_repeat4,Action repeat,libero_goal__task_1,put the bowl on the stove,10,10,100.00,106.00,79.20,10,10,100.00,90.00,0.00,16.00,0.00
OpenVLA,LIBERO Goal,action_repeat4,Action repeat,libero_goal__task_2,put the wine bottle on top of the cabinet,10,7,70.00,162.10,121.20,10,8,80.00,132.00,-10.00,30.10,-10.00
OpenVLA,LIBERO Goal,action_repeat4,Action repeat,libero_goal__task_3,open the top drawer and put the bowl inside,10,3,30.00,278.70,208.90,10,6,60.00,231.80,-30.00,46.90,-30.00
OpenVLA,LIBERO Goal,action_repeat4,Action repeat,libero_goal__task_4,put the bowl on top of the cabinet,10,9,90.00,132.50,99.10,10,8,80.00,129.10,10.00,3.40,10.00
OpenVLA,LIBERO Goal,action_repeat4,Action repeat,libero_goal__task_5,push the plate to the front of the stove,10,6,60.00,220.60,165.20,10,5,50.00,230.00,10.00,-9.40,10.00
OpenVLA,LIBERO Goal,action_repeat4,Action repeat,libero_goal__task_6,put the cream cheese in the bowl,10,5,50.00,205.70,154.20,10,7,70.00,159.00,-20.00,46.70,-20.00
OpenVLA,LIBERO Goal,action_repeat4,Action repeat,libero_goal__task_7,turn on the stove,10,10,100.00,102.60,76.50,10,10,100.00,92.40,0.00,10.20,0.00
OpenVLA,LIBERO Goal,action_repeat4,Action repeat,libero_goal__task_8,put the bowl on the plate,10,5,50.00,201.70,151.00,10,10,100.00,80.70,-50.00,121.00,-50.00
OpenVLA,LIBERO Goal,action_repeat4,Action repeat,libero_goal__task_9,put the wine bottle on the rack,10,1,10.00,284.30,213.20,10,6,60.00,215.90,-50.00,68.40,-50.00
OpenVLA,LIBERO Goal,depth_pruning1,Depth pruning,libero_goal__task_0,open the middle drawer of the cabinet,10,5,50.00,217.10,0.00,10,5,50.00,215.00,0.00,2.10,0.00
OpenVLA,LIBERO Goal,depth_pruning1,Depth pruning,libero_goal__task_1,put the bowl on the stove,10,8,80.00,133.00,0.00,10,10,100.00,90.00,-20.00,43.00,-20.00
OpenVLA,LIBERO Goal,depth_pruning1,Depth pruning,libero_goal__task_2,put the wine bottle on top of the cabinet,10,8,80.00,157.40,0.00,10,8,80.00,132.00,0.00,25.40,0.00
OpenVLA,LIBERO Goal,depth_pruning1,Depth pruning,libero_goal__task_3,open the top drawer and put the bowl inside,10,5,50.00,261.30,0.00,10,6,60.00,231.80,-10.00,29.50,-10.00
OpenVLA,LIBERO Goal,depth_pruning1,Depth pruning,libero_goal__task_4,put the bowl on top of the cabinet,10,10,100.00,99.60,0.00,10,8,80.00,129.10,20.00,-29.50,20.00
OpenVLA,LIBERO Goal,depth_pruning1,Depth pruning,libero_goal__task_5,push the plate to the front of the stove,10,7,70.00,186.40,0.00,10,5,50.00,230.00,20.00,-43.60,20.00
OpenVLA,LIBERO Goal,depth_pruning1,Depth pruning,libero_goal__task_6,put the cream cheese in the bowl,10,6,60.00,176.30,0.00,10,7,70.00,159.00,-10.00,17.30,-10.00
OpenVLA,LIBERO Goal,depth_pruning1,Depth pruning,libero_goal__task_7,turn on the stove,10,10,100.00,75.90,0.00,10,10,100.00,92.40,0.00,-16.50,0.00
OpenVLA,LIBERO Goal,depth_pruning1,Depth pruning,libero_goal__task_8,put the bowl on the plate,10,9,90.00,103.50,0.00,10,10,100.00,80.70,-10.00,22.80,-10.00
OpenVLA,LIBERO Goal,depth_pruning1,Depth pruning,libero_goal__task_9,put the wine bottle on the rack,10,4,40.00,243.80,0.00,10,6,60.00,215.90,-20.00,27.90,-20.00
OpenVLA,LIBERO Goal,depth_pruning2,Depth pruning,libero_goal__task_0,open the middle drawer of the cabinet,10,2,20.00,271.50,0.00,10,5,50.00,215.00,-30.00,56.50,-30.00
OpenVLA,LIBERO Goal,depth_pruning2,Depth pruning,libero_goal__task_1,put the bowl on the stove,10,8,80.00,132.00,0.00,10,10,100.00,90.00,-20.00,42.00,-20.00
OpenVLA,LIBERO Goal,depth_pruning2,Depth pruning,libero_goal__task_2,put the wine bottle on top of the cabinet,10,8,80.00,137.50,0.00,10,8,80.00,132.00,0.00,5.50,0.00
OpenVLA,LIBERO Goal,depth_pruning2,Depth pruning,libero_goal__task_3,open the top drawer and put the bowl inside,10,2,20.00,285.10,0.00,10,6,60.00,231.80,-40.00,53.30,-40.00
OpenVLA,LIBERO Goal,depth_pruning2,Depth pruning,libero_goal__task_4,put the bowl on top of the cabinet,10,8,80.00,130.80,0.00,10,8,80.00,129.10,0.00,1.70,0.00
OpenVLA,LIBERO Goal,depth_pruning2,Depth pruning,libero_goal__task_5,push the plate to the front of the stove,10,5,50.00,227.60,0.00,10,5,50.00,230.00,0.00,-2.40,0.00
OpenVLA,LIBERO Goal,depth_pruning2,Depth pruning,libero_goal__task_6,put the cream cheese in the bowl,10,5,50.00,207.50,0.00,10,7,70.00,159.00,-20.00,48.50,-20.00
OpenVLA,LIBERO Goal,depth_pruning2,Depth pruning,libero_goal__task_7,turn on the stove,10,10,100.00,80.20,0.00,10,10,100.00,92.40,0.00,-12.20,0.00
OpenVLA,LIBERO Goal,depth_pruning2,Depth pruning,libero_goal__task_8,put the bowl on the plate,10,10,100.00,90.50,0.00,10,10,100.00,80.70,0.00,9.80,0.00
OpenVLA,LIBERO Goal,depth_pruning2,Depth pruning,libero_goal__task_9,put the wine bottle on the rack,10,1,10.00,288.00,0.00,10,6,60.00,215.90,-50.00,72.10,-50.00
OpenVLA,LIBERO Goal,depth_pruning4,Depth pruning,libero_goal__task_0,open the middle drawer of the cabinet,10,0,0.00,300.00,0.00,10,5,50.00,215.00,-50.00,85.00,-50.00
OpenVLA,LIBERO Goal,depth_pruning4,Depth pruning,libero_goal__task_1,put the bowl on the stove,10,7,70.00,152.10,0.00,10,10,100.00,90.00,-30.00,62.10,-30.00
OpenVLA,LIBERO Goal,depth_pruning4,Depth pruning,libero_goal__task_2,put the wine bottle on top of the cabinet,10,8,80.00,144.00,0.00,10,8,80.00,132.00,0.00,12.00,0.00
OpenVLA,LIBERO Goal,depth_pruning4,Depth pruning,libero_goal__task_3,open the top drawer and put the bowl inside,10,1,10.00,290.30,0.00,10,6,60.00,231.80,-50.00,58.50,-50.00
OpenVLA,LIBERO Goal,depth_pruning4,Depth pruning,libero_goal__task_4,put the bowl on top of the cabinet,10,5,50.00,192.80,0.00,10,8,80.00,129.10,-30.00,63.70,-30.00
OpenVLA,LIBERO Goal,depth_pruning4,Depth pruning,libero_goal__task_5,push the plate to the front of the stove,10,1,10.00,287.00,0.00,10,5,50.00,230.00,-40.00,57.00,-40.00
OpenVLA,LIBERO Goal,depth_pruning4,Depth pruning,libero_goal__task_6,put the cream cheese in the bowl,10,3,30.00,251.00,0.00,10,7,70.00,159.00,-40.00,92.00,-40.00
OpenVLA,LIBERO Goal,depth_pruning4,Depth pruning,libero_goal__task_7,turn on the stove,10,9,90.00,109.20,0.00,10,10,100.00,92.40,-10.00,16.80,-10.00
OpenVLA,LIBERO Goal,depth_pruning4,Depth pruning,libero_goal__task_8,put the bowl on the plate,10,6,60.00,172.40,0.00,10,10,100.00,80.70,-40.00,91.70,-40.00
OpenVLA,LIBERO Goal,depth_pruning4,Depth pruning,libero_goal__task_9,put the wine bottle on the rack,10,1,10.00,285.10,0.00,10,6,60.00,215.90,-50.00,69.20,-50.00
OpenVLA,LIBERO Goal,guarded_reuse_strict,Guarded reuse,libero_goal__task_0,open the middle drawer of the cabinet,10,5,50.00,228.20,13.50,10,5,50.00,215.00,0.00,13.20,0.00
OpenVLA,LIBERO Goal,guarded_reuse_strict,Guarded reuse,libero_goal__task_1,put the bowl on the stove,10,10,100.00,93.00,1.30,10,10,100.00,90.00,0.00,3.00,0.00
OpenVLA,LIBERO Goal,guarded_reuse_strict,Guarded reuse,libero_goal__task_2,put the wine bottle on top of the cabinet,10,8,80.00,132.50,1.20,10,8,80.00,132.00,0.00,0.50,0.00
OpenVLA,LIBERO Goal,guarded_reuse_strict,Guarded reuse,libero_goal__task_3,open the top drawer and put the bowl inside,10,3,30.00,267.90,24.80,10,6,60.00,231.80,-30.00,36.10,-30.00
OpenVLA,LIBERO Goal,guarded_reuse_strict,Guarded reuse,libero_goal__task_4,put the bowl on top of the cabinet,10,8,80.00,130.90,6.50,10,8,80.00,129.10,0.00,1.80,0.00
OpenVLA,LIBERO Goal,guarded_reuse_strict,Guarded reuse,libero_goal__task_5,push the plate to the front of the stove,10,6,60.00,211.20,2.50,10,5,50.00,230.00,10.00,-18.80,10.00
OpenVLA,LIBERO Goal,guarded_reuse_strict,Guarded reuse,libero_goal__task_6,put the cream cheese in the bowl,10,7,70.00,158.40,2.40,10,7,70.00,159.00,0.00,-0.60,0.00
OpenVLA,LIBERO Goal,guarded_reuse_strict,Guarded reuse,libero_goal__task_7,turn on the stove,10,10,100.00,97.10,9.60,10,10,100.00,92.40,0.00,4.70,0.00
OpenVLA,LIBERO Goal,guarded_reuse_strict,Guarded reuse,libero_goal__task_8,put the bowl on the plate,10,10,100.00,79.20,2.30,10,10,100.00,80.70,0.00,-1.50,0.00
OpenVLA,LIBERO Goal,guarded_reuse_strict,Guarded reuse,libero_goal__task_9,put the wine bottle on the rack,10,4,40.00,249.10,15.00,10,6,60.00,215.90,-20.00,33.20,-20.00
OpenVLA,LIBERO Goal,guarded_reuse_moderate,Guarded reuse,libero_goal__task_0,open the middle drawer of the cabinet,10,5,50.00,226.50,18.60,10,5,50.00,215.00,0.00,11.50,0.00
OpenVLA,LIBERO Goal,guarded_reuse_moderate,Guarded reuse,libero_goal__task_1,put the bowl on the stove,10,10,100.00,91.70,1.80,10,10,100.00,90.00,0.00,1.70,0.00
OpenVLA,LIBERO Goal,guarded_reuse_moderate,Guarded reuse,libero_goal__task_2,put the wine bottle on top of the cabinet,10,8,80.00,135.30,3.30,10,8,80.00,132.00,0.00,3.30,0.00
OpenVLA,LIBERO Goal,guarded_reuse_moderate,Guarded reuse,libero_goal__task_3,open the top drawer and put the bowl inside,10,2,20.00,274.00,20.10,10,6,60.00,231.80,-40.00,42.20,-40.00
OpenVLA,LIBERO Goal,guarded_reuse_moderate,Guarded reuse,libero_goal__task_4,put the bowl on top of the cabinet,10,9,90.00,110.80,1.60,10,8,80.00,129.10,10.00,-18.30,10.00
OpenVLA,LIBERO Goal,guarded_reuse_moderate,Guarded reuse,libero_goal__task_5,push the plate to the front of the stove,10,5,50.00,216.00,6.30,10,5,50.00,230.00,0.00,-14.00,0.00
OpenVLA,LIBERO Goal,guarded_reuse_moderate,Guarded reuse,libero_goal__task_6,put the cream cheese in the bowl,10,7,70.00,158.40,3.60,10,7,70.00,159.00,0.00,-0.60,0.00
OpenVLA,LIBERO Goal,guarded_reuse_moderate,Guarded reuse,libero_goal__task_7,turn on the stove,10,10,100.00,97.80,10.70,10,10,100.00,92.40,0.00,5.40,0.00
OpenVLA,LIBERO Goal,guarded_reuse_moderate,Guarded reuse,libero_goal__task_8,put the bowl on the plate,10,10,100.00,80.70,3.40,10,10,100.00,80.70,0.00,0.00,0.00
OpenVLA,LIBERO Goal,guarded_reuse_moderate,Guarded reuse,libero_goal__task_9,put the wine bottle on the rack,10,3,30.00,261.20,15.40,10,6,60.00,215.90,-30.00,45.30,-30.00
OpenVLA,LIBERO Goal,guarded_reuse_aggressive,Guarded reuse,libero_goal__task_0,open the middle drawer of the cabinet,10,6,60.00,196.70,35.60,10,5,50.00,215.00,10.00,-18.30,10.00
OpenVLA,LIBERO Goal,guarded_reuse_aggressive,Guarded reuse,libero_goal__task_1,put the bowl on the stove,10,10,100.00,92.20,5.50,10,10,100.00,90.00,0.00,2.20,0.00
OpenVLA,LIBERO Goal,guarded_reuse_aggressive,Guarded reuse,libero_goal__task_2,put the wine bottle on top of the cabinet,10,8,80.00,136.50,6.00,10,8,80.00,132.00,0.00,4.50,0.00
OpenVLA,LIBERO Goal,guarded_reuse_aggressive,Guarded reuse,libero_goal__task_3,open the top drawer and put the bowl inside,10,5,50.00,247.80,45.50,10,6,60.00,231.80,-10.00,16.00,-10.00
OpenVLA,LIBERO Goal,guarded_reuse_aggressive,Guarded reuse,libero_goal__task_4,put the bowl on top of the cabinet,10,9,90.00,109.20,3.30,10,8,80.00,129.10,10.00,-19.90,10.00
OpenVLA,LIBERO Goal,guarded_reuse_aggressive,Guarded reuse,libero_goal__task_5,push the plate to the front of the stove,10,6,60.00,203.60,13.50,10,5,50.00,230.00,10.00,-26.40,10.00
OpenVLA,LIBERO Goal,guarded_reuse_aggressive,Guarded reuse,libero_goal__task_6,put the cream cheese in the bowl,10,6,60.00,184.30,11.80,10,7,70.00,159.00,-10.00,25.30,-10.00
OpenVLA,LIBERO Goal,guarded_reuse_aggressive,Guarded reuse,libero_goal__task_7,turn on the stove,10,10,100.00,94.20,22.70,10,10,100.00,92.40,0.00,1.80,0.00
OpenVLA,LIBERO Goal,guarded_reuse_aggressive,Guarded reuse,libero_goal__task_8,put the bowl on the plate,10,9,90.00,106.60,10.40,10,10,100.00,80.70,-10.00,25.90,-10.00
OpenVLA,LIBERO Goal,guarded_reuse_aggressive,Guarded reuse,libero_goal__task_9,put the wine bottle on the rack,10,3,30.00,267.70,28.60,10,6,60.00,215.90,-30.00,51.80,-30.00
OpenVLA,LIBERO Goal,temporal_fusion_motion_entropy,Temporal fusion,libero_goal__task_0,open the middle drawer of the cabinet,10,6,60.00,191.20,0.00,10,5,50.00,215.00,10.00,-23.80,10.00
OpenVLA,LIBERO Goal,temporal_fusion_motion_entropy,Temporal fusion,libero_goal__task_1,put the bowl on the stove,10,10,100.00,91.40,0.00,10,10,100.00,90.00,0.00,1.40,0.00
OpenVLA,LIBERO Goal,temporal_fusion_motion_entropy,Temporal fusion,libero_goal__task_2,put the wine bottle on top of the cabinet,10,8,80.00,135.00,0.00,10,8,80.00,132.00,0.00,3.00,0.00
OpenVLA,LIBERO Goal,temporal_fusion_motion_entropy,Temporal fusion,libero_goal__task_3,open the top drawer and put the bowl inside,10,6,60.00,231.60,0.00,10,6,60.00,231.80,0.00,-0.20,0.00
OpenVLA,LIBERO Goal,temporal_fusion_motion_entropy,Temporal fusion,libero_goal__task_4,put the bowl on top of the cabinet,10,7,70.00,151.20,0.00,10,8,80.00,129.10,-10.00,22.10,-10.00
OpenVLA,LIBERO Goal,temporal_fusion_motion_entropy,Temporal fusion,libero_goal__task_5,push the plate to the front of the stove,10,6,60.00,208.40,0.00,10,5,50.00,230.00,10.00,-21.60,10.00
OpenVLA,LIBERO Goal,temporal_fusion_motion_entropy,Temporal fusion,libero_goal__task_6,put the cream cheese in the bowl,10,7,70.00,177.60,0.00,10,7,70.00,159.00,0.00,18.60,0.00
OpenVLA,LIBERO Goal,temporal_fusion_motion_entropy,Temporal fusion,libero_goal__task_7,turn on the stove,10,10,100.00,83.50,0.00,10,10,100.00,92.40,0.00,-8.90,0.00
OpenVLA,LIBERO Goal,temporal_fusion_motion_entropy,Temporal fusion,libero_goal__task_8,put the bowl on the plate,10,9,90.00,102.60,0.00,10,10,100.00,80.70,-10.00,21.90,-10.00
OpenVLA,LIBERO Goal,temporal_fusion_motion_entropy,Temporal fusion,libero_goal__task_9,put the wine bottle on the rack,10,5,50.00,223.20,0.00,10,6,60.00,215.90,-10.00,7.30,-10.00
OpenVLA,LIBERO Goal,temporal_fusion_task_aware,Temporal fusion,libero_goal__task_0,open the middle drawer of the cabinet,10,9,90.00,156.80,0.00,10,5,50.00,215.00,40.00,-58.20,40.00
OpenVLA,LIBERO Goal,temporal_fusion_task_aware,Temporal fusion,libero_goal__task_1,put the bowl on the stove,10,10,100.00,88.80,0.00,10,10,100.00,90.00,0.00,-1.20,0.00
OpenVLA,LIBERO Goal,temporal_fusion_task_aware,Temporal fusion,libero_goal__task_2,put the wine bottle on top of the cabinet,10,8,80.00,134.20,0.00,10,8,80.00,132.00,0.00,2.20,0.00
OpenVLA,LIBERO Goal,temporal_fusion_task_aware,Temporal fusion,libero_goal__task_3,open the top drawer and put the bowl inside,10,6,60.00,235.30,0.00,10,6,60.00,231.80,0.00,3.50,0.00
OpenVLA,LIBERO Goal,temporal_fusion_task_aware,Temporal fusion,libero_goal__task_4,put the bowl on top of the cabinet,10,7,70.00,151.00,0.00,10,8,80.00,129.10,-10.00,21.90,-10.00
OpenVLA,LIBERO Goal,temporal_fusion_task_aware,Temporal fusion,libero_goal__task_5,push the plate to the front of the stove,10,3,30.00,250.80,0.00,10,5,50.00,230.00,-20.00,20.80,-20.00
OpenVLA,LIBERO Goal,temporal_fusion_task_aware,Temporal fusion,libero_goal__task_6,put the cream cheese in the bowl,10,7,70.00,165.90,0.00,10,7,70.00,159.00,0.00,6.90,0.00
OpenVLA,LIBERO Goal,temporal_fusion_task_aware,Temporal fusion,libero_goal__task_7,turn on the stove,10,10,100.00,93.60,0.00,10,10,100.00,92.40,0.00,1.20,0.00
OpenVLA,LIBERO Goal,temporal_fusion_task_aware,Temporal fusion,libero_goal__task_8,put the bowl on the plate,10,9,90.00,102.80,0.00,10,10,100.00,80.70,-10.00,22.10,-10.00
OpenVLA,LIBERO Goal,temporal_fusion_task_aware,Temporal fusion,libero_goal__task_9,put the wine bottle on the rack,10,4,40.00,240.40,0.00,10,6,60.00,215.90,-20.00,24.50,-20.00
OpenVLA,LIBERO Goal,temporal_fusion_conservative_adaptive,Temporal fusion,libero_goal__task_0,open the middle drawer of the cabinet,10,6,60.00,203.70,0.00,10,5,50.00,215.00,10.00,-11.30,10.00
OpenVLA,LIBERO Goal,temporal_fusion_conservative_adaptive,Temporal fusion,libero_goal__task_1,put the bowl on the stove,10,10,100.00,90.10,0.00,10,10,100.00,90.00,0.00,0.10,0.00
OpenVLA,LIBERO Goal,temporal_fusion_conservative_adaptive,Temporal fusion,libero_goal__task_2,put the wine bottle on top of the cabinet,10,8,80.00,135.10,0.00,10,8,80.00,132.00,0.00,3.10,0.00
OpenVLA,LIBERO Goal,temporal_fusion_conservative_adaptive,Temporal fusion,libero_goal__task_3,open the top drawer and put the bowl inside,10,6,60.00,238.00,0.00,10,6,60.00,231.80,0.00,6.20,0.00
OpenVLA,LIBERO Goal,temporal_fusion_conservative_adaptive,Temporal fusion,libero_goal__task_4,put the bowl on top of the cabinet,10,8,80.00,139.00,0.00,10,8,80.00,129.10,0.00,9.90,0.00
OpenVLA,LIBERO Goal,temporal_fusion_conservative_adaptive,Temporal fusion,libero_goal__task_5,push the plate to the front of the stove,10,7,70.00,197.30,0.00,10,5,50.00,230.00,20.00,-32.70,20.00
OpenVLA,LIBERO Goal,temporal_fusion_conservative_adaptive,Temporal fusion,libero_goal__task_6,put the cream cheese in the bowl,10,7,70.00,158.90,0.00,10,7,70.00,159.00,0.00,-0.10,0.00
OpenVLA,LIBERO Goal,temporal_fusion_conservative_adaptive,Temporal fusion,libero_goal__task_7,turn on the stove,10,10,100.00,95.10,0.00,10,10,100.00,92.40,0.00,2.70,0.00
OpenVLA,LIBERO Goal,temporal_fusion_conservative_adaptive,Temporal fusion,libero_goal__task_8,put the bowl on the plate,10,10,100.00,82.00,0.00,10,10,100.00,80.70,0.00,1.30,0.00
OpenVLA,LIBERO Goal,temporal_fusion_conservative_adaptive,Temporal fusion,libero_goal__task_9,put the wine bottle on the rack,10,5,50.00,247.40,0.00,10,6,60.00,215.90,-10.00,31.50,-10.00
UniVLA,LIBERO Goal,original,Original,libero_goal__task_0,open the middle drawer of the cabinet,10,7,70.00,178.00,0.00,10,7,70.00,178.00,0.00,0.00,0.00
UniVLA,LIBERO Goal,original,Original,libero_goal__task_1,put the bowl on the stove,10,10,100.00,90.30,0.00,10,10,100.00,90.30,0.00,0.00,0.00
UniVLA,LIBERO Goal,original,Original,libero_goal__task_2,put the wine bottle on top of the cabinet,10,10,100.00,89.40,0.00,10,10,100.00,89.40,0.00,0.00,0.00
UniVLA,LIBERO Goal,original,Original,libero_goal__task_3,open the top drawer and put the bowl inside,10,9,90.00,202.50,0.00,10,9,90.00,202.50,0.00,0.00,0.00
UniVLA,LIBERO Goal,original,Original,libero_goal__task_4,put the bowl on top of the cabinet,10,10,100.00,82.40,0.00,10,10,100.00,82.40,0.00,0.00,0.00
UniVLA,LIBERO Goal,original,Original,libero_goal__task_5,push the plate to the front of the stove,10,8,80.00,175.90,0.00,10,8,80.00,175.90,0.00,0.00,0.00
UniVLA,LIBERO Goal,original,Original,libero_goal__task_6,put the cream cheese in the bowl,10,10,100.00,91.90,0.00,10,10,100.00,91.90,0.00,0.00,0.00
UniVLA,LIBERO Goal,original,Original,libero_goal__task_7,turn on the stove,10,10,100.00,75.20,0.00,10,10,100.00,75.20,0.00,0.00,0.00
UniVLA,LIBERO Goal,original,Original,libero_goal__task_8,put the bowl on the plate,10,10,100.00,75.30,0.00,10,10,100.00,75.30,0.00,0.00,0.00
UniVLA,LIBERO Goal,original,Original,libero_goal__task_9,put the wine bottle on the rack,10,8,80.00,164.90,0.00,10,8,80.00,164.90,0.00,0.00,0.00
UniVLA,LIBERO Goal,fixed_foveation_keep20,Foveation,libero_goal__task_0,open the middle drawer of the cabinet,10,7,70.00,174.50,0.00,10,7,70.00,178.00,0.00,-3.50,0.00
UniVLA,LIBERO Goal,fixed_foveation_keep20,Foveation,libero_goal__task_1,put the bowl on the stove,10,9,90.00,107.20,0.00,10,10,100.00,90.30,-10.00,16.90,-10.00
UniVLA,LIBERO Goal,fixed_foveation_keep20,Foveation,libero_goal__task_2,put the wine bottle on top of the cabinet,10,10,100.00,89.80,0.00,10,10,100.00,89.40,0.00,0.40,0.00
UniVLA,LIBERO Goal,fixed_foveation_keep20,Foveation,libero_goal__task_3,open the top drawer and put the bowl inside,10,9,90.00,188.60,0.00,10,9,90.00,202.50,0.00,-13.90,0.00
UniVLA,LIBERO Goal,fixed_foveation_keep20,Foveation,libero_goal__task_4,put the bowl on top of the cabinet,10,9,90.00,107.70,0.00,10,10,100.00,82.40,-10.00,25.30,-10.00
UniVLA,LIBERO Goal,fixed_foveation_keep20,Foveation,libero_goal__task_5,push the plate to the front of the stove,10,8,80.00,166.10,0.00,10,8,80.00,175.90,0.00,-9.80,0.00
UniVLA,LIBERO Goal,fixed_foveation_keep20,Foveation,libero_goal__task_6,put the cream cheese in the bowl,10,9,90.00,113.90,0.00,10,10,100.00,91.90,-10.00,22.00,-10.00
UniVLA,LIBERO Goal,fixed_foveation_keep20,Foveation,libero_goal__task_7,turn on the stove,10,10,100.00,76.00,0.00,10,10,100.00,75.20,0.00,0.80,0.00
UniVLA,LIBERO Goal,fixed_foveation_keep20,Foveation,libero_goal__task_8,put the bowl on the plate,10,10,100.00,74.20,0.00,10,10,100.00,75.30,0.00,-1.10,0.00
UniVLA,LIBERO Goal,fixed_foveation_keep20,Foveation,libero_goal__task_9,put the wine bottle on the rack,10,6,60.00,200.00,0.00,10,8,80.00,164.90,-20.00,35.10,-20.00
UniVLA,LIBERO Goal,fixed_foveation_keep50,Foveation,libero_goal__task_0,open the middle drawer of the cabinet,10,10,100.00,134.50,0.00,10,7,70.00,178.00,30.00,-43.50,30.00
UniVLA,LIBERO Goal,fixed_foveation_keep50,Foveation,libero_goal__task_1,put the bowl on the stove,10,10,100.00,87.00,0.00,10,10,100.00,90.30,0.00,-3.30,0.00
UniVLA,LIBERO Goal,fixed_foveation_keep50,Foveation,libero_goal__task_2,put the wine bottle on top of the cabinet,10,10,100.00,88.20,0.00,10,10,100.00,89.40,0.00,-1.20,0.00
UniVLA,LIBERO Goal,fixed_foveation_keep50,Foveation,libero_goal__task_3,open the top drawer and put the bowl inside,10,10,100.00,185.30,0.00,10,9,90.00,202.50,10.00,-17.20,10.00
UniVLA,LIBERO Goal,fixed_foveation_keep50,Foveation,libero_goal__task_4,put the bowl on top of the cabinet,10,10,100.00,88.40,0.00,10,10,100.00,82.40,0.00,6.00,0.00
UniVLA,LIBERO Goal,fixed_foveation_keep50,Foveation,libero_goal__task_5,push the plate to the front of the stove,10,10,100.00,161.70,0.00,10,8,80.00,175.90,20.00,-14.20,20.00
UniVLA,LIBERO Goal,fixed_foveation_keep50,Foveation,libero_goal__task_6,put the cream cheese in the bowl,10,10,100.00,100.70,0.00,10,10,100.00,91.90,0.00,8.80,0.00
UniVLA,LIBERO Goal,fixed_foveation_keep50,Foveation,libero_goal__task_7,turn on the stove,10,10,100.00,75.50,0.00,10,10,100.00,75.20,0.00,0.30,0.00
UniVLA,LIBERO Goal,fixed_foveation_keep50,Foveation,libero_goal__task_8,put the bowl on the plate,10,10,100.00,75.20,0.00,10,10,100.00,75.30,0.00,-0.10,0.00
UniVLA,LIBERO Goal,fixed_foveation_keep50,Foveation,libero_goal__task_9,put the wine bottle on the rack,10,9,90.00,147.20,0.00,10,8,80.00,164.90,10.00,-17.70,10.00
UniVLA,LIBERO Goal,action_repeat2,Action repeat,libero_goal__task_0,open the middle drawer of the cabinet,10,6,60.00,216.90,112.00,10,7,70.00,178.00,-10.00,38.90,-10.00
UniVLA,LIBERO Goal,action_repeat2,Action repeat,libero_goal__task_1,put the bowl on the stove,10,1,10.00,286.00,143.00,10,10,100.00,90.30,-90.00,195.70,-90.00
UniVLA,LIBERO Goal,action_repeat2,Action repeat,libero_goal__task_2,put the wine bottle on top of the cabinet,10,6,60.00,203.70,105.00,10,10,100.00,89.40,-40.00,114.30,-40.00
UniVLA,LIBERO Goal,action_repeat2,Action repeat,libero_goal__task_3,open the top drawer and put the bowl inside,10,0,0.00,300.00,150.00,10,9,90.00,202.50,-90.00,97.50,-90.00
UniVLA,LIBERO Goal,action_repeat2,Action repeat,libero_goal__task_4,put the bowl on top of the cabinet,10,6,60.00,190.20,97.00,10,10,100.00,82.40,-40.00,107.80,-40.00
UniVLA,LIBERO Goal,action_repeat2,Action repeat,libero_goal__task_5,push the plate to the front of the stove,10,4,40.00,249.80,126.00,10,8,80.00,175.90,-40.00,73.90,-40.00
UniVLA,LIBERO Goal,action_repeat2,Action repeat,libero_goal__task_6,put the cream cheese in the bowl,10,1,10.00,295.40,148.00,10,10,100.00,91.90,-90.00,203.50,-90.00
UniVLA,LIBERO Goal,action_repeat2,Action repeat,libero_goal__task_7,turn on the stove,10,9,90.00,112.10,59.00,10,10,100.00,75.20,-10.00,36.90,-10.00
UniVLA,LIBERO Goal,action_repeat2,Action repeat,libero_goal__task_8,put the bowl on the plate,10,0,0.00,300.00,150.00,10,10,100.00,75.30,-100.00,224.70,-100.00
UniVLA,LIBERO Goal,action_repeat2,Action repeat,libero_goal__task_9,put the wine bottle on the rack,10,1,10.00,286.40,144.00,10,8,80.00,164.90,-70.00,121.50,-70.00
UniVLA,LIBERO Goal,action_repeat4,Action repeat,libero_goal__task_0,open the middle drawer of the cabinet,10,0,0.00,300.00,240.00,10,7,70.00,178.00,-70.00,122.00,-70.00
UniVLA,LIBERO Goal,action_repeat4,Action repeat,libero_goal__task_1,put the bowl on the stove,10,0,0.00,300.00,240.00,10,10,100.00,90.30,-100.00,209.70,-100.00
UniVLA,LIBERO Goal,action_repeat4,Action repeat,libero_goal__task_2,put the wine bottle on top of the cabinet,10,0,0.00,300.00,240.00,10,10,100.00,89.40,-100.00,210.60,-100.00
UniVLA,LIBERO Goal,action_repeat4,Action repeat,libero_goal__task_3,open the top drawer and put the bowl inside,10,0,0.00,300.00,240.00,10,9,90.00,202.50,-90.00,97.50,-90.00
UniVLA,LIBERO Goal,action_repeat4,Action repeat,libero_goal__task_4,put the bowl on top of the cabinet,10,0,0.00,300.00,240.00,10,10,100.00,82.40,-100.00,217.60,-100.00
UniVLA,LIBERO Goal,action_repeat4,Action repeat,libero_goal__task_5,push the plate to the front of the stove,10,0,0.00,300.00,240.00,10,8,80.00,175.90,-80.00,124.10,-80.00
UniVLA,LIBERO Goal,action_repeat4,Action repeat,libero_goal__task_6,put the cream cheese in the bowl,10,0,0.00,300.00,240.00,10,10,100.00,91.90,-100.00,208.10,-100.00
UniVLA,LIBERO Goal,action_repeat4,Action repeat,libero_goal__task_7,turn on the stove,10,0,0.00,300.00,240.00,10,10,100.00,75.20,-100.00,224.80,-100.00
UniVLA,LIBERO Goal,action_repeat4,Action repeat,libero_goal__task_8,put the bowl on the plate,10,0,0.00,300.00,240.00,10,10,100.00,75.30,-100.00,224.70,-100.00
UniVLA,LIBERO Goal,action_repeat4,Action repeat,libero_goal__task_9,put the wine bottle on the rack,10,0,0.00,300.00,240.00,10,8,80.00,164.90,-80.00,135.10,-80.00
UniVLA,LIBERO Goal,depth_pruning1,Depth pruning,libero_goal__task_0,open the middle drawer of the cabinet,10,9,90.00,141.90,0.00,10,7,70.00,178.00,20.00,-36.10,20.00
UniVLA,LIBERO Goal,depth_pruning1,Depth pruning,libero_goal__task_1,put the bowl on the stove,10,10,100.00,89.90,0.00,10,10,100.00,90.30,0.00,-0.40,0.00
UniVLA,LIBERO Goal,depth_pruning1,Depth pruning,libero_goal__task_2,put the wine bottle on top of the cabinet,10,10,100.00,88.80,0.00,10,10,100.00,89.40,0.00,-0.60,0.00
UniVLA,LIBERO Goal,depth_pruning1,Depth pruning,libero_goal__task_3,open the top drawer and put the bowl inside,10,8,80.00,208.40,0.00,10,9,90.00,202.50,-10.00,5.90,-10.00
UniVLA,LIBERO Goal,depth_pruning1,Depth pruning,libero_goal__task_4,put the bowl on top of the cabinet,10,9,90.00,104.70,0.00,10,10,100.00,82.40,-10.00,22.30,-10.00
UniVLA,LIBERO Goal,depth_pruning1,Depth pruning,libero_goal__task_5,push the plate to the front of the stove,10,9,90.00,165.90,0.00,10,8,80.00,175.90,10.00,-10.00,10.00
UniVLA,LIBERO Goal,depth_pruning1,Depth pruning,libero_goal__task_6,put the cream cheese in the bowl,10,10,100.00,96.50,0.00,10,10,100.00,91.90,0.00,4.60,0.00
UniVLA,LIBERO Goal,depth_pruning1,Depth pruning,libero_goal__task_7,turn on the stove,10,10,100.00,76.70,0.00,10,10,100.00,75.20,0.00,1.50,0.00
UniVLA,LIBERO Goal,depth_pruning1,Depth pruning,libero_goal__task_8,put the bowl on the plate,10,10,100.00,78.50,0.00,10,10,100.00,75.30,0.00,3.20,0.00
UniVLA,LIBERO Goal,depth_pruning1,Depth pruning,libero_goal__task_9,put the wine bottle on the rack,10,8,80.00,165.60,0.00,10,8,80.00,164.90,0.00,0.70,0.00
UniVLA,LIBERO Goal,depth_pruning2,Depth pruning,libero_goal__task_0,open the middle drawer of the cabinet,10,7,70.00,176.30,0.00,10,7,70.00,178.00,0.00,-1.70,0.00
UniVLA,LIBERO Goal,depth_pruning2,Depth pruning,libero_goal__task_1,put the bowl on the stove,10,8,80.00,134.20,0.00,10,10,100.00,90.30,-20.00,43.90,-20.00
UniVLA,LIBERO Goal,depth_pruning2,Depth pruning,libero_goal__task_2,put the wine bottle on top of the cabinet,10,10,100.00,86.10,0.00,10,10,100.00,89.40,0.00,-3.30,0.00
UniVLA,LIBERO Goal,depth_pruning2,Depth pruning,libero_goal__task_3,open the top drawer and put the bowl inside,10,7,70.00,214.60,0.00,10,9,90.00,202.50,-20.00,12.10,-20.00
UniVLA,LIBERO Goal,depth_pruning2,Depth pruning,libero_goal__task_4,put the bowl on top of the cabinet,10,10,100.00,84.50,0.00,10,10,100.00,82.40,0.00,2.10,0.00
UniVLA,LIBERO Goal,depth_pruning2,Depth pruning,libero_goal__task_5,push the plate to the front of the stove,10,10,100.00,159.10,0.00,10,8,80.00,175.90,20.00,-16.80,20.00
UniVLA,LIBERO Goal,depth_pruning2,Depth pruning,libero_goal__task_6,put the cream cheese in the bowl,10,9,90.00,114.40,0.00,10,10,100.00,91.90,-10.00,22.50,-10.00
UniVLA,LIBERO Goal,depth_pruning2,Depth pruning,libero_goal__task_7,turn on the stove,10,10,100.00,75.60,0.00,10,10,100.00,75.20,0.00,0.40,0.00
UniVLA,LIBERO Goal,depth_pruning2,Depth pruning,libero_goal__task_8,put the bowl on the plate,10,10,100.00,77.60,0.00,10,10,100.00,75.30,0.00,2.30,0.00
UniVLA,LIBERO Goal,depth_pruning2,Depth pruning,libero_goal__task_9,put the wine bottle on the rack,10,8,80.00,167.70,0.00,10,8,80.00,164.90,0.00,2.80,0.00
UniVLA,LIBERO Goal,depth_pruning4,Depth pruning,libero_goal__task_0,open the middle drawer of the cabinet,10,8,80.00,172.80,0.00,10,7,70.00,178.00,10.00,-5.20,10.00
UniVLA,LIBERO Goal,depth_pruning4,Depth pruning,libero_goal__task_1,put the bowl on the stove,10,10,100.00,90.70,0.00,10,10,100.00,90.30,0.00,0.40,0.00
UniVLA,LIBERO Goal,depth_pruning4,Depth pruning,libero_goal__task_2,put the wine bottle on top of the cabinet,10,9,90.00,110.90,0.00,10,10,100.00,89.40,-10.00,21.50,-10.00
UniVLA,LIBERO Goal,depth_pruning4,Depth pruning,libero_goal__task_3,open the top drawer and put the bowl inside,10,10,100.00,197.40,0.00,10,9,90.00,202.50,10.00,-5.10,10.00
UniVLA,LIBERO Goal,depth_pruning4,Depth pruning,libero_goal__task_4,put the bowl on top of the cabinet,10,10,100.00,97.10,0.00,10,10,100.00,82.40,0.00,14.70,0.00
UniVLA,LIBERO Goal,depth_pruning4,Depth pruning,libero_goal__task_5,push the plate to the front of the stove,10,6,60.00,226.30,0.00,10,8,80.00,175.90,-20.00,50.40,-20.00
UniVLA,LIBERO Goal,depth_pruning4,Depth pruning,libero_goal__task_6,put the cream cheese in the bowl,10,7,70.00,154.40,0.00,10,10,100.00,91.90,-30.00,62.50,-30.00
UniVLA,LIBERO Goal,depth_pruning4,Depth pruning,libero_goal__task_7,turn on the stove,10,10,100.00,77.40,0.00,10,10,100.00,75.20,0.00,2.20,0.00
UniVLA,LIBERO Goal,depth_pruning4,Depth pruning,libero_goal__task_8,put the bowl on the plate,10,10,100.00,77.60,0.00,10,10,100.00,75.30,0.00,2.30,0.00
UniVLA,LIBERO Goal,depth_pruning4,Depth pruning,libero_goal__task_9,put the wine bottle on the rack,10,4,40.00,232.50,0.00,10,8,80.00,164.90,-40.00,67.60,-40.00
UniVLA,LIBERO Goal,guarded_reuse_strict,Guarded reuse,libero_goal__task_0,open the middle drawer of the cabinet,10,7,70.00,178.00,0.00,10,7,70.00,178.00,0.00,0.00,0.00
UniVLA,LIBERO Goal,guarded_reuse_strict,Guarded reuse,libero_goal__task_1,put the bowl on the stove,10,10,100.00,90.30,0.00,10,10,100.00,90.30,0.00,0.00,0.00
UniVLA,LIBERO Goal,guarded_reuse_strict,Guarded reuse,libero_goal__task_2,put the wine bottle on top of the cabinet,10,10,100.00,89.40,0.00,10,10,100.00,89.40,0.00,0.00,0.00
UniVLA,LIBERO Goal,guarded_reuse_strict,Guarded reuse,libero_goal__task_3,open the top drawer and put the bowl inside,10,9,90.00,202.50,0.00,10,9,90.00,202.50,0.00,0.00,0.00
UniVLA,LIBERO Goal,guarded_reuse_strict,Guarded reuse,libero_goal__task_4,put the bowl on top of the cabinet,10,10,100.00,82.40,0.00,10,10,100.00,82.40,0.00,0.00,0.00
UniVLA,LIBERO Goal,guarded_reuse_strict,Guarded reuse,libero_goal__task_5,push the plate to the front of the stove,10,8,80.00,175.90,0.00,10,8,80.00,175.90,0.00,0.00,0.00
UniVLA,LIBERO Goal,guarded_reuse_strict,Guarded reuse,libero_goal__task_6,put the cream cheese in the bowl,10,10,100.00,91.90,0.00,10,10,100.00,91.90,0.00,0.00,0.00
UniVLA,LIBERO Goal,guarded_reuse_strict,Guarded reuse,libero_goal__task_7,turn on the stove,10,10,100.00,75.20,0.00,10,10,100.00,75.20,0.00,0.00,0.00
UniVLA,LIBERO Goal,guarded_reuse_strict,Guarded reuse,libero_goal__task_8,put the bowl on the plate,10,10,100.00,75.30,0.00,10,10,100.00,75.30,0.00,0.00,0.00
UniVLA,LIBERO Goal,guarded_reuse_strict,Guarded reuse,libero_goal__task_9,put the wine bottle on the rack,10,9,90.00,152.50,0.00,10,8,80.00,164.90,10.00,-12.40,10.00
UniVLA,LIBERO Goal,guarded_reuse_moderate,Guarded reuse,libero_goal__task_0,open the middle drawer of the cabinet,10,7,70.00,178.00,0.00,10,7,70.00,178.00,0.00,0.00,0.00
UniVLA,LIBERO Goal,guarded_reuse_moderate,Guarded reuse,libero_goal__task_1,put the bowl on the stove,10,10,100.00,90.30,0.00,10,10,100.00,90.30,0.00,0.00,0.00
UniVLA,LIBERO Goal,guarded_reuse_moderate,Guarded reuse,libero_goal__task_2,put the wine bottle on top of the cabinet,10,10,100.00,89.50,0.00,10,10,100.00,89.40,0.00,0.10,0.00
UniVLA,LIBERO Goal,guarded_reuse_moderate,Guarded reuse,libero_goal__task_3,open the top drawer and put the bowl inside,10,9,90.00,202.50,0.00,10,9,90.00,202.50,0.00,0.00,0.00
UniVLA,LIBERO Goal,guarded_reuse_moderate,Guarded reuse,libero_goal__task_4,put the bowl on top of the cabinet,10,10,100.00,82.40,0.00,10,10,100.00,82.40,0.00,0.00,0.00
UniVLA,LIBERO Goal,guarded_reuse_moderate,Guarded reuse,libero_goal__task_5,push the plate to the front of the stove,10,8,80.00,175.90,0.00,10,8,80.00,175.90,0.00,0.00,0.00
UniVLA,LIBERO Goal,guarded_reuse_moderate,Guarded reuse,libero_goal__task_6,put the cream cheese in the bowl,10,10,100.00,91.90,0.00,10,10,100.00,91.90,0.00,0.00,0.00
UniVLA,LIBERO Goal,guarded_reuse_moderate,Guarded reuse,libero_goal__task_7,turn on the stove,10,10,100.00,75.20,0.00,10,10,100.00,75.20,0.00,0.00,0.00
UniVLA,LIBERO Goal,guarded_reuse_moderate,Guarded reuse,libero_goal__task_8,put the bowl on the plate,10,10,100.00,75.30,0.00,10,10,100.00,75.30,0.00,0.00,0.00
UniVLA,LIBERO Goal,guarded_reuse_moderate,Guarded reuse,libero_goal__task_9,put the wine bottle on the rack,10,9,90.00,154.40,0.00,10,8,80.00,164.90,10.00,-10.50,10.00
UniVLA,LIBERO Goal,guarded_reuse_aggressive,Guarded reuse,libero_goal__task_0,open the middle drawer of the cabinet,10,7,70.00,178.00,0.00,10,7,70.00,178.00,0.00,0.00,0.00
UniVLA,LIBERO Goal,guarded_reuse_aggressive,Guarded reuse,libero_goal__task_1,put the bowl on the stove,10,10,100.00,90.30,0.00,10,10,100.00,90.30,0.00,0.00,0.00
UniVLA,LIBERO Goal,guarded_reuse_aggressive,Guarded reuse,libero_goal__task_2,put the wine bottle on top of the cabinet,10,10,100.00,89.40,0.00,10,10,100.00,89.40,0.00,0.00,0.00
UniVLA,LIBERO Goal,guarded_reuse_aggressive,Guarded reuse,libero_goal__task_3,open the top drawer and put the bowl inside,10,9,90.00,202.50,0.00,10,9,90.00,202.50,0.00,0.00,0.00
UniVLA,LIBERO Goal,guarded_reuse_aggressive,Guarded reuse,libero_goal__task_4,put the bowl on top of the cabinet,10,10,100.00,82.40,0.00,10,10,100.00,82.40,0.00,0.00,0.00
UniVLA,LIBERO Goal,guarded_reuse_aggressive,Guarded reuse,libero_goal__task_5,push the plate to the front of the stove,10,8,80.00,175.90,0.00,10,8,80.00,175.90,0.00,0.00,0.00
UniVLA,LIBERO Goal,guarded_reuse_aggressive,Guarded reuse,libero_goal__task_6,put the cream cheese in the bowl,10,10,100.00,91.90,0.00,10,10,100.00,91.90,0.00,0.00,0.00
UniVLA,LIBERO Goal,guarded_reuse_aggressive,Guarded reuse,libero_goal__task_7,turn on the stove,10,10,100.00,75.20,0.00,10,10,100.00,75.20,0.00,0.00,0.00
UniVLA,LIBERO Goal,guarded_reuse_aggressive,Guarded reuse,libero_goal__task_8,put the bowl on the plate,10,10,100.00,75.30,0.00,10,10,100.00,75.30,0.00,0.00,0.00
UniVLA,LIBERO Goal,guarded_reuse_aggressive,Guarded reuse,libero_goal__task_9,put the wine bottle on the rack,10,8,80.00,164.70,0.00,10,8,80.00,164.90,0.00,-0.20,0.00
UniVLA,LIBERO Goal,temporal_fusion_motion_entropy,Temporal fusion,libero_goal__task_0,open the middle drawer of the cabinet,10,9,90.00,151.20,0.00,10,7,70.00,178.00,20.00,-26.80,20.00
UniVLA,LIBERO Goal,temporal_fusion_motion_entropy,Temporal fusion,libero_goal__task_1,put the bowl on the stove,10,10,100.00,84.50,0.00,10,10,100.00,90.30,0.00,-5.80,0.00
UniVLA,LIBERO Goal,temporal_fusion_motion_entropy,Temporal fusion,libero_goal__task_2,put the wine bottle on top of the cabinet,10,9,90.00,107.90,0.00,10,10,100.00,89.40,-10.00,18.50,-10.00
UniVLA,LIBERO Goal,temporal_fusion_motion_entropy,Temporal fusion,libero_goal__task_3,open the top drawer and put the bowl inside,10,10,100.00,186.60,0.00,10,9,90.00,202.50,10.00,-15.90,10.00
UniVLA,LIBERO Goal,temporal_fusion_motion_entropy,Temporal fusion,libero_goal__task_4,put the bowl on top of the cabinet,10,9,90.00,105.30,0.00,10,10,100.00,82.40,-10.00,22.90,-10.00
UniVLA,LIBERO Goal,temporal_fusion_motion_entropy,Temporal fusion,libero_goal__task_5,push the plate to the front of the stove,10,10,100.00,157.90,0.00,10,8,80.00,175.90,20.00,-18.00,20.00
UniVLA,LIBERO Goal,temporal_fusion_motion_entropy,Temporal fusion,libero_goal__task_6,put the cream cheese in the bowl,10,9,90.00,114.60,0.00,10,10,100.00,91.90,-10.00,22.70,-10.00
UniVLA,LIBERO Goal,temporal_fusion_motion_entropy,Temporal fusion,libero_goal__task_7,turn on the stove,10,10,100.00,75.80,0.00,10,10,100.00,75.20,0.00,0.60,0.00
UniVLA,LIBERO Goal,temporal_fusion_motion_entropy,Temporal fusion,libero_goal__task_8,put the bowl on the plate,10,10,100.00,74.90,0.00,10,10,100.00,75.30,0.00,-0.40,0.00
UniVLA,LIBERO Goal,temporal_fusion_motion_entropy,Temporal fusion,libero_goal__task_9,put the wine bottle on the rack,10,9,90.00,162.00,0.00,10,8,80.00,164.90,10.00,-2.90,10.00
UniVLA,LIBERO Goal,temporal_fusion_task_aware,Temporal fusion,libero_goal__task_0,open the middle drawer of the cabinet,10,10,100.00,135.80,0.00,10,7,70.00,178.00,30.00,-42.20,30.00
UniVLA,LIBERO Goal,temporal_fusion_task_aware,Temporal fusion,libero_goal__task_1,put the bowl on the stove,10,9,90.00,107.30,0.00,10,10,100.00,90.30,-10.00,17.00,-10.00
UniVLA,LIBERO Goal,temporal_fusion_task_aware,Temporal fusion,libero_goal__task_2,put the wine bottle on top of the cabinet,10,10,100.00,88.60,0.00,10,10,100.00,89.40,0.00,-0.80,0.00
UniVLA,LIBERO Goal,temporal_fusion_task_aware,Temporal fusion,libero_goal__task_3,open the top drawer and put the bowl inside,10,8,80.00,210.10,0.00,10,9,90.00,202.50,-10.00,7.60,-10.00
UniVLA,LIBERO Goal,temporal_fusion_task_aware,Temporal fusion,libero_goal__task_4,put the bowl on top of the cabinet,10,9,90.00,106.30,0.00,10,10,100.00,82.40,-10.00,23.90,-10.00
UniVLA,LIBERO Goal,temporal_fusion_task_aware,Temporal fusion,libero_goal__task_5,push the plate to the front of the stove,10,8,80.00,172.30,0.00,10,8,80.00,175.90,0.00,-3.60,0.00
UniVLA,LIBERO Goal,temporal_fusion_task_aware,Temporal fusion,libero_goal__task_6,put the cream cheese in the bowl,10,10,100.00,96.60,0.00,10,10,100.00,91.90,0.00,4.70,0.00
UniVLA,LIBERO Goal,temporal_fusion_task_aware,Temporal fusion,libero_goal__task_7,turn on the stove,10,10,100.00,75.60,0.00,10,10,100.00,75.20,0.00,0.40,0.00
UniVLA,LIBERO Goal,temporal_fusion_task_aware,Temporal fusion,libero_goal__task_8,put the bowl on the plate,10,10,100.00,76.40,0.00,10,10,100.00,75.30,0.00,1.10,0.00
UniVLA,LIBERO Goal,temporal_fusion_task_aware,Temporal fusion,libero_goal__task_9,put the wine bottle on the rack,10,9,90.00,163.60,0.00,10,8,80.00,164.90,10.00,-1.30,10.00
UniVLA,LIBERO Goal,temporal_fusion_conservative_adaptive,Temporal fusion,libero_goal__task_0,open the middle drawer of the cabinet,10,7,70.00,178.00,0.00,10,7,70.00,178.00,0.00,0.00,0.00
UniVLA,LIBERO Goal,temporal_fusion_conservative_adaptive,Temporal fusion,libero_goal__task_1,put the bowl on the stove,10,10,100.00,90.30,0.00,10,10,100.00,90.30,0.00,0.00,0.00
UniVLA,LIBERO Goal,temporal_fusion_conservative_adaptive,Temporal fusion,libero_goal__task_2,put the wine bottle on top of the cabinet,10,10,100.00,89.50,0.00,10,10,100.00,89.40,0.00,0.10,0.00
UniVLA,LIBERO Goal,temporal_fusion_conservative_adaptive,Temporal fusion,libero_goal__task_3,open the top drawer and put the bowl inside,10,9,90.00,202.50,0.00,10,9,90.00,202.50,0.00,0.00,0.00
UniVLA,LIBERO Goal,temporal_fusion_conservative_adaptive,Temporal fusion,libero_goal__task_4,put the bowl on top of the cabinet,10,10,100.00,82.40,0.00,10,10,100.00,82.40,0.00,0.00,0.00
UniVLA,LIBERO Goal,temporal_fusion_conservative_adaptive,Temporal fusion,libero_goal__task_5,push the plate to the front of the stove,10,8,80.00,175.90,0.00,10,8,80.00,175.90,0.00,0.00,0.00
UniVLA,LIBERO Goal,temporal_fusion_conservative_adaptive,Temporal fusion,libero_goal__task_6,put the cream cheese in the bowl,10,10,100.00,91.90,0.00,10,10,100.00,91.90,0.00,0.00,0.00
UniVLA,LIBERO Goal,temporal_fusion_conservative_adaptive,Temporal fusion,libero_goal__task_7,turn on the stove,10,10,100.00,75.20,0.00,10,10,100.00,75.20,0.00,0.00,0.00
UniVLA,LIBERO Goal,temporal_fusion_conservative_adaptive,Temporal fusion,libero_goal__task_8,put the bowl on the plate,10,10,100.00,75.30,0.00,10,10,100.00,75.30,0.00,0.00,0.00
UniVLA,LIBERO Goal,temporal_fusion_conservative_adaptive,Temporal fusion,libero_goal__task_9,put the wine bottle on the rack,10,8,80.00,165.70,0.00,10,8,80.00,164.90,0.00,0.80,0.00
SmolVLA,LIBERO Goal,original,Original,libero_goal__task_0,open the middle drawer of the cabinet,10,7,70.00,185.90,0.00,10,7,70.00,185.90,0.00,0.00,0.00
SmolVLA,LIBERO Goal,original,Original,libero_goal__task_1,put the bowl on the stove,10,10,100.00,90.80,0.00,10,10,100.00,90.80,0.00,0.00,0.00
SmolVLA,LIBERO Goal,original,Original,libero_goal__task_2,put the wine bottle on top of the cabinet,10,7,70.00,158.00,0.00,10,7,70.00,158.00,0.00,0.00,0.00
SmolVLA,LIBERO Goal,original,Original,libero_goal__task_3,open the top drawer and put the bowl inside,10,5,50.00,247.40,0.00,10,5,50.00,247.40,0.00,0.00,0.00
SmolVLA,LIBERO Goal,original,Original,libero_goal__task_4,put the bowl on top of the cabinet,10,8,80.00,130.20,0.00,10,8,80.00,130.20,0.00,0.00,0.00
SmolVLA,LIBERO Goal,original,Original,libero_goal__task_5,push the plate to the front of the stove,10,10,100.00,129.10,0.00,10,10,100.00,129.10,0.00,0.00,0.00
SmolVLA,LIBERO Goal,original,Original,libero_goal__task_6,put the cream cheese in the bowl,10,5,50.00,196.40,0.00,10,5,50.00,196.40,0.00,0.00,0.00
SmolVLA,LIBERO Goal,original,Original,libero_goal__task_7,turn on the stove,10,10,100.00,72.20,0.00,10,10,100.00,72.20,0.00,0.00,0.00
SmolVLA,LIBERO Goal,original,Original,libero_goal__task_8,put the bowl on the plate,10,10,100.00,81.30,0.00,10,10,100.00,81.30,0.00,0.00,0.00
SmolVLA,LIBERO Goal,original,Original,libero_goal__task_9,put the wine bottle on the rack,10,8,80.00,185.30,0.00,10,8,80.00,185.30,0.00,0.00,0.00
SmolVLA,LIBERO Goal,fixed_foveation_keep20,Foveation,libero_goal__task_0,open the middle drawer of the cabinet,10,4,40.00,233.10,0.00,10,7,70.00,185.90,-30.00,47.20,-30.00
SmolVLA,LIBERO Goal,fixed_foveation_keep20,Foveation,libero_goal__task_1,put the bowl on the stove,10,7,70.00,163.30,0.00,10,10,100.00,90.80,-30.00,72.50,-30.00
SmolVLA,LIBERO Goal,fixed_foveation_keep20,Foveation,libero_goal__task_2,put the wine bottle on top of the cabinet,10,10,100.00,93.50,0.00,10,7,70.00,158.00,30.00,-64.50,30.00
SmolVLA,LIBERO Goal,fixed_foveation_keep20,Foveation,libero_goal__task_3,open the top drawer and put the bowl inside,10,1,10.00,288.80,0.00,10,5,50.00,247.40,-40.00,41.40,-40.00
SmolVLA,LIBERO Goal,fixed_foveation_keep20,Foveation,libero_goal__task_4,put the bowl on top of the cabinet,10,8,80.00,139.00,0.00,10,8,80.00,130.20,0.00,8.80,0.00
SmolVLA,LIBERO Goal,fixed_foveation_keep20,Foveation,libero_goal__task_5,push the plate to the front of the stove,10,4,40.00,235.80,0.00,10,10,100.00,129.10,-60.00,106.70,-60.00
SmolVLA,LIBERO Goal,fixed_foveation_keep20,Foveation,libero_goal__task_6,put the cream cheese in the bowl,10,3,30.00,238.20,0.00,10,5,50.00,196.40,-20.00,41.80,-20.00
SmolVLA,LIBERO Goal,fixed_foveation_keep20,Foveation,libero_goal__task_7,turn on the stove,10,10,100.00,82.60,0.00,10,10,100.00,72.20,0.00,10.40,0.00
SmolVLA,LIBERO Goal,fixed_foveation_keep20,Foveation,libero_goal__task_8,put the bowl on the plate,10,9,90.00,123.40,0.00,10,10,100.00,81.30,-10.00,42.10,-10.00
SmolVLA,LIBERO Goal,fixed_foveation_keep20,Foveation,libero_goal__task_9,put the wine bottle on the rack,10,2,20.00,269.50,0.00,10,8,80.00,185.30,-60.00,84.20,-60.00
SmolVLA,LIBERO Goal,fixed_foveation_keep50,Foveation,libero_goal__task_0,open the middle drawer of the cabinet,10,4,40.00,248.20,0.00,10,7,70.00,185.90,-30.00,62.30,-30.00
SmolVLA,LIBERO Goal,fixed_foveation_keep50,Foveation,libero_goal__task_1,put the bowl on the stove,10,9,90.00,110.50,0.00,10,10,100.00,90.80,-10.00,19.70,-10.00
SmolVLA,LIBERO Goal,fixed_foveation_keep50,Foveation,libero_goal__task_2,put the wine bottle on top of the cabinet,10,8,80.00,133.00,0.00,10,7,70.00,158.00,10.00,-25.00,10.00
SmolVLA,LIBERO Goal,fixed_foveation_keep50,Foveation,libero_goal__task_3,open the top drawer and put the bowl inside,10,1,10.00,289.80,0.00,10,5,50.00,247.40,-40.00,42.40,-40.00
SmolVLA,LIBERO Goal,fixed_foveation_keep50,Foveation,libero_goal__task_4,put the bowl on top of the cabinet,10,8,80.00,130.20,0.00,10,8,80.00,130.20,0.00,0.00,0.00
SmolVLA,LIBERO Goal,fixed_foveation_keep50,Foveation,libero_goal__task_5,push the plate to the front of the stove,10,9,90.00,144.70,0.00,10,10,100.00,129.10,-10.00,15.60,-10.00
SmolVLA,LIBERO Goal,fixed_foveation_keep50,Foveation,libero_goal__task_6,put the cream cheese in the bowl,10,4,40.00,220.60,0.00,10,5,50.00,196.40,-10.00,24.20,-10.00
SmolVLA,LIBERO Goal,fixed_foveation_keep50,Foveation,libero_goal__task_7,turn on the stove,10,10,100.00,72.70,0.00,10,10,100.00,72.20,0.00,0.50,0.00
SmolVLA,LIBERO Goal,fixed_foveation_keep50,Foveation,libero_goal__task_8,put the bowl on the plate,10,9,90.00,113.80,0.00,10,10,100.00,81.30,-10.00,32.50,-10.00
SmolVLA,LIBERO Goal,fixed_foveation_keep50,Foveation,libero_goal__task_9,put the wine bottle on the rack,10,5,50.00,221.60,0.00,10,8,80.00,185.30,-30.00,36.30,-30.00
SmolVLA,LIBERO Goal,action_repeat2,Action repeat,libero_goal__task_0,open the middle drawer of the cabinet,10,7,70.00,187.90,93.80,10,7,70.00,185.90,0.00,2.00,0.00
SmolVLA,LIBERO Goal,action_repeat2,Action repeat,libero_goal__task_1,put the bowl on the stove,10,9,90.00,117.00,58.30,10,10,100.00,90.80,-10.00,26.20,-10.00
SmolVLA,LIBERO Goal,action_repeat2,Action repeat,libero_goal__task_2,put the wine bottle on top of the cabinet,10,8,80.00,145.40,72.40,10,7,70.00,158.00,10.00,-12.60,10.00
SmolVLA,LIBERO Goal,action_repeat2,Action repeat,libero_goal__task_3,open the top drawer and put the bowl inside,10,2,20.00,285.00,142.50,10,5,50.00,247.40,-30.00,37.60,-30.00
SmolVLA,LIBERO Goal,action_repeat2,Action repeat,libero_goal__task_4,put the bowl on top of the cabinet,10,7,70.00,157.60,78.70,10,8,80.00,130.20,-10.00,27.40,-10.00
SmolVLA,LIBERO Goal,action_repeat2,Action repeat,libero_goal__task_5,push the plate to the front of the stove,10,9,90.00,154.70,77.00,10,10,100.00,129.10,-10.00,25.60,-10.00
SmolVLA,LIBERO Goal,action_repeat2,Action repeat,libero_goal__task_6,put the cream cheese in the bowl,10,5,50.00,200.70,100.20,10,5,50.00,196.40,0.00,4.30,0.00
SmolVLA,LIBERO Goal,action_repeat2,Action repeat,libero_goal__task_7,turn on the stove,10,10,100.00,71.10,35.20,10,10,100.00,72.20,0.00,-1.10,0.00
SmolVLA,LIBERO Goal,action_repeat2,Action repeat,libero_goal__task_8,put the bowl on the plate,10,9,90.00,108.80,54.10,10,10,100.00,81.30,-10.00,27.50,-10.00
SmolVLA,LIBERO Goal,action_repeat2,Action repeat,libero_goal__task_9,put the wine bottle on the rack,10,6,60.00,214.00,106.90,10,8,80.00,185.30,-20.00,28.70,-20.00
SmolVLA,LIBERO Goal,action_repeat4,Action repeat,libero_goal__task_0,open the middle drawer of the cabinet,10,4,40.00,248.60,186.30,10,7,70.00,185.90,-30.00,62.70,-30.00
SmolVLA,LIBERO Goal,action_repeat4,Action repeat,libero_goal__task_1,put the bowl on the stove,10,8,80.00,145.20,108.70,10,10,100.00,90.80,-20.00,54.40,-20.00
SmolVLA,LIBERO Goal,action_repeat4,Action repeat,libero_goal__task_2,put the wine bottle on top of the cabinet,10,4,40.00,222.70,166.90,10,7,70.00,158.00,-30.00,64.70,-30.00
SmolVLA,LIBERO Goal,action_repeat4,Action repeat,libero_goal__task_3,open the top drawer and put the bowl inside,10,4,40.00,268.10,201.00,10,5,50.00,247.40,-10.00,20.70,-10.00
SmolVLA,LIBERO Goal,action_repeat4,Action repeat,libero_goal__task_4,put the bowl on top of the cabinet,10,8,80.00,143.80,107.70,10,8,80.00,130.20,0.00,13.60,0.00
SmolVLA,LIBERO Goal,action_repeat4,Action repeat,libero_goal__task_5,push the plate to the front of the stove,10,9,90.00,175.80,131.40,10,10,100.00,129.10,-10.00,46.70,-10.00
SmolVLA,LIBERO Goal,action_repeat4,Action repeat,libero_goal__task_6,put the cream cheese in the bowl,10,1,10.00,291.70,218.70,10,5,50.00,196.40,-40.00,95.30,-40.00
SmolVLA,LIBERO Goal,action_repeat4,Action repeat,libero_goal__task_7,turn on the stove,10,9,90.00,105.80,79.10,10,10,100.00,72.20,-10.00,33.60,-10.00
SmolVLA,LIBERO Goal,action_repeat4,Action repeat,libero_goal__task_8,put the bowl on the plate,10,9,90.00,111.80,83.60,10,10,100.00,81.30,-10.00,30.50,-10.00
SmolVLA,LIBERO Goal,action_repeat4,Action repeat,libero_goal__task_9,put the wine bottle on the rack,10,3,30.00,259.70,194.70,10,8,80.00,185.30,-50.00,74.40,-50.00
SmolVLA,LIBERO Goal,depth_pruning1,Depth pruning,libero_goal__task_0,open the middle drawer of the cabinet,10,3,30.00,267.70,0.00,10,7,70.00,185.90,-40.00,81.80,-40.00
SmolVLA,LIBERO Goal,depth_pruning1,Depth pruning,libero_goal__task_1,put the bowl on the stove,10,9,90.00,125.20,0.00,10,10,100.00,90.80,-10.00,34.40,-10.00
SmolVLA,LIBERO Goal,depth_pruning1,Depth pruning,libero_goal__task_2,put the wine bottle on top of the cabinet,10,2,20.00,267.80,0.00,10,7,70.00,158.00,-50.00,109.80,-50.00
SmolVLA,LIBERO Goal,depth_pruning1,Depth pruning,libero_goal__task_3,open the top drawer and put the bowl inside,10,3,30.00,282.50,0.00,10,5,50.00,247.40,-20.00,35.10,-20.00
SmolVLA,LIBERO Goal,depth_pruning1,Depth pruning,libero_goal__task_4,put the bowl on top of the cabinet,10,10,100.00,108.20,0.00,10,8,80.00,130.20,20.00,-22.00,20.00
SmolVLA,LIBERO Goal,depth_pruning1,Depth pruning,libero_goal__task_5,push the plate to the front of the stove,10,10,100.00,126.10,0.00,10,10,100.00,129.10,0.00,-3.00,0.00
SmolVLA,LIBERO Goal,depth_pruning1,Depth pruning,libero_goal__task_6,put the cream cheese in the bowl,10,6,60.00,192.20,0.00,10,5,50.00,196.40,10.00,-4.20,10.00
SmolVLA,LIBERO Goal,depth_pruning1,Depth pruning,libero_goal__task_7,turn on the stove,10,10,100.00,90.40,0.00,10,10,100.00,72.20,0.00,18.20,0.00
SmolVLA,LIBERO Goal,depth_pruning1,Depth pruning,libero_goal__task_8,put the bowl on the plate,10,9,90.00,110.20,0.00,10,10,100.00,81.30,-10.00,28.90,-10.00
SmolVLA,LIBERO Goal,depth_pruning1,Depth pruning,libero_goal__task_9,put the wine bottle on the rack,10,0,0.00,300.00,0.00,10,8,80.00,185.30,-80.00,114.70,-80.00
SmolVLA,LIBERO Goal,depth_pruning2,Depth pruning,libero_goal__task_0,open the middle drawer of the cabinet,10,5,50.00,229.30,0.00,10,7,70.00,185.90,-20.00,43.40,-20.00
SmolVLA,LIBERO Goal,depth_pruning2,Depth pruning,libero_goal__task_1,put the bowl on the stove,10,8,80.00,139.20,0.00,10,10,100.00,90.80,-20.00,48.40,-20.00
SmolVLA,LIBERO Goal,depth_pruning2,Depth pruning,libero_goal__task_2,put the wine bottle on top of the cabinet,10,1,10.00,282.50,0.00,10,7,70.00,158.00,-60.00,124.50,-60.00
SmolVLA,LIBERO Goal,depth_pruning2,Depth pruning,libero_goal__task_3,open the top drawer and put the bowl inside,10,2,20.00,294.40,0.00,10,5,50.00,247.40,-30.00,47.00,-30.00
SmolVLA,LIBERO Goal,depth_pruning2,Depth pruning,libero_goal__task_4,put the bowl on top of the cabinet,10,10,100.00,123.10,0.00,10,8,80.00,130.20,20.00,-7.10,20.00
SmolVLA,LIBERO Goal,depth_pruning2,Depth pruning,libero_goal__task_5,push the plate to the front of the stove,10,9,90.00,161.50,0.00,10,10,100.00,129.10,-10.00,32.40,-10.00
SmolVLA,LIBERO Goal,depth_pruning2,Depth pruning,libero_goal__task_6,put the cream cheese in the bowl,10,2,20.00,265.00,0.00,10,5,50.00,196.40,-30.00,68.60,-30.00
SmolVLA,LIBERO Goal,depth_pruning2,Depth pruning,libero_goal__task_7,turn on the stove,10,10,100.00,127.20,0.00,10,10,100.00,72.20,0.00,55.00,0.00
SmolVLA,LIBERO Goal,depth_pruning2,Depth pruning,libero_goal__task_8,put the bowl on the plate,10,6,60.00,182.10,0.00,10,10,100.00,81.30,-40.00,100.80,-40.00
SmolVLA,LIBERO Goal,depth_pruning2,Depth pruning,libero_goal__task_9,put the wine bottle on the rack,10,0,0.00,300.00,0.00,10,8,80.00,185.30,-80.00,114.70,-80.00
SmolVLA,LIBERO Goal,depth_pruning4,Depth pruning,libero_goal__task_0,open the middle drawer of the cabinet,10,0,0.00,300.00,0.00,10,7,70.00,185.90,-70.00,114.10,-70.00
SmolVLA,LIBERO Goal,depth_pruning4,Depth pruning,libero_goal__task_1,put the bowl on the stove,10,5,50.00,251.70,0.00,10,10,100.00,90.80,-50.00,160.90,-50.00
SmolVLA,LIBERO Goal,depth_pruning4,Depth pruning,libero_goal__task_2,put the wine bottle on top of the cabinet,10,0,0.00,300.00,0.00,10,7,70.00,158.00,-70.00,142.00,-70.00
SmolVLA,LIBERO Goal,depth_pruning4,Depth pruning,libero_goal__task_3,open the top drawer and put the bowl inside,10,0,0.00,300.00,0.00,10,5,50.00,247.40,-50.00,52.60,-50.00
SmolVLA,LIBERO Goal,depth_pruning4,Depth pruning,libero_goal__task_4,put the bowl on top of the cabinet,10,10,100.00,154.20,0.00,10,8,80.00,130.20,20.00,24.00,20.00
SmolVLA,LIBERO Goal,depth_pruning4,Depth pruning,libero_goal__task_5,push the plate to the front of the stove,10,2,20.00,277.20,0.00,10,10,100.00,129.10,-80.00,148.10,-80.00
SmolVLA,LIBERO Goal,depth_pruning4,Depth pruning,libero_goal__task_6,put the cream cheese in the bowl,10,1,10.00,288.60,0.00,10,5,50.00,196.40,-40.00,92.20,-40.00
SmolVLA,LIBERO Goal,depth_pruning4,Depth pruning,libero_goal__task_7,turn on the stove,10,10,100.00,138.20,0.00,10,10,100.00,72.20,0.00,66.00,0.00
SmolVLA,LIBERO Goal,depth_pruning4,Depth pruning,libero_goal__task_8,put the bowl on the plate,10,0,0.00,300.00,0.00,10,10,100.00,81.30,-100.00,218.70,-100.00
SmolVLA,LIBERO Goal,depth_pruning4,Depth pruning,libero_goal__task_9,put the wine bottle on the rack,10,0,0.00,300.00,0.00,10,8,80.00,185.30,-80.00,114.70,-80.00
SmolVLA,LIBERO Goal,guarded_reuse_strict,Guarded reuse,libero_goal__task_0,open the middle drawer of the cabinet,10,8,80.00,166.90,0.30,10,7,70.00,185.90,10.00,-19.00,10.00
SmolVLA,LIBERO Goal,guarded_reuse_strict,Guarded reuse,libero_goal__task_1,put the bowl on the stove,10,8,80.00,132.70,0.00,10,10,100.00,90.80,-20.00,41.90,-20.00
SmolVLA,LIBERO Goal,guarded_reuse_strict,Guarded reuse,libero_goal__task_2,put the wine bottle on top of the cabinet,10,8,80.00,141.10,0.00,10,7,70.00,158.00,10.00,-16.90,10.00
SmolVLA,LIBERO Goal,guarded_reuse_strict,Guarded reuse,libero_goal__task_3,open the top drawer and put the bowl inside,10,4,40.00,258.20,1.10,10,5,50.00,247.40,-10.00,10.80,-10.00
SmolVLA,LIBERO Goal,guarded_reuse_strict,Guarded reuse,libero_goal__task_4,put the bowl on top of the cabinet,10,10,100.00,91.40,0.00,10,8,80.00,130.20,20.00,-38.80,20.00
SmolVLA,LIBERO Goal,guarded_reuse_strict,Guarded reuse,libero_goal__task_5,push the plate to the front of the stove,10,9,90.00,146.70,0.30,10,10,100.00,129.10,-10.00,17.60,-10.00
SmolVLA,LIBERO Goal,guarded_reuse_strict,Guarded reuse,libero_goal__task_6,put the cream cheese in the bowl,10,5,50.00,197.60,0.20,10,5,50.00,196.40,0.00,1.20,0.00
SmolVLA,LIBERO Goal,guarded_reuse_strict,Guarded reuse,libero_goal__task_7,turn on the stove,10,10,100.00,71.70,0.00,10,10,100.00,72.20,0.00,-0.50,0.00
SmolVLA,LIBERO Goal,guarded_reuse_strict,Guarded reuse,libero_goal__task_8,put the bowl on the plate,10,9,90.00,101.60,0.00,10,10,100.00,81.30,-10.00,20.30,-10.00
SmolVLA,LIBERO Goal,guarded_reuse_strict,Guarded reuse,libero_goal__task_9,put the wine bottle on the rack,10,6,60.00,207.90,0.00,10,8,80.00,185.30,-20.00,22.60,-20.00
SmolVLA,LIBERO Goal,guarded_reuse_moderate,Guarded reuse,libero_goal__task_0,open the middle drawer of the cabinet,10,8,80.00,166.00,0.80,10,7,70.00,185.90,10.00,-19.90,10.00
SmolVLA,LIBERO Goal,guarded_reuse_moderate,Guarded reuse,libero_goal__task_1,put the bowl on the stove,10,8,80.00,132.40,0.10,10,10,100.00,90.80,-20.00,41.60,-20.00
SmolVLA,LIBERO Goal,guarded_reuse_moderate,Guarded reuse,libero_goal__task_2,put the wine bottle on top of the cabinet,10,8,80.00,141.50,0.90,10,7,70.00,158.00,10.00,-16.50,10.00
SmolVLA,LIBERO Goal,guarded_reuse_moderate,Guarded reuse,libero_goal__task_3,open the top drawer and put the bowl inside,10,3,30.00,271.80,2.80,10,5,50.00,247.40,-20.00,24.40,-20.00
SmolVLA,LIBERO Goal,guarded_reuse_moderate,Guarded reuse,libero_goal__task_4,put the bowl on top of the cabinet,10,10,100.00,91.40,0.00,10,8,80.00,130.20,20.00,-38.80,20.00
SmolVLA,LIBERO Goal,guarded_reuse_moderate,Guarded reuse,libero_goal__task_5,push the plate to the front of the stove,10,9,90.00,146.90,1.10,10,10,100.00,129.10,-10.00,17.80,-10.00
SmolVLA,LIBERO Goal,guarded_reuse_moderate,Guarded reuse,libero_goal__task_6,put the cream cheese in the bowl,10,5,50.00,197.60,0.60,10,5,50.00,196.40,0.00,1.20,0.00
SmolVLA,LIBERO Goal,guarded_reuse_moderate,Guarded reuse,libero_goal__task_7,turn on the stove,10,10,100.00,71.80,0.60,10,10,100.00,72.20,0.00,-0.40,0.00
SmolVLA,LIBERO Goal,guarded_reuse_moderate,Guarded reuse,libero_goal__task_8,put the bowl on the plate,10,9,90.00,101.90,0.10,10,10,100.00,81.30,-10.00,20.60,-10.00
SmolVLA,LIBERO Goal,guarded_reuse_moderate,Guarded reuse,libero_goal__task_9,put the wine bottle on the rack,10,6,60.00,207.90,0.10,10,8,80.00,185.30,-20.00,22.60,-20.00
SmolVLA,LIBERO Goal,guarded_reuse_aggressive,Guarded reuse,libero_goal__task_0,open the middle drawer of the cabinet,10,8,80.00,165.00,6.10,10,7,70.00,185.90,10.00,-20.90,10.00
SmolVLA,LIBERO Goal,guarded_reuse_aggressive,Guarded reuse,libero_goal__task_1,put the bowl on the stove,10,9,90.00,111.70,1.00,10,10,100.00,90.80,-10.00,20.90,-10.00
SmolVLA,LIBERO Goal,guarded_reuse_aggressive,Guarded reuse,libero_goal__task_2,put the wine bottle on top of the cabinet,10,8,80.00,142.80,5.80,10,7,70.00,158.00,10.00,-15.20,10.00
SmolVLA,LIBERO Goal,guarded_reuse_aggressive,Guarded reuse,libero_goal__task_3,open the top drawer and put the bowl inside,10,4,40.00,260.50,4.50,10,5,50.00,247.40,-10.00,13.10,-10.00
SmolVLA,LIBERO Goal,guarded_reuse_aggressive,Guarded reuse,libero_goal__task_4,put the bowl on top of the cabinet,10,10,100.00,91.40,0.00,10,8,80.00,130.20,20.00,-38.80,20.00
SmolVLA,LIBERO Goal,guarded_reuse_aggressive,Guarded reuse,libero_goal__task_5,push the plate to the front of the stove,10,9,90.00,148.20,5.40,10,10,100.00,129.10,-10.00,19.10,-10.00
SmolVLA,LIBERO Goal,guarded_reuse_aggressive,Guarded reuse,libero_goal__task_6,put the cream cheese in the bowl,10,5,50.00,200.10,4.50,10,5,50.00,196.40,0.00,3.70,0.00
SmolVLA,LIBERO Goal,guarded_reuse_aggressive,Guarded reuse,libero_goal__task_7,turn on the stove,10,10,100.00,70.80,3.70,10,10,100.00,72.20,0.00,-1.40,0.00
SmolVLA,LIBERO Goal,guarded_reuse_aggressive,Guarded reuse,libero_goal__task_8,put the bowl on the plate,10,9,90.00,101.70,0.80,10,10,100.00,81.30,-10.00,20.40,-10.00
SmolVLA,LIBERO Goal,guarded_reuse_aggressive,Guarded reuse,libero_goal__task_9,put the wine bottle on the rack,10,7,70.00,193.60,0.40,10,8,80.00,185.30,-10.00,8.30,-10.00
SmolVLA,LIBERO Goal,temporal_fusion_motion_entropy,Temporal fusion,libero_goal__task_0,open the middle drawer of the cabinet,10,8,80.00,171.50,0.00,10,7,70.00,185.90,10.00,-14.40,10.00
SmolVLA,LIBERO Goal,temporal_fusion_motion_entropy,Temporal fusion,libero_goal__task_1,put the bowl on the stove,10,8,80.00,132.20,0.00,10,10,100.00,90.80,-20.00,41.40,-20.00
SmolVLA,LIBERO Goal,temporal_fusion_motion_entropy,Temporal fusion,libero_goal__task_2,put the wine bottle on top of the cabinet,10,8,80.00,141.00,0.00,10,7,70.00,158.00,10.00,-17.00,10.00
SmolVLA,LIBERO Goal,temporal_fusion_motion_entropy,Temporal fusion,libero_goal__task_3,open the top drawer and put the bowl inside,10,3,30.00,267.80,0.00,10,5,50.00,247.40,-20.00,20.40,-20.00
SmolVLA,LIBERO Goal,temporal_fusion_motion_entropy,Temporal fusion,libero_goal__task_4,put the bowl on top of the cabinet,10,9,90.00,111.10,0.00,10,8,80.00,130.20,10.00,-19.10,10.00
SmolVLA,LIBERO Goal,temporal_fusion_motion_entropy,Temporal fusion,libero_goal__task_5,push the plate to the front of the stove,10,9,90.00,145.40,0.00,10,10,100.00,129.10,-10.00,16.30,-10.00
SmolVLA,LIBERO Goal,temporal_fusion_motion_entropy,Temporal fusion,libero_goal__task_6,put the cream cheese in the bowl,10,6,60.00,177.80,0.00,10,5,50.00,196.40,10.00,-18.60,10.00
SmolVLA,LIBERO Goal,temporal_fusion_motion_entropy,Temporal fusion,libero_goal__task_7,turn on the stove,10,10,100.00,71.30,0.00,10,10,100.00,72.20,0.00,-0.90,0.00
SmolVLA,LIBERO Goal,temporal_fusion_motion_entropy,Temporal fusion,libero_goal__task_8,put the bowl on the plate,10,10,100.00,79.80,0.00,10,10,100.00,81.30,0.00,-1.50,0.00
SmolVLA,LIBERO Goal,temporal_fusion_motion_entropy,Temporal fusion,libero_goal__task_9,put the wine bottle on the rack,10,6,60.00,208.70,0.00,10,8,80.00,185.30,-20.00,23.40,-20.00
SmolVLA,LIBERO Goal,temporal_fusion_task_aware,Temporal fusion,libero_goal__task_0,open the middle drawer of the cabinet,10,8,80.00,173.90,0.00,10,7,70.00,185.90,10.00,-12.00,10.00
SmolVLA,LIBERO Goal,temporal_fusion_task_aware,Temporal fusion,libero_goal__task_1,put the bowl on the stove,10,8,80.00,131.90,0.00,10,10,100.00,90.80,-20.00,41.10,-20.00
SmolVLA,LIBERO Goal,temporal_fusion_task_aware,Temporal fusion,libero_goal__task_2,put the wine bottle on top of the cabinet,10,8,80.00,141.10,0.00,10,7,70.00,158.00,10.00,-16.90,10.00
SmolVLA,LIBERO Goal,temporal_fusion_task_aware,Temporal fusion,libero_goal__task_3,open the top drawer and put the bowl inside,10,4,40.00,254.30,0.00,10,5,50.00,247.40,-10.00,6.90,-10.00
SmolVLA,LIBERO Goal,temporal_fusion_task_aware,Temporal fusion,libero_goal__task_4,put the bowl on top of the cabinet,10,6,60.00,174.60,0.00,10,8,80.00,130.20,-20.00,44.40,-20.00
SmolVLA,LIBERO Goal,temporal_fusion_task_aware,Temporal fusion,libero_goal__task_5,push the plate to the front of the stove,10,10,100.00,134.80,0.00,10,10,100.00,129.10,0.00,5.70,0.00
SmolVLA,LIBERO Goal,temporal_fusion_task_aware,Temporal fusion,libero_goal__task_6,put the cream cheese in the bowl,10,5,50.00,196.50,0.00,10,5,50.00,196.40,0.00,0.10,0.00
SmolVLA,LIBERO Goal,temporal_fusion_task_aware,Temporal fusion,libero_goal__task_7,turn on the stove,10,10,100.00,71.10,0.00,10,10,100.00,72.20,0.00,-1.10,0.00
SmolVLA,LIBERO Goal,temporal_fusion_task_aware,Temporal fusion,libero_goal__task_8,put the bowl on the plate,10,9,90.00,101.10,0.00,10,10,100.00,81.30,-10.00,19.80,-10.00
SmolVLA,LIBERO Goal,temporal_fusion_task_aware,Temporal fusion,libero_goal__task_9,put the wine bottle on the rack,10,6,60.00,209.10,0.00,10,8,80.00,185.30,-20.00,23.80,-20.00
SmolVLA,LIBERO Goal,temporal_fusion_conservative_adaptive,Temporal fusion,libero_goal__task_0,open the middle drawer of the cabinet,10,8,80.00,168.60,0.00,10,7,70.00,185.90,10.00,-17.30,10.00
SmolVLA,LIBERO Goal,temporal_fusion_conservative_adaptive,Temporal fusion,libero_goal__task_1,put the bowl on the stove,10,8,80.00,132.10,0.00,10,10,100.00,90.80,-20.00,41.30,-20.00
SmolVLA,LIBERO Goal,temporal_fusion_conservative_adaptive,Temporal fusion,libero_goal__task_2,put the wine bottle on top of the cabinet,10,8,80.00,140.00,0.00,10,7,70.00,158.00,10.00,-18.00,10.00
SmolVLA,LIBERO Goal,temporal_fusion_conservative_adaptive,Temporal fusion,libero_goal__task_3,open the top drawer and put the bowl inside,10,5,50.00,239.40,0.00,10,5,50.00,247.40,0.00,-8.00,0.00
SmolVLA,LIBERO Goal,temporal_fusion_conservative_adaptive,Temporal fusion,libero_goal__task_4,put the bowl on top of the cabinet,10,9,90.00,112.10,0.00,10,8,80.00,130.20,10.00,-18.10,10.00
SmolVLA,LIBERO Goal,temporal_fusion_conservative_adaptive,Temporal fusion,libero_goal__task_5,push the plate to the front of the stove,10,9,90.00,146.00,0.00,10,10,100.00,129.10,-10.00,16.90,-10.00
SmolVLA,LIBERO Goal,temporal_fusion_conservative_adaptive,Temporal fusion,libero_goal__task_6,put the cream cheese in the bowl,10,6,60.00,178.80,0.00,10,5,50.00,196.40,10.00,-17.60,10.00
SmolVLA,LIBERO Goal,temporal_fusion_conservative_adaptive,Temporal fusion,libero_goal__task_7,turn on the stove,10,10,100.00,72.00,0.00,10,10,100.00,72.20,0.00,-0.20,0.00
SmolVLA,LIBERO Goal,temporal_fusion_conservative_adaptive,Temporal fusion,libero_goal__task_8,put the bowl on the plate,10,9,90.00,102.50,0.00,10,10,100.00,81.30,-10.00,21.20,-10.00
SmolVLA,LIBERO Goal,temporal_fusion_conservative_adaptive,Temporal fusion,libero_goal__task_9,put the wine bottle on the rack,10,6,60.00,208.90,0.00,10,8,80.00,185.30,-20.00,23.60,-20.00
OpenVLA,LIBERO Object,original,Original,libero_object__task_0,pick up the alphabet soup and place it in the basket,10,6,60.00,217.30,0.00,10,6,60.00,217.30,0.00,0.00,0.00
OpenVLA,LIBERO Object,original,Original,libero_object__task_1,pick up the cream cheese and place it in the basket,10,10,100.00,151.10,0.00,10,10,100.00,151.10,0.00,0.00,0.00
OpenVLA,LIBERO Object,original,Original,libero_object__task_2,pick up the salad dressing and place it in the basket,10,9,90.00,135.40,0.00,10,9,90.00,135.40,0.00,0.00,0.00
OpenVLA,LIBERO Object,original,Original,libero_object__task_3,pick up the bbq sauce and place it in the basket,10,6,60.00,205.70,0.00,10,6,60.00,205.70,0.00,0.00,0.00
OpenVLA,LIBERO Object,original,Original,libero_object__task_4,pick up the ketchup and place it in the basket,10,10,100.00,158.90,0.00,10,10,100.00,158.90,0.00,0.00,0.00
OpenVLA,LIBERO Object,original,Original,libero_object__task_5,pick up the tomato sauce and place it in the basket,10,8,80.00,165.40,0.00,10,8,80.00,165.40,0.00,0.00,0.00
OpenVLA,LIBERO Object,original,Original,libero_object__task_6,pick up the butter and place it in the basket,10,10,100.00,154.60,0.00,10,10,100.00,154.60,0.00,0.00,0.00
OpenVLA,LIBERO Object,original,Original,libero_object__task_7,pick up the milk and place it in the basket,10,9,90.00,165.30,0.00,10,9,90.00,165.30,0.00,0.00,0.00
OpenVLA,LIBERO Object,original,Original,libero_object__task_8,pick up the chocolate pudding and place it in the basket,10,10,100.00,164.70,0.00,10,10,100.00,164.70,0.00,0.00,0.00
OpenVLA,LIBERO Object,original,Original,libero_object__task_9,pick up the orange juice and place it in the basket,10,9,90.00,140.50,0.00,10,9,90.00,140.50,0.00,0.00,0.00
OpenVLA,LIBERO Object,fixed_foveation_keep20,Foveation,libero_object__task_0,pick up the alphabet soup and place it in the basket,10,7,70.00,196.90,0.00,10,6,60.00,217.30,10.00,-20.40,10.00
OpenVLA,LIBERO Object,fixed_foveation_keep20,Foveation,libero_object__task_1,pick up the cream cheese and place it in the basket,10,2,20.00,248.60,0.00,10,10,100.00,151.10,-80.00,97.50,-80.00
OpenVLA,LIBERO Object,fixed_foveation_keep20,Foveation,libero_object__task_2,pick up the salad dressing and place it in the basket,10,9,90.00,135.80,0.00,10,9,90.00,135.40,0.00,0.40,0.00
OpenVLA,LIBERO Object,fixed_foveation_keep20,Foveation,libero_object__task_3,pick up the bbq sauce and place it in the basket,10,6,60.00,196.80,0.00,10,6,60.00,205.70,0.00,-8.90,0.00
OpenVLA,LIBERO Object,fixed_foveation_keep20,Foveation,libero_object__task_4,pick up the ketchup and place it in the basket,10,10,100.00,156.10,0.00,10,10,100.00,158.90,0.00,-2.80,0.00
OpenVLA,LIBERO Object,fixed_foveation_keep20,Foveation,libero_object__task_5,pick up the tomato sauce and place it in the basket,10,7,70.00,182.40,0.00,10,8,80.00,165.40,-10.00,17.00,-10.00
OpenVLA,LIBERO Object,fixed_foveation_keep20,Foveation,libero_object__task_6,pick up the butter and place it in the basket,10,9,90.00,162.70,0.00,10,10,100.00,154.60,-10.00,8.10,-10.00
OpenVLA,LIBERO Object,fixed_foveation_keep20,Foveation,libero_object__task_7,pick up the milk and place it in the basket,10,9,90.00,150.10,0.00,10,9,90.00,165.30,0.00,-15.20,0.00
OpenVLA,LIBERO Object,fixed_foveation_keep20,Foveation,libero_object__task_8,pick up the chocolate pudding and place it in the basket,10,6,60.00,218.60,0.00,10,10,100.00,164.70,-40.00,53.90,-40.00
OpenVLA,LIBERO Object,fixed_foveation_keep20,Foveation,libero_object__task_9,pick up the orange juice and place it in the basket,10,9,90.00,153.20,0.00,10,9,90.00,140.50,0.00,12.70,0.00
OpenVLA,LIBERO Object,fixed_foveation_keep50,Foveation,libero_object__task_0,pick up the alphabet soup and place it in the basket,10,8,80.00,173.40,0.00,10,6,60.00,217.30,20.00,-43.90,20.00
OpenVLA,LIBERO Object,fixed_foveation_keep50,Foveation,libero_object__task_1,pick up the cream cheese and place it in the basket,10,8,80.00,164.40,0.00,10,10,100.00,151.10,-20.00,13.30,-20.00
OpenVLA,LIBERO Object,fixed_foveation_keep50,Foveation,libero_object__task_2,pick up the salad dressing and place it in the basket,10,8,80.00,150.80,0.00,10,9,90.00,135.40,-10.00,15.40,-10.00
OpenVLA,LIBERO Object,fixed_foveation_keep50,Foveation,libero_object__task_3,pick up the bbq sauce and place it in the basket,10,7,70.00,180.80,0.00,10,6,60.00,205.70,10.00,-24.90,10.00
OpenVLA,LIBERO Object,fixed_foveation_keep50,Foveation,libero_object__task_4,pick up the ketchup and place it in the basket,10,10,100.00,156.20,0.00,10,10,100.00,158.90,0.00,-2.70,0.00
OpenVLA,LIBERO Object,fixed_foveation_keep50,Foveation,libero_object__task_5,pick up the tomato sauce and place it in the basket,10,8,80.00,172.50,0.00,10,8,80.00,165.40,0.00,7.10,0.00
OpenVLA,LIBERO Object,fixed_foveation_keep50,Foveation,libero_object__task_6,pick up the butter and place it in the basket,10,9,90.00,169.00,0.00,10,10,100.00,154.60,-10.00,14.40,-10.00
OpenVLA,LIBERO Object,fixed_foveation_keep50,Foveation,libero_object__task_7,pick up the milk and place it in the basket,10,10,100.00,139.30,0.00,10,9,90.00,165.30,10.00,-26.00,10.00
OpenVLA,LIBERO Object,fixed_foveation_keep50,Foveation,libero_object__task_8,pick up the chocolate pudding and place it in the basket,10,9,90.00,188.20,0.00,10,10,100.00,164.70,-10.00,23.50,-10.00
OpenVLA,LIBERO Object,fixed_foveation_keep50,Foveation,libero_object__task_9,pick up the orange juice and place it in the basket,10,9,90.00,167.20,0.00,10,9,90.00,140.50,0.00,26.70,0.00
OpenVLA,LIBERO Object,action_repeat2,Action repeat,libero_object__task_0,pick up the alphabet soup and place it in the basket,10,9,90.00,161.50,80.40,10,6,60.00,217.30,30.00,-55.80,30.00
OpenVLA,LIBERO Object,action_repeat2,Action repeat,libero_object__task_1,pick up the cream cheese and place it in the basket,10,7,70.00,199.50,99.50,10,10,100.00,151.10,-30.00,48.40,-30.00
OpenVLA,LIBERO Object,action_repeat2,Action repeat,libero_object__task_2,pick up the salad dressing and place it in the basket,10,9,90.00,146.00,72.80,10,9,90.00,135.40,0.00,10.60,0.00
OpenVLA,LIBERO Object,action_repeat2,Action repeat,libero_object__task_3,pick up the bbq sauce and place it in the basket,10,8,80.00,190.10,94.80,10,6,60.00,205.70,20.00,-15.60,20.00
OpenVLA,LIBERO Object,action_repeat2,Action repeat,libero_object__task_4,pick up the ketchup and place it in the basket,10,10,100.00,160.00,79.70,10,10,100.00,158.90,0.00,1.10,0.00
OpenVLA,LIBERO Object,action_repeat2,Action repeat,libero_object__task_5,pick up the tomato sauce and place it in the basket,10,7,70.00,186.70,93.00,10,8,80.00,165.40,-10.00,21.30,-10.00
OpenVLA,LIBERO Object,action_repeat2,Action repeat,libero_object__task_6,pick up the butter and place it in the basket,10,9,90.00,176.10,87.80,10,10,100.00,154.60,-10.00,21.50,-10.00
OpenVLA,LIBERO Object,action_repeat2,Action repeat,libero_object__task_7,pick up the milk and place it in the basket,10,7,70.00,183.40,91.60,10,9,90.00,165.30,-20.00,18.10,-20.00
OpenVLA,LIBERO Object,action_repeat2,Action repeat,libero_object__task_8,pick up the chocolate pudding and place it in the basket,10,9,90.00,184.80,92.30,10,10,100.00,164.70,-10.00,20.10,-10.00
OpenVLA,LIBERO Object,action_repeat2,Action repeat,libero_object__task_9,pick up the orange juice and place it in the basket,10,9,90.00,151.50,75.50,10,9,90.00,140.50,0.00,11.00,0.00
OpenVLA,LIBERO Object,action_repeat4,Action repeat,libero_object__task_0,pick up the alphabet soup and place it in the basket,10,8,80.00,197.50,147.90,10,6,60.00,217.30,20.00,-19.80,20.00
OpenVLA,LIBERO Object,action_repeat4,Action repeat,libero_object__task_1,pick up the cream cheese and place it in the basket,10,5,50.00,230.00,172.40,10,10,100.00,151.10,-50.00,78.90,-50.00
OpenVLA,LIBERO Object,action_repeat4,Action repeat,libero_object__task_2,pick up the salad dressing and place it in the basket,10,8,80.00,166.00,124.20,10,9,90.00,135.40,-10.00,30.60,-10.00
OpenVLA,LIBERO Object,action_repeat4,Action repeat,libero_object__task_3,pick up the bbq sauce and place it in the basket,10,4,40.00,243.10,182.10,10,6,60.00,205.70,-20.00,37.40,-20.00
OpenVLA,LIBERO Object,action_repeat4,Action repeat,libero_object__task_4,pick up the ketchup and place it in the basket,10,7,70.00,204.80,153.20,10,10,100.00,158.90,-30.00,45.90,-30.00
OpenVLA,LIBERO Object,action_repeat4,Action repeat,libero_object__task_5,pick up the tomato sauce and place it in the basket,10,3,30.00,237.10,177.60,10,8,80.00,165.40,-50.00,71.70,-50.00
OpenVLA,LIBERO Object,action_repeat4,Action repeat,libero_object__task_6,pick up the butter and place it in the basket,10,5,50.00,234.20,175.50,10,10,100.00,154.60,-50.00,79.60,-50.00
OpenVLA,LIBERO Object,action_repeat4,Action repeat,libero_object__task_7,pick up the milk and place it in the basket,10,6,60.00,210.00,157.20,10,9,90.00,165.30,-30.00,44.70,-30.00
OpenVLA,LIBERO Object,action_repeat4,Action repeat,libero_object__task_8,pick up the chocolate pudding and place it in the basket,10,8,80.00,187.70,140.50,10,10,100.00,164.70,-20.00,23.00,-20.00
OpenVLA,LIBERO Object,action_repeat4,Action repeat,libero_object__task_9,pick up the orange juice and place it in the basket,10,5,50.00,209.70,157.10,10,9,90.00,140.50,-40.00,69.20,-40.00
OpenVLA,LIBERO Object,depth_pruning1,Depth pruning,libero_object__task_0,pick up the alphabet soup and place it in the basket,10,8,80.00,192.40,0.00,10,6,60.00,217.30,20.00,-24.90,20.00
OpenVLA,LIBERO Object,depth_pruning1,Depth pruning,libero_object__task_1,pick up the cream cheese and place it in the basket,10,8,80.00,183.80,0.00,10,10,100.00,151.10,-20.00,32.70,-20.00
OpenVLA,LIBERO Object,depth_pruning1,Depth pruning,libero_object__task_2,pick up the salad dressing and place it in the basket,10,9,90.00,138.40,0.00,10,9,90.00,135.40,0.00,3.00,0.00
OpenVLA,LIBERO Object,depth_pruning1,Depth pruning,libero_object__task_3,pick up the bbq sauce and place it in the basket,10,6,60.00,195.80,0.00,10,6,60.00,205.70,0.00,-9.90,0.00
OpenVLA,LIBERO Object,depth_pruning1,Depth pruning,libero_object__task_4,pick up the ketchup and place it in the basket,10,10,100.00,171.70,0.00,10,10,100.00,158.90,0.00,12.80,0.00
OpenVLA,LIBERO Object,depth_pruning1,Depth pruning,libero_object__task_5,pick up the tomato sauce and place it in the basket,10,8,80.00,162.60,0.00,10,8,80.00,165.40,0.00,-2.80,0.00
OpenVLA,LIBERO Object,depth_pruning1,Depth pruning,libero_object__task_6,pick up the butter and place it in the basket,10,9,90.00,163.40,0.00,10,10,100.00,154.60,-10.00,8.80,-10.00
OpenVLA,LIBERO Object,depth_pruning1,Depth pruning,libero_object__task_7,pick up the milk and place it in the basket,10,9,90.00,161.90,0.00,10,9,90.00,165.30,0.00,-3.40,0.00
OpenVLA,LIBERO Object,depth_pruning1,Depth pruning,libero_object__task_8,pick up the chocolate pudding and place it in the basket,10,9,90.00,172.80,0.00,10,10,100.00,164.70,-10.00,8.10,-10.00
OpenVLA,LIBERO Object,depth_pruning1,Depth pruning,libero_object__task_9,pick up the orange juice and place it in the basket,10,9,90.00,157.50,0.00,10,9,90.00,140.50,0.00,17.00,0.00
OpenVLA,LIBERO Object,depth_pruning2,Depth pruning,libero_object__task_0,pick up the alphabet soup and place it in the basket,10,5,50.00,229.10,0.00,10,6,60.00,217.30,-10.00,11.80,-10.00
OpenVLA,LIBERO Object,depth_pruning2,Depth pruning,libero_object__task_1,pick up the cream cheese and place it in the basket,10,8,80.00,177.90,0.00,10,10,100.00,151.10,-20.00,26.80,-20.00
OpenVLA,LIBERO Object,depth_pruning2,Depth pruning,libero_object__task_2,pick up the salad dressing and place it in the basket,10,8,80.00,148.90,0.00,10,9,90.00,135.40,-10.00,13.50,-10.00
OpenVLA,LIBERO Object,depth_pruning2,Depth pruning,libero_object__task_3,pick up the bbq sauce and place it in the basket,10,4,40.00,240.70,0.00,10,6,60.00,205.70,-20.00,35.00,-20.00
OpenVLA,LIBERO Object,depth_pruning2,Depth pruning,libero_object__task_4,pick up the ketchup and place it in the basket,10,10,100.00,160.80,0.00,10,10,100.00,158.90,0.00,1.90,0.00
OpenVLA,LIBERO Object,depth_pruning2,Depth pruning,libero_object__task_5,pick up the tomato sauce and place it in the basket,10,8,80.00,171.40,0.00,10,8,80.00,165.40,0.00,6.00,0.00
OpenVLA,LIBERO Object,depth_pruning2,Depth pruning,libero_object__task_6,pick up the butter and place it in the basket,10,10,100.00,154.00,0.00,10,10,100.00,154.60,0.00,-0.60,0.00
OpenVLA,LIBERO Object,depth_pruning2,Depth pruning,libero_object__task_7,pick up the milk and place it in the basket,10,9,90.00,157.80,0.00,10,9,90.00,165.30,0.00,-7.50,0.00
OpenVLA,LIBERO Object,depth_pruning2,Depth pruning,libero_object__task_8,pick up the chocolate pudding and place it in the basket,10,8,80.00,189.40,0.00,10,10,100.00,164.70,-20.00,24.70,-20.00
OpenVLA,LIBERO Object,depth_pruning2,Depth pruning,libero_object__task_9,pick up the orange juice and place it in the basket,10,9,90.00,172.10,0.00,10,9,90.00,140.50,0.00,31.60,0.00
OpenVLA,LIBERO Object,depth_pruning4,Depth pruning,libero_object__task_0,pick up the alphabet soup and place it in the basket,10,3,30.00,247.00,0.00,10,6,60.00,217.30,-30.00,29.70,-30.00
OpenVLA,LIBERO Object,depth_pruning4,Depth pruning,libero_object__task_1,pick up the cream cheese and place it in the basket,10,6,60.00,205.20,0.00,10,10,100.00,151.10,-40.00,54.10,-40.00
OpenVLA,LIBERO Object,depth_pruning4,Depth pruning,libero_object__task_2,pick up the salad dressing and place it in the basket,10,6,60.00,187.70,0.00,10,9,90.00,135.40,-30.00,52.30,-30.00
OpenVLA,LIBERO Object,depth_pruning4,Depth pruning,libero_object__task_3,pick up the bbq sauce and place it in the basket,10,8,80.00,181.20,0.00,10,6,60.00,205.70,20.00,-24.50,20.00
OpenVLA,LIBERO Object,depth_pruning4,Depth pruning,libero_object__task_4,pick up the ketchup and place it in the basket,10,8,80.00,195.20,0.00,10,10,100.00,158.90,-20.00,36.30,-20.00
OpenVLA,LIBERO Object,depth_pruning4,Depth pruning,libero_object__task_5,pick up the tomato sauce and place it in the basket,10,8,80.00,190.40,0.00,10,8,80.00,165.40,0.00,25.00,0.00
OpenVLA,LIBERO Object,depth_pruning4,Depth pruning,libero_object__task_6,pick up the butter and place it in the basket,10,6,60.00,215.90,0.00,10,10,100.00,154.60,-40.00,61.30,-40.00
OpenVLA,LIBERO Object,depth_pruning4,Depth pruning,libero_object__task_7,pick up the milk and place it in the basket,10,6,60.00,211.40,0.00,10,9,90.00,165.30,-30.00,46.10,-30.00
OpenVLA,LIBERO Object,depth_pruning4,Depth pruning,libero_object__task_8,pick up the chocolate pudding and place it in the basket,10,6,60.00,217.70,0.00,10,10,100.00,164.70,-40.00,53.00,-40.00
OpenVLA,LIBERO Object,depth_pruning4,Depth pruning,libero_object__task_9,pick up the orange juice and place it in the basket,10,8,80.00,178.20,0.00,10,9,90.00,140.50,-10.00,37.70,-10.00
OpenVLA,LIBERO Object,guarded_reuse_strict,Guarded reuse,libero_object__task_0,pick up the alphabet soup and place it in the basket,10,6,60.00,205.60,17.90,10,6,60.00,217.30,0.00,-11.70,0.00
OpenVLA,LIBERO Object,guarded_reuse_strict,Guarded reuse,libero_object__task_1,pick up the cream cheese and place it in the basket,10,7,70.00,183.50,15.90,10,10,100.00,151.10,-30.00,32.40,-30.00
OpenVLA,LIBERO Object,guarded_reuse_strict,Guarded reuse,libero_object__task_2,pick up the salad dressing and place it in the basket,10,9,90.00,134.90,1.40,10,9,90.00,135.40,0.00,-0.50,0.00
OpenVLA,LIBERO Object,guarded_reuse_strict,Guarded reuse,libero_object__task_3,pick up the bbq sauce and place it in the basket,10,7,70.00,187.50,4.50,10,6,60.00,205.70,10.00,-18.20,10.00
OpenVLA,LIBERO Object,guarded_reuse_strict,Guarded reuse,libero_object__task_4,pick up the ketchup and place it in the basket,10,9,90.00,165.30,2.90,10,10,100.00,158.90,-10.00,6.40,-10.00
OpenVLA,LIBERO Object,guarded_reuse_strict,Guarded reuse,libero_object__task_5,pick up the tomato sauce and place it in the basket,10,8,80.00,158.30,5.10,10,8,80.00,165.40,0.00,-7.10,0.00
OpenVLA,LIBERO Object,guarded_reuse_strict,Guarded reuse,libero_object__task_6,pick up the butter and place it in the basket,10,10,100.00,156.90,1.90,10,10,100.00,154.60,0.00,2.30,0.00
OpenVLA,LIBERO Object,guarded_reuse_strict,Guarded reuse,libero_object__task_7,pick up the milk and place it in the basket,10,10,100.00,154.90,3.90,10,9,90.00,165.30,10.00,-10.40,10.00
OpenVLA,LIBERO Object,guarded_reuse_strict,Guarded reuse,libero_object__task_8,pick up the chocolate pudding and place it in the basket,10,10,100.00,157.50,1.70,10,10,100.00,164.70,0.00,-7.20,0.00
OpenVLA,LIBERO Object,guarded_reuse_strict,Guarded reuse,libero_object__task_9,pick up the orange juice and place it in the basket,10,9,90.00,149.70,5.70,10,9,90.00,140.50,0.00,9.20,0.00
OpenVLA,LIBERO Object,guarded_reuse_moderate,Guarded reuse,libero_object__task_0,pick up the alphabet soup and place it in the basket,10,4,40.00,224.30,23.00,10,6,60.00,217.30,-20.00,7.00,-20.00
OpenVLA,LIBERO Object,guarded_reuse_moderate,Guarded reuse,libero_object__task_1,pick up the cream cheese and place it in the basket,10,7,70.00,179.50,21.10,10,10,100.00,151.10,-30.00,28.40,-30.00
OpenVLA,LIBERO Object,guarded_reuse_moderate,Guarded reuse,libero_object__task_2,pick up the salad dressing and place it in the basket,10,9,90.00,148.80,8.30,10,9,90.00,135.40,0.00,13.40,0.00
OpenVLA,LIBERO Object,guarded_reuse_moderate,Guarded reuse,libero_object__task_3,pick up the bbq sauce and place it in the basket,10,5,50.00,222.10,9.20,10,6,60.00,205.70,-10.00,16.40,-10.00
OpenVLA,LIBERO Object,guarded_reuse_moderate,Guarded reuse,libero_object__task_4,pick up the ketchup and place it in the basket,10,9,90.00,173.00,5.60,10,10,100.00,158.90,-10.00,14.10,-10.00
OpenVLA,LIBERO Object,guarded_reuse_moderate,Guarded reuse,libero_object__task_5,pick up the tomato sauce and place it in the basket,10,7,70.00,173.30,12.30,10,8,80.00,165.40,-10.00,7.90,-10.00
OpenVLA,LIBERO Object,guarded_reuse_moderate,Guarded reuse,libero_object__task_6,pick up the butter and place it in the basket,10,10,100.00,155.70,3.50,10,10,100.00,154.60,0.00,1.10,0.00
OpenVLA,LIBERO Object,guarded_reuse_moderate,Guarded reuse,libero_object__task_7,pick up the milk and place it in the basket,10,9,90.00,154.80,7.10,10,9,90.00,165.30,0.00,-10.50,0.00
OpenVLA,LIBERO Object,guarded_reuse_moderate,Guarded reuse,libero_object__task_8,pick up the chocolate pudding and place it in the basket,10,10,100.00,153.60,2.30,10,10,100.00,164.70,0.00,-11.10,0.00
OpenVLA,LIBERO Object,guarded_reuse_moderate,Guarded reuse,libero_object__task_9,pick up the orange juice and place it in the basket,10,10,100.00,127.20,2.70,10,9,90.00,140.50,10.00,-13.30,10.00
OpenVLA,LIBERO Object,guarded_reuse_aggressive,Guarded reuse,libero_object__task_0,pick up the alphabet soup and place it in the basket,10,7,70.00,199.80,25.20,10,6,60.00,217.30,10.00,-17.50,10.00
OpenVLA,LIBERO Object,guarded_reuse_aggressive,Guarded reuse,libero_object__task_1,pick up the cream cheese and place it in the basket,10,9,90.00,177.70,22.20,10,10,100.00,151.10,-10.00,26.60,-10.00
OpenVLA,LIBERO Object,guarded_reuse_aggressive,Guarded reuse,libero_object__task_2,pick up the salad dressing and place it in the basket,10,8,80.00,150.60,13.10,10,9,90.00,135.40,-10.00,15.20,-10.00
OpenVLA,LIBERO Object,guarded_reuse_aggressive,Guarded reuse,libero_object__task_3,pick up the bbq sauce and place it in the basket,10,5,50.00,209.40,27.90,10,6,60.00,205.70,-10.00,3.70,-10.00
OpenVLA,LIBERO Object,guarded_reuse_aggressive,Guarded reuse,libero_object__task_4,pick up the ketchup and place it in the basket,10,10,100.00,151.00,9.80,10,10,100.00,158.90,0.00,-7.90,0.00
OpenVLA,LIBERO Object,guarded_reuse_aggressive,Guarded reuse,libero_object__task_5,pick up the tomato sauce and place it in the basket,10,9,90.00,166.20,19.00,10,8,80.00,165.40,10.00,0.80,10.00
OpenVLA,LIBERO Object,guarded_reuse_aggressive,Guarded reuse,libero_object__task_6,pick up the butter and place it in the basket,10,9,90.00,164.70,22.50,10,10,100.00,154.60,-10.00,10.10,-10.00
OpenVLA,LIBERO Object,guarded_reuse_aggressive,Guarded reuse,libero_object__task_7,pick up the milk and place it in the basket,10,9,90.00,154.40,6.50,10,9,90.00,165.30,0.00,-10.90,0.00
OpenVLA,LIBERO Object,guarded_reuse_aggressive,Guarded reuse,libero_object__task_8,pick up the chocolate pudding and place it in the basket,10,9,90.00,172.00,8.70,10,10,100.00,164.70,-10.00,7.30,-10.00
OpenVLA,LIBERO Object,guarded_reuse_aggressive,Guarded reuse,libero_object__task_9,pick up the orange juice and place it in the basket,10,10,100.00,125.20,5.90,10,9,90.00,140.50,10.00,-15.30,10.00
OpenVLA,LIBERO Object,temporal_fusion_motion_entropy,Temporal fusion,libero_object__task_0,pick up the alphabet soup and place it in the basket,10,5,50.00,208.00,0.00,10,6,60.00,217.30,-10.00,-9.30,-10.00
OpenVLA,LIBERO Object,temporal_fusion_motion_entropy,Temporal fusion,libero_object__task_1,pick up the cream cheese and place it in the basket,10,7,70.00,212.70,0.00,10,10,100.00,151.10,-30.00,61.60,-30.00
OpenVLA,LIBERO Object,temporal_fusion_motion_entropy,Temporal fusion,libero_object__task_2,pick up the salad dressing and place it in the basket,10,10,100.00,120.60,0.00,10,9,90.00,135.40,10.00,-14.80,10.00
OpenVLA,LIBERO Object,temporal_fusion_motion_entropy,Temporal fusion,libero_object__task_3,pick up the bbq sauce and place it in the basket,10,6,60.00,187.90,0.00,10,6,60.00,205.70,0.00,-17.80,0.00
OpenVLA,LIBERO Object,temporal_fusion_motion_entropy,Temporal fusion,libero_object__task_4,pick up the ketchup and place it in the basket,10,9,90.00,170.60,0.00,10,10,100.00,158.90,-10.00,11.70,-10.00
OpenVLA,LIBERO Object,temporal_fusion_motion_entropy,Temporal fusion,libero_object__task_5,pick up the tomato sauce and place it in the basket,10,9,90.00,152.10,0.00,10,8,80.00,165.40,10.00,-13.30,10.00
OpenVLA,LIBERO Object,temporal_fusion_motion_entropy,Temporal fusion,libero_object__task_6,pick up the butter and place it in the basket,10,9,90.00,171.20,0.00,10,10,100.00,154.60,-10.00,16.60,-10.00
OpenVLA,LIBERO Object,temporal_fusion_motion_entropy,Temporal fusion,libero_object__task_7,pick up the milk and place it in the basket,10,9,90.00,148.40,0.00,10,9,90.00,165.30,0.00,-16.90,0.00
OpenVLA,LIBERO Object,temporal_fusion_motion_entropy,Temporal fusion,libero_object__task_8,pick up the chocolate pudding and place it in the basket,10,9,90.00,168.00,0.00,10,10,100.00,164.70,-10.00,3.30,-10.00
OpenVLA,LIBERO Object,temporal_fusion_motion_entropy,Temporal fusion,libero_object__task_9,pick up the orange juice and place it in the basket,10,10,100.00,130.60,0.00,10,9,90.00,140.50,10.00,-9.90,10.00
OpenVLA,LIBERO Object,temporal_fusion_task_aware,Temporal fusion,libero_object__task_0,pick up the alphabet soup and place it in the basket,10,8,80.00,181.20,0.00,10,6,60.00,217.30,20.00,-36.10,20.00
OpenVLA,LIBERO Object,temporal_fusion_task_aware,Temporal fusion,libero_object__task_1,pick up the cream cheese and place it in the basket,10,7,70.00,194.60,0.00,10,10,100.00,151.10,-30.00,43.50,-30.00
OpenVLA,LIBERO Object,temporal_fusion_task_aware,Temporal fusion,libero_object__task_2,pick up the salad dressing and place it in the basket,10,10,100.00,115.90,0.00,10,9,90.00,135.40,10.00,-19.50,10.00
OpenVLA,LIBERO Object,temporal_fusion_task_aware,Temporal fusion,libero_object__task_3,pick up the bbq sauce and place it in the basket,10,6,60.00,212.20,0.00,10,6,60.00,205.70,0.00,6.50,0.00
OpenVLA,LIBERO Object,temporal_fusion_task_aware,Temporal fusion,libero_object__task_4,pick up the ketchup and place it in the basket,10,9,90.00,159.50,0.00,10,10,100.00,158.90,-10.00,0.60,-10.00
OpenVLA,LIBERO Object,temporal_fusion_task_aware,Temporal fusion,libero_object__task_5,pick up the tomato sauce and place it in the basket,10,9,90.00,160.30,0.00,10,8,80.00,165.40,10.00,-5.10,10.00
OpenVLA,LIBERO Object,temporal_fusion_task_aware,Temporal fusion,libero_object__task_6,pick up the butter and place it in the basket,10,10,100.00,157.80,0.00,10,10,100.00,154.60,0.00,3.20,0.00
OpenVLA,LIBERO Object,temporal_fusion_task_aware,Temporal fusion,libero_object__task_7,pick up the milk and place it in the basket,10,9,90.00,153.30,0.00,10,9,90.00,165.30,0.00,-12.00,0.00
OpenVLA,LIBERO Object,temporal_fusion_task_aware,Temporal fusion,libero_object__task_8,pick up the chocolate pudding and place it in the basket,10,9,90.00,175.00,0.00,10,10,100.00,164.70,-10.00,10.30,-10.00
OpenVLA,LIBERO Object,temporal_fusion_task_aware,Temporal fusion,libero_object__task_9,pick up the orange juice and place it in the basket,10,9,90.00,149.30,0.00,10,9,90.00,140.50,0.00,8.80,0.00
OpenVLA,LIBERO Object,temporal_fusion_conservative_adaptive,Temporal fusion,libero_object__task_0,pick up the alphabet soup and place it in the basket,10,4,40.00,229.80,0.00,10,6,60.00,217.30,-20.00,12.50,-20.00
OpenVLA,LIBERO Object,temporal_fusion_conservative_adaptive,Temporal fusion,libero_object__task_1,pick up the cream cheese and place it in the basket,10,8,80.00,171.70,0.00,10,10,100.00,151.10,-20.00,20.60,-20.00
OpenVLA,LIBERO Object,temporal_fusion_conservative_adaptive,Temporal fusion,libero_object__task_2,pick up the salad dressing and place it in the basket,10,9,90.00,140.60,0.00,10,9,90.00,135.40,0.00,5.20,0.00
OpenVLA,LIBERO Object,temporal_fusion_conservative_adaptive,Temporal fusion,libero_object__task_3,pick up the bbq sauce and place it in the basket,10,6,60.00,208.20,0.00,10,6,60.00,205.70,0.00,2.50,0.00
OpenVLA,LIBERO Object,temporal_fusion_conservative_adaptive,Temporal fusion,libero_object__task_4,pick up the ketchup and place it in the basket,10,9,90.00,165.30,0.00,10,10,100.00,158.90,-10.00,6.40,-10.00
OpenVLA,LIBERO Object,temporal_fusion_conservative_adaptive,Temporal fusion,libero_object__task_5,pick up the tomato sauce and place it in the basket,10,9,90.00,163.80,0.00,10,8,80.00,165.40,10.00,-1.60,10.00
OpenVLA,LIBERO Object,temporal_fusion_conservative_adaptive,Temporal fusion,libero_object__task_6,pick up the butter and place it in the basket,10,10,100.00,153.90,0.00,10,10,100.00,154.60,0.00,-0.70,0.00
OpenVLA,LIBERO Object,temporal_fusion_conservative_adaptive,Temporal fusion,libero_object__task_7,pick up the milk and place it in the basket,10,9,90.00,173.70,0.00,10,9,90.00,165.30,0.00,8.40,0.00
OpenVLA,LIBERO Object,temporal_fusion_conservative_adaptive,Temporal fusion,libero_object__task_8,pick up the chocolate pudding and place it in the basket,10,9,90.00,169.70,0.00,10,10,100.00,164.70,-10.00,5.00,-10.00
OpenVLA,LIBERO Object,temporal_fusion_conservative_adaptive,Temporal fusion,libero_object__task_9,pick up the orange juice and place it in the basket,10,9,90.00,140.90,0.00,10,9,90.00,140.50,0.00,0.40,0.00
UniVLA,LIBERO Object,original,Original,libero_object__task_0,pick up the alphabet soup and place it in the basket,10,10,100.00,148.60,0.00,10,10,100.00,148.60,0.00,0.00,0.00
UniVLA,LIBERO Object,original,Original,libero_object__task_1,pick up the cream cheese and place it in the basket,10,10,100.00,140.90,0.00,10,10,100.00,140.90,0.00,0.00,0.00
UniVLA,LIBERO Object,original,Original,libero_object__task_2,pick up the salad dressing and place it in the basket,10,10,100.00,114.30,0.00,10,10,100.00,114.30,0.00,0.00,0.00
UniVLA,LIBERO Object,original,Original,libero_object__task_3,pick up the bbq sauce and place it in the basket,10,9,90.00,161.50,0.00,10,9,90.00,161.50,0.00,0.00,0.00
UniVLA,LIBERO Object,original,Original,libero_object__task_4,pick up the ketchup and place it in the basket,10,9,90.00,153.40,0.00,10,9,90.00,153.40,0.00,0.00,0.00
UniVLA,LIBERO Object,original,Original,libero_object__task_5,pick up the tomato sauce and place it in the basket,10,10,100.00,152.40,0.00,10,10,100.00,152.40,0.00,0.00,0.00
UniVLA,LIBERO Object,original,Original,libero_object__task_6,pick up the butter and place it in the basket,10,8,80.00,180.40,0.00,10,8,80.00,180.40,0.00,0.00,0.00
UniVLA,LIBERO Object,original,Original,libero_object__task_7,pick up the milk and place it in the basket,10,10,100.00,127.10,0.00,10,10,100.00,127.10,0.00,0.00,0.00
UniVLA,LIBERO Object,original,Original,libero_object__task_8,pick up the chocolate pudding and place it in the basket,10,10,100.00,160.10,0.00,10,10,100.00,160.10,0.00,0.00,0.00
UniVLA,LIBERO Object,original,Original,libero_object__task_9,pick up the orange juice and place it in the basket,10,10,100.00,119.50,0.00,10,10,100.00,119.50,0.00,0.00,0.00
UniVLA,LIBERO Object,fixed_foveation_keep20,Foveation,libero_object__task_0,pick up the alphabet soup and place it in the basket,10,10,100.00,138.10,0.00,10,10,100.00,148.60,0.00,-10.50,0.00
UniVLA,LIBERO Object,fixed_foveation_keep20,Foveation,libero_object__task_1,pick up the cream cheese and place it in the basket,10,10,100.00,131.70,0.00,10,10,100.00,140.90,0.00,-9.20,0.00
UniVLA,LIBERO Object,fixed_foveation_keep20,Foveation,libero_object__task_2,pick up the salad dressing and place it in the basket,10,10,100.00,114.70,0.00,10,10,100.00,114.30,0.00,0.40,0.00
UniVLA,LIBERO Object,fixed_foveation_keep20,Foveation,libero_object__task_3,pick up the bbq sauce and place it in the basket,10,10,100.00,143.30,0.00,10,9,90.00,161.50,10.00,-18.20,10.00
UniVLA,LIBERO Object,fixed_foveation_keep20,Foveation,libero_object__task_4,pick up the ketchup and place it in the basket,10,10,100.00,138.40,0.00,10,9,90.00,153.40,10.00,-15.00,10.00
UniVLA,LIBERO Object,fixed_foveation_keep20,Foveation,libero_object__task_5,pick up the tomato sauce and place it in the basket,10,10,100.00,126.30,0.00,10,10,100.00,152.40,0.00,-26.10,0.00
UniVLA,LIBERO Object,fixed_foveation_keep20,Foveation,libero_object__task_6,pick up the butter and place it in the basket,10,10,100.00,164.00,0.00,10,8,80.00,180.40,20.00,-16.40,20.00
UniVLA,LIBERO Object,fixed_foveation_keep20,Foveation,libero_object__task_7,pick up the milk and place it in the basket,10,10,100.00,127.70,0.00,10,10,100.00,127.10,0.00,0.60,0.00
UniVLA,LIBERO Object,fixed_foveation_keep20,Foveation,libero_object__task_8,pick up the chocolate pudding and place it in the basket,10,10,100.00,153.90,0.00,10,10,100.00,160.10,0.00,-6.20,0.00
UniVLA,LIBERO Object,fixed_foveation_keep20,Foveation,libero_object__task_9,pick up the orange juice and place it in the basket,10,10,100.00,122.30,0.00,10,10,100.00,119.50,0.00,2.80,0.00
UniVLA,LIBERO Object,fixed_foveation_keep50,Foveation,libero_object__task_0,pick up the alphabet soup and place it in the basket,10,10,100.00,148.70,0.00,10,10,100.00,148.60,0.00,0.10,0.00
UniVLA,LIBERO Object,fixed_foveation_keep50,Foveation,libero_object__task_1,pick up the cream cheese and place it in the basket,10,10,100.00,135.00,0.00,10,10,100.00,140.90,0.00,-5.90,0.00
UniVLA,LIBERO Object,fixed_foveation_keep50,Foveation,libero_object__task_2,pick up the salad dressing and place it in the basket,10,9,90.00,130.50,0.00,10,10,100.00,114.30,-10.00,16.20,-10.00
UniVLA,LIBERO Object,fixed_foveation_keep50,Foveation,libero_object__task_3,pick up the bbq sauce and place it in the basket,10,10,100.00,140.10,0.00,10,9,90.00,161.50,10.00,-21.40,10.00
UniVLA,LIBERO Object,fixed_foveation_keep50,Foveation,libero_object__task_4,pick up the ketchup and place it in the basket,10,10,100.00,139.60,0.00,10,9,90.00,153.40,10.00,-13.80,10.00
UniVLA,LIBERO Object,fixed_foveation_keep50,Foveation,libero_object__task_5,pick up the tomato sauce and place it in the basket,10,10,100.00,124.80,0.00,10,10,100.00,152.40,0.00,-27.60,0.00
UniVLA,LIBERO Object,fixed_foveation_keep50,Foveation,libero_object__task_6,pick up the butter and place it in the basket,10,8,80.00,182.10,0.00,10,8,80.00,180.40,0.00,1.70,0.00
UniVLA,LIBERO Object,fixed_foveation_keep50,Foveation,libero_object__task_7,pick up the milk and place it in the basket,10,10,100.00,127.60,0.00,10,10,100.00,127.10,0.00,0.50,0.00
UniVLA,LIBERO Object,fixed_foveation_keep50,Foveation,libero_object__task_8,pick up the chocolate pudding and place it in the basket,10,10,100.00,149.30,0.00,10,10,100.00,160.10,0.00,-10.80,0.00
UniVLA,LIBERO Object,fixed_foveation_keep50,Foveation,libero_object__task_9,pick up the orange juice and place it in the basket,10,10,100.00,122.00,0.00,10,10,100.00,119.50,0.00,2.50,0.00
UniVLA,LIBERO Object,action_repeat2,Action repeat,libero_object__task_0,pick up the alphabet soup and place it in the basket,10,4,40.00,256.50,130.00,10,10,100.00,148.60,-60.00,107.90,-60.00
UniVLA,LIBERO Object,action_repeat2,Action repeat,libero_object__task_1,pick up the cream cheese and place it in the basket,10,1,10.00,273.20,137.00,10,10,100.00,140.90,-90.00,132.30,-90.00
UniVLA,LIBERO Object,action_repeat2,Action repeat,libero_object__task_2,pick up the salad dressing and place it in the basket,10,3,30.00,262.00,132.00,10,10,100.00,114.30,-70.00,147.70,-70.00
UniVLA,LIBERO Object,action_repeat2,Action repeat,libero_object__task_3,pick up the bbq sauce and place it in the basket,10,1,10.00,276.30,139.00,10,9,90.00,161.50,-80.00,114.80,-80.00
UniVLA,LIBERO Object,action_repeat2,Action repeat,libero_object__task_4,pick up the ketchup and place it in the basket,10,2,20.00,273.30,137.00,10,9,90.00,153.40,-70.00,119.90,-70.00
UniVLA,LIBERO Object,action_repeat2,Action repeat,libero_object__task_5,pick up the tomato sauce and place it in the basket,10,2,20.00,264.80,134.00,10,10,100.00,152.40,-80.00,112.40,-80.00
UniVLA,LIBERO Object,action_repeat2,Action repeat,libero_object__task_6,pick up the butter and place it in the basket,10,2,20.00,264.40,134.00,10,8,80.00,180.40,-60.00,84.00,-60.00
UniVLA,LIBERO Object,action_repeat2,Action repeat,libero_object__task_7,pick up the milk and place it in the basket,10,2,20.00,262.80,132.00,10,10,100.00,127.10,-80.00,135.70,-80.00
UniVLA,LIBERO Object,action_repeat2,Action repeat,libero_object__task_8,pick up the chocolate pudding and place it in the basket,10,2,20.00,261.30,132.00,10,10,100.00,160.10,-80.00,101.20,-80.00
UniVLA,LIBERO Object,action_repeat2,Action repeat,libero_object__task_9,pick up the orange juice and place it in the basket,10,2,20.00,266.60,134.00,10,10,100.00,119.50,-80.00,147.10,-80.00
UniVLA,LIBERO Object,action_repeat4,Action repeat,libero_object__task_0,pick up the alphabet soup and place it in the basket,10,0,0.00,280.00,210.00,10,10,100.00,148.60,-100.00,131.40,-100.00
UniVLA,LIBERO Object,action_repeat4,Action repeat,libero_object__task_1,pick up the cream cheese and place it in the basket,10,0,0.00,280.00,210.00,10,10,100.00,140.90,-100.00,139.10,-100.00
UniVLA,LIBERO Object,action_repeat4,Action repeat,libero_object__task_2,pick up the salad dressing and place it in the basket,10,0,0.00,280.00,210.00,10,10,100.00,114.30,-100.00,165.70,-100.00
UniVLA,LIBERO Object,action_repeat4,Action repeat,libero_object__task_3,pick up the bbq sauce and place it in the basket,10,0,0.00,280.00,210.00,10,9,90.00,161.50,-90.00,118.50,-90.00
UniVLA,LIBERO Object,action_repeat4,Action repeat,libero_object__task_4,pick up the ketchup and place it in the basket,10,0,0.00,280.00,210.00,10,9,90.00,153.40,-90.00,126.60,-90.00
UniVLA,LIBERO Object,action_repeat4,Action repeat,libero_object__task_5,pick up the tomato sauce and place it in the basket,10,1,10.00,279.00,210.00,10,10,100.00,152.40,-90.00,126.60,-90.00
UniVLA,LIBERO Object,action_repeat4,Action repeat,libero_object__task_6,pick up the butter and place it in the basket,10,0,0.00,280.00,210.00,10,8,80.00,180.40,-80.00,99.60,-80.00
UniVLA,LIBERO Object,action_repeat4,Action repeat,libero_object__task_7,pick up the milk and place it in the basket,10,0,0.00,280.00,210.00,10,10,100.00,127.10,-100.00,152.90,-100.00
UniVLA,LIBERO Object,action_repeat4,Action repeat,libero_object__task_8,pick up the chocolate pudding and place it in the basket,10,0,0.00,280.00,210.00,10,10,100.00,160.10,-100.00,119.90,-100.00
UniVLA,LIBERO Object,action_repeat4,Action repeat,libero_object__task_9,pick up the orange juice and place it in the basket,10,0,0.00,280.00,210.00,10,10,100.00,119.50,-100.00,160.50,-100.00
UniVLA,LIBERO Object,depth_pruning1,Depth pruning,libero_object__task_0,pick up the alphabet soup and place it in the basket,10,10,100.00,159.00,0.00,10,10,100.00,148.60,0.00,10.40,0.00
UniVLA,LIBERO Object,depth_pruning1,Depth pruning,libero_object__task_1,pick up the cream cheese and place it in the basket,10,10,100.00,136.70,0.00,10,10,100.00,140.90,0.00,-4.20,0.00
UniVLA,LIBERO Object,depth_pruning1,Depth pruning,libero_object__task_2,pick up the salad dressing and place it in the basket,10,10,100.00,116.30,0.00,10,10,100.00,114.30,0.00,2.00,0.00
UniVLA,LIBERO Object,depth_pruning1,Depth pruning,libero_object__task_3,pick up the bbq sauce and place it in the basket,10,10,100.00,143.30,0.00,10,9,90.00,161.50,10.00,-18.20,10.00
UniVLA,LIBERO Object,depth_pruning1,Depth pruning,libero_object__task_4,pick up the ketchup and place it in the basket,10,10,100.00,140.90,0.00,10,9,90.00,153.40,10.00,-12.50,10.00
UniVLA,LIBERO Object,depth_pruning1,Depth pruning,libero_object__task_5,pick up the tomato sauce and place it in the basket,10,10,100.00,132.50,0.00,10,10,100.00,152.40,0.00,-19.90,0.00
UniVLA,LIBERO Object,depth_pruning1,Depth pruning,libero_object__task_6,pick up the butter and place it in the basket,10,9,90.00,194.50,0.00,10,8,80.00,180.40,10.00,14.10,10.00
UniVLA,LIBERO Object,depth_pruning1,Depth pruning,libero_object__task_7,pick up the milk and place it in the basket,10,10,100.00,131.80,0.00,10,10,100.00,127.10,0.00,4.70,0.00
UniVLA,LIBERO Object,depth_pruning1,Depth pruning,libero_object__task_8,pick up the chocolate pudding and place it in the basket,10,10,100.00,163.50,0.00,10,10,100.00,160.10,0.00,3.40,0.00
UniVLA,LIBERO Object,depth_pruning1,Depth pruning,libero_object__task_9,pick up the orange juice and place it in the basket,10,10,100.00,113.80,0.00,10,10,100.00,119.50,0.00,-5.70,0.00
UniVLA,LIBERO Object,depth_pruning2,Depth pruning,libero_object__task_0,pick up the alphabet soup and place it in the basket,10,10,100.00,160.30,0.00,10,10,100.00,148.60,0.00,11.70,0.00
UniVLA,LIBERO Object,depth_pruning2,Depth pruning,libero_object__task_1,pick up the cream cheese and place it in the basket,10,10,100.00,126.40,0.00,10,10,100.00,140.90,0.00,-14.50,0.00
UniVLA,LIBERO Object,depth_pruning2,Depth pruning,libero_object__task_2,pick up the salad dressing and place it in the basket,10,10,100.00,116.70,0.00,10,10,100.00,114.30,0.00,2.40,0.00
UniVLA,LIBERO Object,depth_pruning2,Depth pruning,libero_object__task_3,pick up the bbq sauce and place it in the basket,10,9,90.00,149.80,0.00,10,9,90.00,161.50,0.00,-11.70,0.00
UniVLA,LIBERO Object,depth_pruning2,Depth pruning,libero_object__task_4,pick up the ketchup and place it in the basket,10,9,90.00,157.10,0.00,10,9,90.00,153.40,0.00,3.70,0.00
UniVLA,LIBERO Object,depth_pruning2,Depth pruning,libero_object__task_5,pick up the tomato sauce and place it in the basket,10,9,90.00,145.60,0.00,10,10,100.00,152.40,-10.00,-6.80,-10.00
UniVLA,LIBERO Object,depth_pruning2,Depth pruning,libero_object__task_6,pick up the butter and place it in the basket,10,10,100.00,153.20,0.00,10,8,80.00,180.40,20.00,-27.20,20.00
UniVLA,LIBERO Object,depth_pruning2,Depth pruning,libero_object__task_7,pick up the milk and place it in the basket,10,9,90.00,141.30,0.00,10,10,100.00,127.10,-10.00,14.20,-10.00
UniVLA,LIBERO Object,depth_pruning2,Depth pruning,libero_object__task_8,pick up the chocolate pudding and place it in the basket,10,9,90.00,174.60,0.00,10,10,100.00,160.10,-10.00,14.50,-10.00
UniVLA,LIBERO Object,depth_pruning2,Depth pruning,libero_object__task_9,pick up the orange juice and place it in the basket,10,9,90.00,134.50,0.00,10,10,100.00,119.50,-10.00,15.00,-10.00
UniVLA,LIBERO Object,depth_pruning4,Depth pruning,libero_object__task_0,pick up the alphabet soup and place it in the basket,10,10,100.00,150.40,0.00,10,10,100.00,148.60,0.00,1.80,0.00
UniVLA,LIBERO Object,depth_pruning4,Depth pruning,libero_object__task_1,pick up the cream cheese and place it in the basket,10,8,80.00,163.40,0.00,10,10,100.00,140.90,-20.00,22.50,-20.00
UniVLA,LIBERO Object,depth_pruning4,Depth pruning,libero_object__task_2,pick up the salad dressing and place it in the basket,10,10,100.00,118.50,0.00,10,10,100.00,114.30,0.00,4.20,0.00
UniVLA,LIBERO Object,depth_pruning4,Depth pruning,libero_object__task_3,pick up the bbq sauce and place it in the basket,10,8,80.00,175.40,0.00,10,9,90.00,161.50,-10.00,13.90,-10.00
UniVLA,LIBERO Object,depth_pruning4,Depth pruning,libero_object__task_4,pick up the ketchup and place it in the basket,10,10,100.00,144.20,0.00,10,9,90.00,153.40,10.00,-9.20,10.00
UniVLA,LIBERO Object,depth_pruning4,Depth pruning,libero_object__task_5,pick up the tomato sauce and place it in the basket,10,7,70.00,186.00,0.00,10,10,100.00,152.40,-30.00,33.60,-30.00
UniVLA,LIBERO Object,depth_pruning4,Depth pruning,libero_object__task_6,pick up the butter and place it in the basket,10,10,100.00,168.00,0.00,10,8,80.00,180.40,20.00,-12.40,20.00
UniVLA,LIBERO Object,depth_pruning4,Depth pruning,libero_object__task_7,pick up the milk and place it in the basket,10,10,100.00,131.20,0.00,10,10,100.00,127.10,0.00,4.10,0.00
UniVLA,LIBERO Object,depth_pruning4,Depth pruning,libero_object__task_8,pick up the chocolate pudding and place it in the basket,10,9,90.00,174.60,0.00,10,10,100.00,160.10,-10.00,14.50,-10.00
UniVLA,LIBERO Object,depth_pruning4,Depth pruning,libero_object__task_9,pick up the orange juice and place it in the basket,10,10,100.00,123.00,0.00,10,10,100.00,119.50,0.00,3.50,0.00
UniVLA,LIBERO Object,guarded_reuse_strict,Guarded reuse,libero_object__task_0,pick up the alphabet soup and place it in the basket,10,10,100.00,148.60,0.00,10,10,100.00,148.60,0.00,0.00,0.00
UniVLA,LIBERO Object,guarded_reuse_strict,Guarded reuse,libero_object__task_1,pick up the cream cheese and place it in the basket,10,10,100.00,140.90,0.00,10,10,100.00,140.90,0.00,0.00,0.00
UniVLA,LIBERO Object,guarded_reuse_strict,Guarded reuse,libero_object__task_2,pick up the salad dressing and place it in the basket,10,10,100.00,114.30,0.00,10,10,100.00,114.30,0.00,0.00,0.00
UniVLA,LIBERO Object,guarded_reuse_strict,Guarded reuse,libero_object__task_3,pick up the bbq sauce and place it in the basket,10,9,90.00,161.50,0.00,10,9,90.00,161.50,0.00,0.00,0.00
UniVLA,LIBERO Object,guarded_reuse_strict,Guarded reuse,libero_object__task_4,pick up the ketchup and place it in the basket,10,9,90.00,153.40,0.00,10,9,90.00,153.40,0.00,0.00,0.00
UniVLA,LIBERO Object,guarded_reuse_strict,Guarded reuse,libero_object__task_5,pick up the tomato sauce and place it in the basket,10,10,100.00,152.40,0.00,10,10,100.00,152.40,0.00,0.00,0.00
UniVLA,LIBERO Object,guarded_reuse_strict,Guarded reuse,libero_object__task_6,pick up the butter and place it in the basket,10,8,80.00,180.40,0.00,10,8,80.00,180.40,0.00,0.00,0.00
UniVLA,LIBERO Object,guarded_reuse_strict,Guarded reuse,libero_object__task_7,pick up the milk and place it in the basket,10,10,100.00,127.10,0.00,10,10,100.00,127.10,0.00,0.00,0.00
UniVLA,LIBERO Object,guarded_reuse_strict,Guarded reuse,libero_object__task_8,pick up the chocolate pudding and place it in the basket,10,10,100.00,160.10,0.00,10,10,100.00,160.10,0.00,0.00,0.00
UniVLA,LIBERO Object,guarded_reuse_strict,Guarded reuse,libero_object__task_9,pick up the orange juice and place it in the basket,10,10,100.00,119.50,0.00,10,10,100.00,119.50,0.00,0.00,0.00
UniVLA,LIBERO Object,guarded_reuse_moderate,Guarded reuse,libero_object__task_0,pick up the alphabet soup and place it in the basket,10,10,100.00,148.60,0.00,10,10,100.00,148.60,0.00,0.00,0.00
UniVLA,LIBERO Object,guarded_reuse_moderate,Guarded reuse,libero_object__task_1,pick up the cream cheese and place it in the basket,10,10,100.00,140.90,0.00,10,10,100.00,140.90,0.00,0.00,0.00
UniVLA,LIBERO Object,guarded_reuse_moderate,Guarded reuse,libero_object__task_2,pick up the salad dressing and place it in the basket,10,10,100.00,114.30,0.00,10,10,100.00,114.30,0.00,0.00,0.00
UniVLA,LIBERO Object,guarded_reuse_moderate,Guarded reuse,libero_object__task_3,pick up the bbq sauce and place it in the basket,10,9,90.00,161.50,0.00,10,9,90.00,161.50,0.00,0.00,0.00
UniVLA,LIBERO Object,guarded_reuse_moderate,Guarded reuse,libero_object__task_4,pick up the ketchup and place it in the basket,10,9,90.00,153.40,0.00,10,9,90.00,153.40,0.00,0.00,0.00
UniVLA,LIBERO Object,guarded_reuse_moderate,Guarded reuse,libero_object__task_5,pick up the tomato sauce and place it in the basket,10,10,100.00,152.40,0.00,10,10,100.00,152.40,0.00,0.00,0.00
UniVLA,LIBERO Object,guarded_reuse_moderate,Guarded reuse,libero_object__task_6,pick up the butter and place it in the basket,10,8,80.00,180.40,0.00,10,8,80.00,180.40,0.00,0.00,0.00
UniVLA,LIBERO Object,guarded_reuse_moderate,Guarded reuse,libero_object__task_7,pick up the milk and place it in the basket,10,10,100.00,127.10,0.00,10,10,100.00,127.10,0.00,0.00,0.00
UniVLA,LIBERO Object,guarded_reuse_moderate,Guarded reuse,libero_object__task_8,pick up the chocolate pudding and place it in the basket,10,10,100.00,160.10,0.00,10,10,100.00,160.10,0.00,0.00,0.00
UniVLA,LIBERO Object,guarded_reuse_moderate,Guarded reuse,libero_object__task_9,pick up the orange juice and place it in the basket,10,10,100.00,119.50,0.00,10,10,100.00,119.50,0.00,0.00,0.00
UniVLA,LIBERO Object,guarded_reuse_aggressive,Guarded reuse,libero_object__task_0,pick up the alphabet soup and place it in the basket,10,10,100.00,148.60,0.00,10,10,100.00,148.60,0.00,0.00,0.00
UniVLA,LIBERO Object,guarded_reuse_aggressive,Guarded reuse,libero_object__task_1,pick up the cream cheese and place it in the basket,10,10,100.00,140.90,0.00,10,10,100.00,140.90,0.00,0.00,0.00
UniVLA,LIBERO Object,guarded_reuse_aggressive,Guarded reuse,libero_object__task_2,pick up the salad dressing and place it in the basket,10,10,100.00,114.30,0.00,10,10,100.00,114.30,0.00,0.00,0.00
UniVLA,LIBERO Object,guarded_reuse_aggressive,Guarded reuse,libero_object__task_3,pick up the bbq sauce and place it in the basket,10,9,90.00,161.50,0.00,10,9,90.00,161.50,0.00,0.00,0.00
UniVLA,LIBERO Object,guarded_reuse_aggressive,Guarded reuse,libero_object__task_4,pick up the ketchup and place it in the basket,10,9,90.00,153.40,0.00,10,9,90.00,153.40,0.00,0.00,0.00
UniVLA,LIBERO Object,guarded_reuse_aggressive,Guarded reuse,libero_object__task_5,pick up the tomato sauce and place it in the basket,10,10,100.00,152.40,0.00,10,10,100.00,152.40,0.00,0.00,0.00
UniVLA,LIBERO Object,guarded_reuse_aggressive,Guarded reuse,libero_object__task_6,pick up the butter and place it in the basket,10,8,80.00,180.40,0.00,10,8,80.00,180.40,0.00,0.00,0.00
UniVLA,LIBERO Object,guarded_reuse_aggressive,Guarded reuse,libero_object__task_7,pick up the milk and place it in the basket,10,10,100.00,127.10,0.00,10,10,100.00,127.10,0.00,0.00,0.00
UniVLA,LIBERO Object,guarded_reuse_aggressive,Guarded reuse,libero_object__task_8,pick up the chocolate pudding and place it in the basket,10,10,100.00,160.10,0.00,10,10,100.00,160.10,0.00,0.00,0.00
UniVLA,LIBERO Object,guarded_reuse_aggressive,Guarded reuse,libero_object__task_9,pick up the orange juice and place it in the basket,10,10,100.00,119.50,0.00,10,10,100.00,119.50,0.00,0.00,0.00
UniVLA,LIBERO Object,temporal_fusion_motion_entropy,Temporal fusion,libero_object__task_0,pick up the alphabet soup and place it in the basket,10,10,100.00,157.10,0.00,10,10,100.00,148.60,0.00,8.50,0.00
UniVLA,LIBERO Object,temporal_fusion_motion_entropy,Temporal fusion,libero_object__task_1,pick up the cream cheese and place it in the basket,10,10,100.00,152.80,0.00,10,10,100.00,140.90,0.00,11.90,0.00
UniVLA,LIBERO Object,temporal_fusion_motion_entropy,Temporal fusion,libero_object__task_2,pick up the salad dressing and place it in the basket,10,10,100.00,115.80,0.00,10,10,100.00,114.30,0.00,1.50,0.00
UniVLA,LIBERO Object,temporal_fusion_motion_entropy,Temporal fusion,libero_object__task_3,pick up the bbq sauce and place it in the basket,10,10,100.00,135.90,0.00,10,9,90.00,161.50,10.00,-25.60,10.00
UniVLA,LIBERO Object,temporal_fusion_motion_entropy,Temporal fusion,libero_object__task_4,pick up the ketchup and place it in the basket,10,10,100.00,139.30,0.00,10,9,90.00,153.40,10.00,-14.10,10.00
UniVLA,LIBERO Object,temporal_fusion_motion_entropy,Temporal fusion,libero_object__task_5,pick up the tomato sauce and place it in the basket,10,9,90.00,159.00,0.00,10,10,100.00,152.40,-10.00,6.60,-10.00
UniVLA,LIBERO Object,temporal_fusion_motion_entropy,Temporal fusion,libero_object__task_6,pick up the butter and place it in the basket,10,9,90.00,164.20,0.00,10,8,80.00,180.40,10.00,-16.20,10.00
UniVLA,LIBERO Object,temporal_fusion_motion_entropy,Temporal fusion,libero_object__task_7,pick up the milk and place it in the basket,10,10,100.00,126.00,0.00,10,10,100.00,127.10,0.00,-1.10,0.00
UniVLA,LIBERO Object,temporal_fusion_motion_entropy,Temporal fusion,libero_object__task_8,pick up the chocolate pudding and place it in the basket,10,10,100.00,155.20,0.00,10,10,100.00,160.10,0.00,-4.90,0.00
UniVLA,LIBERO Object,temporal_fusion_motion_entropy,Temporal fusion,libero_object__task_9,pick up the orange juice and place it in the basket,10,10,100.00,120.30,0.00,10,10,100.00,119.50,0.00,0.80,0.00
UniVLA,LIBERO Object,temporal_fusion_task_aware,Temporal fusion,libero_object__task_0,pick up the alphabet soup and place it in the basket,10,10,100.00,145.00,0.00,10,10,100.00,148.60,0.00,-3.60,0.00
UniVLA,LIBERO Object,temporal_fusion_task_aware,Temporal fusion,libero_object__task_1,pick up the cream cheese and place it in the basket,10,10,100.00,145.80,0.00,10,10,100.00,140.90,0.00,4.90,0.00
UniVLA,LIBERO Object,temporal_fusion_task_aware,Temporal fusion,libero_object__task_2,pick up the salad dressing and place it in the basket,10,10,100.00,120.90,0.00,10,10,100.00,114.30,0.00,6.60,0.00
UniVLA,LIBERO Object,temporal_fusion_task_aware,Temporal fusion,libero_object__task_3,pick up the bbq sauce and place it in the basket,10,10,100.00,141.10,0.00,10,9,90.00,161.50,10.00,-20.40,10.00
UniVLA,LIBERO Object,temporal_fusion_task_aware,Temporal fusion,libero_object__task_4,pick up the ketchup and place it in the basket,10,10,100.00,139.80,0.00,10,9,90.00,153.40,10.00,-13.60,10.00
UniVLA,LIBERO Object,temporal_fusion_task_aware,Temporal fusion,libero_object__task_5,pick up the tomato sauce and place it in the basket,10,9,90.00,163.10,0.00,10,10,100.00,152.40,-10.00,10.70,-10.00
UniVLA,LIBERO Object,temporal_fusion_task_aware,Temporal fusion,libero_object__task_6,pick up the butter and place it in the basket,10,9,90.00,164.10,0.00,10,8,80.00,180.40,10.00,-16.30,10.00
UniVLA,LIBERO Object,temporal_fusion_task_aware,Temporal fusion,libero_object__task_7,pick up the milk and place it in the basket,10,10,100.00,128.00,0.00,10,10,100.00,127.10,0.00,0.90,0.00
UniVLA,LIBERO Object,temporal_fusion_task_aware,Temporal fusion,libero_object__task_8,pick up the chocolate pudding and place it in the basket,10,9,90.00,163.00,0.00,10,10,100.00,160.10,-10.00,2.90,-10.00
UniVLA,LIBERO Object,temporal_fusion_task_aware,Temporal fusion,libero_object__task_9,pick up the orange juice and place it in the basket,10,10,100.00,119.50,0.00,10,10,100.00,119.50,0.00,0.00,0.00
UniVLA,LIBERO Object,temporal_fusion_conservative_adaptive,Temporal fusion,libero_object__task_0,pick up the alphabet soup and place it in the basket,10,10,100.00,148.60,0.00,10,10,100.00,148.60,0.00,0.00,0.00
UniVLA,LIBERO Object,temporal_fusion_conservative_adaptive,Temporal fusion,libero_object__task_1,pick up the cream cheese and place it in the basket,10,10,100.00,140.90,0.00,10,10,100.00,140.90,0.00,0.00,0.00
UniVLA,LIBERO Object,temporal_fusion_conservative_adaptive,Temporal fusion,libero_object__task_2,pick up the salad dressing and place it in the basket,10,10,100.00,114.30,0.00,10,10,100.00,114.30,0.00,0.00,0.00
UniVLA,LIBERO Object,temporal_fusion_conservative_adaptive,Temporal fusion,libero_object__task_3,pick up the bbq sauce and place it in the basket,10,9,90.00,161.50,0.00,10,9,90.00,161.50,0.00,0.00,0.00
UniVLA,LIBERO Object,temporal_fusion_conservative_adaptive,Temporal fusion,libero_object__task_4,pick up the ketchup and place it in the basket,10,9,90.00,153.40,0.00,10,9,90.00,153.40,0.00,0.00,0.00
UniVLA,LIBERO Object,temporal_fusion_conservative_adaptive,Temporal fusion,libero_object__task_5,pick up the tomato sauce and place it in the basket,10,10,100.00,152.40,0.00,10,10,100.00,152.40,0.00,0.00,0.00
UniVLA,LIBERO Object,temporal_fusion_conservative_adaptive,Temporal fusion,libero_object__task_6,pick up the butter and place it in the basket,10,8,80.00,180.40,0.00,10,8,80.00,180.40,0.00,0.00,0.00
UniVLA,LIBERO Object,temporal_fusion_conservative_adaptive,Temporal fusion,libero_object__task_7,pick up the milk and place it in the basket,10,10,100.00,127.10,0.00,10,10,100.00,127.10,0.00,0.00,0.00
UniVLA,LIBERO Object,temporal_fusion_conservative_adaptive,Temporal fusion,libero_object__task_8,pick up the chocolate pudding and place it in the basket,10,10,100.00,160.10,0.00,10,10,100.00,160.10,0.00,0.00,0.00
UniVLA,LIBERO Object,temporal_fusion_conservative_adaptive,Temporal fusion,libero_object__task_9,pick up the orange juice and place it in the basket,10,10,100.00,119.50,0.00,10,10,100.00,119.50,0.00,0.00,0.00
SmolVLA,LIBERO Object,original,Original,libero_object__task_0,pick up the alphabet soup and place it in the basket,10,9,90.00,166.40,0.00,10,9,90.00,166.40,0.00,0.00,0.00
SmolVLA,LIBERO Object,original,Original,libero_object__task_1,pick up the cream cheese and place it in the basket,10,9,90.00,172.90,0.00,10,9,90.00,172.90,0.00,0.00,0.00
SmolVLA,LIBERO Object,original,Original,libero_object__task_2,pick up the salad dressing and place it in the basket,10,10,100.00,131.70,0.00,10,10,100.00,131.70,0.00,0.00,0.00
SmolVLA,LIBERO Object,original,Original,libero_object__task_3,pick up the bbq sauce and place it in the basket,10,10,100.00,144.10,0.00,10,10,100.00,144.10,0.00,0.00,0.00
SmolVLA,LIBERO Object,original,Original,libero_object__task_4,pick up the ketchup and place it in the basket,10,10,100.00,154.80,0.00,10,10,100.00,154.80,0.00,0.00,0.00
SmolVLA,LIBERO Object,original,Original,libero_object__task_5,pick up the tomato sauce and place it in the basket,10,8,80.00,185.30,0.00,10,8,80.00,185.30,0.00,0.00,0.00
SmolVLA,LIBERO Object,original,Original,libero_object__task_6,pick up the butter and place it in the basket,10,10,100.00,171.30,0.00,10,10,100.00,171.30,0.00,0.00,0.00
SmolVLA,LIBERO Object,original,Original,libero_object__task_7,pick up the milk and place it in the basket,10,10,100.00,158.60,0.00,10,10,100.00,158.60,0.00,0.00,0.00
SmolVLA,LIBERO Object,original,Original,libero_object__task_8,pick up the chocolate pudding and place it in the basket,10,10,100.00,174.20,0.00,10,10,100.00,174.20,0.00,0.00,0.00
SmolVLA,LIBERO Object,original,Original,libero_object__task_9,pick up the orange juice and place it in the basket,10,8,80.00,163.20,0.00,10,8,80.00,163.20,0.00,0.00,0.00
SmolVLA,LIBERO Object,fixed_foveation_keep20,Foveation,libero_object__task_0,pick up the alphabet soup and place it in the basket,10,2,20.00,262.10,0.00,10,9,90.00,166.40,-70.00,95.70,-70.00
SmolVLA,LIBERO Object,fixed_foveation_keep20,Foveation,libero_object__task_1,pick up the cream cheese and place it in the basket,10,8,80.00,178.50,0.00,10,9,90.00,172.90,-10.00,5.60,-10.00
SmolVLA,LIBERO Object,fixed_foveation_keep20,Foveation,libero_object__task_2,pick up the salad dressing and place it in the basket,10,8,80.00,161.10,0.00,10,10,100.00,131.70,-20.00,29.40,-20.00
SmolVLA,LIBERO Object,fixed_foveation_keep20,Foveation,libero_object__task_3,pick up the bbq sauce and place it in the basket,10,8,80.00,167.00,0.00,10,10,100.00,144.10,-20.00,22.90,-20.00
SmolVLA,LIBERO Object,fixed_foveation_keep20,Foveation,libero_object__task_4,pick up the ketchup and place it in the basket,10,6,60.00,225.80,0.00,10,10,100.00,154.80,-40.00,71.00,-40.00
SmolVLA,LIBERO Object,fixed_foveation_keep20,Foveation,libero_object__task_5,pick up the tomato sauce and place it in the basket,10,7,70.00,194.10,0.00,10,8,80.00,185.30,-10.00,8.80,-10.00
SmolVLA,LIBERO Object,fixed_foveation_keep20,Foveation,libero_object__task_6,pick up the butter and place it in the basket,10,9,90.00,184.70,0.00,10,10,100.00,171.30,-10.00,13.40,-10.00
SmolVLA,LIBERO Object,fixed_foveation_keep20,Foveation,libero_object__task_7,pick up the milk and place it in the basket,10,9,90.00,156.80,0.00,10,10,100.00,158.60,-10.00,-1.80,-10.00
SmolVLA,LIBERO Object,fixed_foveation_keep20,Foveation,libero_object__task_8,pick up the chocolate pudding and place it in the basket,10,8,80.00,202.40,0.00,10,10,100.00,174.20,-20.00,28.20,-20.00
SmolVLA,LIBERO Object,fixed_foveation_keep20,Foveation,libero_object__task_9,pick up the orange juice and place it in the basket,10,9,90.00,160.30,0.00,10,8,80.00,163.20,10.00,-2.90,10.00
SmolVLA,LIBERO Object,fixed_foveation_keep50,Foveation,libero_object__task_0,pick up the alphabet soup and place it in the basket,10,4,40.00,244.80,0.00,10,9,90.00,166.40,-50.00,78.40,-50.00
SmolVLA,LIBERO Object,fixed_foveation_keep50,Foveation,libero_object__task_1,pick up the cream cheese and place it in the basket,10,7,70.00,190.20,0.00,10,9,90.00,172.90,-20.00,17.30,-20.00
SmolVLA,LIBERO Object,fixed_foveation_keep50,Foveation,libero_object__task_2,pick up the salad dressing and place it in the basket,10,10,100.00,131.00,0.00,10,10,100.00,131.70,0.00,-0.70,0.00
SmolVLA,LIBERO Object,fixed_foveation_keep50,Foveation,libero_object__task_3,pick up the bbq sauce and place it in the basket,10,9,90.00,147.60,0.00,10,10,100.00,144.10,-10.00,3.50,-10.00
SmolVLA,LIBERO Object,fixed_foveation_keep50,Foveation,libero_object__task_4,pick up the ketchup and place it in the basket,10,10,100.00,153.50,0.00,10,10,100.00,154.80,0.00,-1.30,0.00
SmolVLA,LIBERO Object,fixed_foveation_keep50,Foveation,libero_object__task_5,pick up the tomato sauce and place it in the basket,10,8,80.00,168.40,0.00,10,8,80.00,185.30,0.00,-16.90,0.00
SmolVLA,LIBERO Object,fixed_foveation_keep50,Foveation,libero_object__task_6,pick up the butter and place it in the basket,10,8,80.00,196.60,0.00,10,10,100.00,171.30,-20.00,25.30,-20.00
SmolVLA,LIBERO Object,fixed_foveation_keep50,Foveation,libero_object__task_7,pick up the milk and place it in the basket,10,8,80.00,170.30,0.00,10,10,100.00,158.60,-20.00,11.70,-20.00
SmolVLA,LIBERO Object,fixed_foveation_keep50,Foveation,libero_object__task_8,pick up the chocolate pudding and place it in the basket,10,8,80.00,200.20,0.00,10,10,100.00,174.20,-20.00,26.00,-20.00
SmolVLA,LIBERO Object,fixed_foveation_keep50,Foveation,libero_object__task_9,pick up the orange juice and place it in the basket,10,9,90.00,161.30,0.00,10,8,80.00,163.20,10.00,-1.90,10.00
SmolVLA,LIBERO Object,action_repeat2,Action repeat,libero_object__task_0,pick up the alphabet soup and place it in the basket,10,9,90.00,183.60,91.50,10,9,90.00,166.40,0.00,17.20,0.00
SmolVLA,LIBERO Object,action_repeat2,Action repeat,libero_object__task_1,pick up the cream cheese and place it in the basket,10,10,100.00,160.80,80.20,10,9,90.00,172.90,10.00,-12.10,10.00
SmolVLA,LIBERO Object,action_repeat2,Action repeat,libero_object__task_2,pick up the salad dressing and place it in the basket,10,10,100.00,137.20,68.40,10,10,100.00,131.70,0.00,5.50,0.00
SmolVLA,LIBERO Object,action_repeat2,Action repeat,libero_object__task_3,pick up the bbq sauce and place it in the basket,10,10,100.00,143.30,71.40,10,10,100.00,144.10,0.00,-0.80,0.00
SmolVLA,LIBERO Object,action_repeat2,Action repeat,libero_object__task_4,pick up the ketchup and place it in the basket,10,9,90.00,165.80,82.80,10,10,100.00,154.80,-10.00,11.00,-10.00
SmolVLA,LIBERO Object,action_repeat2,Action repeat,libero_object__task_5,pick up the tomato sauce and place it in the basket,10,7,70.00,187.60,93.50,10,8,80.00,185.30,-10.00,2.30,-10.00
SmolVLA,LIBERO Object,action_repeat2,Action repeat,libero_object__task_6,pick up the butter and place it in the basket,10,10,100.00,176.40,87.80,10,10,100.00,171.30,0.00,5.10,0.00
SmolVLA,LIBERO Object,action_repeat2,Action repeat,libero_object__task_7,pick up the milk and place it in the basket,10,8,80.00,171.40,85.40,10,10,100.00,158.60,-20.00,12.80,-20.00
SmolVLA,LIBERO Object,action_repeat2,Action repeat,libero_object__task_8,pick up the chocolate pudding and place it in the basket,10,9,90.00,181.90,90.80,10,10,100.00,174.20,-10.00,7.70,-10.00
SmolVLA,LIBERO Object,action_repeat2,Action repeat,libero_object__task_9,pick up the orange juice and place it in the basket,10,8,80.00,182.20,90.90,10,8,80.00,163.20,0.00,19.00,0.00
SmolVLA,LIBERO Object,action_repeat4,Action repeat,libero_object__task_0,pick up the alphabet soup and place it in the basket,10,9,90.00,183.70,137.30,10,9,90.00,166.40,0.00,17.30,0.00
SmolVLA,LIBERO Object,action_repeat4,Action repeat,libero_object__task_1,pick up the cream cheese and place it in the basket,10,3,30.00,247.20,185.40,10,9,90.00,172.90,-60.00,74.30,-60.00
SmolVLA,LIBERO Object,action_repeat4,Action repeat,libero_object__task_2,pick up the salad dressing and place it in the basket,10,8,80.00,183.30,137.20,10,10,100.00,131.70,-20.00,51.60,-20.00
SmolVLA,LIBERO Object,action_repeat4,Action repeat,libero_object__task_3,pick up the bbq sauce and place it in the basket,10,7,70.00,191.90,143.70,10,10,100.00,144.10,-30.00,47.80,-30.00
SmolVLA,LIBERO Object,action_repeat4,Action repeat,libero_object__task_4,pick up the ketchup and place it in the basket,10,10,100.00,170.00,127.10,10,10,100.00,154.80,0.00,15.20,0.00
SmolVLA,LIBERO Object,action_repeat4,Action repeat,libero_object__task_5,pick up the tomato sauce and place it in the basket,10,7,70.00,194.40,145.50,10,8,80.00,185.30,-10.00,9.10,-10.00
SmolVLA,LIBERO Object,action_repeat4,Action repeat,libero_object__task_6,pick up the butter and place it in the basket,10,7,70.00,216.60,162.30,10,10,100.00,171.30,-30.00,45.30,-30.00
SmolVLA,LIBERO Object,action_repeat4,Action repeat,libero_object__task_7,pick up the milk and place it in the basket,10,7,70.00,201.10,150.70,10,10,100.00,158.60,-30.00,42.50,-30.00
SmolVLA,LIBERO Object,action_repeat4,Action repeat,libero_object__task_8,pick up the chocolate pudding and place it in the basket,10,9,90.00,195.00,146.10,10,10,100.00,174.20,-10.00,20.80,-10.00
SmolVLA,LIBERO Object,action_repeat4,Action repeat,libero_object__task_9,pick up the orange juice and place it in the basket,10,4,40.00,237.00,177.50,10,8,80.00,163.20,-40.00,73.80,-40.00
SmolVLA,LIBERO Object,depth_pruning1,Depth pruning,libero_object__task_0,pick up the alphabet soup and place it in the basket,10,2,20.00,259.50,0.00,10,9,90.00,166.40,-70.00,93.10,-70.00
SmolVLA,LIBERO Object,depth_pruning1,Depth pruning,libero_object__task_1,pick up the cream cheese and place it in the basket,10,6,60.00,215.60,0.00,10,9,90.00,172.90,-30.00,42.70,-30.00
SmolVLA,LIBERO Object,depth_pruning1,Depth pruning,libero_object__task_2,pick up the salad dressing and place it in the basket,10,10,100.00,131.60,0.00,10,10,100.00,131.70,0.00,-0.10,0.00
SmolVLA,LIBERO Object,depth_pruning1,Depth pruning,libero_object__task_3,pick up the bbq sauce and place it in the basket,10,10,100.00,143.00,0.00,10,10,100.00,144.10,0.00,-1.10,0.00
SmolVLA,LIBERO Object,depth_pruning1,Depth pruning,libero_object__task_4,pick up the ketchup and place it in the basket,10,8,80.00,187.50,0.00,10,10,100.00,154.80,-20.00,32.70,-20.00
SmolVLA,LIBERO Object,depth_pruning1,Depth pruning,libero_object__task_5,pick up the tomato sauce and place it in the basket,10,4,40.00,242.70,0.00,10,8,80.00,185.30,-40.00,57.40,-40.00
SmolVLA,LIBERO Object,depth_pruning1,Depth pruning,libero_object__task_6,pick up the butter and place it in the basket,10,8,80.00,202.80,0.00,10,10,100.00,171.30,-20.00,31.50,-20.00
SmolVLA,LIBERO Object,depth_pruning1,Depth pruning,libero_object__task_7,pick up the milk and place it in the basket,10,6,60.00,204.10,0.00,10,10,100.00,158.60,-40.00,45.50,-40.00
SmolVLA,LIBERO Object,depth_pruning1,Depth pruning,libero_object__task_8,pick up the chocolate pudding and place it in the basket,10,10,100.00,190.10,0.00,10,10,100.00,174.20,0.00,15.90,0.00
SmolVLA,LIBERO Object,depth_pruning1,Depth pruning,libero_object__task_9,pick up the orange juice and place it in the basket,10,9,90.00,156.60,0.00,10,8,80.00,163.20,10.00,-6.60,10.00
SmolVLA,LIBERO Object,depth_pruning2,Depth pruning,libero_object__task_0,pick up the alphabet soup and place it in the basket,10,0,0.00,280.00,0.00,10,9,90.00,166.40,-90.00,113.60,-90.00
SmolVLA,LIBERO Object,depth_pruning2,Depth pruning,libero_object__task_1,pick up the cream cheese and place it in the basket,10,4,40.00,245.30,0.00,10,9,90.00,172.90,-50.00,72.40,-50.00
SmolVLA,LIBERO Object,depth_pruning2,Depth pruning,libero_object__task_2,pick up the salad dressing and place it in the basket,10,7,70.00,179.80,0.00,10,10,100.00,131.70,-30.00,48.10,-30.00
SmolVLA,LIBERO Object,depth_pruning2,Depth pruning,libero_object__task_3,pick up the bbq sauce and place it in the basket,10,7,70.00,186.30,0.00,10,10,100.00,144.10,-30.00,42.20,-30.00
SmolVLA,LIBERO Object,depth_pruning2,Depth pruning,libero_object__task_4,pick up the ketchup and place it in the basket,10,1,10.00,268.10,0.00,10,10,100.00,154.80,-90.00,113.30,-90.00
SmolVLA,LIBERO Object,depth_pruning2,Depth pruning,libero_object__task_5,pick up the tomato sauce and place it in the basket,10,2,20.00,258.50,0.00,10,8,80.00,185.30,-60.00,73.20,-60.00
SmolVLA,LIBERO Object,depth_pruning2,Depth pruning,libero_object__task_6,pick up the butter and place it in the basket,10,8,80.00,192.30,0.00,10,10,100.00,171.30,-20.00,21.00,-20.00
SmolVLA,LIBERO Object,depth_pruning2,Depth pruning,libero_object__task_7,pick up the milk and place it in the basket,10,0,0.00,280.00,0.00,10,10,100.00,158.60,-100.00,121.40,-100.00
SmolVLA,LIBERO Object,depth_pruning2,Depth pruning,libero_object__task_8,pick up the chocolate pudding and place it in the basket,10,9,90.00,195.70,0.00,10,10,100.00,174.20,-10.00,21.50,-10.00
SmolVLA,LIBERO Object,depth_pruning2,Depth pruning,libero_object__task_9,pick up the orange juice and place it in the basket,10,2,20.00,252.40,0.00,10,8,80.00,163.20,-60.00,89.20,-60.00
SmolVLA,LIBERO Object,depth_pruning4,Depth pruning,libero_object__task_0,pick up the alphabet soup and place it in the basket,10,0,0.00,280.00,0.00,10,9,90.00,166.40,-90.00,113.60,-90.00
SmolVLA,LIBERO Object,depth_pruning4,Depth pruning,libero_object__task_1,pick up the cream cheese and place it in the basket,10,0,0.00,280.00,0.00,10,9,90.00,172.90,-90.00,107.10,-90.00
SmolVLA,LIBERO Object,depth_pruning4,Depth pruning,libero_object__task_2,pick up the salad dressing and place it in the basket,10,6,60.00,209.20,0.00,10,10,100.00,131.70,-40.00,77.50,-40.00
SmolVLA,LIBERO Object,depth_pruning4,Depth pruning,libero_object__task_3,pick up the bbq sauce and place it in the basket,10,3,30.00,246.70,0.00,10,10,100.00,144.10,-70.00,102.60,-70.00
SmolVLA,LIBERO Object,depth_pruning4,Depth pruning,libero_object__task_4,pick up the ketchup and place it in the basket,10,0,0.00,280.00,0.00,10,10,100.00,154.80,-100.00,125.20,-100.00
SmolVLA,LIBERO Object,depth_pruning4,Depth pruning,libero_object__task_5,pick up the tomato sauce and place it in the basket,10,0,0.00,280.00,0.00,10,8,80.00,185.30,-80.00,94.70,-80.00
SmolVLA,LIBERO Object,depth_pruning4,Depth pruning,libero_object__task_6,pick up the butter and place it in the basket,10,1,10.00,269.50,0.00,10,10,100.00,171.30,-90.00,98.20,-90.00
SmolVLA,LIBERO Object,depth_pruning4,Depth pruning,libero_object__task_7,pick up the milk and place it in the basket,10,0,0.00,280.00,0.00,10,10,100.00,158.60,-100.00,121.40,-100.00
SmolVLA,LIBERO Object,depth_pruning4,Depth pruning,libero_object__task_8,pick up the chocolate pudding and place it in the basket,10,2,20.00,261.00,0.00,10,10,100.00,174.20,-80.00,86.80,-80.00
SmolVLA,LIBERO Object,depth_pruning4,Depth pruning,libero_object__task_9,pick up the orange juice and place it in the basket,10,1,10.00,274.10,0.00,10,8,80.00,163.20,-70.00,110.90,-70.00
SmolVLA,LIBERO Object,guarded_reuse_strict,Guarded reuse,libero_object__task_0,pick up the alphabet soup and place it in the basket,10,7,70.00,190.30,0.30,10,9,90.00,166.40,-20.00,23.90,-20.00
SmolVLA,LIBERO Object,guarded_reuse_strict,Guarded reuse,libero_object__task_1,pick up the cream cheese and place it in the basket,10,9,90.00,166.80,0.20,10,9,90.00,172.90,0.00,-6.10,0.00
SmolVLA,LIBERO Object,guarded_reuse_strict,Guarded reuse,libero_object__task_2,pick up the salad dressing and place it in the basket,10,10,100.00,129.60,0.00,10,10,100.00,131.70,0.00,-2.10,0.00
SmolVLA,LIBERO Object,guarded_reuse_strict,Guarded reuse,libero_object__task_3,pick up the bbq sauce and place it in the basket,10,10,100.00,146.70,0.10,10,10,100.00,144.10,0.00,2.60,0.00
SmolVLA,LIBERO Object,guarded_reuse_strict,Guarded reuse,libero_object__task_4,pick up the ketchup and place it in the basket,10,8,80.00,177.50,0.00,10,10,100.00,154.80,-20.00,22.70,-20.00
SmolVLA,LIBERO Object,guarded_reuse_strict,Guarded reuse,libero_object__task_5,pick up the tomato sauce and place it in the basket,10,7,70.00,184.00,0.40,10,8,80.00,185.30,-10.00,-1.30,-10.00
SmolVLA,LIBERO Object,guarded_reuse_strict,Guarded reuse,libero_object__task_6,pick up the butter and place it in the basket,10,9,90.00,185.10,0.10,10,10,100.00,171.30,-10.00,13.80,-10.00
SmolVLA,LIBERO Object,guarded_reuse_strict,Guarded reuse,libero_object__task_7,pick up the milk and place it in the basket,10,9,90.00,161.00,0.00,10,10,100.00,158.60,-10.00,2.40,-10.00
SmolVLA,LIBERO Object,guarded_reuse_strict,Guarded reuse,libero_object__task_8,pick up the chocolate pudding and place it in the basket,10,10,100.00,169.20,0.00,10,10,100.00,174.20,0.00,-5.00,0.00
SmolVLA,LIBERO Object,guarded_reuse_strict,Guarded reuse,libero_object__task_9,pick up the orange juice and place it in the basket,10,10,100.00,134.40,0.10,10,8,80.00,163.20,20.00,-28.80,20.00
SmolVLA,LIBERO Object,guarded_reuse_moderate,Guarded reuse,libero_object__task_0,pick up the alphabet soup and place it in the basket,10,7,70.00,190.30,0.60,10,9,90.00,166.40,-20.00,23.90,-20.00
SmolVLA,LIBERO Object,guarded_reuse_moderate,Guarded reuse,libero_object__task_1,pick up the cream cheese and place it in the basket,10,9,90.00,166.80,0.20,10,9,90.00,172.90,0.00,-6.10,0.00
SmolVLA,LIBERO Object,guarded_reuse_moderate,Guarded reuse,libero_object__task_2,pick up the salad dressing and place it in the basket,10,10,100.00,129.90,0.20,10,10,100.00,131.70,0.00,-1.80,0.00
SmolVLA,LIBERO Object,guarded_reuse_moderate,Guarded reuse,libero_object__task_3,pick up the bbq sauce and place it in the basket,10,10,100.00,146.50,0.20,10,10,100.00,144.10,0.00,2.40,0.00
SmolVLA,LIBERO Object,guarded_reuse_moderate,Guarded reuse,libero_object__task_4,pick up the ketchup and place it in the basket,10,8,80.00,177.50,0.00,10,10,100.00,154.80,-20.00,22.70,-20.00
SmolVLA,LIBERO Object,guarded_reuse_moderate,Guarded reuse,libero_object__task_5,pick up the tomato sauce and place it in the basket,10,7,70.00,184.10,1.50,10,8,80.00,185.30,-10.00,-1.20,-10.00
SmolVLA,LIBERO Object,guarded_reuse_moderate,Guarded reuse,libero_object__task_6,pick up the butter and place it in the basket,10,9,90.00,186.50,0.40,10,10,100.00,171.30,-10.00,15.20,-10.00
SmolVLA,LIBERO Object,guarded_reuse_moderate,Guarded reuse,libero_object__task_7,pick up the milk and place it in the basket,10,9,90.00,161.20,0.10,10,10,100.00,158.60,-10.00,2.60,-10.00
SmolVLA,LIBERO Object,guarded_reuse_moderate,Guarded reuse,libero_object__task_8,pick up the chocolate pudding and place it in the basket,10,10,100.00,169.20,0.00,10,10,100.00,174.20,0.00,-5.00,0.00
SmolVLA,LIBERO Object,guarded_reuse_moderate,Guarded reuse,libero_object__task_9,pick up the orange juice and place it in the basket,10,10,100.00,140.30,0.50,10,8,80.00,163.20,20.00,-22.90,20.00
SmolVLA,LIBERO Object,guarded_reuse_aggressive,Guarded reuse,libero_object__task_0,pick up the alphabet soup and place it in the basket,10,8,80.00,178.70,3.10,10,9,90.00,166.40,-10.00,12.30,-10.00
SmolVLA,LIBERO Object,guarded_reuse_aggressive,Guarded reuse,libero_object__task_1,pick up the cream cheese and place it in the basket,10,10,100.00,157.90,1.40,10,9,90.00,172.90,10.00,-15.00,10.00
SmolVLA,LIBERO Object,guarded_reuse_aggressive,Guarded reuse,libero_object__task_2,pick up the salad dressing and place it in the basket,10,10,100.00,130.10,0.60,10,10,100.00,131.70,0.00,-1.60,0.00
SmolVLA,LIBERO Object,guarded_reuse_aggressive,Guarded reuse,libero_object__task_3,pick up the bbq sauce and place it in the basket,10,10,100.00,138.80,1.90,10,10,100.00,144.10,0.00,-5.30,0.00
SmolVLA,LIBERO Object,guarded_reuse_aggressive,Guarded reuse,libero_object__task_4,pick up the ketchup and place it in the basket,10,8,80.00,178.20,1.30,10,10,100.00,154.80,-20.00,23.40,-20.00
SmolVLA,LIBERO Object,guarded_reuse_aggressive,Guarded reuse,libero_object__task_5,pick up the tomato sauce and place it in the basket,10,7,70.00,183.20,8.30,10,8,80.00,185.30,-10.00,-2.10,-10.00
SmolVLA,LIBERO Object,guarded_reuse_aggressive,Guarded reuse,libero_object__task_6,pick up the butter and place it in the basket,10,9,90.00,190.70,2.30,10,10,100.00,171.30,-10.00,19.40,-10.00
SmolVLA,LIBERO Object,guarded_reuse_aggressive,Guarded reuse,libero_object__task_7,pick up the milk and place it in the basket,10,8,80.00,167.60,1.20,10,10,100.00,158.60,-20.00,9.00,-20.00
SmolVLA,LIBERO Object,guarded_reuse_aggressive,Guarded reuse,libero_object__task_8,pick up the chocolate pudding and place it in the basket,10,10,100.00,168.10,0.50,10,10,100.00,174.20,0.00,-6.10,0.00
SmolVLA,LIBERO Object,guarded_reuse_aggressive,Guarded reuse,libero_object__task_9,pick up the orange juice and place it in the basket,10,10,100.00,142.70,2.70,10,8,80.00,163.20,20.00,-20.50,20.00
SmolVLA,LIBERO Object,temporal_fusion_motion_entropy,Temporal fusion,libero_object__task_0,pick up the alphabet soup and place it in the basket,10,8,80.00,182.40,0.00,10,9,90.00,166.40,-10.00,16.00,-10.00
SmolVLA,LIBERO Object,temporal_fusion_motion_entropy,Temporal fusion,libero_object__task_1,pick up the cream cheese and place it in the basket,10,9,90.00,165.70,0.00,10,9,90.00,172.90,0.00,-7.20,0.00
SmolVLA,LIBERO Object,temporal_fusion_motion_entropy,Temporal fusion,libero_object__task_2,pick up the salad dressing and place it in the basket,10,10,100.00,131.10,0.00,10,10,100.00,131.70,0.00,-0.60,0.00
SmolVLA,LIBERO Object,temporal_fusion_motion_entropy,Temporal fusion,libero_object__task_3,pick up the bbq sauce and place it in the basket,10,10,100.00,144.60,0.00,10,10,100.00,144.10,0.00,0.50,0.00
SmolVLA,LIBERO Object,temporal_fusion_motion_entropy,Temporal fusion,libero_object__task_4,pick up the ketchup and place it in the basket,10,8,80.00,176.70,0.00,10,10,100.00,154.80,-20.00,21.90,-20.00
SmolVLA,LIBERO Object,temporal_fusion_motion_entropy,Temporal fusion,libero_object__task_5,pick up the tomato sauce and place it in the basket,10,7,70.00,182.90,0.00,10,8,80.00,185.30,-10.00,-2.40,-10.00
SmolVLA,LIBERO Object,temporal_fusion_motion_entropy,Temporal fusion,libero_object__task_6,pick up the butter and place it in the basket,10,9,90.00,184.50,0.00,10,10,100.00,171.30,-10.00,13.20,-10.00
SmolVLA,LIBERO Object,temporal_fusion_motion_entropy,Temporal fusion,libero_object__task_7,pick up the milk and place it in the basket,10,9,90.00,163.00,0.00,10,10,100.00,158.60,-10.00,4.40,-10.00
SmolVLA,LIBERO Object,temporal_fusion_motion_entropy,Temporal fusion,libero_object__task_8,pick up the chocolate pudding and place it in the basket,10,10,100.00,170.80,0.00,10,10,100.00,174.20,0.00,-3.40,0.00
SmolVLA,LIBERO Object,temporal_fusion_motion_entropy,Temporal fusion,libero_object__task_9,pick up the orange juice and place it in the basket,10,10,100.00,133.40,0.00,10,8,80.00,163.20,20.00,-29.80,20.00
SmolVLA,LIBERO Object,temporal_fusion_task_aware,Temporal fusion,libero_object__task_0,pick up the alphabet soup and place it in the basket,10,8,80.00,182.10,0.00,10,9,90.00,166.40,-10.00,15.70,-10.00
SmolVLA,LIBERO Object,temporal_fusion_task_aware,Temporal fusion,libero_object__task_1,pick up the cream cheese and place it in the basket,10,9,90.00,171.20,0.00,10,9,90.00,172.90,0.00,-1.70,0.00
SmolVLA,LIBERO Object,temporal_fusion_task_aware,Temporal fusion,libero_object__task_2,pick up the salad dressing and place it in the basket,10,10,100.00,129.50,0.00,10,10,100.00,131.70,0.00,-2.20,0.00
SmolVLA,LIBERO Object,temporal_fusion_task_aware,Temporal fusion,libero_object__task_3,pick up the bbq sauce and place it in the basket,10,10,100.00,142.60,0.00,10,10,100.00,144.10,0.00,-1.50,0.00
SmolVLA,LIBERO Object,temporal_fusion_task_aware,Temporal fusion,libero_object__task_4,pick up the ketchup and place it in the basket,10,8,80.00,180.40,0.00,10,10,100.00,154.80,-20.00,25.60,-20.00
SmolVLA,LIBERO Object,temporal_fusion_task_aware,Temporal fusion,libero_object__task_5,pick up the tomato sauce and place it in the basket,10,7,70.00,184.60,0.00,10,8,80.00,185.30,-10.00,-0.70,-10.00
SmolVLA,LIBERO Object,temporal_fusion_task_aware,Temporal fusion,libero_object__task_6,pick up the butter and place it in the basket,10,9,90.00,176.70,0.00,10,10,100.00,171.30,-10.00,5.40,-10.00
SmolVLA,LIBERO Object,temporal_fusion_task_aware,Temporal fusion,libero_object__task_7,pick up the milk and place it in the basket,10,9,90.00,155.30,0.00,10,10,100.00,158.60,-10.00,-3.30,-10.00
SmolVLA,LIBERO Object,temporal_fusion_task_aware,Temporal fusion,libero_object__task_8,pick up the chocolate pudding and place it in the basket,10,10,100.00,167.20,0.00,10,10,100.00,174.20,0.00,-7.00,0.00
SmolVLA,LIBERO Object,temporal_fusion_task_aware,Temporal fusion,libero_object__task_9,pick up the orange juice and place it in the basket,10,10,100.00,132.40,0.00,10,8,80.00,163.20,20.00,-30.80,20.00
SmolVLA,LIBERO Object,temporal_fusion_conservative_adaptive,Temporal fusion,libero_object__task_0,pick up the alphabet soup and place it in the basket,10,7,70.00,192.50,0.00,10,9,90.00,166.40,-20.00,26.10,-20.00
SmolVLA,LIBERO Object,temporal_fusion_conservative_adaptive,Temporal fusion,libero_object__task_1,pick up the cream cheese and place it in the basket,10,9,90.00,160.80,0.00,10,9,90.00,172.90,0.00,-12.10,0.00
SmolVLA,LIBERO Object,temporal_fusion_conservative_adaptive,Temporal fusion,libero_object__task_2,pick up the salad dressing and place it in the basket,10,10,100.00,128.30,0.00,10,10,100.00,131.70,0.00,-3.40,0.00
SmolVLA,LIBERO Object,temporal_fusion_conservative_adaptive,Temporal fusion,libero_object__task_3,pick up the bbq sauce and place it in the basket,10,10,100.00,146.00,0.00,10,10,100.00,144.10,0.00,1.90,0.00
SmolVLA,LIBERO Object,temporal_fusion_conservative_adaptive,Temporal fusion,libero_object__task_4,pick up the ketchup and place it in the basket,10,8,80.00,176.50,0.00,10,10,100.00,154.80,-20.00,21.70,-20.00
SmolVLA,LIBERO Object,temporal_fusion_conservative_adaptive,Temporal fusion,libero_object__task_5,pick up the tomato sauce and place it in the basket,10,6,60.00,196.00,0.00,10,8,80.00,185.30,-20.00,10.70,-20.00
SmolVLA,LIBERO Object,temporal_fusion_conservative_adaptive,Temporal fusion,libero_object__task_6,pick up the butter and place it in the basket,10,9,90.00,177.40,0.00,10,10,100.00,171.30,-10.00,6.10,-10.00
SmolVLA,LIBERO Object,temporal_fusion_conservative_adaptive,Temporal fusion,libero_object__task_7,pick up the milk and place it in the basket,10,8,80.00,168.20,0.00,10,10,100.00,158.60,-20.00,9.60,-20.00
SmolVLA,LIBERO Object,temporal_fusion_conservative_adaptive,Temporal fusion,libero_object__task_8,pick up the chocolate pudding and place it in the basket,10,10,100.00,169.50,0.00,10,10,100.00,174.20,0.00,-4.70,0.00
SmolVLA,LIBERO Object,temporal_fusion_conservative_adaptive,Temporal fusion,libero_object__task_9,pick up the orange juice and place it in the basket,10,9,90.00,150.30,0.00,10,8,80.00,163.20,10.00,-12.90,10.00
OpenVLA,LIBERO Spatial,original,Original,libero_spatial__task_0,pick up the black bowl between the plate and the ramekin and place it on the plate,10,8,80.00,108.30,0.00,10,8,80.00,108.30,0.00,0.00,0.00
OpenVLA,LIBERO Spatial,original,Original,libero_spatial__task_1,pick up the black bowl next to the ramekin and place it on the plate,10,7,70.00,151.50,0.00,10,7,70.00,151.50,0.00,0.00,0.00
OpenVLA,LIBERO Spatial,original,Original,libero_spatial__task_2,pick up the black bowl from table center and place it on the plate,10,8,80.00,131.80,0.00,10,8,80.00,131.80,0.00,0.00,0.00
OpenVLA,LIBERO Spatial,original,Original,libero_spatial__task_3,pick up the black bowl on the cookie box and place it on the plate,10,8,80.00,115.90,0.00,10,8,80.00,115.90,0.00,0.00,0.00
OpenVLA,LIBERO Spatial,original,Original,libero_spatial__task_4,pick up the black bowl in the top drawer of the wooden cabinet and place it on the plate,10,8,80.00,145.40,0.00,10,8,80.00,145.40,0.00,0.00,0.00
OpenVLA,LIBERO Spatial,original,Original,libero_spatial__task_5,pick up the black bowl on the ramekin and place it on the plate,10,9,90.00,109.60,0.00,10,9,90.00,109.60,0.00,0.00,0.00
OpenVLA,LIBERO Spatial,original,Original,libero_spatial__task_6,pick up the black bowl next to the cookie box and place it on the plate,10,9,90.00,114.20,0.00,10,9,90.00,114.20,0.00,0.00,0.00
OpenVLA,LIBERO Spatial,original,Original,libero_spatial__task_7,pick up the black bowl on the stove and place it on the plate,10,8,80.00,143.90,0.00,10,8,80.00,143.90,0.00,0.00,0.00
OpenVLA,LIBERO Spatial,original,Original,libero_spatial__task_8,pick up the black bowl next to the plate and place it on the plate,10,6,60.00,162.00,0.00,10,6,60.00,162.00,0.00,0.00,0.00
OpenVLA,LIBERO Spatial,original,Original,libero_spatial__task_9,pick up the black bowl on the wooden cabinet and place it on the plate,10,7,70.00,156.50,0.00,10,7,70.00,156.50,0.00,0.00,0.00
OpenVLA,LIBERO Spatial,fixed_foveation_keep20,Foveation,libero_spatial__task_0,pick up the black bowl between the plate and the ramekin and place it on the plate,10,7,70.00,130.50,0.00,10,8,80.00,108.30,-10.00,22.20,-10.00
OpenVLA,LIBERO Spatial,fixed_foveation_keep20,Foveation,libero_spatial__task_1,pick up the black bowl next to the ramekin and place it on the plate,10,4,40.00,179.80,0.00,10,7,70.00,151.50,-30.00,28.30,-30.00
OpenVLA,LIBERO Spatial,fixed_foveation_keep20,Foveation,libero_spatial__task_2,pick up the black bowl from table center and place it on the plate,10,6,60.00,156.90,0.00,10,8,80.00,131.80,-20.00,25.10,-20.00
OpenVLA,LIBERO Spatial,fixed_foveation_keep20,Foveation,libero_spatial__task_3,pick up the black bowl on the cookie box and place it on the plate,10,8,80.00,114.80,0.00,10,8,80.00,115.90,0.00,-1.10,0.00
OpenVLA,LIBERO Spatial,fixed_foveation_keep20,Foveation,libero_spatial__task_4,pick up the black bowl in the top drawer of the wooden cabinet and place it on the plate,10,4,40.00,186.50,0.00,10,8,80.00,145.40,-40.00,41.10,-40.00
OpenVLA,LIBERO Spatial,fixed_foveation_keep20,Foveation,libero_spatial__task_5,pick up the black bowl on the ramekin and place it on the plate,10,4,40.00,171.90,0.00,10,9,90.00,109.60,-50.00,62.30,-50.00
OpenVLA,LIBERO Spatial,fixed_foveation_keep20,Foveation,libero_spatial__task_6,pick up the black bowl next to the cookie box and place it on the plate,10,8,80.00,127.20,0.00,10,9,90.00,114.20,-10.00,13.00,-10.00
OpenVLA,LIBERO Spatial,fixed_foveation_keep20,Foveation,libero_spatial__task_7,pick up the black bowl on the stove and place it on the plate,10,7,70.00,163.60,0.00,10,8,80.00,143.90,-10.00,19.70,-10.00
OpenVLA,LIBERO Spatial,fixed_foveation_keep20,Foveation,libero_spatial__task_8,pick up the black bowl next to the plate and place it on the plate,10,7,70.00,155.40,0.00,10,6,60.00,162.00,10.00,-6.60,10.00
OpenVLA,LIBERO Spatial,fixed_foveation_keep20,Foveation,libero_spatial__task_9,pick up the black bowl on the wooden cabinet and place it on the plate,10,0,0.00,220.00,0.00,10,7,70.00,156.50,-70.00,63.50,-70.00
OpenVLA,LIBERO Spatial,fixed_foveation_keep50,Foveation,libero_spatial__task_0,pick up the black bowl between the plate and the ramekin and place it on the plate,10,10,100.00,78.30,0.00,10,8,80.00,108.30,20.00,-30.00,20.00
OpenVLA,LIBERO Spatial,fixed_foveation_keep50,Foveation,libero_spatial__task_1,pick up the black bowl next to the ramekin and place it on the plate,10,8,80.00,144.60,0.00,10,7,70.00,151.50,10.00,-6.90,10.00
OpenVLA,LIBERO Spatial,fixed_foveation_keep50,Foveation,libero_spatial__task_2,pick up the black bowl from table center and place it on the plate,10,9,90.00,141.10,0.00,10,8,80.00,131.80,10.00,9.30,10.00
OpenVLA,LIBERO Spatial,fixed_foveation_keep50,Foveation,libero_spatial__task_3,pick up the black bowl on the cookie box and place it on the plate,10,10,100.00,96.10,0.00,10,8,80.00,115.90,20.00,-19.80,20.00
OpenVLA,LIBERO Spatial,fixed_foveation_keep50,Foveation,libero_spatial__task_4,pick up the black bowl in the top drawer of the wooden cabinet and place it on the plate,10,7,70.00,157.00,0.00,10,8,80.00,145.40,-10.00,11.60,-10.00
OpenVLA,LIBERO Spatial,fixed_foveation_keep50,Foveation,libero_spatial__task_5,pick up the black bowl on the ramekin and place it on the plate,10,9,90.00,107.60,0.00,10,9,90.00,109.60,0.00,-2.00,0.00
OpenVLA,LIBERO Spatial,fixed_foveation_keep50,Foveation,libero_spatial__task_6,pick up the black bowl next to the cookie box and place it on the plate,10,10,100.00,107.10,0.00,10,9,90.00,114.20,10.00,-7.10,10.00
OpenVLA,LIBERO Spatial,fixed_foveation_keep50,Foveation,libero_spatial__task_7,pick up the black bowl on the stove and place it on the plate,10,9,90.00,136.70,0.00,10,8,80.00,143.90,10.00,-7.20,10.00
OpenVLA,LIBERO Spatial,fixed_foveation_keep50,Foveation,libero_spatial__task_8,pick up the black bowl next to the plate and place it on the plate,10,5,50.00,160.90,0.00,10,6,60.00,162.00,-10.00,-1.10,-10.00
OpenVLA,LIBERO Spatial,fixed_foveation_keep50,Foveation,libero_spatial__task_9,pick up the black bowl on the wooden cabinet and place it on the plate,10,6,60.00,164.60,0.00,10,7,70.00,156.50,-10.00,8.10,-10.00
OpenVLA,LIBERO Spatial,action_repeat2,Action repeat,libero_spatial__task_0,pick up the black bowl between the plate and the ramekin and place it on the plate,10,8,80.00,107.60,53.70,10,8,80.00,108.30,0.00,-0.70,0.00
OpenVLA,LIBERO Spatial,action_repeat2,Action repeat,libero_spatial__task_1,pick up the black bowl next to the ramekin and place it on the plate,10,3,30.00,191.70,95.80,10,7,70.00,151.50,-40.00,40.20,-40.00
OpenVLA,LIBERO Spatial,action_repeat2,Action repeat,libero_spatial__task_2,pick up the black bowl from table center and place it on the plate,10,7,70.00,144.80,72.20,10,8,80.00,131.80,-10.00,13.00,-10.00
OpenVLA,LIBERO Spatial,action_repeat2,Action repeat,libero_spatial__task_3,pick up the black bowl on the cookie box and place it on the plate,10,9,90.00,106.50,52.90,10,8,80.00,115.90,10.00,-9.40,10.00
OpenVLA,LIBERO Spatial,action_repeat2,Action repeat,libero_spatial__task_4,pick up the black bowl in the top drawer of the wooden cabinet and place it on the plate,10,8,80.00,150.80,75.30,10,8,80.00,145.40,0.00,5.40,0.00
OpenVLA,LIBERO Spatial,action_repeat2,Action repeat,libero_spatial__task_5,pick up the black bowl on the ramekin and place it on the plate,10,8,80.00,123.70,61.70,10,9,90.00,109.60,-10.00,14.10,-10.00
OpenVLA,LIBERO Spatial,action_repeat2,Action repeat,libero_spatial__task_6,pick up the black bowl next to the cookie box and place it on the plate,10,9,90.00,118.80,59.20,10,9,90.00,114.20,0.00,4.60,0.00
OpenVLA,LIBERO Spatial,action_repeat2,Action repeat,libero_spatial__task_7,pick up the black bowl on the stove and place it on the plate,10,9,90.00,136.80,68.20,10,8,80.00,143.90,10.00,-7.10,10.00
OpenVLA,LIBERO Spatial,action_repeat2,Action repeat,libero_spatial__task_8,pick up the black bowl next to the plate and place it on the plate,10,7,70.00,151.70,75.70,10,6,60.00,162.00,10.00,-10.30,10.00
OpenVLA,LIBERO Spatial,action_repeat2,Action repeat,libero_spatial__task_9,pick up the black bowl on the wooden cabinet and place it on the plate,10,4,40.00,188.10,93.90,10,7,70.00,156.50,-30.00,31.60,-30.00
OpenVLA,LIBERO Spatial,action_repeat4,Action repeat,libero_spatial__task_0,pick up the black bowl between the plate and the ramekin and place it on the plate,10,4,40.00,174.00,130.40,10,8,80.00,108.30,-40.00,65.70,-40.00
OpenVLA,LIBERO Spatial,action_repeat4,Action repeat,libero_spatial__task_1,pick up the black bowl next to the ramekin and place it on the plate,10,2,20.00,202.60,151.90,10,7,70.00,151.50,-50.00,51.10,-50.00
OpenVLA,LIBERO Spatial,action_repeat4,Action repeat,libero_spatial__task_2,pick up the black bowl from table center and place it on the plate,10,8,80.00,143.60,107.40,10,8,80.00,131.80,0.00,11.80,0.00
OpenVLA,LIBERO Spatial,action_repeat4,Action repeat,libero_spatial__task_3,pick up the black bowl on the cookie box and place it on the plate,10,6,60.00,154.30,115.50,10,8,80.00,115.90,-20.00,38.40,-20.00
OpenVLA,LIBERO Spatial,action_repeat4,Action repeat,libero_spatial__task_4,pick up the black bowl in the top drawer of the wooden cabinet and place it on the plate,10,3,30.00,196.50,147.20,10,8,80.00,145.40,-50.00,51.10,-50.00
OpenVLA,LIBERO Spatial,action_repeat4,Action repeat,libero_spatial__task_5,pick up the black bowl on the ramekin and place it on the plate,10,4,40.00,196.30,147.10,10,9,90.00,109.60,-50.00,86.70,-50.00
OpenVLA,LIBERO Spatial,action_repeat4,Action repeat,libero_spatial__task_6,pick up the black bowl next to the cookie box and place it on the plate,10,9,90.00,133.00,99.50,10,9,90.00,114.20,0.00,18.80,0.00
OpenVLA,LIBERO Spatial,action_repeat4,Action repeat,libero_spatial__task_7,pick up the black bowl on the stove and place it on the plate,10,5,50.00,174.80,130.90,10,8,80.00,143.90,-30.00,30.90,-30.00
OpenVLA,LIBERO Spatial,action_repeat4,Action repeat,libero_spatial__task_8,pick up the black bowl next to the plate and place it on the plate,10,3,30.00,188.10,141.00,10,6,60.00,162.00,-30.00,26.10,-30.00
OpenVLA,LIBERO Spatial,action_repeat4,Action repeat,libero_spatial__task_9,pick up the black bowl on the wooden cabinet and place it on the plate,10,3,30.00,199.20,149.30,10,7,70.00,156.50,-40.00,42.70,-40.00
OpenVLA,LIBERO Spatial,depth_pruning1,Depth pruning,libero_spatial__task_0,pick up the black bowl between the plate and the ramekin and place it on the plate,10,8,80.00,109.10,0.00,10,8,80.00,108.30,0.00,0.80,0.00
OpenVLA,LIBERO Spatial,depth_pruning1,Depth pruning,libero_spatial__task_1,pick up the black bowl next to the ramekin and place it on the plate,10,5,50.00,171.70,0.00,10,7,70.00,151.50,-20.00,20.20,-20.00
OpenVLA,LIBERO Spatial,depth_pruning1,Depth pruning,libero_spatial__task_2,pick up the black bowl from table center and place it on the plate,10,4,40.00,173.50,0.00,10,8,80.00,131.80,-40.00,41.70,-40.00
OpenVLA,LIBERO Spatial,depth_pruning1,Depth pruning,libero_spatial__task_3,pick up the black bowl on the cookie box and place it on the plate,10,8,80.00,114.20,0.00,10,8,80.00,115.90,0.00,-1.70,0.00
OpenVLA,LIBERO Spatial,depth_pruning1,Depth pruning,libero_spatial__task_4,pick up the black bowl in the top drawer of the wooden cabinet and place it on the plate,10,6,60.00,161.10,0.00,10,8,80.00,145.40,-20.00,15.70,-20.00
OpenVLA,LIBERO Spatial,depth_pruning1,Depth pruning,libero_spatial__task_5,pick up the black bowl on the ramekin and place it on the plate,10,6,60.00,145.10,0.00,10,9,90.00,109.60,-30.00,35.50,-30.00
OpenVLA,LIBERO Spatial,depth_pruning1,Depth pruning,libero_spatial__task_6,pick up the black bowl next to the cookie box and place it on the plate,10,9,90.00,120.80,0.00,10,9,90.00,114.20,0.00,6.60,0.00
OpenVLA,LIBERO Spatial,depth_pruning1,Depth pruning,libero_spatial__task_7,pick up the black bowl on the stove and place it on the plate,10,6,60.00,170.70,0.00,10,8,80.00,143.90,-20.00,26.80,-20.00
OpenVLA,LIBERO Spatial,depth_pruning1,Depth pruning,libero_spatial__task_8,pick up the black bowl next to the plate and place it on the plate,10,7,70.00,141.40,0.00,10,6,60.00,162.00,10.00,-20.60,10.00
OpenVLA,LIBERO Spatial,depth_pruning1,Depth pruning,libero_spatial__task_9,pick up the black bowl on the wooden cabinet and place it on the plate,10,3,30.00,192.20,0.00,10,7,70.00,156.50,-40.00,35.70,-40.00
OpenVLA,LIBERO Spatial,depth_pruning2,Depth pruning,libero_spatial__task_0,pick up the black bowl between the plate and the ramekin and place it on the plate,10,3,30.00,178.60,0.00,10,8,80.00,108.30,-50.00,70.30,-50.00
OpenVLA,LIBERO Spatial,depth_pruning2,Depth pruning,libero_spatial__task_1,pick up the black bowl next to the ramekin and place it on the plate,10,5,50.00,171.00,0.00,10,7,70.00,151.50,-20.00,19.50,-20.00
OpenVLA,LIBERO Spatial,depth_pruning2,Depth pruning,libero_spatial__task_2,pick up the black bowl from table center and place it on the plate,10,6,60.00,154.30,0.00,10,8,80.00,131.80,-20.00,22.50,-20.00
OpenVLA,LIBERO Spatial,depth_pruning2,Depth pruning,libero_spatial__task_3,pick up the black bowl on the cookie box and place it on the plate,10,7,70.00,127.90,0.00,10,8,80.00,115.90,-10.00,12.00,-10.00
OpenVLA,LIBERO Spatial,depth_pruning2,Depth pruning,libero_spatial__task_4,pick up the black bowl in the top drawer of the wooden cabinet and place it on the plate,10,5,50.00,173.90,0.00,10,8,80.00,145.40,-30.00,28.50,-30.00
OpenVLA,LIBERO Spatial,depth_pruning2,Depth pruning,libero_spatial__task_5,pick up the black bowl on the ramekin and place it on the plate,10,9,90.00,107.50,0.00,10,9,90.00,109.60,0.00,-2.10,0.00
OpenVLA,LIBERO Spatial,depth_pruning2,Depth pruning,libero_spatial__task_6,pick up the black bowl next to the cookie box and place it on the plate,10,9,90.00,120.20,0.00,10,9,90.00,114.20,0.00,6.00,0.00
OpenVLA,LIBERO Spatial,depth_pruning2,Depth pruning,libero_spatial__task_7,pick up the black bowl on the stove and place it on the plate,10,7,70.00,163.90,0.00,10,8,80.00,143.90,-10.00,20.00,-10.00
OpenVLA,LIBERO Spatial,depth_pruning2,Depth pruning,libero_spatial__task_8,pick up the black bowl next to the plate and place it on the plate,10,3,30.00,185.00,0.00,10,6,60.00,162.00,-30.00,23.00,-30.00
OpenVLA,LIBERO Spatial,depth_pruning2,Depth pruning,libero_spatial__task_9,pick up the black bowl on the wooden cabinet and place it on the plate,10,2,20.00,201.70,0.00,10,7,70.00,156.50,-50.00,45.20,-50.00
OpenVLA,LIBERO Spatial,depth_pruning4,Depth pruning,libero_spatial__task_0,pick up the black bowl between the plate and the ramekin and place it on the plate,10,3,30.00,181.30,0.00,10,8,80.00,108.30,-50.00,73.00,-50.00
OpenVLA,LIBERO Spatial,depth_pruning4,Depth pruning,libero_spatial__task_1,pick up the black bowl next to the ramekin and place it on the plate,10,3,30.00,205.30,0.00,10,7,70.00,151.50,-40.00,53.80,-40.00
OpenVLA,LIBERO Spatial,depth_pruning4,Depth pruning,libero_spatial__task_2,pick up the black bowl from table center and place it on the plate,10,7,70.00,155.80,0.00,10,8,80.00,131.80,-10.00,24.00,-10.00
OpenVLA,LIBERO Spatial,depth_pruning4,Depth pruning,libero_spatial__task_3,pick up the black bowl on the cookie box and place it on the plate,10,8,80.00,129.20,0.00,10,8,80.00,115.90,0.00,13.30,0.00
OpenVLA,LIBERO Spatial,depth_pruning4,Depth pruning,libero_spatial__task_4,pick up the black bowl in the top drawer of the wooden cabinet and place it on the plate,10,3,30.00,193.90,0.00,10,8,80.00,145.40,-50.00,48.50,-50.00
OpenVLA,LIBERO Spatial,depth_pruning4,Depth pruning,libero_spatial__task_5,pick up the black bowl on the ramekin and place it on the plate,10,5,50.00,157.40,0.00,10,9,90.00,109.60,-40.00,47.80,-40.00
OpenVLA,LIBERO Spatial,depth_pruning4,Depth pruning,libero_spatial__task_6,pick up the black bowl next to the cookie box and place it on the plate,10,10,100.00,108.80,0.00,10,9,90.00,114.20,10.00,-5.40,10.00
OpenVLA,LIBERO Spatial,depth_pruning4,Depth pruning,libero_spatial__task_7,pick up the black bowl on the stove and place it on the plate,10,3,30.00,192.90,0.00,10,8,80.00,143.90,-50.00,49.00,-50.00
OpenVLA,LIBERO Spatial,depth_pruning4,Depth pruning,libero_spatial__task_8,pick up the black bowl next to the plate and place it on the plate,10,5,50.00,185.30,0.00,10,6,60.00,162.00,-10.00,23.30,-10.00
OpenVLA,LIBERO Spatial,depth_pruning4,Depth pruning,libero_spatial__task_9,pick up the black bowl on the wooden cabinet and place it on the plate,10,1,10.00,210.40,0.00,10,7,70.00,156.50,-60.00,53.90,-60.00
OpenVLA,LIBERO Spatial,guarded_reuse_strict,Guarded reuse,libero_spatial__task_0,pick up the black bowl between the plate and the ramekin and place it on the plate,10,8,80.00,109.90,1.50,10,8,80.00,108.30,0.00,1.60,0.00
OpenVLA,LIBERO Spatial,guarded_reuse_strict,Guarded reuse,libero_spatial__task_1,pick up the black bowl next to the ramekin and place it on the plate,10,6,60.00,161.00,3.20,10,7,70.00,151.50,-10.00,9.50,-10.00
OpenVLA,LIBERO Spatial,guarded_reuse_strict,Guarded reuse,libero_spatial__task_2,pick up the black bowl from table center and place it on the plate,10,8,80.00,132.30,1.90,10,8,80.00,131.80,0.00,0.50,0.00
OpenVLA,LIBERO Spatial,guarded_reuse_strict,Guarded reuse,libero_spatial__task_3,pick up the black bowl on the cookie box and place it on the plate,10,9,90.00,103.90,0.70,10,8,80.00,115.90,10.00,-12.00,10.00
OpenVLA,LIBERO Spatial,guarded_reuse_strict,Guarded reuse,libero_spatial__task_4,pick up the black bowl in the top drawer of the wooden cabinet and place it on the plate,10,8,80.00,146.20,7.00,10,8,80.00,145.40,0.00,0.80,0.00
OpenVLA,LIBERO Spatial,guarded_reuse_strict,Guarded reuse,libero_spatial__task_5,pick up the black bowl on the ramekin and place it on the plate,10,9,90.00,109.50,3.20,10,9,90.00,109.60,0.00,-0.10,0.00
OpenVLA,LIBERO Spatial,guarded_reuse_strict,Guarded reuse,libero_spatial__task_6,pick up the black bowl next to the cookie box and place it on the plate,10,10,100.00,104.30,0.40,10,9,90.00,114.20,10.00,-9.90,10.00
OpenVLA,LIBERO Spatial,guarded_reuse_strict,Guarded reuse,libero_spatial__task_7,pick up the black bowl on the stove and place it on the plate,10,9,90.00,132.30,5.00,10,8,80.00,143.90,10.00,-11.60,10.00
OpenVLA,LIBERO Spatial,guarded_reuse_strict,Guarded reuse,libero_spatial__task_8,pick up the black bowl next to the plate and place it on the plate,10,7,70.00,146.60,2.90,10,6,60.00,162.00,10.00,-15.40,10.00
OpenVLA,LIBERO Spatial,guarded_reuse_strict,Guarded reuse,libero_spatial__task_9,pick up the black bowl on the wooden cabinet and place it on the plate,10,8,80.00,149.90,0.40,10,7,70.00,156.50,10.00,-6.60,10.00
OpenVLA,LIBERO Spatial,guarded_reuse_moderate,Guarded reuse,libero_spatial__task_0,pick up the black bowl between the plate and the ramekin and place it on the plate,10,8,80.00,110.70,2.50,10,8,80.00,108.30,0.00,2.40,0.00
OpenVLA,LIBERO Spatial,guarded_reuse_moderate,Guarded reuse,libero_spatial__task_1,pick up the black bowl next to the ramekin and place it on the plate,10,8,80.00,147.10,5.20,10,7,70.00,151.50,10.00,-4.40,10.00
OpenVLA,LIBERO Spatial,guarded_reuse_moderate,Guarded reuse,libero_spatial__task_2,pick up the black bowl from table center and place it on the plate,10,7,70.00,139.40,5.50,10,8,80.00,131.80,-10.00,7.60,-10.00
OpenVLA,LIBERO Spatial,guarded_reuse_moderate,Guarded reuse,libero_spatial__task_3,pick up the black bowl on the cookie box and place it on the plate,10,9,90.00,106.20,1.60,10,8,80.00,115.90,10.00,-9.70,10.00
OpenVLA,LIBERO Spatial,guarded_reuse_moderate,Guarded reuse,libero_spatial__task_4,pick up the black bowl in the top drawer of the wooden cabinet and place it on the plate,10,6,60.00,162.50,11.70,10,8,80.00,145.40,-20.00,17.10,-20.00
OpenVLA,LIBERO Spatial,guarded_reuse_moderate,Guarded reuse,libero_spatial__task_5,pick up the black bowl on the ramekin and place it on the plate,10,8,80.00,122.60,5.20,10,9,90.00,109.60,-10.00,13.00,-10.00
OpenVLA,LIBERO Spatial,guarded_reuse_moderate,Guarded reuse,libero_spatial__task_6,pick up the black bowl next to the cookie box and place it on the plate,10,10,100.00,105.10,1.60,10,9,90.00,114.20,10.00,-9.10,10.00
OpenVLA,LIBERO Spatial,guarded_reuse_moderate,Guarded reuse,libero_spatial__task_7,pick up the black bowl on the stove and place it on the plate,10,8,80.00,142.20,6.80,10,8,80.00,143.90,0.00,-1.70,0.00
OpenVLA,LIBERO Spatial,guarded_reuse_moderate,Guarded reuse,libero_spatial__task_8,pick up the black bowl next to the plate and place it on the plate,10,6,60.00,157.50,6.10,10,6,60.00,162.00,0.00,-4.50,0.00
OpenVLA,LIBERO Spatial,guarded_reuse_moderate,Guarded reuse,libero_spatial__task_9,pick up the black bowl on the wooden cabinet and place it on the plate,10,6,60.00,165.10,1.70,10,7,70.00,156.50,-10.00,8.60,-10.00
OpenVLA,LIBERO Spatial,guarded_reuse_aggressive,Guarded reuse,libero_spatial__task_0,pick up the black bowl between the plate and the ramekin and place it on the plate,10,7,70.00,121.60,11.10,10,8,80.00,108.30,-10.00,13.30,-10.00
OpenVLA,LIBERO Spatial,guarded_reuse_aggressive,Guarded reuse,libero_spatial__task_1,pick up the black bowl next to the ramekin and place it on the plate,10,9,90.00,130.00,9.40,10,7,70.00,151.50,20.00,-21.50,20.00
OpenVLA,LIBERO Spatial,guarded_reuse_aggressive,Guarded reuse,libero_spatial__task_2,pick up the black bowl from table center and place it on the plate,10,7,70.00,146.40,14.50,10,8,80.00,131.80,-10.00,14.60,-10.00
OpenVLA,LIBERO Spatial,guarded_reuse_aggressive,Guarded reuse,libero_spatial__task_3,pick up the black bowl on the cookie box and place it on the plate,10,7,70.00,131.00,6.60,10,8,80.00,115.90,-10.00,15.10,-10.00
OpenVLA,LIBERO Spatial,guarded_reuse_aggressive,Guarded reuse,libero_spatial__task_4,pick up the black bowl in the top drawer of the wooden cabinet and place it on the plate,10,7,70.00,157.10,25.50,10,8,80.00,145.40,-10.00,11.70,-10.00
OpenVLA,LIBERO Spatial,guarded_reuse_aggressive,Guarded reuse,libero_spatial__task_5,pick up the black bowl on the ramekin and place it on the plate,10,7,70.00,138.80,17.20,10,9,90.00,109.60,-20.00,29.20,-20.00
OpenVLA,LIBERO Spatial,guarded_reuse_aggressive,Guarded reuse,libero_spatial__task_6,pick up the black bowl next to the cookie box and place it on the plate,10,10,100.00,106.70,6.90,10,9,90.00,114.20,10.00,-7.50,10.00
OpenVLA,LIBERO Spatial,guarded_reuse_aggressive,Guarded reuse,libero_spatial__task_7,pick up the black bowl on the stove and place it on the plate,10,9,90.00,138.80,14.90,10,8,80.00,143.90,10.00,-5.10,10.00
OpenVLA,LIBERO Spatial,guarded_reuse_aggressive,Guarded reuse,libero_spatial__task_8,pick up the black bowl next to the plate and place it on the plate,10,7,70.00,143.30,11.40,10,6,60.00,162.00,10.00,-18.70,10.00
OpenVLA,LIBERO Spatial,guarded_reuse_aggressive,Guarded reuse,libero_spatial__task_9,pick up the black bowl on the wooden cabinet and place it on the plate,10,7,70.00,162.50,6.50,10,7,70.00,156.50,0.00,6.00,0.00
OpenVLA,LIBERO Spatial,temporal_fusion_motion_entropy,Temporal fusion,libero_spatial__task_0,pick up the black bowl between the plate and the ramekin and place it on the plate,10,9,90.00,97.10,0.00,10,8,80.00,108.30,10.00,-11.20,10.00
OpenVLA,LIBERO Spatial,temporal_fusion_motion_entropy,Temporal fusion,libero_spatial__task_1,pick up the black bowl next to the ramekin and place it on the plate,10,9,90.00,126.20,0.00,10,7,70.00,151.50,20.00,-25.30,20.00
OpenVLA,LIBERO Spatial,temporal_fusion_motion_entropy,Temporal fusion,libero_spatial__task_2,pick up the black bowl from table center and place it on the plate,10,8,80.00,132.60,0.00,10,8,80.00,131.80,0.00,0.80,0.00
OpenVLA,LIBERO Spatial,temporal_fusion_motion_entropy,Temporal fusion,libero_spatial__task_3,pick up the black bowl on the cookie box and place it on the plate,10,10,100.00,100.60,0.00,10,8,80.00,115.90,20.00,-15.30,20.00
OpenVLA,LIBERO Spatial,temporal_fusion_motion_entropy,Temporal fusion,libero_spatial__task_4,pick up the black bowl in the top drawer of the wooden cabinet and place it on the plate,10,7,70.00,155.90,0.00,10,8,80.00,145.40,-10.00,10.50,-10.00
OpenVLA,LIBERO Spatial,temporal_fusion_motion_entropy,Temporal fusion,libero_spatial__task_5,pick up the black bowl on the ramekin and place it on the plate,10,9,90.00,110.10,0.00,10,9,90.00,109.60,0.00,0.50,0.00
OpenVLA,LIBERO Spatial,temporal_fusion_motion_entropy,Temporal fusion,libero_spatial__task_6,pick up the black bowl next to the cookie box and place it on the plate,10,9,90.00,115.80,0.00,10,9,90.00,114.20,0.00,1.60,0.00
OpenVLA,LIBERO Spatial,temporal_fusion_motion_entropy,Temporal fusion,libero_spatial__task_7,pick up the black bowl on the stove and place it on the plate,10,8,80.00,142.60,0.00,10,8,80.00,143.90,0.00,-1.30,0.00
OpenVLA,LIBERO Spatial,temporal_fusion_motion_entropy,Temporal fusion,libero_spatial__task_8,pick up the black bowl next to the plate and place it on the plate,10,8,80.00,126.20,0.00,10,6,60.00,162.00,20.00,-35.80,20.00
OpenVLA,LIBERO Spatial,temporal_fusion_motion_entropy,Temporal fusion,libero_spatial__task_9,pick up the black bowl on the wooden cabinet and place it on the plate,10,8,80.00,150.10,0.00,10,7,70.00,156.50,10.00,-6.40,10.00
OpenVLA,LIBERO Spatial,temporal_fusion_task_aware,Temporal fusion,libero_spatial__task_0,pick up the black bowl between the plate and the ramekin and place it on the plate,10,9,90.00,98.30,0.00,10,8,80.00,108.30,10.00,-10.00,10.00
OpenVLA,LIBERO Spatial,temporal_fusion_task_aware,Temporal fusion,libero_spatial__task_1,pick up the black bowl next to the ramekin and place it on the plate,10,8,80.00,136.90,0.00,10,7,70.00,151.50,10.00,-14.60,10.00
OpenVLA,LIBERO Spatial,temporal_fusion_task_aware,Temporal fusion,libero_spatial__task_2,pick up the black bowl from table center and place it on the plate,10,7,70.00,144.90,0.00,10,8,80.00,131.80,-10.00,13.10,-10.00
OpenVLA,LIBERO Spatial,temporal_fusion_task_aware,Temporal fusion,libero_spatial__task_3,pick up the black bowl on the cookie box and place it on the plate,10,9,90.00,118.40,0.00,10,8,80.00,115.90,10.00,2.50,10.00
OpenVLA,LIBERO Spatial,temporal_fusion_task_aware,Temporal fusion,libero_spatial__task_4,pick up the black bowl in the top drawer of the wooden cabinet and place it on the plate,10,7,70.00,154.20,0.00,10,8,80.00,145.40,-10.00,8.80,-10.00
OpenVLA,LIBERO Spatial,temporal_fusion_task_aware,Temporal fusion,libero_spatial__task_5,pick up the black bowl on the ramekin and place it on the plate,10,4,40.00,169.40,0.00,10,9,90.00,109.60,-50.00,59.80,-50.00
OpenVLA,LIBERO Spatial,temporal_fusion_task_aware,Temporal fusion,libero_spatial__task_6,pick up the black bowl next to the cookie box and place it on the plate,10,10,100.00,105.60,0.00,10,9,90.00,114.20,10.00,-8.60,10.00
OpenVLA,LIBERO Spatial,temporal_fusion_task_aware,Temporal fusion,libero_spatial__task_7,pick up the black bowl on the stove and place it on the plate,10,8,80.00,144.50,0.00,10,8,80.00,143.90,0.00,0.60,0.00
OpenVLA,LIBERO Spatial,temporal_fusion_task_aware,Temporal fusion,libero_spatial__task_8,pick up the black bowl next to the plate and place it on the plate,10,7,70.00,149.70,0.00,10,6,60.00,162.00,10.00,-12.30,10.00
OpenVLA,LIBERO Spatial,temporal_fusion_task_aware,Temporal fusion,libero_spatial__task_9,pick up the black bowl on the wooden cabinet and place it on the plate,10,8,80.00,154.70,0.00,10,7,70.00,156.50,10.00,-1.80,10.00
OpenVLA,LIBERO Spatial,temporal_fusion_conservative_adaptive,Temporal fusion,libero_spatial__task_0,pick up the black bowl between the plate and the ramekin and place it on the plate,10,9,90.00,94.10,0.00,10,8,80.00,108.30,10.00,-14.20,10.00
OpenVLA,LIBERO Spatial,temporal_fusion_conservative_adaptive,Temporal fusion,libero_spatial__task_1,pick up the black bowl next to the ramekin and place it on the plate,10,8,80.00,136.90,0.00,10,7,70.00,151.50,10.00,-14.60,10.00
OpenVLA,LIBERO Spatial,temporal_fusion_conservative_adaptive,Temporal fusion,libero_spatial__task_2,pick up the black bowl from table center and place it on the plate,10,6,60.00,157.70,0.00,10,8,80.00,131.80,-20.00,25.90,-20.00
OpenVLA,LIBERO Spatial,temporal_fusion_conservative_adaptive,Temporal fusion,libero_spatial__task_3,pick up the black bowl on the cookie box and place it on the plate,10,8,80.00,119.30,0.00,10,8,80.00,115.90,0.00,3.40,0.00
OpenVLA,LIBERO Spatial,temporal_fusion_conservative_adaptive,Temporal fusion,libero_spatial__task_4,pick up the black bowl in the top drawer of the wooden cabinet and place it on the plate,10,9,90.00,137.80,0.00,10,8,80.00,145.40,10.00,-7.60,10.00
OpenVLA,LIBERO Spatial,temporal_fusion_conservative_adaptive,Temporal fusion,libero_spatial__task_5,pick up the black bowl on the ramekin and place it on the plate,10,9,90.00,109.80,0.00,10,9,90.00,109.60,0.00,0.20,0.00
OpenVLA,LIBERO Spatial,temporal_fusion_conservative_adaptive,Temporal fusion,libero_spatial__task_6,pick up the black bowl next to the cookie box and place it on the plate,10,10,100.00,107.30,0.00,10,9,90.00,114.20,10.00,-6.90,10.00
OpenVLA,LIBERO Spatial,temporal_fusion_conservative_adaptive,Temporal fusion,libero_spatial__task_7,pick up the black bowl on the stove and place it on the plate,10,8,80.00,139.70,0.00,10,8,80.00,143.90,0.00,-4.20,0.00
OpenVLA,LIBERO Spatial,temporal_fusion_conservative_adaptive,Temporal fusion,libero_spatial__task_8,pick up the black bowl next to the plate and place it on the plate,10,5,50.00,175.00,0.00,10,6,60.00,162.00,-10.00,13.00,-10.00
OpenVLA,LIBERO Spatial,temporal_fusion_conservative_adaptive,Temporal fusion,libero_spatial__task_9,pick up the black bowl on the wooden cabinet and place it on the plate,10,7,70.00,156.30,0.00,10,7,70.00,156.50,0.00,-0.20,0.00
UniVLA,LIBERO Spatial,original,Original,libero_spatial__task_0,pick up the black bowl between the plate and the ramekin and place it on the plate,10,9,90.00,91.50,0.00,10,9,90.00,91.50,0.00,0.00,0.00
UniVLA,LIBERO Spatial,original,Original,libero_spatial__task_1,pick up the black bowl next to the ramekin and place it on the plate,10,10,100.00,107.70,0.00,10,10,100.00,107.70,0.00,0.00,0.00
UniVLA,LIBERO Spatial,original,Original,libero_spatial__task_2,pick up the black bowl from table center and place it on the plate,10,10,100.00,91.80,0.00,10,10,100.00,91.80,0.00,0.00,0.00
UniVLA,LIBERO Spatial,original,Original,libero_spatial__task_3,pick up the black bowl on the cookie box and place it on the plate,10,9,90.00,96.80,0.00,10,9,90.00,96.80,0.00,0.00,0.00
UniVLA,LIBERO Spatial,original,Original,libero_spatial__task_4,pick up the black bowl in the top drawer of the wooden cabinet and place it on the plate,10,10,100.00,123.60,0.00,10,10,100.00,123.60,0.00,0.00,0.00
UniVLA,LIBERO Spatial,original,Original,libero_spatial__task_5,pick up the black bowl on the ramekin and place it on the plate,10,9,90.00,108.50,0.00,10,9,90.00,108.50,0.00,0.00,0.00
UniVLA,LIBERO Spatial,original,Original,libero_spatial__task_6,pick up the black bowl next to the cookie box and place it on the plate,10,10,100.00,103.00,0.00,10,10,100.00,103.00,0.00,0.00,0.00
UniVLA,LIBERO Spatial,original,Original,libero_spatial__task_7,pick up the black bowl on the stove and place it on the plate,10,10,100.00,119.90,0.00,10,10,100.00,119.90,0.00,0.00,0.00
UniVLA,LIBERO Spatial,original,Original,libero_spatial__task_8,pick up the black bowl next to the plate and place it on the plate,10,9,90.00,109.80,0.00,10,9,90.00,109.80,0.00,0.00,0.00
UniVLA,LIBERO Spatial,original,Original,libero_spatial__task_9,pick up the black bowl on the wooden cabinet and place it on the plate,10,9,90.00,130.50,0.00,10,9,90.00,130.50,0.00,0.00,0.00
UniVLA,LIBERO Spatial,fixed_foveation_keep20,Foveation,libero_spatial__task_0,pick up the black bowl between the plate and the ramekin and place it on the plate,10,7,70.00,128.50,0.00,10,9,90.00,91.50,-20.00,37.00,-20.00
UniVLA,LIBERO Spatial,fixed_foveation_keep20,Foveation,libero_spatial__task_1,pick up the black bowl next to the ramekin and place it on the plate,10,9,90.00,115.20,0.00,10,10,100.00,107.70,-10.00,7.50,-10.00
UniVLA,LIBERO Spatial,fixed_foveation_keep20,Foveation,libero_spatial__task_2,pick up the black bowl from table center and place it on the plate,10,10,100.00,91.50,0.00,10,10,100.00,91.80,0.00,-0.30,0.00
UniVLA,LIBERO Spatial,fixed_foveation_keep20,Foveation,libero_spatial__task_3,pick up the black bowl on the cookie box and place it on the plate,10,9,90.00,98.20,0.00,10,9,90.00,96.80,0.00,1.40,0.00
UniVLA,LIBERO Spatial,fixed_foveation_keep20,Foveation,libero_spatial__task_4,pick up the black bowl in the top drawer of the wooden cabinet and place it on the plate,10,10,100.00,126.30,0.00,10,10,100.00,123.60,0.00,2.70,0.00
UniVLA,LIBERO Spatial,fixed_foveation_keep20,Foveation,libero_spatial__task_5,pick up the black bowl on the ramekin and place it on the plate,10,9,90.00,110.00,0.00,10,9,90.00,108.50,0.00,1.50,0.00
UniVLA,LIBERO Spatial,fixed_foveation_keep20,Foveation,libero_spatial__task_6,pick up the black bowl next to the cookie box and place it on the plate,10,10,100.00,105.20,0.00,10,10,100.00,103.00,0.00,2.20,0.00
UniVLA,LIBERO Spatial,fixed_foveation_keep20,Foveation,libero_spatial__task_7,pick up the black bowl on the stove and place it on the plate,10,10,100.00,112.60,0.00,10,10,100.00,119.90,0.00,-7.30,0.00
UniVLA,LIBERO Spatial,fixed_foveation_keep20,Foveation,libero_spatial__task_8,pick up the black bowl next to the plate and place it on the plate,10,9,90.00,117.00,0.00,10,9,90.00,109.80,0.00,7.20,0.00
UniVLA,LIBERO Spatial,fixed_foveation_keep20,Foveation,libero_spatial__task_9,pick up the black bowl on the wooden cabinet and place it on the plate,10,8,80.00,139.70,0.00,10,9,90.00,130.50,-10.00,9.20,-10.00
UniVLA,LIBERO Spatial,fixed_foveation_keep50,Foveation,libero_spatial__task_0,pick up the black bowl between the plate and the ramekin and place it on the plate,10,9,90.00,95.00,0.00,10,9,90.00,91.50,0.00,3.50,0.00
UniVLA,LIBERO Spatial,fixed_foveation_keep50,Foveation,libero_spatial__task_1,pick up the black bowl next to the ramekin and place it on the plate,10,10,100.00,103.20,0.00,10,10,100.00,107.70,0.00,-4.50,0.00
UniVLA,LIBERO Spatial,fixed_foveation_keep50,Foveation,libero_spatial__task_2,pick up the black bowl from table center and place it on the plate,10,9,90.00,105.60,0.00,10,10,100.00,91.80,-10.00,13.80,-10.00
UniVLA,LIBERO Spatial,fixed_foveation_keep50,Foveation,libero_spatial__task_3,pick up the black bowl on the cookie box and place it on the plate,10,10,100.00,83.20,0.00,10,9,90.00,96.80,10.00,-13.60,10.00
UniVLA,LIBERO Spatial,fixed_foveation_keep50,Foveation,libero_spatial__task_4,pick up the black bowl in the top drawer of the wooden cabinet and place it on the plate,10,10,100.00,124.00,0.00,10,10,100.00,123.60,0.00,0.40,0.00
UniVLA,LIBERO Spatial,fixed_foveation_keep50,Foveation,libero_spatial__task_5,pick up the black bowl on the ramekin and place it on the plate,10,10,100.00,93.40,0.00,10,9,90.00,108.50,10.00,-15.10,10.00
UniVLA,LIBERO Spatial,fixed_foveation_keep50,Foveation,libero_spatial__task_6,pick up the black bowl next to the cookie box and place it on the plate,10,10,100.00,110.80,0.00,10,10,100.00,103.00,0.00,7.80,0.00
UniVLA,LIBERO Spatial,fixed_foveation_keep50,Foveation,libero_spatial__task_7,pick up the black bowl on the stove and place it on the plate,10,10,100.00,120.30,0.00,10,10,100.00,119.90,0.00,0.40,0.00
UniVLA,LIBERO Spatial,fixed_foveation_keep50,Foveation,libero_spatial__task_8,pick up the black bowl next to the plate and place it on the plate,10,8,80.00,126.20,0.00,10,9,90.00,109.80,-10.00,16.40,-10.00
UniVLA,LIBERO Spatial,fixed_foveation_keep50,Foveation,libero_spatial__task_9,pick up the black bowl on the wooden cabinet and place it on the plate,10,10,100.00,127.60,0.00,10,9,90.00,130.50,10.00,-2.90,10.00
UniVLA,LIBERO Spatial,action_repeat2,Action repeat,libero_spatial__task_0,pick up the black bowl between the plate and the ramekin and place it on the plate,10,0,0.00,220.00,110.00,10,9,90.00,91.50,-90.00,128.50,-90.00
UniVLA,LIBERO Spatial,action_repeat2,Action repeat,libero_spatial__task_1,pick up the black bowl next to the ramekin and place it on the plate,10,2,20.00,216.30,109.00,10,10,100.00,107.70,-80.00,108.60,-80.00
UniVLA,LIBERO Spatial,action_repeat2,Action repeat,libero_spatial__task_2,pick up the black bowl from table center and place it on the plate,10,5,50.00,188.40,97.00,10,10,100.00,91.80,-50.00,96.60,-50.00
UniVLA,LIBERO Spatial,action_repeat2,Action repeat,libero_spatial__task_3,pick up the black bowl on the cookie box and place it on the plate,10,0,0.00,220.00,110.00,10,9,90.00,96.80,-90.00,123.20,-90.00
UniVLA,LIBERO Spatial,action_repeat2,Action repeat,libero_spatial__task_4,pick up the black bowl in the top drawer of the wooden cabinet and place it on the plate,10,1,10.00,216.80,109.00,10,10,100.00,123.60,-90.00,93.20,-90.00
UniVLA,LIBERO Spatial,action_repeat2,Action repeat,libero_spatial__task_5,pick up the black bowl on the ramekin and place it on the plate,10,1,10.00,219.00,110.00,10,9,90.00,108.50,-80.00,110.50,-80.00
UniVLA,LIBERO Spatial,action_repeat2,Action repeat,libero_spatial__task_6,pick up the black bowl next to the cookie box and place it on the plate,10,5,50.00,197.10,100.00,10,10,100.00,103.00,-50.00,94.10,-50.00
UniVLA,LIBERO Spatial,action_repeat2,Action repeat,libero_spatial__task_7,pick up the black bowl on the stove and place it on the plate,10,8,80.00,184.90,96.00,10,10,100.00,119.90,-20.00,65.00,-20.00
UniVLA,LIBERO Spatial,action_repeat2,Action repeat,libero_spatial__task_8,pick up the black bowl next to the plate and place it on the plate,10,3,30.00,208.50,105.00,10,9,90.00,109.80,-60.00,98.70,-60.00
UniVLA,LIBERO Spatial,action_repeat2,Action repeat,libero_spatial__task_9,pick up the black bowl on the wooden cabinet and place it on the plate,10,2,20.00,215.30,109.00,10,9,90.00,130.50,-70.00,84.80,-70.00
UniVLA,LIBERO Spatial,action_repeat4,Action repeat,libero_spatial__task_0,pick up the black bowl between the plate and the ramekin and place it on the plate,10,0,0.00,220.00,180.00,10,9,90.00,91.50,-90.00,128.50,-90.00
UniVLA,LIBERO Spatial,action_repeat4,Action repeat,libero_spatial__task_1,pick up the black bowl next to the ramekin and place it on the plate,10,0,0.00,220.00,180.00,10,10,100.00,107.70,-100.00,112.30,-100.00
UniVLA,LIBERO Spatial,action_repeat4,Action repeat,libero_spatial__task_2,pick up the black bowl from table center and place it on the plate,10,0,0.00,220.00,180.00,10,10,100.00,91.80,-100.00,128.20,-100.00
UniVLA,LIBERO Spatial,action_repeat4,Action repeat,libero_spatial__task_3,pick up the black bowl on the cookie box and place it on the plate,10,0,0.00,220.00,180.00,10,9,90.00,96.80,-90.00,123.20,-90.00
UniVLA,LIBERO Spatial,action_repeat4,Action repeat,libero_spatial__task_4,pick up the black bowl in the top drawer of the wooden cabinet and place it on the plate,10,0,0.00,220.00,180.00,10,10,100.00,123.60,-100.00,96.40,-100.00
UniVLA,LIBERO Spatial,action_repeat4,Action repeat,libero_spatial__task_5,pick up the black bowl on the ramekin and place it on the plate,10,0,0.00,220.00,180.00,10,9,90.00,108.50,-90.00,111.50,-90.00
UniVLA,LIBERO Spatial,action_repeat4,Action repeat,libero_spatial__task_6,pick up the black bowl next to the cookie box and place it on the plate,10,0,0.00,220.00,180.00,10,10,100.00,103.00,-100.00,117.00,-100.00
UniVLA,LIBERO Spatial,action_repeat4,Action repeat,libero_spatial__task_7,pick up the black bowl on the stove and place it on the plate,10,0,0.00,220.00,180.00,10,10,100.00,119.90,-100.00,100.10,-100.00
UniVLA,LIBERO Spatial,action_repeat4,Action repeat,libero_spatial__task_8,pick up the black bowl next to the plate and place it on the plate,10,0,0.00,220.00,180.00,10,9,90.00,109.80,-90.00,110.20,-90.00
UniVLA,LIBERO Spatial,action_repeat4,Action repeat,libero_spatial__task_9,pick up the black bowl on the wooden cabinet and place it on the plate,10,0,0.00,220.00,180.00,10,9,90.00,130.50,-90.00,89.50,-90.00
UniVLA,LIBERO Spatial,depth_pruning1,Depth pruning,libero_spatial__task_0,pick up the black bowl between the plate and the ramekin and place it on the plate,10,7,70.00,120.70,0.00,10,9,90.00,91.50,-20.00,29.20,-20.00
UniVLA,LIBERO Spatial,depth_pruning1,Depth pruning,libero_spatial__task_1,pick up the black bowl next to the ramekin and place it on the plate,10,10,100.00,104.70,0.00,10,10,100.00,107.70,0.00,-3.00,0.00
UniVLA,LIBERO Spatial,depth_pruning1,Depth pruning,libero_spatial__task_2,pick up the black bowl from table center and place it on the plate,10,10,100.00,93.10,0.00,10,10,100.00,91.80,0.00,1.30,0.00
UniVLA,LIBERO Spatial,depth_pruning1,Depth pruning,libero_spatial__task_3,pick up the black bowl on the cookie box and place it on the plate,10,10,100.00,83.70,0.00,10,9,90.00,96.80,10.00,-13.10,10.00
UniVLA,LIBERO Spatial,depth_pruning1,Depth pruning,libero_spatial__task_4,pick up the black bowl in the top drawer of the wooden cabinet and place it on the plate,10,10,100.00,126.60,0.00,10,10,100.00,123.60,0.00,3.00,0.00
UniVLA,LIBERO Spatial,depth_pruning1,Depth pruning,libero_spatial__task_5,pick up the black bowl on the ramekin and place it on the plate,10,10,100.00,96.50,0.00,10,9,90.00,108.50,10.00,-12.00,10.00
UniVLA,LIBERO Spatial,depth_pruning1,Depth pruning,libero_spatial__task_6,pick up the black bowl next to the cookie box and place it on the plate,10,10,100.00,102.80,0.00,10,10,100.00,103.00,0.00,-0.20,0.00
UniVLA,LIBERO Spatial,depth_pruning1,Depth pruning,libero_spatial__task_7,pick up the black bowl on the stove and place it on the plate,10,10,100.00,119.90,0.00,10,10,100.00,119.90,0.00,0.00,0.00
UniVLA,LIBERO Spatial,depth_pruning1,Depth pruning,libero_spatial__task_8,pick up the black bowl next to the plate and place it on the plate,10,9,90.00,109.60,0.00,10,9,90.00,109.80,0.00,-0.20,0.00
UniVLA,LIBERO Spatial,depth_pruning1,Depth pruning,libero_spatial__task_9,pick up the black bowl on the wooden cabinet and place it on the plate,10,10,100.00,120.70,0.00,10,9,90.00,130.50,10.00,-9.80,10.00
UniVLA,LIBERO Spatial,depth_pruning2,Depth pruning,libero_spatial__task_0,pick up the black bowl between the plate and the ramekin and place it on the plate,10,8,80.00,111.30,0.00,10,9,90.00,91.50,-10.00,19.80,-10.00
UniVLA,LIBERO Spatial,depth_pruning2,Depth pruning,libero_spatial__task_1,pick up the black bowl next to the ramekin and place it on the plate,10,10,100.00,108.60,0.00,10,10,100.00,107.70,0.00,0.90,0.00
UniVLA,LIBERO Spatial,depth_pruning2,Depth pruning,libero_spatial__task_2,pick up the black bowl from table center and place it on the plate,10,10,100.00,94.00,0.00,10,10,100.00,91.80,0.00,2.20,0.00
UniVLA,LIBERO Spatial,depth_pruning2,Depth pruning,libero_spatial__task_3,pick up the black bowl on the cookie box and place it on the plate,10,10,100.00,82.00,0.00,10,9,90.00,96.80,10.00,-14.80,10.00
UniVLA,LIBERO Spatial,depth_pruning2,Depth pruning,libero_spatial__task_4,pick up the black bowl in the top drawer of the wooden cabinet and place it on the plate,10,8,80.00,146.20,0.00,10,10,100.00,123.60,-20.00,22.60,-20.00
UniVLA,LIBERO Spatial,depth_pruning2,Depth pruning,libero_spatial__task_5,pick up the black bowl on the ramekin and place it on the plate,10,9,90.00,111.70,0.00,10,9,90.00,108.50,0.00,3.20,0.00
UniVLA,LIBERO Spatial,depth_pruning2,Depth pruning,libero_spatial__task_6,pick up the black bowl next to the cookie box and place it on the plate,10,10,100.00,105.20,0.00,10,10,100.00,103.00,0.00,2.20,0.00
UniVLA,LIBERO Spatial,depth_pruning2,Depth pruning,libero_spatial__task_7,pick up the black bowl on the stove and place it on the plate,10,10,100.00,117.50,0.00,10,10,100.00,119.90,0.00,-2.40,0.00
UniVLA,LIBERO Spatial,depth_pruning2,Depth pruning,libero_spatial__task_8,pick up the black bowl next to the plate and place it on the plate,10,10,100.00,106.20,0.00,10,9,90.00,109.80,10.00,-3.60,10.00
UniVLA,LIBERO Spatial,depth_pruning2,Depth pruning,libero_spatial__task_9,pick up the black bowl on the wooden cabinet and place it on the plate,10,9,90.00,131.90,0.00,10,9,90.00,130.50,0.00,1.40,0.00
UniVLA,LIBERO Spatial,depth_pruning4,Depth pruning,libero_spatial__task_0,pick up the black bowl between the plate and the ramekin and place it on the plate,10,9,90.00,91.40,0.00,10,9,90.00,91.50,0.00,-0.10,0.00
UniVLA,LIBERO Spatial,depth_pruning4,Depth pruning,libero_spatial__task_1,pick up the black bowl next to the ramekin and place it on the plate,10,9,90.00,114.70,0.00,10,10,100.00,107.70,-10.00,7.00,-10.00
UniVLA,LIBERO Spatial,depth_pruning4,Depth pruning,libero_spatial__task_2,pick up the black bowl from table center and place it on the plate,10,10,100.00,90.90,0.00,10,10,100.00,91.80,0.00,-0.90,0.00
UniVLA,LIBERO Spatial,depth_pruning4,Depth pruning,libero_spatial__task_3,pick up the black bowl on the cookie box and place it on the plate,10,10,100.00,83.30,0.00,10,9,90.00,96.80,10.00,-13.50,10.00
UniVLA,LIBERO Spatial,depth_pruning4,Depth pruning,libero_spatial__task_4,pick up the black bowl in the top drawer of the wooden cabinet and place it on the plate,10,9,90.00,135.40,0.00,10,10,100.00,123.60,-10.00,11.80,-10.00
UniVLA,LIBERO Spatial,depth_pruning4,Depth pruning,libero_spatial__task_5,pick up the black bowl on the ramekin and place it on the plate,10,10,100.00,93.00,0.00,10,9,90.00,108.50,10.00,-15.50,10.00
UniVLA,LIBERO Spatial,depth_pruning4,Depth pruning,libero_spatial__task_6,pick up the black bowl next to the cookie box and place it on the plate,10,10,100.00,106.40,0.00,10,10,100.00,103.00,0.00,3.40,0.00
UniVLA,LIBERO Spatial,depth_pruning4,Depth pruning,libero_spatial__task_7,pick up the black bowl on the stove and place it on the plate,10,10,100.00,117.20,0.00,10,10,100.00,119.90,0.00,-2.70,0.00
UniVLA,LIBERO Spatial,depth_pruning4,Depth pruning,libero_spatial__task_8,pick up the black bowl next to the plate and place it on the plate,10,9,90.00,111.00,0.00,10,9,90.00,109.80,0.00,1.20,0.00
UniVLA,LIBERO Spatial,depth_pruning4,Depth pruning,libero_spatial__task_9,pick up the black bowl on the wooden cabinet and place it on the plate,10,8,80.00,148.40,0.00,10,9,90.00,130.50,-10.00,17.90,-10.00
UniVLA,LIBERO Spatial,guarded_reuse_strict,Guarded reuse,libero_spatial__task_0,pick up the black bowl between the plate and the ramekin and place it on the plate,10,9,90.00,91.50,0.00,10,9,90.00,91.50,0.00,0.00,0.00
UniVLA,LIBERO Spatial,guarded_reuse_strict,Guarded reuse,libero_spatial__task_1,pick up the black bowl next to the ramekin and place it on the plate,10,10,100.00,107.70,0.00,10,10,100.00,107.70,0.00,0.00,0.00
UniVLA,LIBERO Spatial,guarded_reuse_strict,Guarded reuse,libero_spatial__task_2,pick up the black bowl from table center and place it on the plate,10,10,100.00,91.80,0.00,10,10,100.00,91.80,0.00,0.00,0.00
UniVLA,LIBERO Spatial,guarded_reuse_strict,Guarded reuse,libero_spatial__task_3,pick up the black bowl on the cookie box and place it on the plate,10,9,90.00,96.80,0.00,10,9,90.00,96.80,0.00,0.00,0.00
UniVLA,LIBERO Spatial,guarded_reuse_strict,Guarded reuse,libero_spatial__task_4,pick up the black bowl in the top drawer of the wooden cabinet and place it on the plate,10,10,100.00,123.60,0.00,10,10,100.00,123.60,0.00,0.00,0.00
UniVLA,LIBERO Spatial,guarded_reuse_strict,Guarded reuse,libero_spatial__task_5,pick up the black bowl on the ramekin and place it on the plate,10,9,90.00,108.50,0.00,10,9,90.00,108.50,0.00,0.00,0.00
UniVLA,LIBERO Spatial,guarded_reuse_strict,Guarded reuse,libero_spatial__task_6,pick up the black bowl next to the cookie box and place it on the plate,10,10,100.00,103.00,0.00,10,10,100.00,103.00,0.00,0.00,0.00
UniVLA,LIBERO Spatial,guarded_reuse_strict,Guarded reuse,libero_spatial__task_7,pick up the black bowl on the stove and place it on the plate,10,10,100.00,119.90,0.00,10,10,100.00,119.90,0.00,0.00,0.00
UniVLA,LIBERO Spatial,guarded_reuse_strict,Guarded reuse,libero_spatial__task_8,pick up the black bowl next to the plate and place it on the plate,10,9,90.00,109.80,0.00,10,9,90.00,109.80,0.00,0.00,0.00
UniVLA,LIBERO Spatial,guarded_reuse_strict,Guarded reuse,libero_spatial__task_9,pick up the black bowl on the wooden cabinet and place it on the plate,10,9,90.00,130.50,0.00,10,9,90.00,130.50,0.00,0.00,0.00
UniVLA,LIBERO Spatial,guarded_reuse_moderate,Guarded reuse,libero_spatial__task_0,pick up the black bowl between the plate and the ramekin and place it on the plate,10,9,90.00,91.50,0.00,10,9,90.00,91.50,0.00,0.00,0.00
UniVLA,LIBERO Spatial,guarded_reuse_moderate,Guarded reuse,libero_spatial__task_1,pick up the black bowl next to the ramekin and place it on the plate,10,10,100.00,107.70,0.00,10,10,100.00,107.70,0.00,0.00,0.00
UniVLA,LIBERO Spatial,guarded_reuse_moderate,Guarded reuse,libero_spatial__task_2,pick up the black bowl from table center and place it on the plate,10,10,100.00,91.80,0.00,10,10,100.00,91.80,0.00,0.00,0.00
UniVLA,LIBERO Spatial,guarded_reuse_moderate,Guarded reuse,libero_spatial__task_3,pick up the black bowl on the cookie box and place it on the plate,10,9,90.00,96.80,0.00,10,9,90.00,96.80,0.00,0.00,0.00
UniVLA,LIBERO Spatial,guarded_reuse_moderate,Guarded reuse,libero_spatial__task_4,pick up the black bowl in the top drawer of the wooden cabinet and place it on the plate,10,10,100.00,123.60,0.00,10,10,100.00,123.60,0.00,0.00,0.00
UniVLA,LIBERO Spatial,guarded_reuse_moderate,Guarded reuse,libero_spatial__task_5,pick up the black bowl on the ramekin and place it on the plate,10,9,90.00,108.50,0.00,10,9,90.00,108.50,0.00,0.00,0.00
UniVLA,LIBERO Spatial,guarded_reuse_moderate,Guarded reuse,libero_spatial__task_6,pick up the black bowl next to the cookie box and place it on the plate,10,10,100.00,103.00,0.00,10,10,100.00,103.00,0.00,0.00,0.00
UniVLA,LIBERO Spatial,guarded_reuse_moderate,Guarded reuse,libero_spatial__task_7,pick up the black bowl on the stove and place it on the plate,10,10,100.00,119.90,0.00,10,10,100.00,119.90,0.00,0.00,0.00
UniVLA,LIBERO Spatial,guarded_reuse_moderate,Guarded reuse,libero_spatial__task_8,pick up the black bowl next to the plate and place it on the plate,10,9,90.00,109.80,0.00,10,9,90.00,109.80,0.00,0.00,0.00
UniVLA,LIBERO Spatial,guarded_reuse_moderate,Guarded reuse,libero_spatial__task_9,pick up the black bowl on the wooden cabinet and place it on the plate,10,9,90.00,130.50,0.00,10,9,90.00,130.50,0.00,0.00,0.00
UniVLA,LIBERO Spatial,guarded_reuse_aggressive,Guarded reuse,libero_spatial__task_0,pick up the black bowl between the plate and the ramekin and place it on the plate,10,9,90.00,91.50,0.00,10,9,90.00,91.50,0.00,0.00,0.00
UniVLA,LIBERO Spatial,guarded_reuse_aggressive,Guarded reuse,libero_spatial__task_1,pick up the black bowl next to the ramekin and place it on the plate,10,10,100.00,107.70,0.00,10,10,100.00,107.70,0.00,0.00,0.00
UniVLA,LIBERO Spatial,guarded_reuse_aggressive,Guarded reuse,libero_spatial__task_2,pick up the black bowl from table center and place it on the plate,10,10,100.00,91.80,0.00,10,10,100.00,91.80,0.00,0.00,0.00
UniVLA,LIBERO Spatial,guarded_reuse_aggressive,Guarded reuse,libero_spatial__task_3,pick up the black bowl on the cookie box and place it on the plate,10,9,90.00,96.80,0.00,10,9,90.00,96.80,0.00,0.00,0.00
UniVLA,LIBERO Spatial,guarded_reuse_aggressive,Guarded reuse,libero_spatial__task_4,pick up the black bowl in the top drawer of the wooden cabinet and place it on the plate,10,10,100.00,123.60,0.00,10,10,100.00,123.60,0.00,0.00,0.00
UniVLA,LIBERO Spatial,guarded_reuse_aggressive,Guarded reuse,libero_spatial__task_5,pick up the black bowl on the ramekin and place it on the plate,10,9,90.00,108.50,0.00,10,9,90.00,108.50,0.00,0.00,0.00
UniVLA,LIBERO Spatial,guarded_reuse_aggressive,Guarded reuse,libero_spatial__task_6,pick up the black bowl next to the cookie box and place it on the plate,10,10,100.00,103.00,0.00,10,10,100.00,103.00,0.00,0.00,0.00
UniVLA,LIBERO Spatial,guarded_reuse_aggressive,Guarded reuse,libero_spatial__task_7,pick up the black bowl on the stove and place it on the plate,10,10,100.00,119.90,0.00,10,10,100.00,119.90,0.00,0.00,0.00
UniVLA,LIBERO Spatial,guarded_reuse_aggressive,Guarded reuse,libero_spatial__task_8,pick up the black bowl next to the plate and place it on the plate,10,9,90.00,109.80,0.00,10,9,90.00,109.80,0.00,0.00,0.00
UniVLA,LIBERO Spatial,guarded_reuse_aggressive,Guarded reuse,libero_spatial__task_9,pick up the black bowl on the wooden cabinet and place it on the plate,10,9,90.00,130.50,0.00,10,9,90.00,130.50,0.00,0.00,0.00
UniVLA,LIBERO Spatial,temporal_fusion_motion_entropy,Temporal fusion,libero_spatial__task_0,pick up the black bowl between the plate and the ramekin and place it on the plate,10,8,80.00,105.10,0.00,10,9,90.00,91.50,-10.00,13.60,-10.00
UniVLA,LIBERO Spatial,temporal_fusion_motion_entropy,Temporal fusion,libero_spatial__task_1,pick up the black bowl next to the ramekin and place it on the plate,10,10,100.00,107.10,0.00,10,10,100.00,107.70,0.00,-0.60,0.00
UniVLA,LIBERO Spatial,temporal_fusion_motion_entropy,Temporal fusion,libero_spatial__task_2,pick up the black bowl from table center and place it on the plate,10,10,100.00,92.40,0.00,10,10,100.00,91.80,0.00,0.60,0.00
UniVLA,LIBERO Spatial,temporal_fusion_motion_entropy,Temporal fusion,libero_spatial__task_3,pick up the black bowl on the cookie box and place it on the plate,10,8,80.00,110.10,0.00,10,9,90.00,96.80,-10.00,13.30,-10.00
UniVLA,LIBERO Spatial,temporal_fusion_motion_entropy,Temporal fusion,libero_spatial__task_4,pick up the black bowl in the top drawer of the wooden cabinet and place it on the plate,10,9,90.00,131.90,0.00,10,10,100.00,123.60,-10.00,8.30,-10.00
UniVLA,LIBERO Spatial,temporal_fusion_motion_entropy,Temporal fusion,libero_spatial__task_5,pick up the black bowl on the ramekin and place it on the plate,10,9,90.00,107.80,0.00,10,9,90.00,108.50,0.00,-0.70,0.00
UniVLA,LIBERO Spatial,temporal_fusion_motion_entropy,Temporal fusion,libero_spatial__task_6,pick up the black bowl next to the cookie box and place it on the plate,10,9,90.00,122.90,0.00,10,10,100.00,103.00,-10.00,19.90,-10.00
UniVLA,LIBERO Spatial,temporal_fusion_motion_entropy,Temporal fusion,libero_spatial__task_7,pick up the black bowl on the stove and place it on the plate,10,9,90.00,125.40,0.00,10,10,100.00,119.90,-10.00,5.50,-10.00
UniVLA,LIBERO Spatial,temporal_fusion_motion_entropy,Temporal fusion,libero_spatial__task_8,pick up the black bowl next to the plate and place it on the plate,10,9,90.00,112.00,0.00,10,9,90.00,109.80,0.00,2.20,0.00
UniVLA,LIBERO Spatial,temporal_fusion_motion_entropy,Temporal fusion,libero_spatial__task_9,pick up the black bowl on the wooden cabinet and place it on the plate,10,10,100.00,121.90,0.00,10,9,90.00,130.50,10.00,-8.60,10.00
UniVLA,LIBERO Spatial,temporal_fusion_task_aware,Temporal fusion,libero_spatial__task_0,pick up the black bowl between the plate and the ramekin and place it on the plate,10,8,80.00,108.20,0.00,10,9,90.00,91.50,-10.00,16.70,-10.00
UniVLA,LIBERO Spatial,temporal_fusion_task_aware,Temporal fusion,libero_spatial__task_1,pick up the black bowl next to the ramekin and place it on the plate,10,10,100.00,108.10,0.00,10,10,100.00,107.70,0.00,0.40,0.00
UniVLA,LIBERO Spatial,temporal_fusion_task_aware,Temporal fusion,libero_spatial__task_2,pick up the black bowl from table center and place it on the plate,10,10,100.00,93.00,0.00,10,10,100.00,91.80,0.00,1.20,0.00
UniVLA,LIBERO Spatial,temporal_fusion_task_aware,Temporal fusion,libero_spatial__task_3,pick up the black bowl on the cookie box and place it on the plate,10,8,80.00,111.60,0.00,10,9,90.00,96.80,-10.00,14.80,-10.00
UniVLA,LIBERO Spatial,temporal_fusion_task_aware,Temporal fusion,libero_spatial__task_4,pick up the black bowl in the top drawer of the wooden cabinet and place it on the plate,10,10,100.00,125.00,0.00,10,10,100.00,123.60,0.00,1.40,0.00
UniVLA,LIBERO Spatial,temporal_fusion_task_aware,Temporal fusion,libero_spatial__task_5,pick up the black bowl on the ramekin and place it on the plate,10,9,90.00,106.60,0.00,10,9,90.00,108.50,0.00,-1.90,0.00
UniVLA,LIBERO Spatial,temporal_fusion_task_aware,Temporal fusion,libero_spatial__task_6,pick up the black bowl next to the cookie box and place it on the plate,10,10,100.00,103.30,0.00,10,10,100.00,103.00,0.00,0.30,0.00
UniVLA,LIBERO Spatial,temporal_fusion_task_aware,Temporal fusion,libero_spatial__task_7,pick up the black bowl on the stove and place it on the plate,10,8,80.00,136.20,0.00,10,10,100.00,119.90,-20.00,16.30,-20.00
UniVLA,LIBERO Spatial,temporal_fusion_task_aware,Temporal fusion,libero_spatial__task_8,pick up the black bowl next to the plate and place it on the plate,10,9,90.00,111.90,0.00,10,9,90.00,109.80,0.00,2.10,0.00
UniVLA,LIBERO Spatial,temporal_fusion_task_aware,Temporal fusion,libero_spatial__task_9,pick up the black bowl on the wooden cabinet and place it on the plate,10,10,100.00,124.10,0.00,10,9,90.00,130.50,10.00,-6.40,10.00
UniVLA,LIBERO Spatial,temporal_fusion_conservative_adaptive,Temporal fusion,libero_spatial__task_0,pick up the black bowl between the plate and the ramekin and place it on the plate,10,9,90.00,91.50,0.00,10,9,90.00,91.50,0.00,0.00,0.00
UniVLA,LIBERO Spatial,temporal_fusion_conservative_adaptive,Temporal fusion,libero_spatial__task_1,pick up the black bowl next to the ramekin and place it on the plate,10,10,100.00,107.70,0.00,10,10,100.00,107.70,0.00,0.00,0.00
UniVLA,LIBERO Spatial,temporal_fusion_conservative_adaptive,Temporal fusion,libero_spatial__task_2,pick up the black bowl from table center and place it on the plate,10,10,100.00,91.80,0.00,10,10,100.00,91.80,0.00,0.00,0.00
UniVLA,LIBERO Spatial,temporal_fusion_conservative_adaptive,Temporal fusion,libero_spatial__task_3,pick up the black bowl on the cookie box and place it on the plate,10,9,90.00,96.80,0.00,10,9,90.00,96.80,0.00,0.00,0.00
UniVLA,LIBERO Spatial,temporal_fusion_conservative_adaptive,Temporal fusion,libero_spatial__task_4,pick up the black bowl in the top drawer of the wooden cabinet and place it on the plate,10,10,100.00,123.60,0.00,10,10,100.00,123.60,0.00,0.00,0.00
UniVLA,LIBERO Spatial,temporal_fusion_conservative_adaptive,Temporal fusion,libero_spatial__task_5,pick up the black bowl on the ramekin and place it on the plate,10,9,90.00,108.50,0.00,10,9,90.00,108.50,0.00,0.00,0.00
UniVLA,LIBERO Spatial,temporal_fusion_conservative_adaptive,Temporal fusion,libero_spatial__task_6,pick up the black bowl next to the cookie box and place it on the plate,10,10,100.00,103.00,0.00,10,10,100.00,103.00,0.00,0.00,0.00
UniVLA,LIBERO Spatial,temporal_fusion_conservative_adaptive,Temporal fusion,libero_spatial__task_7,pick up the black bowl on the stove and place it on the plate,10,10,100.00,119.90,0.00,10,10,100.00,119.90,0.00,0.00,0.00
UniVLA,LIBERO Spatial,temporal_fusion_conservative_adaptive,Temporal fusion,libero_spatial__task_8,pick up the black bowl next to the plate and place it on the plate,10,9,90.00,109.80,0.00,10,9,90.00,109.80,0.00,0.00,0.00
UniVLA,LIBERO Spatial,temporal_fusion_conservative_adaptive,Temporal fusion,libero_spatial__task_9,pick up the black bowl on the wooden cabinet and place it on the plate,10,9,90.00,130.50,0.00,10,9,90.00,130.50,0.00,0.00,0.00
SmolVLA,LIBERO Spatial,original,Original,libero_spatial__task_0,pick up the black bowl between the plate and the ramekin and place it on the plate,10,7,70.00,120.60,0.00,10,7,70.00,120.60,0.00,0.00,0.00
SmolVLA,LIBERO Spatial,original,Original,libero_spatial__task_1,pick up the black bowl next to the ramekin and place it on the plate,10,10,100.00,101.90,0.00,10,10,100.00,101.90,0.00,0.00,0.00
SmolVLA,LIBERO Spatial,original,Original,libero_spatial__task_2,pick up the black bowl from table center and place it on the plate,10,8,80.00,126.00,0.00,10,8,80.00,126.00,0.00,0.00,0.00
SmolVLA,LIBERO Spatial,original,Original,libero_spatial__task_3,pick up the black bowl on the cookie box and place it on the plate,10,7,70.00,126.30,0.00,10,7,70.00,126.30,0.00,0.00,0.00
SmolVLA,LIBERO Spatial,original,Original,libero_spatial__task_4,pick up the black bowl in the top drawer of the wooden cabinet and place it on the plate,10,9,90.00,139.90,0.00,10,9,90.00,139.90,0.00,0.00,0.00
SmolVLA,LIBERO Spatial,original,Original,libero_spatial__task_5,pick up the black bowl on the ramekin and place it on the plate,10,8,80.00,120.60,0.00,10,8,80.00,120.60,0.00,0.00,0.00
SmolVLA,LIBERO Spatial,original,Original,libero_spatial__task_6,pick up the black bowl next to the cookie box and place it on the plate,10,7,70.00,146.20,0.00,10,7,70.00,146.20,0.00,0.00,0.00
SmolVLA,LIBERO Spatial,original,Original,libero_spatial__task_7,pick up the black bowl on the stove and place it on the plate,10,6,60.00,166.40,0.00,10,6,60.00,166.40,0.00,0.00,0.00
SmolVLA,LIBERO Spatial,original,Original,libero_spatial__task_8,pick up the black bowl next to the plate and place it on the plate,10,9,90.00,108.60,0.00,10,9,90.00,108.60,0.00,0.00,0.00
SmolVLA,LIBERO Spatial,original,Original,libero_spatial__task_9,pick up the black bowl on the wooden cabinet and place it on the plate,10,5,50.00,172.70,0.00,10,5,50.00,172.70,0.00,0.00,0.00
SmolVLA,LIBERO Spatial,fixed_foveation_keep20,Foveation,libero_spatial__task_0,pick up the black bowl between the plate and the ramekin and place it on the plate,10,8,80.00,107.20,0.00,10,7,70.00,120.60,10.00,-13.40,10.00
SmolVLA,LIBERO Spatial,fixed_foveation_keep20,Foveation,libero_spatial__task_1,pick up the black bowl next to the ramekin and place it on the plate,10,7,70.00,149.70,0.00,10,10,100.00,101.90,-30.00,47.80,-30.00
SmolVLA,LIBERO Spatial,fixed_foveation_keep20,Foveation,libero_spatial__task_2,pick up the black bowl from table center and place it on the plate,10,8,80.00,129.90,0.00,10,8,80.00,126.00,0.00,3.90,0.00
SmolVLA,LIBERO Spatial,fixed_foveation_keep20,Foveation,libero_spatial__task_3,pick up the black bowl on the cookie box and place it on the plate,10,9,90.00,100.90,0.00,10,7,70.00,126.30,20.00,-25.40,20.00
SmolVLA,LIBERO Spatial,fixed_foveation_keep20,Foveation,libero_spatial__task_4,pick up the black bowl in the top drawer of the wooden cabinet and place it on the plate,10,3,30.00,194.80,0.00,10,9,90.00,139.90,-60.00,54.90,-60.00
SmolVLA,LIBERO Spatial,fixed_foveation_keep20,Foveation,libero_spatial__task_5,pick up the black bowl on the ramekin and place it on the plate,10,6,60.00,152.90,0.00,10,8,80.00,120.60,-20.00,32.30,-20.00
SmolVLA,LIBERO Spatial,fixed_foveation_keep20,Foveation,libero_spatial__task_6,pick up the black bowl next to the cookie box and place it on the plate,10,9,90.00,125.30,0.00,10,7,70.00,146.20,20.00,-20.90,20.00
SmolVLA,LIBERO Spatial,fixed_foveation_keep20,Foveation,libero_spatial__task_7,pick up the black bowl on the stove and place it on the plate,10,1,10.00,214.70,0.00,10,6,60.00,166.40,-50.00,48.30,-50.00
SmolVLA,LIBERO Spatial,fixed_foveation_keep20,Foveation,libero_spatial__task_8,pick up the black bowl next to the plate and place it on the plate,10,6,60.00,143.90,0.00,10,9,90.00,108.60,-30.00,35.30,-30.00
SmolVLA,LIBERO Spatial,fixed_foveation_keep20,Foveation,libero_spatial__task_9,pick up the black bowl on the wooden cabinet and place it on the plate,10,6,60.00,173.80,0.00,10,5,50.00,172.70,10.00,1.10,10.00
SmolVLA,LIBERO Spatial,fixed_foveation_keep50,Foveation,libero_spatial__task_0,pick up the black bowl between the plate and the ramekin and place it on the plate,10,7,70.00,121.50,0.00,10,7,70.00,120.60,0.00,0.90,0.00
SmolVLA,LIBERO Spatial,fixed_foveation_keep50,Foveation,libero_spatial__task_1,pick up the black bowl next to the ramekin and place it on the plate,10,9,90.00,124.50,0.00,10,10,100.00,101.90,-10.00,22.60,-10.00
SmolVLA,LIBERO Spatial,fixed_foveation_keep50,Foveation,libero_spatial__task_2,pick up the black bowl from table center and place it on the plate,10,8,80.00,126.00,0.00,10,8,80.00,126.00,0.00,0.00,0.00
SmolVLA,LIBERO Spatial,fixed_foveation_keep50,Foveation,libero_spatial__task_3,pick up the black bowl on the cookie box and place it on the plate,10,7,70.00,125.30,0.00,10,7,70.00,126.30,0.00,-1.00,0.00
SmolVLA,LIBERO Spatial,fixed_foveation_keep50,Foveation,libero_spatial__task_4,pick up the black bowl in the top drawer of the wooden cabinet and place it on the plate,10,9,90.00,146.60,0.00,10,9,90.00,139.90,0.00,6.70,0.00
SmolVLA,LIBERO Spatial,fixed_foveation_keep50,Foveation,libero_spatial__task_5,pick up the black bowl on the ramekin and place it on the plate,10,9,90.00,113.20,0.00,10,8,80.00,120.60,10.00,-7.40,10.00
SmolVLA,LIBERO Spatial,fixed_foveation_keep50,Foveation,libero_spatial__task_6,pick up the black bowl next to the cookie box and place it on the plate,10,8,80.00,132.00,0.00,10,7,70.00,146.20,10.00,-14.20,10.00
SmolVLA,LIBERO Spatial,fixed_foveation_keep50,Foveation,libero_spatial__task_7,pick up the black bowl on the stove and place it on the plate,10,6,60.00,172.80,0.00,10,6,60.00,166.40,0.00,6.40,0.00
SmolVLA,LIBERO Spatial,fixed_foveation_keep50,Foveation,libero_spatial__task_8,pick up the black bowl next to the plate and place it on the plate,10,7,70.00,132.40,0.00,10,9,90.00,108.60,-20.00,23.80,-20.00
SmolVLA,LIBERO Spatial,fixed_foveation_keep50,Foveation,libero_spatial__task_9,pick up the black bowl on the wooden cabinet and place it on the plate,10,6,60.00,164.90,0.00,10,5,50.00,172.70,10.00,-7.80,10.00
SmolVLA,LIBERO Spatial,action_repeat2,Action repeat,libero_spatial__task_0,pick up the black bowl between the plate and the ramekin and place it on the plate,10,6,60.00,132.80,66.20,10,7,70.00,120.60,-10.00,12.20,-10.00
SmolVLA,LIBERO Spatial,action_repeat2,Action repeat,libero_spatial__task_1,pick up the black bowl next to the ramekin and place it on the plate,10,8,80.00,127.60,63.70,10,10,100.00,101.90,-20.00,25.70,-20.00
SmolVLA,LIBERO Spatial,action_repeat2,Action repeat,libero_spatial__task_2,pick up the black bowl from table center and place it on the plate,10,9,90.00,116.80,58.20,10,8,80.00,126.00,10.00,-9.20,10.00
SmolVLA,LIBERO Spatial,action_repeat2,Action repeat,libero_spatial__task_3,pick up the black bowl on the cookie box and place it on the plate,10,5,50.00,154.00,77.00,10,7,70.00,126.30,-20.00,27.70,-20.00
SmolVLA,LIBERO Spatial,action_repeat2,Action repeat,libero_spatial__task_4,pick up the black bowl in the top drawer of the wooden cabinet and place it on the plate,10,5,50.00,179.30,89.50,10,9,90.00,139.90,-40.00,39.40,-40.00
SmolVLA,LIBERO Spatial,action_repeat2,Action repeat,libero_spatial__task_5,pick up the black bowl on the ramekin and place it on the plate,10,8,80.00,126.40,63.00,10,8,80.00,120.60,0.00,5.80,0.00
SmolVLA,LIBERO Spatial,action_repeat2,Action repeat,libero_spatial__task_6,pick up the black bowl next to the cookie box and place it on the plate,10,6,60.00,157.20,78.50,10,7,70.00,146.20,-10.00,11.00,-10.00
SmolVLA,LIBERO Spatial,action_repeat2,Action repeat,libero_spatial__task_7,pick up the black bowl on the stove and place it on the plate,10,9,90.00,139.00,69.30,10,6,60.00,166.40,30.00,-27.40,30.00
SmolVLA,LIBERO Spatial,action_repeat2,Action repeat,libero_spatial__task_8,pick up the black bowl next to the plate and place it on the plate,10,5,50.00,156.40,78.00,10,9,90.00,108.60,-40.00,47.80,-40.00
SmolVLA,LIBERO Spatial,action_repeat2,Action repeat,libero_spatial__task_9,pick up the black bowl on the wooden cabinet and place it on the plate,10,3,30.00,192.30,96.10,10,5,50.00,172.70,-20.00,19.60,-20.00
SmolVLA,LIBERO Spatial,action_repeat4,Action repeat,libero_spatial__task_0,pick up the black bowl between the plate and the ramekin and place it on the plate,10,2,20.00,205.00,153.70,10,7,70.00,120.60,-50.00,84.40,-50.00
SmolVLA,LIBERO Spatial,action_repeat4,Action repeat,libero_spatial__task_1,pick up the black bowl next to the ramekin and place it on the plate,10,3,30.00,190.90,143.00,10,10,100.00,101.90,-70.00,89.00,-70.00
SmolVLA,LIBERO Spatial,action_repeat4,Action repeat,libero_spatial__task_2,pick up the black bowl from table center and place it on the plate,10,5,50.00,170.00,127.30,10,8,80.00,126.00,-30.00,44.00,-30.00
SmolVLA,LIBERO Spatial,action_repeat4,Action repeat,libero_spatial__task_3,pick up the black bowl on the cookie box and place it on the plate,10,3,30.00,194.20,145.60,10,7,70.00,126.30,-40.00,67.90,-40.00
SmolVLA,LIBERO Spatial,action_repeat4,Action repeat,libero_spatial__task_4,pick up the black bowl in the top drawer of the wooden cabinet and place it on the plate,10,4,40.00,187.00,140.00,10,9,90.00,139.90,-50.00,47.10,-50.00
SmolVLA,LIBERO Spatial,action_repeat4,Action repeat,libero_spatial__task_5,pick up the black bowl on the ramekin and place it on the plate,10,3,30.00,191.70,143.60,10,8,80.00,120.60,-50.00,71.10,-50.00
SmolVLA,LIBERO Spatial,action_repeat4,Action repeat,libero_spatial__task_6,pick up the black bowl next to the cookie box and place it on the plate,10,5,50.00,172.40,129.10,10,7,70.00,146.20,-20.00,26.20,-20.00
SmolVLA,LIBERO Spatial,action_repeat4,Action repeat,libero_spatial__task_7,pick up the black bowl on the stove and place it on the plate,10,6,60.00,182.10,136.30,10,6,60.00,166.40,0.00,15.70,0.00
SmolVLA,LIBERO Spatial,action_repeat4,Action repeat,libero_spatial__task_8,pick up the black bowl next to the plate and place it on the plate,10,3,30.00,193.50,145.00,10,9,90.00,108.60,-60.00,84.90,-60.00
SmolVLA,LIBERO Spatial,action_repeat4,Action repeat,libero_spatial__task_9,pick up the black bowl on the wooden cabinet and place it on the plate,10,1,10.00,210.50,157.80,10,5,50.00,172.70,-40.00,37.80,-40.00
SmolVLA,LIBERO Spatial,depth_pruning1,Depth pruning,libero_spatial__task_0,pick up the black bowl between the plate and the ramekin and place it on the plate,10,7,70.00,121.70,0.00,10,7,70.00,120.60,0.00,1.10,0.00
SmolVLA,LIBERO Spatial,depth_pruning1,Depth pruning,libero_spatial__task_1,pick up the black bowl next to the ramekin and place it on the plate,10,4,40.00,178.90,0.00,10,10,100.00,101.90,-60.00,77.00,-60.00
SmolVLA,LIBERO Spatial,depth_pruning1,Depth pruning,libero_spatial__task_2,pick up the black bowl from table center and place it on the plate,10,10,100.00,107.00,0.00,10,8,80.00,126.00,20.00,-19.00,20.00
SmolVLA,LIBERO Spatial,depth_pruning1,Depth pruning,libero_spatial__task_3,pick up the black bowl on the cookie box and place it on the plate,10,8,80.00,116.10,0.00,10,7,70.00,126.30,10.00,-10.20,10.00
SmolVLA,LIBERO Spatial,depth_pruning1,Depth pruning,libero_spatial__task_4,pick up the black bowl in the top drawer of the wooden cabinet and place it on the plate,10,4,40.00,187.20,0.00,10,9,90.00,139.90,-50.00,47.30,-50.00
SmolVLA,LIBERO Spatial,depth_pruning1,Depth pruning,libero_spatial__task_5,pick up the black bowl on the ramekin and place it on the plate,10,2,20.00,196.80,0.00,10,8,80.00,120.60,-60.00,76.20,-60.00
SmolVLA,LIBERO Spatial,depth_pruning1,Depth pruning,libero_spatial__task_6,pick up the black bowl next to the cookie box and place it on the plate,10,6,60.00,154.60,0.00,10,7,70.00,146.20,-10.00,8.40,-10.00
SmolVLA,LIBERO Spatial,depth_pruning1,Depth pruning,libero_spatial__task_7,pick up the black bowl on the stove and place it on the plate,10,8,80.00,142.50,0.00,10,6,60.00,166.40,20.00,-23.90,20.00
SmolVLA,LIBERO Spatial,depth_pruning1,Depth pruning,libero_spatial__task_8,pick up the black bowl next to the plate and place it on the plate,10,6,60.00,148.00,0.00,10,9,90.00,108.60,-30.00,39.40,-30.00
SmolVLA,LIBERO Spatial,depth_pruning1,Depth pruning,libero_spatial__task_9,pick up the black bowl on the wooden cabinet and place it on the plate,10,7,70.00,161.60,0.00,10,5,50.00,172.70,20.00,-11.10,20.00
SmolVLA,LIBERO Spatial,depth_pruning2,Depth pruning,libero_spatial__task_0,pick up the black bowl between the plate and the ramekin and place it on the plate,10,6,60.00,132.10,0.00,10,7,70.00,120.60,-10.00,11.50,-10.00
SmolVLA,LIBERO Spatial,depth_pruning2,Depth pruning,libero_spatial__task_1,pick up the black bowl next to the ramekin and place it on the plate,10,2,20.00,198.00,0.00,10,10,100.00,101.90,-80.00,96.10,-80.00
SmolVLA,LIBERO Spatial,depth_pruning2,Depth pruning,libero_spatial__task_2,pick up the black bowl from table center and place it on the plate,10,7,70.00,144.00,0.00,10,8,80.00,126.00,-10.00,18.00,-10.00
SmolVLA,LIBERO Spatial,depth_pruning2,Depth pruning,libero_spatial__task_3,pick up the black bowl on the cookie box and place it on the plate,10,8,80.00,118.50,0.00,10,7,70.00,126.30,10.00,-7.80,10.00
SmolVLA,LIBERO Spatial,depth_pruning2,Depth pruning,libero_spatial__task_4,pick up the black bowl in the top drawer of the wooden cabinet and place it on the plate,10,0,0.00,220.00,0.00,10,9,90.00,139.90,-90.00,80.10,-90.00
SmolVLA,LIBERO Spatial,depth_pruning2,Depth pruning,libero_spatial__task_5,pick up the black bowl on the ramekin and place it on the plate,10,1,10.00,207.10,0.00,10,8,80.00,120.60,-70.00,86.50,-70.00
SmolVLA,LIBERO Spatial,depth_pruning2,Depth pruning,libero_spatial__task_6,pick up the black bowl next to the cookie box and place it on the plate,10,2,20.00,198.90,0.00,10,7,70.00,146.20,-50.00,52.70,-50.00
SmolVLA,LIBERO Spatial,depth_pruning2,Depth pruning,libero_spatial__task_7,pick up the black bowl on the stove and place it on the plate,10,8,80.00,156.50,0.00,10,6,60.00,166.40,20.00,-9.90,20.00
SmolVLA,LIBERO Spatial,depth_pruning2,Depth pruning,libero_spatial__task_8,pick up the black bowl next to the plate and place it on the plate,10,1,10.00,208.70,0.00,10,9,90.00,108.60,-80.00,100.10,-80.00
SmolVLA,LIBERO Spatial,depth_pruning2,Depth pruning,libero_spatial__task_9,pick up the black bowl on the wooden cabinet and place it on the plate,10,3,30.00,193.80,0.00,10,5,50.00,172.70,-20.00,21.10,-20.00
SmolVLA,LIBERO Spatial,depth_pruning4,Depth pruning,libero_spatial__task_0,pick up the black bowl between the plate and the ramekin and place it on the plate,10,7,70.00,117.60,0.00,10,7,70.00,120.60,0.00,-3.00,0.00
SmolVLA,LIBERO Spatial,depth_pruning4,Depth pruning,libero_spatial__task_1,pick up the black bowl next to the ramekin and place it on the plate,10,4,40.00,177.20,0.00,10,10,100.00,101.90,-60.00,75.30,-60.00
SmolVLA,LIBERO Spatial,depth_pruning4,Depth pruning,libero_spatial__task_2,pick up the black bowl from table center and place it on the plate,10,7,70.00,165.80,0.00,10,8,80.00,126.00,-10.00,39.80,-10.00
SmolVLA,LIBERO Spatial,depth_pruning4,Depth pruning,libero_spatial__task_3,pick up the black bowl on the cookie box and place it on the plate,10,3,30.00,180.40,0.00,10,7,70.00,126.30,-40.00,54.10,-40.00
SmolVLA,LIBERO Spatial,depth_pruning4,Depth pruning,libero_spatial__task_4,pick up the black bowl in the top drawer of the wooden cabinet and place it on the plate,10,0,0.00,220.00,0.00,10,9,90.00,139.90,-90.00,80.10,-90.00
SmolVLA,LIBERO Spatial,depth_pruning4,Depth pruning,libero_spatial__task_5,pick up the black bowl on the ramekin and place it on the plate,10,1,10.00,208.00,0.00,10,8,80.00,120.60,-70.00,87.40,-70.00
SmolVLA,LIBERO Spatial,depth_pruning4,Depth pruning,libero_spatial__task_6,pick up the black bowl next to the cookie box and place it on the plate,10,1,10.00,209.30,0.00,10,7,70.00,146.20,-60.00,63.10,-60.00
SmolVLA,LIBERO Spatial,depth_pruning4,Depth pruning,libero_spatial__task_7,pick up the black bowl on the stove and place it on the plate,10,5,50.00,179.10,0.00,10,6,60.00,166.40,-10.00,12.70,-10.00
SmolVLA,LIBERO Spatial,depth_pruning4,Depth pruning,libero_spatial__task_8,pick up the black bowl next to the plate and place it on the plate,10,1,10.00,208.10,0.00,10,9,90.00,108.60,-80.00,99.50,-80.00
SmolVLA,LIBERO Spatial,depth_pruning4,Depth pruning,libero_spatial__task_9,pick up the black bowl on the wooden cabinet and place it on the plate,10,0,0.00,220.00,0.00,10,5,50.00,172.70,-50.00,47.30,-50.00
SmolVLA,LIBERO Spatial,guarded_reuse_strict,Guarded reuse,libero_spatial__task_0,pick up the black bowl between the plate and the ramekin and place it on the plate,10,8,80.00,105.30,0.00,10,7,70.00,120.60,10.00,-15.30,10.00
SmolVLA,LIBERO Spatial,guarded_reuse_strict,Guarded reuse,libero_spatial__task_1,pick up the black bowl next to the ramekin and place it on the plate,10,9,90.00,115.70,0.00,10,10,100.00,101.90,-10.00,13.80,-10.00
SmolVLA,LIBERO Spatial,guarded_reuse_strict,Guarded reuse,libero_spatial__task_2,pick up the black bowl from table center and place it on the plate,10,7,70.00,138.90,0.00,10,8,80.00,126.00,-10.00,12.90,-10.00
SmolVLA,LIBERO Spatial,guarded_reuse_strict,Guarded reuse,libero_spatial__task_3,pick up the black bowl on the cookie box and place it on the plate,10,7,70.00,127.10,0.00,10,7,70.00,126.30,0.00,0.80,0.00
SmolVLA,LIBERO Spatial,guarded_reuse_strict,Guarded reuse,libero_spatial__task_4,pick up the black bowl in the top drawer of the wooden cabinet and place it on the plate,10,8,80.00,147.80,0.20,10,9,90.00,139.90,-10.00,7.90,-10.00
SmolVLA,LIBERO Spatial,guarded_reuse_strict,Guarded reuse,libero_spatial__task_5,pick up the black bowl on the ramekin and place it on the plate,10,9,90.00,109.00,0.00,10,8,80.00,120.60,10.00,-11.60,10.00
SmolVLA,LIBERO Spatial,guarded_reuse_strict,Guarded reuse,libero_spatial__task_6,pick up the black bowl next to the cookie box and place it on the plate,10,9,90.00,121.10,0.00,10,7,70.00,146.20,20.00,-25.10,20.00
SmolVLA,LIBERO Spatial,guarded_reuse_strict,Guarded reuse,libero_spatial__task_7,pick up the black bowl on the stove and place it on the plate,10,9,90.00,145.10,0.00,10,6,60.00,166.40,30.00,-21.30,30.00
SmolVLA,LIBERO Spatial,guarded_reuse_strict,Guarded reuse,libero_spatial__task_8,pick up the black bowl next to the plate and place it on the plate,10,8,80.00,116.60,0.00,10,9,90.00,108.60,-10.00,8.00,-10.00
SmolVLA,LIBERO Spatial,guarded_reuse_strict,Guarded reuse,libero_spatial__task_9,pick up the black bowl on the wooden cabinet and place it on the plate,10,4,40.00,181.80,0.10,10,5,50.00,172.70,-10.00,9.10,-10.00
SmolVLA,LIBERO Spatial,guarded_reuse_moderate,Guarded reuse,libero_spatial__task_0,pick up the black bowl between the plate and the ramekin and place it on the plate,10,8,80.00,105.30,0.00,10,7,70.00,120.60,10.00,-15.30,10.00
SmolVLA,LIBERO Spatial,guarded_reuse_moderate,Guarded reuse,libero_spatial__task_1,pick up the black bowl next to the ramekin and place it on the plate,10,9,90.00,115.70,0.00,10,10,100.00,101.90,-10.00,13.80,-10.00
SmolVLA,LIBERO Spatial,guarded_reuse_moderate,Guarded reuse,libero_spatial__task_2,pick up the black bowl from table center and place it on the plate,10,7,70.00,138.90,0.20,10,8,80.00,126.00,-10.00,12.90,-10.00
SmolVLA,LIBERO Spatial,guarded_reuse_moderate,Guarded reuse,libero_spatial__task_3,pick up the black bowl on the cookie box and place it on the plate,10,7,70.00,127.30,0.20,10,7,70.00,126.30,0.00,1.00,0.00
SmolVLA,LIBERO Spatial,guarded_reuse_moderate,Guarded reuse,libero_spatial__task_4,pick up the black bowl in the top drawer of the wooden cabinet and place it on the plate,10,8,80.00,148.00,1.40,10,9,90.00,139.90,-10.00,8.10,-10.00
SmolVLA,LIBERO Spatial,guarded_reuse_moderate,Guarded reuse,libero_spatial__task_5,pick up the black bowl on the ramekin and place it on the plate,10,9,90.00,108.90,0.20,10,8,80.00,120.60,10.00,-11.70,10.00
SmolVLA,LIBERO Spatial,guarded_reuse_moderate,Guarded reuse,libero_spatial__task_6,pick up the black bowl next to the cookie box and place it on the plate,10,9,90.00,120.80,0.20,10,7,70.00,146.20,20.00,-25.40,20.00
SmolVLA,LIBERO Spatial,guarded_reuse_moderate,Guarded reuse,libero_spatial__task_7,pick up the black bowl on the stove and place it on the plate,10,9,90.00,145.20,0.20,10,6,60.00,166.40,30.00,-21.20,30.00
SmolVLA,LIBERO Spatial,guarded_reuse_moderate,Guarded reuse,libero_spatial__task_8,pick up the black bowl next to the plate and place it on the plate,10,8,80.00,116.60,0.10,10,9,90.00,108.60,-10.00,8.00,-10.00
SmolVLA,LIBERO Spatial,guarded_reuse_moderate,Guarded reuse,libero_spatial__task_9,pick up the black bowl on the wooden cabinet and place it on the plate,10,4,40.00,181.80,0.80,10,5,50.00,172.70,-10.00,9.10,-10.00
SmolVLA,LIBERO Spatial,guarded_reuse_aggressive,Guarded reuse,libero_spatial__task_0,pick up the black bowl between the plate and the ramekin and place it on the plate,10,9,90.00,90.20,0.40,10,7,70.00,120.60,20.00,-30.40,20.00
SmolVLA,LIBERO Spatial,guarded_reuse_aggressive,Guarded reuse,libero_spatial__task_1,pick up the black bowl next to the ramekin and place it on the plate,10,8,80.00,126.90,1.90,10,10,100.00,101.90,-20.00,25.00,-20.00
SmolVLA,LIBERO Spatial,guarded_reuse_aggressive,Guarded reuse,libero_spatial__task_2,pick up the black bowl from table center and place it on the plate,10,7,70.00,139.80,1.70,10,8,80.00,126.00,-10.00,13.80,-10.00
SmolVLA,LIBERO Spatial,guarded_reuse_aggressive,Guarded reuse,libero_spatial__task_3,pick up the black bowl on the cookie box and place it on the plate,10,8,80.00,114.60,0.60,10,7,70.00,126.30,10.00,-11.70,10.00
SmolVLA,LIBERO Spatial,guarded_reuse_aggressive,Guarded reuse,libero_spatial__task_4,pick up the black bowl in the top drawer of the wooden cabinet and place it on the plate,10,8,80.00,149.30,5.50,10,9,90.00,139.90,-10.00,9.40,-10.00
SmolVLA,LIBERO Spatial,guarded_reuse_aggressive,Guarded reuse,libero_spatial__task_5,pick up the black bowl on the ramekin and place it on the plate,10,9,90.00,111.00,1.50,10,8,80.00,120.60,10.00,-9.60,10.00
SmolVLA,LIBERO Spatial,guarded_reuse_aggressive,Guarded reuse,libero_spatial__task_6,pick up the black bowl next to the cookie box and place it on the plate,10,7,70.00,143.10,0.60,10,7,70.00,146.20,0.00,-3.10,0.00
SmolVLA,LIBERO Spatial,guarded_reuse_aggressive,Guarded reuse,libero_spatial__task_7,pick up the black bowl on the stove and place it on the plate,10,9,90.00,143.20,1.90,10,6,60.00,166.40,30.00,-23.20,30.00
SmolVLA,LIBERO Spatial,guarded_reuse_aggressive,Guarded reuse,libero_spatial__task_8,pick up the black bowl next to the plate and place it on the plate,10,7,70.00,129.20,0.70,10,9,90.00,108.60,-20.00,20.60,-20.00
SmolVLA,LIBERO Spatial,guarded_reuse_aggressive,Guarded reuse,libero_spatial__task_9,pick up the black bowl on the wooden cabinet and place it on the plate,10,4,40.00,182.30,3.40,10,5,50.00,172.70,-10.00,9.60,-10.00
SmolVLA,LIBERO Spatial,temporal_fusion_motion_entropy,Temporal fusion,libero_spatial__task_0,pick up the black bowl between the plate and the ramekin and place it on the plate,10,9,90.00,93.90,0.00,10,7,70.00,120.60,20.00,-26.70,20.00
SmolVLA,LIBERO Spatial,temporal_fusion_motion_entropy,Temporal fusion,libero_spatial__task_1,pick up the black bowl next to the ramekin and place it on the plate,10,9,90.00,115.00,0.00,10,10,100.00,101.90,-10.00,13.10,-10.00
SmolVLA,LIBERO Spatial,temporal_fusion_motion_entropy,Temporal fusion,libero_spatial__task_2,pick up the black bowl from table center and place it on the plate,10,7,70.00,138.80,0.00,10,8,80.00,126.00,-10.00,12.80,-10.00
SmolVLA,LIBERO Spatial,temporal_fusion_motion_entropy,Temporal fusion,libero_spatial__task_3,pick up the black bowl on the cookie box and place it on the plate,10,7,70.00,127.00,0.00,10,7,70.00,126.30,0.00,0.70,0.00
SmolVLA,LIBERO Spatial,temporal_fusion_motion_entropy,Temporal fusion,libero_spatial__task_4,pick up the black bowl in the top drawer of the wooden cabinet and place it on the plate,10,8,80.00,148.30,0.00,10,9,90.00,139.90,-10.00,8.40,-10.00
SmolVLA,LIBERO Spatial,temporal_fusion_motion_entropy,Temporal fusion,libero_spatial__task_5,pick up the black bowl on the ramekin and place it on the plate,10,10,100.00,97.60,0.00,10,8,80.00,120.60,20.00,-23.00,20.00
SmolVLA,LIBERO Spatial,temporal_fusion_motion_entropy,Temporal fusion,libero_spatial__task_6,pick up the black bowl next to the cookie box and place it on the plate,10,9,90.00,121.10,0.00,10,7,70.00,146.20,20.00,-25.10,20.00
SmolVLA,LIBERO Spatial,temporal_fusion_motion_entropy,Temporal fusion,libero_spatial__task_7,pick up the black bowl on the stove and place it on the plate,10,8,80.00,155.30,0.00,10,6,60.00,166.40,20.00,-11.10,20.00
SmolVLA,LIBERO Spatial,temporal_fusion_motion_entropy,Temporal fusion,libero_spatial__task_8,pick up the black bowl next to the plate and place it on the plate,10,9,90.00,101.80,0.00,10,9,90.00,108.60,0.00,-6.80,0.00
SmolVLA,LIBERO Spatial,temporal_fusion_motion_entropy,Temporal fusion,libero_spatial__task_9,pick up the black bowl on the wooden cabinet and place it on the plate,10,5,50.00,172.80,0.00,10,5,50.00,172.70,0.00,0.10,0.00
SmolVLA,LIBERO Spatial,temporal_fusion_task_aware,Temporal fusion,libero_spatial__task_0,pick up the black bowl between the plate and the ramekin and place it on the plate,10,8,80.00,104.80,0.00,10,7,70.00,120.60,10.00,-15.80,10.00
SmolVLA,LIBERO Spatial,temporal_fusion_task_aware,Temporal fusion,libero_spatial__task_1,pick up the black bowl next to the ramekin and place it on the plate,10,9,90.00,114.90,0.00,10,10,100.00,101.90,-10.00,13.00,-10.00
SmolVLA,LIBERO Spatial,temporal_fusion_task_aware,Temporal fusion,libero_spatial__task_2,pick up the black bowl from table center and place it on the plate,10,7,70.00,139.00,0.00,10,8,80.00,126.00,-10.00,13.00,-10.00
SmolVLA,LIBERO Spatial,temporal_fusion_task_aware,Temporal fusion,libero_spatial__task_3,pick up the black bowl on the cookie box and place it on the plate,10,8,80.00,112.70,0.00,10,7,70.00,126.30,10.00,-13.60,10.00
SmolVLA,LIBERO Spatial,temporal_fusion_task_aware,Temporal fusion,libero_spatial__task_4,pick up the black bowl in the top drawer of the wooden cabinet and place it on the plate,10,8,80.00,148.10,0.00,10,9,90.00,139.90,-10.00,8.20,-10.00
SmolVLA,LIBERO Spatial,temporal_fusion_task_aware,Temporal fusion,libero_spatial__task_5,pick up the black bowl on the ramekin and place it on the plate,10,9,90.00,107.40,0.00,10,8,80.00,120.60,10.00,-13.20,10.00
SmolVLA,LIBERO Spatial,temporal_fusion_task_aware,Temporal fusion,libero_spatial__task_6,pick up the black bowl next to the cookie box and place it on the plate,10,9,90.00,121.10,0.00,10,7,70.00,146.20,20.00,-25.10,20.00
SmolVLA,LIBERO Spatial,temporal_fusion_task_aware,Temporal fusion,libero_spatial__task_7,pick up the black bowl on the stove and place it on the plate,10,9,90.00,144.80,0.00,10,6,60.00,166.40,30.00,-21.60,30.00
SmolVLA,LIBERO Spatial,temporal_fusion_task_aware,Temporal fusion,libero_spatial__task_8,pick up the black bowl next to the plate and place it on the plate,10,9,90.00,104.80,0.00,10,9,90.00,108.60,0.00,-3.80,0.00
SmolVLA,LIBERO Spatial,temporal_fusion_task_aware,Temporal fusion,libero_spatial__task_9,pick up the black bowl on the wooden cabinet and place it on the plate,10,6,60.00,163.80,0.00,10,5,50.00,172.70,10.00,-8.90,10.00
SmolVLA,LIBERO Spatial,temporal_fusion_conservative_adaptive,Temporal fusion,libero_spatial__task_0,pick up the black bowl between the plate and the ramekin and place it on the plate,10,9,90.00,89.00,0.00,10,7,70.00,120.60,20.00,-31.60,20.00
SmolVLA,LIBERO Spatial,temporal_fusion_conservative_adaptive,Temporal fusion,libero_spatial__task_1,pick up the black bowl next to the ramekin and place it on the plate,10,8,80.00,126.20,0.00,10,10,100.00,101.90,-20.00,24.30,-20.00
SmolVLA,LIBERO Spatial,temporal_fusion_conservative_adaptive,Temporal fusion,libero_spatial__task_2,pick up the black bowl from table center and place it on the plate,10,7,70.00,138.40,0.00,10,8,80.00,126.00,-10.00,12.40,-10.00
SmolVLA,LIBERO Spatial,temporal_fusion_conservative_adaptive,Temporal fusion,libero_spatial__task_3,pick up the black bowl on the cookie box and place it on the plate,10,7,70.00,126.50,0.00,10,7,70.00,126.30,0.00,0.20,0.00
SmolVLA,LIBERO Spatial,temporal_fusion_conservative_adaptive,Temporal fusion,libero_spatial__task_4,pick up the black bowl in the top drawer of the wooden cabinet and place it on the plate,10,7,70.00,156.70,0.00,10,9,90.00,139.90,-20.00,16.80,-20.00
SmolVLA,LIBERO Spatial,temporal_fusion_conservative_adaptive,Temporal fusion,libero_spatial__task_5,pick up the black bowl on the ramekin and place it on the plate,10,10,100.00,95.90,0.00,10,8,80.00,120.60,20.00,-24.70,20.00
SmolVLA,LIBERO Spatial,temporal_fusion_conservative_adaptive,Temporal fusion,libero_spatial__task_6,pick up the black bowl next to the cookie box and place it on the plate,10,9,90.00,121.50,0.00,10,7,70.00,146.20,20.00,-24.70,20.00
SmolVLA,LIBERO Spatial,temporal_fusion_conservative_adaptive,Temporal fusion,libero_spatial__task_7,pick up the black bowl on the stove and place it on the plate,10,9,90.00,149.10,0.00,10,6,60.00,166.40,30.00,-17.30,30.00
SmolVLA,LIBERO Spatial,temporal_fusion_conservative_adaptive,Temporal fusion,libero_spatial__task_8,pick up the black bowl next to the plate and place it on the plate,10,8,80.00,114.30,0.00,10,9,90.00,108.60,-10.00,5.70,-10.00
SmolVLA,LIBERO Spatial,temporal_fusion_conservative_adaptive,Temporal fusion,libero_spatial__task_9,pick up the black bowl on the wooden cabinet and place it on the plate,10,4,40.00,183.30,0.00,10,5,50.00,172.70,-10.00,10.60,-10.00
