source,model,config,suite,n,successes,success,steps,episode_s,step_ms,calls,query_ms
results_corrected/cogact_base_simplerenv_bridge/action_repeat2/summary.json,cogact_base_simplerenv_bridge,action_repeat2,combined,200,24,12.0,70.605,6.496346875198942,92.00972842148491,35.33,98.72788400061393
results_corrected/cogact_base_simplerenv_bridge/action_repeat4/summary.json,cogact_base_simplerenv_bridge,action_repeat4,combined,200,9,4.5,74.27,5.015047302512394,67.52453618570613,18.575,98.57285363237094
results_corrected/cogact_base_simplerenv_bridge/depth_pruning1/summary.json,cogact_base_simplerenv_bridge,depth_pruning1,combined,200,114,57.0,47.575,6.600951918686333,138.74833249997548,47.575,97.07110291973947
results_corrected/cogact_base_simplerenv_bridge/depth_pruning2/summary.json,cogact_base_simplerenv_bridge,depth_pruning2,combined,200,119,59.5,47.135,6.476452713363397,137.4022003471602,47.135,96.0154629070499
results_corrected/cogact_base_simplerenv_bridge/depth_pruning4/summary.json,cogact_base_simplerenv_bridge,depth_pruning4,combined,200,105,52.5,49.84,6.74895335139503,135.41238666522935,49.84,93.47875705425746
results_corrected/cogact_base_simplerenv_bridge/fixed_foveation_keep20/summary.json,cogact_base_simplerenv_bridge,fixed_foveation_keep20,combined,200,105,52.5,46.57,7.44156662939,159.79314213850117,46.57,98.28288269520759
results_corrected/cogact_base_simplerenv_bridge/fixed_foveation_keep50/summary.json,cogact_base_simplerenv_bridge,fixed_foveation_keep50,combined,200,105,52.5,48.36,7.865280683070596,162.6402126358684,48.36,99.28962969196692
results_corrected/cogact_base_simplerenv_bridge/guarded_reuse_aggressive/summary.json,cogact_base_simplerenv_bridge,guarded_reuse_aggressive,combined,200,106,53.0,49.77,6.904309311482939,138.72431809288605,48.415,99.02205007604937
results_corrected/cogact_base_simplerenv_bridge/guarded_reuse_moderate/summary.json,cogact_base_simplerenv_bridge,guarded_reuse_moderate,combined,200,100,50.0,51.835,7.277010890501843,140.38797898141877,51.35,99.20934517974983
results_corrected/cogact_base_simplerenv_bridge/guarded_reuse_strict/summary.json,cogact_base_simplerenv_bridge,guarded_reuse_strict,combined,200,103,51.5,50.33,7.106312137829664,141.19435998072052,50.17,99.435410358516
results_corrected/cogact_base_simplerenv_bridge/original/summary.json,cogact_base_simplerenv_bridge,original,combined,200,100,50.0,50.845,7.193566584102518,141.4803143692107,50.845,98.88403187934631
results_corrected/cogact_base_simplerenv_bridge/temporal_fusion_conservative_adaptive/summary.json,cogact_base_simplerenv_bridge,temporal_fusion_conservative_adaptive,combined,200,104,52.0,48.93,6.920290105268359,141.43245667828242,48.93,98.15133126933192
results_corrected/cogact_base_simplerenv_bridge/temporal_fusion_motion_entropy/summary.json,cogact_base_simplerenv_bridge,temporal_fusion_motion_entropy,combined,200,116,58.0,47.41,6.728912787505542,141.93024230131917,47.41,98.81859696115012
results_corrected/cogact_base_simplerenv_bridge/temporal_fusion_task_aware/summary.json,cogact_base_simplerenv_bridge,temporal_fusion_task_aware,combined,200,116,58.0,47.41,6.737596417388122,142.11340260257586,47.41,98.41454432972104
results_corrected/cogact_base_simplerenv_fractal/action_repeat2/google_robot_close_drawer/summary.json,cogact_base_simplerenv_fractal,action_repeat2,google_robot_close_drawer,50,37,74.0,42.06,5.3964412110229025,128.30340492208518,21.26,102.25122124523972
results_corrected/cogact_base_simplerenv_fractal/action_repeat2/google_robot_move_near/summary.json,cogact_base_simplerenv_fractal,action_repeat2,google_robot_move_near,50,41,82.0,32.1,3.646368494599592,113.59403409967577,16.22,103.86355335634137
results_corrected/cogact_base_simplerenv_fractal/action_repeat2/google_robot_open_drawer/summary.json,cogact_base_simplerenv_fractal,action_repeat2,google_robot_open_drawer,50,42,84.0,45.86,5.775761467400007,125.94333771042318,23.2,100.23769779724935
results_corrected/cogact_base_simplerenv_fractal/action_repeat2/google_robot_pick_coke_can/summary.json,cogact_base_simplerenv_fractal,action_repeat2,google_robot_pick_coke_can,50,44,88.0,33.32,3.881273518262897,116.48479946767397,16.82,104.94587166892646
results_corrected/cogact_base_simplerenv_fractal/action_repeat2/google_robot_place_apple_in_closed_top_drawer/summary.json,cogact_base_simplerenv_fractal,action_repeat2,google_robot_place_apple_in_closed_top_drawer,50,0,0.0,80.0,9.66838541323552,120.85481766544399,40.0,102.18763825210044
results_corrected/cogact_base_simplerenv_fractal/action_repeat4/google_robot_close_drawer/summary.json,cogact_base_simplerenv_fractal,action_repeat4,google_robot_close_drawer,50,44,88.0,38.98,4.163790307582822,106.81863282665012,10.06,104.66371504793584
results_corrected/cogact_base_simplerenv_fractal/action_repeat4/google_robot_move_near/summary.json,cogact_base_simplerenv_fractal,action_repeat4,google_robot_move_near,50,25,50.0,53.98,4.750820823260583,88.01075997148172,13.74,103.20132111234447
results_corrected/cogact_base_simplerenv_fractal/action_repeat4/google_robot_open_drawer/summary.json,cogact_base_simplerenv_fractal,action_repeat4,google_robot_open_drawer,50,21,42.0,65.86,6.72609086786164,102.12710093929,16.64,103.15389950665121
results_corrected/cogact_base_simplerenv_fractal/action_repeat4/google_robot_pick_coke_can/summary.json,cogact_base_simplerenv_fractal,action_repeat4,google_robot_pick_coke_can,50,30,60.0,51.72,4.700221605892293,90.8782213049554,13.16,103.56998175936737
results_corrected/cogact_base_simplerenv_fractal/action_repeat4/google_robot_place_apple_in_closed_top_drawer/summary.json,cogact_base_simplerenv_fractal,action_repeat4,google_robot_place_apple_in_closed_top_drawer,50,0,0.0,80.0,8.000114521153737,100.00143151442171,20.0,105.3335922799306
results_corrected/cogact_base_simplerenv_fractal/depth_pruning1/google_robot_close_drawer/summary.json,cogact_base_simplerenv_fractal,depth_pruning1,google_robot_close_drawer,50,29,58.0,48.72,8.479904740815982,174.05387399047584,48.72,99.78316226514968
results_corrected/cogact_base_simplerenv_fractal/depth_pruning1/google_robot_move_near/summary.json,cogact_base_simplerenv_fractal,depth_pruning1,google_robot_move_near,50,48,96.0,21.32,3.459417114937678,162.26159075692672,21.32,102.72149590571807
results_corrected/cogact_base_simplerenv_fractal/depth_pruning1/google_robot_open_drawer/summary.json,cogact_base_simplerenv_fractal,depth_pruning1,google_robot_open_drawer,50,36,72.0,51.74,9.095861375033856,175.79940809883757,51.74,101.65115277101813
results_corrected/cogact_base_simplerenv_fractal/depth_pruning1/google_robot_pick_coke_can/summary.json,cogact_base_simplerenv_fractal,depth_pruning1,google_robot_pick_coke_can,50,50,100.0,19.12,3.095721512224991,161.9101209322694,19.12,101.11462934272438
results_corrected/cogact_base_simplerenv_fractal/depth_pruning1/google_robot_place_apple_in_closed_top_drawer/summary.json,cogact_base_simplerenv_fractal,depth_pruning1,google_robot_place_apple_in_closed_top_drawer,50,0,0.0,80.0,13.444187284798828,168.05234105998534,80.0,99.64737198571675
results_corrected/cogact_base_simplerenv_fractal/depth_pruning2/google_robot_close_drawer/summary.json,cogact_base_simplerenv_fractal,depth_pruning2,google_robot_close_drawer,50,30,60.0,49.38,8.75659213498002,177.3307439242612,49.38,101.7259656644112
results_corrected/cogact_base_simplerenv_fractal/depth_pruning2/google_robot_move_near/summary.json,cogact_base_simplerenv_fractal,depth_pruning2,google_robot_move_near,50,47,94.0,23.28,3.7022872456605547,159.0329572878245,23.28,99.62912135158626
results_corrected/cogact_base_simplerenv_fractal/depth_pruning2/google_robot_open_drawer/summary.json,cogact_base_simplerenv_fractal,depth_pruning2,google_robot_open_drawer,50,39,78.0,46.5,7.992784903515131,171.88784738742217,46.5,98.4460809117844
results_corrected/cogact_base_simplerenv_fractal/depth_pruning2/google_robot_pick_coke_can/summary.json,cogact_base_simplerenv_fractal,depth_pruning2,google_robot_pick_coke_can,50,48,96.0,20.5,3.296720488455612,160.8156335832006,20.5,99.71066729597202
results_corrected/cogact_base_simplerenv_fractal/depth_pruning2/google_robot_place_apple_in_closed_top_drawer/summary.json,cogact_base_simplerenv_fractal,depth_pruning2,google_robot_place_apple_in_closed_top_drawer,50,0,0.0,80.0,13.23678700182354,165.45983752279426,80.0,96.72093689779285
results_corrected/cogact_base_simplerenv_fractal/depth_pruning4/google_robot_close_drawer/summary.json,cogact_base_simplerenv_fractal,depth_pruning4,google_robot_close_drawer,50,34,68.0,45.58,7.73466860959772,169.69435299687845,45.58,94.70422106594569
results_corrected/cogact_base_simplerenv_fractal/depth_pruning4/google_robot_move_near/summary.json,cogact_base_simplerenv_fractal,depth_pruning4,google_robot_move_near,50,46,92.0,23.42,3.6107813515444285,154.17512175680736,23.42,94.7096188670783
results_corrected/cogact_base_simplerenv_fractal/depth_pruning4/google_robot_open_drawer/summary.json,cogact_base_simplerenv_fractal,depth_pruning4,google_robot_open_drawer,50,38,76.0,50.22,8.403788906233386,167.33948439333702,50.22,94.37582353912576
results_corrected/cogact_base_simplerenv_fractal/depth_pruning4/google_robot_pick_coke_can/summary.json,cogact_base_simplerenv_fractal,depth_pruning4,google_robot_pick_coke_can,50,49,98.0,20.38,3.1729847182473168,155.6911049189066,20.38,95.31319048507021
results_corrected/cogact_base_simplerenv_fractal/depth_pruning4/google_robot_place_apple_in_closed_top_drawer/summary.json,cogact_base_simplerenv_fractal,depth_pruning4,google_robot_place_apple_in_closed_top_drawer,50,0,0.0,80.0,13.087395094577223,163.5924386822153,80.0,94.85112947717425
results_corrected/cogact_base_simplerenv_fractal/fixed_foveation_keep20/google_robot_close_drawer/summary.json,cogact_base_simplerenv_fractal,fixed_foveation_keep20,google_robot_close_drawer,50,29,58.0,51.2,10.097936927194242,197.22533060926253,51.2,100.47201376678458
results_corrected/cogact_base_simplerenv_fractal/fixed_foveation_keep20/google_robot_move_near/summary.json,cogact_base_simplerenv_fractal,fixed_foveation_keep20,google_robot_move_near,50,47,94.0,22.2,3.973159295171499,178.9711394221396,22.2,99.628253070625
results_corrected/cogact_base_simplerenv_fractal/fixed_foveation_keep20/google_robot_open_drawer/summary.json,cogact_base_simplerenv_fractal,fixed_foveation_keep20,google_robot_open_drawer,50,36,72.0,54.3,10.535893118961248,194.03118082801564,54.3,99.57255693877195
results_corrected/cogact_base_simplerenv_fractal/fixed_foveation_keep20/google_robot_pick_coke_can/summary.json,cogact_base_simplerenv_fractal,fixed_foveation_keep20,google_robot_pick_coke_can,50,50,100.0,18.9,3.418798680331092,180.88881906513717,18.9,100.95387886970664
results_corrected/cogact_base_simplerenv_fractal/fixed_foveation_keep20/google_robot_place_apple_in_closed_top_drawer/summary.json,cogact_base_simplerenv_fractal,fixed_foveation_keep20,google_robot_place_apple_in_closed_top_drawer,50,0,0.0,80.0,14.982580310071352,187.2822538758919,80.0,100.34403077201569
results_corrected/cogact_base_simplerenv_fractal/fixed_foveation_keep50/google_robot_close_drawer/summary.json,cogact_base_simplerenv_fractal,fixed_foveation_keep50,google_robot_close_drawer,50,34,68.0,46.74,9.43079613360809,201.77141920428096,46.74,102.57201109659947
results_corrected/cogact_base_simplerenv_fractal/fixed_foveation_keep50/google_robot_move_near/summary.json,cogact_base_simplerenv_fractal,fixed_foveation_keep50,google_robot_move_near,50,46,92.0,23.14,4.285956756821833,185.21852881684674,23.14,102.30978883816172
results_corrected/cogact_base_simplerenv_fractal/fixed_foveation_keep50/google_robot_open_drawer/summary.json,cogact_base_simplerenv_fractal,fixed_foveation_keep50,google_robot_open_drawer,50,40,80.0,50.22,9.996546382640954,199.05508527759764,50.22,101.31824858442516
results_corrected/cogact_base_simplerenv_fractal/fixed_foveation_keep50/google_robot_pick_coke_can/summary.json,cogact_base_simplerenv_fractal,fixed_foveation_keep50,google_robot_pick_coke_can,50,48,96.0,21.6,4.006997610302642,185.50914862512232,21.6,101.13723608719064
results_corrected/cogact_base_simplerenv_fractal/fixed_foveation_keep50/google_robot_place_apple_in_closed_top_drawer/summary.json,cogact_base_simplerenv_fractal,fixed_foveation_keep50,google_robot_place_apple_in_closed_top_drawer,50,0,0.0,80.0,15.408244314570911,192.6030539321364,80.0,102.2920727719611
results_corrected/cogact_base_simplerenv_fractal/guarded_reuse_aggressive/google_robot_close_drawer/summary.json,cogact_base_simplerenv_fractal,guarded_reuse_aggressive,google_robot_close_drawer,50,31,62.0,47.46,8.656970765676816,182.4056208528617,46.88,107.57779989653996
results_corrected/cogact_base_simplerenv_fractal/guarded_reuse_aggressive/google_robot_move_near/summary.json,cogact_base_simplerenv_fractal,guarded_reuse_aggressive,google_robot_move_near,50,47,94.0,22.54,3.637342484781984,161.37278104622823,22.5,102.36486214482122
results_corrected/cogact_base_simplerenv_fractal/guarded_reuse_aggressive/google_robot_open_drawer/summary.json,cogact_base_simplerenv_fractal,guarded_reuse_aggressive,google_robot_open_drawer,50,40,80.0,47.7,8.355513277545105,175.16799323993934,47.14,102.50469245383849
results_corrected/cogact_base_simplerenv_fractal/guarded_reuse_aggressive/google_robot_pick_coke_can/summary.json,cogact_base_simplerenv_fractal,guarded_reuse_aggressive,google_robot_pick_coke_can,50,49,98.0,20.46,3.354853116867598,163.9713155849266,20.46,104.36357211713968
results_corrected/cogact_base_simplerenv_fractal/guarded_reuse_aggressive/google_robot_place_apple_in_closed_top_drawer/summary.json,cogact_base_simplerenv_fractal,guarded_reuse_aggressive,google_robot_place_apple_in_closed_top_drawer,50,0,0.0,80.0,14.455307541233488,180.6913442654186,79.94,110.76692829164519
results_corrected/cogact_base_simplerenv_fractal/guarded_reuse_moderate/google_robot_close_drawer/summary.json,cogact_base_simplerenv_fractal,guarded_reuse_moderate,google_robot_close_drawer,50,31,62.0,50.34,8.807360880677589,174.95750656888336,50.26,100.47365007717296
results_corrected/cogact_base_simplerenv_fractal/guarded_reuse_moderate/google_robot_move_near/summary.json,cogact_base_simplerenv_fractal,guarded_reuse_moderate,google_robot_move_near,50,47,94.0,22.5,3.5822255476843567,159.21002434152695,22.5,99.48630994837731
results_corrected/cogact_base_simplerenv_fractal/guarded_reuse_moderate/google_robot_open_drawer/summary.json,cogact_base_simplerenv_fractal,guarded_reuse_moderate,google_robot_open_drawer,50,41,82.0,48.84,8.470867714444175,173.4411898944344,48.68,99.7912932584585
results_corrected/cogact_base_simplerenv_fractal/guarded_reuse_moderate/google_robot_pick_coke_can/summary.json,cogact_base_simplerenv_fractal,guarded_reuse_moderate,google_robot_pick_coke_can,50,49,98.0,20.46,3.27601957725361,160.11825890780108,20.46,100.12568787042095
results_corrected/cogact_base_simplerenv_fractal/guarded_reuse_moderate/google_robot_place_apple_in_closed_top_drawer/summary.json,cogact_base_simplerenv_fractal,guarded_reuse_moderate,google_robot_place_apple_in_closed_top_drawer,50,0,0.0,80.0,13.614074864299036,170.17593580373796,80.0,102.22057652194053
results_corrected/cogact_base_simplerenv_fractal/guarded_reuse_strict/google_robot_close_drawer/summary.json,cogact_base_simplerenv_fractal,guarded_reuse_strict,google_robot_close_drawer,50,31,62.0,48.96,8.501145768761635,173.63451325085038,48.96,98.6209407556624
results_corrected/cogact_base_simplerenv_fractal/guarded_reuse_strict/google_robot_move_near/summary.json,cogact_base_simplerenv_fractal,guarded_reuse_strict,google_robot_move_near,50,47,94.0,22.5,3.594117614761926,159.7385606560856,22.5,100.70667271409184
results_corrected/cogact_base_simplerenv_fractal/guarded_reuse_strict/google_robot_open_drawer/summary.json,cogact_base_simplerenv_fractal,guarded_reuse_strict,google_robot_open_drawer,50,40,80.0,51.6,8.92137944410788,172.89495046720697,51.58,99.68826334661514
results_corrected/cogact_base_simplerenv_fractal/guarded_reuse_strict/google_robot_pick_coke_can/summary.json,cogact_base_simplerenv_fractal,guarded_reuse_strict,google_robot_pick_coke_can,50,49,98.0,20.46,3.2599377947789616,159.33224803416235,20.46,99.00394651138899
results_corrected/cogact_base_simplerenv_fractal/guarded_reuse_strict/google_robot_place_apple_in_closed_top_drawer/summary.json,cogact_base_simplerenv_fractal,guarded_reuse_strict,google_robot_place_apple_in_closed_top_drawer,50,0,0.0,80.0,13.429284760640003,167.86605950800003,80.0,99.76505019378965
results_corrected/cogact_base_simplerenv_fractal/original/google_robot_close_drawer/summary.json,cogact_base_simplerenv_fractal,original,google_robot_close_drawer,50,31,62.0,48.96,8.606546561296563,175.78730721602457,48.96,100.5956594049672
results_corrected/cogact_base_simplerenv_fractal/original/google_robot_move_near/summary.json,cogact_base_simplerenv_fractal,original,google_robot_move_near,50,47,94.0,22.5,3.594577362977434,159.7589939101082,22.5,100.41142841345734
results_corrected/cogact_base_simplerenv_fractal/original/google_robot_open_drawer/summary.json,cogact_base_simplerenv_fractal,original,google_robot_open_drawer,50,40,80.0,51.96,8.984617731221952,172.9141210781746,51.96,99.42924311957046
results_corrected/cogact_base_simplerenv_fractal/original/google_robot_pick_coke_can/summary.json,cogact_base_simplerenv_fractal,original,google_robot_pick_coke_can,50,49,98.0,20.46,3.282349233450368,160.42762626834644,20.46,100.2623817071142
results_corrected/cogact_base_simplerenv_fractal/original/google_robot_place_apple_in_closed_top_drawer/summary.json,cogact_base_simplerenv_fractal,original,google_robot_place_apple_in_closed_top_drawer,50,0,0.0,80.0,13.365880728361663,167.07350910452078,80.0,99.66897031772533
results_corrected/cogact_base_simplerenv_fractal/temporal_fusion_conservative_adaptive/google_robot_close_drawer/summary.json,cogact_base_simplerenv_fractal,temporal_fusion_conservative_adaptive,google_robot_close_drawer,50,31,62.0,49.14,8.63285680922214,175.6788117464823,49.14,99.85051574354168
results_corrected/cogact_base_simplerenv_fractal/temporal_fusion_conservative_adaptive/google_robot_move_near/summary.json,cogact_base_simplerenv_fractal,temporal_fusion_conservative_adaptive,google_robot_move_near,50,47,94.0,22.5,3.667797571874689,163.01322541665286,22.5,101.50841589665248
results_corrected/cogact_base_simplerenv_fractal/temporal_fusion_conservative_adaptive/google_robot_open_drawer/summary.json,cogact_base_simplerenv_fractal,temporal_fusion_conservative_adaptive,google_robot_open_drawer,50,37,74.0,50.62,8.945738485401963,176.72339955357492,50.62,102.2504827675786
results_corrected/cogact_base_simplerenv_fractal/temporal_fusion_conservative_adaptive/google_robot_pick_coke_can/summary.json,cogact_base_simplerenv_fractal,temporal_fusion_conservative_adaptive,google_robot_pick_coke_can,50,49,98.0,20.46,3.3187645681248976,162.20745689760008,20.46,100.16510582345566
results_corrected/cogact_base_simplerenv_fractal/temporal_fusion_conservative_adaptive/google_robot_place_apple_in_closed_top_drawer/summary.json,cogact_base_simplerenv_fractal,temporal_fusion_conservative_adaptive,google_robot_place_apple_in_closed_top_drawer,50,0,0.0,80.0,13.582323512511794,169.77904390639742,80.0,100.12533805301064
results_corrected/cogact_base_simplerenv_fractal/temporal_fusion_motion_entropy/google_robot_close_drawer/summary.json,cogact_base_simplerenv_fractal,temporal_fusion_motion_entropy,google_robot_close_drawer,50,31,62.0,48.42,8.560423483853228,176.7951979317065,48.42,100.0912055131898
results_corrected/cogact_base_simplerenv_fractal/temporal_fusion_motion_entropy/google_robot_move_near/summary.json,cogact_base_simplerenv_fractal,temporal_fusion_motion_entropy,google_robot_move_near,50,46,92.0,22.76,3.9645563221815974,174.18964508706492,22.76,111.87366932701738
results_corrected/cogact_base_simplerenv_fractal/temporal_fusion_motion_entropy/google_robot_open_drawer/summary.json,cogact_base_simplerenv_fractal,temporal_fusion_motion_entropy,google_robot_open_drawer,50,37,74.0,50.96,9.473516088949982,185.90102215364956,50.96,109.6379102943403
results_corrected/cogact_base_simplerenv_fractal/temporal_fusion_motion_entropy/google_robot_pick_coke_can/summary.json,cogact_base_simplerenv_fractal,temporal_fusion_motion_entropy,google_robot_pick_coke_can,50,48,96.0,21.22,3.749955168319866,176.71796269179387,21.22,112.74233245217083
results_corrected/cogact_base_simplerenv_fractal/temporal_fusion_motion_entropy/google_robot_place_apple_in_closed_top_drawer/summary.json,cogact_base_simplerenv_fractal,temporal_fusion_motion_entropy,google_robot_place_apple_in_closed_top_drawer,50,0,0.0,80.0,13.658540898356586,170.73176122945733,80.0,100.42028866292094
results_corrected/cogact_base_simplerenv_fractal/temporal_fusion_task_aware/google_robot_close_drawer/summary.json,cogact_base_simplerenv_fractal,temporal_fusion_task_aware,google_robot_close_drawer,50,31,62.0,48.42,8.579513922266196,177.1894655569227,48.42,100.58873158596643
results_corrected/cogact_base_simplerenv_fractal/temporal_fusion_task_aware/google_robot_move_near/summary.json,cogact_base_simplerenv_fractal,temporal_fusion_task_aware,google_robot_move_near,50,46,92.0,22.76,3.676646339369472,161.53982158916838,22.76,101.15088135685758
results_corrected/cogact_base_simplerenv_fractal/temporal_fusion_task_aware/google_robot_open_drawer/summary.json,cogact_base_simplerenv_fractal,temporal_fusion_task_aware,google_robot_open_drawer,50,37,74.0,50.96,8.90836615192471,174.81095274577532,50.96,100.08360372831221
results_corrected/cogact_base_simplerenv_fractal/temporal_fusion_task_aware/google_robot_pick_coke_can/summary.json,cogact_base_simplerenv_fractal,temporal_fusion_task_aware,google_robot_pick_coke_can,50,48,96.0,21.22,3.4663134892191736,163.35124831381592,21.22,100.1488703732492
results_corrected/cogact_base_simplerenv_fractal/temporal_fusion_task_aware/google_robot_place_apple_in_closed_top_drawer/summary.json,cogact_base_simplerenv_fractal,temporal_fusion_task_aware,google_robot_place_apple_in_closed_top_drawer,50,0,0.0,80.0,13.578687941220123,169.73359926525154,80.0,99.95812770078192
results_corrected/cronusvla_simplerenv_bridge/action_repeat2/widowx_carrot_on_plate/summary.json,cronusvla_simplerenv_bridge,action_repeat2,widowx_carrot_on_plate,50,2,4.0,59.6,4.8437086706259285,81.27027970848874,29.82,nan
results_corrected/cronusvla_simplerenv_bridge/action_repeat2/widowx_put_eggplant_in_basket/summary.json,cronusvla_simplerenv_bridge,action_repeat2,widowx_put_eggplant_in_basket,50,4,8.0,114.56,10.344523258409463,90.29786363835076,57.3,nan
results_corrected/cronusvla_simplerenv_bridge/action_repeat2/widowx_spoon_on_towel/summary.json,cronusvla_simplerenv_bridge,action_repeat2,widowx_spoon_on_towel,50,1,2.0,59.42,4.853812147094868,81.68650533650064,29.72,nan
results_corrected/cronusvla_simplerenv_bridge/action_repeat2/widowx_stack_cube/summary.json,cronusvla_simplerenv_bridge,action_repeat2,widowx_stack_cube,50,0,0.0,60.0,4.827323208095041,80.455386801584,30.0,nan
results_corrected/cronusvla_simplerenv_bridge/action_repeat4/widowx_carrot_on_plate/summary.json,cronusvla_simplerenv_bridge,action_repeat4,widowx_carrot_on_plate,50,0,0.0,60.0,3.556565189657267,59.27608649428779,15.0,nan
results_corrected/cronusvla_simplerenv_bridge/action_repeat4/widowx_put_eggplant_in_basket/summary.json,cronusvla_simplerenv_bridge,action_repeat4,widowx_put_eggplant_in_basket,50,0,0.0,120.0,8.460201094513758,70.50167578761466,30.0,nan
results_corrected/cronusvla_simplerenv_bridge/action_repeat4/widowx_spoon_on_towel/summary.json,cronusvla_simplerenv_bridge,action_repeat4,widowx_spoon_on_towel,50,0,0.0,60.0,3.6024708321201615,60.041180535336025,15.0,nan
results_corrected/cronusvla_simplerenv_bridge/action_repeat4/widowx_stack_cube/summary.json,cronusvla_simplerenv_bridge,action_repeat4,widowx_stack_cube,50,0,0.0,60.0,3.5326898856507616,58.878164760846026,15.0,nan
results_corrected/cronusvla_simplerenv_bridge/depth_pruning1/widowx_carrot_on_plate/summary.json,cronusvla_simplerenv_bridge,depth_pruning1,widowx_carrot_on_plate,50,6,12.0,58.34,7.107603632532991,121.83071019082948,58.34,nan
results_corrected/cronusvla_simplerenv_bridge/depth_pruning1/widowx_put_eggplant_in_basket/summary.json,cronusvla_simplerenv_bridge,depth_pruning1,widowx_put_eggplant_in_basket,50,49,98.0,30.3,3.8122846550820397,125.81797541524882,30.3,nan
results_corrected/cronusvla_simplerenv_bridge/depth_pruning1/widowx_spoon_on_towel/summary.json,cronusvla_simplerenv_bridge,depth_pruning1,widowx_spoon_on_towel,50,15,30.0,51.94,6.33309354797937,121.93095009586773,51.94,nan
results_corrected/cronusvla_simplerenv_bridge/depth_pruning1/widowx_stack_cube/summary.json,cronusvla_simplerenv_bridge,depth_pruning1,widowx_stack_cube,50,1,2.0,59.52,7.188769802199676,120.77906253695693,59.52,nan
results_corrected/cronusvla_simplerenv_bridge/depth_pruning2/widowx_carrot_on_plate/summary.json,cronusvla_simplerenv_bridge,depth_pruning2,widowx_carrot_on_plate,50,8,16.0,57.84,6.744916748246178,116.613360101075,57.84,nan
results_corrected/cronusvla_simplerenv_bridge/depth_pruning2/widowx_put_eggplant_in_basket/summary.json,cronusvla_simplerenv_bridge,depth_pruning2,widowx_put_eggplant_in_basket,50,48,96.0,33.82,4.1455858006468045,122.5779361515909,33.82,nan
results_corrected/cronusvla_simplerenv_bridge/depth_pruning2/widowx_spoon_on_towel/summary.json,cronusvla_simplerenv_bridge,depth_pruning2,widowx_spoon_on_towel,50,16,32.0,50.42,6.04039292906411,119.8015257648574,50.42,nan
results_corrected/cronusvla_simplerenv_bridge/depth_pruning2/widowx_stack_cube/summary.json,cronusvla_simplerenv_bridge,depth_pruning2,widowx_stack_cube,50,0,0.0,60.0,7.067491202396341,117.79152003993902,60.0,nan
results_corrected/cronusvla_simplerenv_bridge/depth_pruning4/widowx_carrot_on_plate/summary.json,cronusvla_simplerenv_bridge,depth_pruning4,widowx_carrot_on_plate,50,7,14.0,56.84,6.392324304473586,112.46172245731151,56.84,nan
results_corrected/cronusvla_simplerenv_bridge/depth_pruning4/widowx_put_eggplant_in_basket/summary.json,cronusvla_simplerenv_bridge,depth_pruning4,widowx_put_eggplant_in_basket,50,47,94.0,34.12,4.022514940244146,117.8931694092657,34.12,nan
results_corrected/cronusvla_simplerenv_bridge/depth_pruning4/widowx_spoon_on_towel/summary.json,cronusvla_simplerenv_bridge,depth_pruning4,widowx_spoon_on_towel,50,3,6.0,59.1,6.7484646973013875,114.18721992049726,59.1,nan
results_corrected/cronusvla_simplerenv_bridge/depth_pruning4/widowx_stack_cube/summary.json,cronusvla_simplerenv_bridge,depth_pruning4,widowx_stack_cube,50,0,0.0,60.0,6.65378050969448,110.89634182824132,60.0,nan
results_corrected/cronusvla_simplerenv_bridge/fixed_foveation_keep20/widowx_carrot_on_plate/summary.json,cronusvla_simplerenv_bridge,fixed_foveation_keep20,widowx_carrot_on_plate,50,5,10.0,57.76,8.49671546937432,147.10379967753326,57.76,nan
results_corrected/cronusvla_simplerenv_bridge/fixed_foveation_keep20/widowx_put_eggplant_in_basket/summary.json,cronusvla_simplerenv_bridge,fixed_foveation_keep20,widowx_put_eggplant_in_basket,50,50,100.0,28.52,4.301146971981507,150.81160490818746,28.52,nan
results_corrected/cronusvla_simplerenv_bridge/fixed_foveation_keep20/widowx_spoon_on_towel/summary.json,cronusvla_simplerenv_bridge,fixed_foveation_keep20,widowx_spoon_on_towel,50,18,36.0,49.4,7.085940314834006,143.44008734481793,49.4,nan
results_corrected/cronusvla_simplerenv_bridge/fixed_foveation_keep20/widowx_stack_cube/summary.json,cronusvla_simplerenv_bridge,fixed_foveation_keep20,widowx_stack_cube,50,0,0.0,60.0,8.668170147961938,144.46950246603228,60.0,nan
results_corrected/cronusvla_simplerenv_bridge/fixed_foveation_keep50/widowx_carrot_on_plate/summary.json,cronusvla_simplerenv_bridge,fixed_foveation_keep50,widowx_carrot_on_plate,50,4,8.0,57.88,8.475265132118947,146.42821582790165,57.88,nan
results_corrected/cronusvla_simplerenv_bridge/fixed_foveation_keep50/widowx_put_eggplant_in_basket/summary.json,cronusvla_simplerenv_bridge,fixed_foveation_keep50,widowx_put_eggplant_in_basket,50,49,98.0,32.84,4.971915564574301,151.3981597008009,32.84,nan
results_corrected/cronusvla_simplerenv_bridge/fixed_foveation_keep50/widowx_spoon_on_towel/summary.json,cronusvla_simplerenv_bridge,fixed_foveation_keep50,widowx_spoon_on_towel,50,15,30.0,51.04,7.43143397334963,145.60019540261817,51.04,nan
results_corrected/cronusvla_simplerenv_bridge/fixed_foveation_keep50/widowx_stack_cube/summary.json,cronusvla_simplerenv_bridge,fixed_foveation_keep50,widowx_stack_cube,50,0,0.0,60.0,8.768352949339896,146.1392158223316,60.0,nan
results_corrected/cronusvla_simplerenv_bridge/guarded_reuse_aggressive/widowx_carrot_on_plate/summary.json,cronusvla_simplerenv_bridge,guarded_reuse_aggressive,widowx_carrot_on_plate,50,6,12.0,57.78,4.991479328516871,86.38766577564678,55.84,nan
results_corrected/cronusvla_simplerenv_bridge/guarded_reuse_aggressive/widowx_put_eggplant_in_basket/summary.json,cronusvla_simplerenv_bridge,guarded_reuse_aggressive,widowx_put_eggplant_in_basket,50,49,98.0,30.54,2.838422469003126,92.94114174862888,30.5,nan
results_corrected/cronusvla_simplerenv_bridge/guarded_reuse_aggressive/widowx_spoon_on_towel/summary.json,cronusvla_simplerenv_bridge,guarded_reuse_aggressive,widowx_spoon_on_towel,50,17,34.0,51.58,4.571456568809226,88.62847167136925,50.44,nan
results_corrected/cronusvla_simplerenv_bridge/guarded_reuse_aggressive/widowx_stack_cube/summary.json,cronusvla_simplerenv_bridge,guarded_reuse_aggressive,widowx_stack_cube,50,0,0.0,60.0,5.207397589227185,86.78995982045308,59.38,nan
results_corrected/cronusvla_simplerenv_bridge/guarded_reuse_moderate/widowx_carrot_on_plate/summary.json,cronusvla_simplerenv_bridge,guarded_reuse_moderate,widowx_carrot_on_plate,50,7,14.0,57.84,4.991109121628106,86.2916514804306,57.62,nan
results_corrected/cronusvla_simplerenv_bridge/guarded_reuse_moderate/widowx_put_eggplant_in_basket/summary.json,cronusvla_simplerenv_bridge,guarded_reuse_moderate,widowx_put_eggplant_in_basket,50,47,94.0,34.82,3.223953433856368,92.5891279108664,34.82,nan
results_corrected/cronusvla_simplerenv_bridge/guarded_reuse_moderate/widowx_spoon_on_towel/summary.json,cronusvla_simplerenv_bridge,guarded_reuse_moderate,widowx_spoon_on_towel,50,17,34.0,51.76,4.569981872411445,88.29176724133394,51.52,nan
results_corrected/cronusvla_simplerenv_bridge/guarded_reuse_moderate/widowx_stack_cube/summary.json,cronusvla_simplerenv_bridge,guarded_reuse_moderate,widowx_stack_cube,50,0,0.0,60.0,5.373733092844486,89.56221821407478,59.9,nan
results_corrected/cronusvla_simplerenv_bridge/guarded_reuse_strict/widowx_carrot_on_plate/summary.json,cronusvla_simplerenv_bridge,guarded_reuse_strict,widowx_carrot_on_plate,50,7,14.0,57.48,7.288119213415776,126.79400162518746,57.42,nan
results_corrected/cronusvla_simplerenv_bridge/guarded_reuse_strict/widowx_put_eggplant_in_basket/summary.json,cronusvla_simplerenv_bridge,guarded_reuse_strict,widowx_put_eggplant_in_basket,50,49,98.0,30.44,3.93688332738122,129.3325666025368,30.44,nan
results_corrected/cronusvla_simplerenv_bridge/guarded_reuse_strict/widowx_spoon_on_towel/summary.json,cronusvla_simplerenv_bridge,guarded_reuse_strict,widowx_spoon_on_towel,50,16,32.0,51.02,6.3534718322614205,124.529044144677,51.0,nan
results_corrected/cronusvla_simplerenv_bridge/guarded_reuse_strict/widowx_stack_cube/summary.json,cronusvla_simplerenv_bridge,guarded_reuse_strict,widowx_stack_cube,50,0,0.0,60.0,7.38187988969963,123.03133149499384,59.98,nan
results_corrected/cronusvla_simplerenv_bridge/original/widowx_carrot_on_plate/summary.json,cronusvla_simplerenv_bridge,original,widowx_carrot_on_plate,50,8,16.0,56.7,7.266661451132968,128.1598139529624,56.7,nan
results_corrected/cronusvla_simplerenv_bridge/original/widowx_put_eggplant_in_basket/summary.json,cronusvla_simplerenv_bridge,original,widowx_put_eggplant_in_basket,50,48,96.0,32.08,4.187824394181371,130.54315443208762,32.08,nan
results_corrected/cronusvla_simplerenv_bridge/original/widowx_spoon_on_towel/summary.json,cronusvla_simplerenv_bridge,original,widowx_spoon_on_towel,50,12,24.0,53.44,6.623581365298014,123.9442620751874,53.44,nan
results_corrected/cronusvla_simplerenv_bridge/original/widowx_stack_cube/summary.json,cronusvla_simplerenv_bridge,original,widowx_stack_cube,50,0,0.0,60.0,7.36965162943583,122.82752715726383,60.0,nan
results_corrected/cronusvla_simplerenv_bridge/temporal_fusion_conservative_adaptive/widowx_carrot_on_plate/summary.json,cronusvla_simplerenv_bridge,temporal_fusion_conservative_adaptive,widowx_carrot_on_plate,50,5,10.0,59.12,7.535098615598399,127.45430675910688,59.12,nan
results_corrected/cronusvla_simplerenv_bridge/temporal_fusion_conservative_adaptive/widowx_put_eggplant_in_basket/summary.json,cronusvla_simplerenv_bridge,temporal_fusion_conservative_adaptive,widowx_put_eggplant_in_basket,50,48,96.0,32.68,4.361153173758648,133.4502195152585,32.68,nan
results_corrected/cronusvla_simplerenv_bridge/temporal_fusion_conservative_adaptive/widowx_spoon_on_towel/summary.json,cronusvla_simplerenv_bridge,temporal_fusion_conservative_adaptive,widowx_spoon_on_towel,50,14,28.0,53.02,6.760343966113869,127.50554443820953,53.02,nan
results_corrected/cronusvla_simplerenv_bridge/temporal_fusion_conservative_adaptive/widowx_stack_cube/summary.json,cronusvla_simplerenv_bridge,temporal_fusion_conservative_adaptive,widowx_stack_cube,50,0,0.0,60.0,7.501228589967359,125.02047649945598,60.0,nan
results_corrected/cronusvla_simplerenv_bridge/temporal_fusion_motion_entropy/widowx_carrot_on_plate/summary.json,cronusvla_simplerenv_bridge,temporal_fusion_motion_entropy,widowx_carrot_on_plate,50,5,10.0,59.12,7.48439083337551,126.59659731690645,59.12,nan
results_corrected/cronusvla_simplerenv_bridge/temporal_fusion_motion_entropy/widowx_put_eggplant_in_basket/summary.json,cronusvla_simplerenv_bridge,temporal_fusion_motion_entropy,widowx_put_eggplant_in_basket,50,48,96.0,32.68,4.269784325326327,130.65435512014466,32.68,nan
results_corrected/cronusvla_simplerenv_bridge/temporal_fusion_motion_entropy/widowx_spoon_on_towel/summary.json,cronusvla_simplerenv_bridge,temporal_fusion_motion_entropy,widowx_spoon_on_towel,50,14,28.0,53.02,6.707564721209929,126.51008527366896,53.02,nan
results_corrected/cronusvla_simplerenv_bridge/temporal_fusion_motion_entropy/widowx_stack_cube/summary.json,cronusvla_simplerenv_bridge,temporal_fusion_motion_entropy,widowx_stack_cube,50,0,0.0,60.0,7.534631381705403,125.57718969509006,60.0,nan
results_corrected/cronusvla_simplerenv_bridge/temporal_fusion_task_aware/widowx_carrot_on_plate/summary.json,cronusvla_simplerenv_bridge,temporal_fusion_task_aware,widowx_carrot_on_plate,50,5,10.0,59.12,7.400475741252303,125.1771945408035,59.12,nan
results_corrected/cronusvla_simplerenv_bridge/temporal_fusion_task_aware/widowx_put_eggplant_in_basket/summary.json,cronusvla_simplerenv_bridge,temporal_fusion_task_aware,widowx_put_eggplant_in_basket,50,48,96.0,32.68,4.300468971820083,131.59329779131218,32.68,nan
results_corrected/cronusvla_simplerenv_bridge/temporal_fusion_task_aware/widowx_spoon_on_towel/summary.json,cronusvla_simplerenv_bridge,temporal_fusion_task_aware,widowx_spoon_on_towel,50,14,28.0,53.02,6.755765588497743,127.41919254050816,53.02,nan
results_corrected/cronusvla_simplerenv_bridge/temporal_fusion_task_aware/widowx_stack_cube/summary.json,cronusvla_simplerenv_bridge,temporal_fusion_task_aware,widowx_stack_cube,50,0,0.0,60.0,7.62209994122386,127.03499902039766,60.0,nan
results_corrected/cronusvla_simplerenv_fractal/action_repeat2/google_robot_close_drawer/summary.json,cronusvla_simplerenv_fractal,action_repeat2,google_robot_close_drawer,50,24,48.0,60.32,7.163207294701133,118.7534365832416,30.28,nan
results_corrected/cronusvla_simplerenv_fractal/action_repeat2/google_robot_move_near/summary.json,cronusvla_simplerenv_fractal,action_repeat2,google_robot_move_near,50,50,100.0,41.32,4.24606659720419,102.76056624405106,20.84,nan
results_corrected/cronusvla_simplerenv_fractal/action_repeat2/google_robot_open_drawer/summary.json,cronusvla_simplerenv_fractal,action_repeat2,google_robot_open_drawer,50,22,44.0,67.08,7.768245091000572,115.80568114192862,33.68,nan
results_corrected/cronusvla_simplerenv_fractal/action_repeat2/google_robot_pick_coke_can/summary.json,cronusvla_simplerenv_fractal,action_repeat2,google_robot_pick_coke_can,50,50,100.0,38.42,3.989557418031618,103.84064076084378,19.4,nan
results_corrected/cronusvla_simplerenv_fractal/action_repeat2/google_robot_place_apple_in_closed_top_drawer/summary.json,cronusvla_simplerenv_fractal,action_repeat2,google_robot_place_apple_in_closed_top_drawer,50,0,0.0,80.0,9.098991611055098,113.73739513818873,40.0,nan
results_corrected/cronusvla_simplerenv_fractal/action_repeat4/google_robot_close_drawer/summary.json,cronusvla_simplerenv_fractal,action_repeat4,google_robot_close_drawer,50,10,20.0,73.26,7.076593336737715,96.59559564206545,18.38,nan
results_corrected/cronusvla_simplerenv_fractal/action_repeat4/google_robot_move_near/summary.json,cronusvla_simplerenv_fractal,action_repeat4,google_robot_move_near,50,50,100.0,68.7,5.5838860577601,81.27927303872053,17.26,nan
results_corrected/cronusvla_simplerenv_fractal/action_repeat4/google_robot_open_drawer/summary.json,cronusvla_simplerenv_fractal,action_repeat4,google_robot_open_drawer,50,5,10.0,78.06,7.25766236115247,92.97543378365962,19.54,nan
results_corrected/cronusvla_simplerenv_fractal/action_repeat4/google_robot_pick_coke_can/summary.json,cronusvla_simplerenv_fractal,action_repeat4,google_robot_pick_coke_can,50,50,100.0,70.64,5.9768791007041,84.61040629535816,17.8,nan
results_corrected/cronusvla_simplerenv_fractal/action_repeat4/google_robot_place_apple_in_closed_top_drawer/summary.json,cronusvla_simplerenv_fractal,action_repeat4,google_robot_place_apple_in_closed_top_drawer,50,0,0.0,80.0,7.417942405820359,92.72428007275448,20.0,nan
results_corrected/cronusvla_simplerenv_fractal/depth_pruning1/google_robot_close_drawer/summary.json,cronusvla_simplerenv_fractal,depth_pruning1,google_robot_close_drawer,50,24,48.0,57.4,9.094518870110624,158.4410952980945,57.4,nan
results_corrected/cronusvla_simplerenv_fractal/depth_pruning1/google_robot_move_near/summary.json,cronusvla_simplerenv_fractal,depth_pruning1,google_robot_move_near,50,48,96.0,26.22,3.7097421463625504,141.48520771786997,26.22,nan
results_corrected/cronusvla_simplerenv_fractal/depth_pruning1/google_robot_open_drawer/summary.json,cronusvla_simplerenv_fractal,depth_pruning1,google_robot_open_drawer,50,20,40.0,64.6,10.016423401129432,155.052993825533,64.6,nan
results_corrected/cronusvla_simplerenv_fractal/depth_pruning1/google_robot_pick_coke_can/summary.json,cronusvla_simplerenv_fractal,depth_pruning1,google_robot_pick_coke_can,50,49,98.0,22.62,3.247990126973018,143.5893071164022,22.62,nan
results_corrected/cronusvla_simplerenv_fractal/depth_pruning1/google_robot_place_apple_in_closed_top_drawer/summary.json,cronusvla_simplerenv_fractal,depth_pruning1,google_robot_place_apple_in_closed_top_drawer,50,0,0.0,80.0,12.264072708045132,153.30090885056416,80.0,nan
results_corrected/cronusvla_simplerenv_fractal/depth_pruning2/google_robot_close_drawer/summary.json,cronusvla_simplerenv_fractal,depth_pruning2,google_robot_close_drawer,50,16,32.0,64.88,10.12069117790088,155.99092444360173,64.88,nan
results_corrected/cronusvla_simplerenv_fractal/depth_pruning2/google_robot_move_near/summary.json,cronusvla_simplerenv_fractal,depth_pruning2,google_robot_move_near,50,47,94.0,28.66,3.965419145920314,138.3607517767032,28.66,nan
results_corrected/cronusvla_simplerenv_fractal/depth_pruning2/google_robot_open_drawer/summary.json,cronusvla_simplerenv_fractal,depth_pruning2,google_robot_open_drawer,50,18,36.0,70.08,10.68215914215427,152.42806995083146,70.08,nan
results_corrected/cronusvla_simplerenv_fractal/depth_pruning2/google_robot_pick_coke_can/summary.json,cronusvla_simplerenv_fractal,depth_pruning2,google_robot_pick_coke_can,50,48,96.0,23.34,3.23110110049136,138.43620824727336,23.34,nan
results_corrected/cronusvla_simplerenv_fractal/depth_pruning2/google_robot_place_apple_in_closed_top_drawer/summary.json,cronusvla_simplerenv_fractal,depth_pruning2,google_robot_place_apple_in_closed_top_drawer,50,0,0.0,80.0,11.936251883315855,149.20314854144817,80.0,nan
results_corrected/cronusvla_simplerenv_fractal/depth_pruning4/google_robot_close_drawer/summary.json,cronusvla_simplerenv_fractal,depth_pruning4,google_robot_close_drawer,50,18,36.0,65.16,9.820249228752218,150.70977944678052,65.16,nan
results_corrected/cronusvla_simplerenv_fractal/depth_pruning4/google_robot_move_near/summary.json,cronusvla_simplerenv_fractal,depth_pruning4,google_robot_move_near,50,48,96.0,27.14,3.6382375375181435,134.05444132343933,27.14,nan
results_corrected/cronusvla_simplerenv_fractal/depth_pruning4/google_robot_open_drawer/summary.json,cronusvla_simplerenv_fractal,depth_pruning4,google_robot_open_drawer,50,12,24.0,73.06,10.61640472334344,145.31076818154173,73.06,nan
results_corrected/cronusvla_simplerenv_fractal/depth_pruning4/google_robot_pick_coke_can/summary.json,cronusvla_simplerenv_fractal,depth_pruning4,google_robot_pick_coke_can,50,50,100.0,24.54,3.288185976720415,133.99290858681397,24.54,nan
results_corrected/cronusvla_simplerenv_fractal/depth_pruning4/google_robot_place_apple_in_closed_top_drawer/summary.json,cronusvla_simplerenv_fractal,depth_pruning4,google_robot_place_apple_in_closed_top_drawer,50,0,0.0,80.0,11.525198267842644,144.06497834803304,80.0,nan
results_corrected/cronusvla_simplerenv_fractal/fixed_foveation_keep20/google_robot_close_drawer/summary.json,cronusvla_simplerenv_fractal,fixed_foveation_keep20,google_robot_close_drawer,50,25,50.0,56.76,10.576376218693332,186.33502851820526,56.76,nan
results_corrected/cronusvla_simplerenv_fractal/fixed_foveation_keep20/google_robot_move_near/summary.json,cronusvla_simplerenv_fractal,fixed_foveation_keep20,google_robot_move_near,50,50,100.0,25.76,4.319650566596538,167.68829839272274,25.76,nan
results_corrected/cronusvla_simplerenv_fractal/fixed_foveation_keep20/google_robot_open_drawer/summary.json,cronusvla_simplerenv_fractal,fixed_foveation_keep20,google_robot_open_drawer,50,11,22.0,72.92,13.140968721257522,180.21076139958205,72.92,nan
results_corrected/cronusvla_simplerenv_fractal/fixed_foveation_keep20/google_robot_pick_coke_can/summary.json,cronusvla_simplerenv_fractal,fixed_foveation_keep20,google_robot_pick_coke_can,50,50,100.0,21.4,3.5872816783026793,167.6299849674149,21.4,nan
results_corrected/cronusvla_simplerenv_fractal/fixed_foveation_keep20/google_robot_place_apple_in_closed_top_drawer/summary.json,cronusvla_simplerenv_fractal,fixed_foveation_keep20,google_robot_place_apple_in_closed_top_drawer,50,0,0.0,80.0,14.169969750822055,177.1246218852757,80.0,nan
results_corrected/cronusvla_simplerenv_fractal/fixed_foveation_keep50/google_robot_close_drawer/summary.json,cronusvla_simplerenv_fractal,fixed_foveation_keep50,google_robot_close_drawer,50,28,56.0,54.88,10.2579498175974,186.91599521861153,54.88,nan
results_corrected/cronusvla_simplerenv_fractal/fixed_foveation_keep50/google_robot_move_near/summary.json,cronusvla_simplerenv_fractal,fixed_foveation_keep50,google_robot_move_near,50,50,100.0,25.24,4.284474175297655,169.74937303081043,25.24,nan
results_corrected/cronusvla_simplerenv_fractal/fixed_foveation_keep50/google_robot_open_drawer/summary.json,cronusvla_simplerenv_fractal,fixed_foveation_keep50,google_robot_open_drawer,50,14,28.0,70.16,12.702934879157691,181.05665449198534,70.16,nan
results_corrected/cronusvla_simplerenv_fractal/fixed_foveation_keep50/google_robot_pick_coke_can/summary.json,cronusvla_simplerenv_fractal,fixed_foveation_keep50,google_robot_pick_coke_can,50,50,100.0,20.2,3.427242507182527,169.66547065260036,20.2,nan
results_corrected/cronusvla_simplerenv_fractal/fixed_foveation_keep50/google_robot_place_apple_in_closed_top_drawer/summary.json,cronusvla_simplerenv_fractal,fixed_foveation_keep50,google_robot_place_apple_in_closed_top_drawer,50,0,0.0,80.0,14.412941224093084,180.16176530116354,80.0,nan
results_corrected/cronusvla_simplerenv_fractal/guarded_reuse_aggressive/google_robot_close_drawer/summary.json,cronusvla_simplerenv_fractal,guarded_reuse_aggressive,google_robot_close_drawer,50,22,44.0,58.0,8.601298753549345,148.29825437154042,50.3,nan
results_corrected/cronusvla_simplerenv_fractal/guarded_reuse_aggressive/google_robot_move_near/summary.json,cronusvla_simplerenv_fractal,guarded_reuse_aggressive,google_robot_move_near,50,50,100.0,26.72,3.8375086541613563,143.6193358593322,26.58,nan
results_corrected/cronusvla_simplerenv_fractal/guarded_reuse_aggressive/google_robot_open_drawer/summary.json,cronusvla_simplerenv_fractal,guarded_reuse_aggressive,google_robot_open_drawer,50,20,40.0,66.0,10.208628947709222,154.67619617741244,63.92,nan
results_corrected/cronusvla_simplerenv_fractal/guarded_reuse_aggressive/google_robot_pick_coke_can/summary.json,cronusvla_simplerenv_fractal,guarded_reuse_aggressive,google_robot_pick_coke_can,50,50,100.0,22.94,3.3190035153832285,144.68193179525844,22.82,nan
results_corrected/cronusvla_simplerenv_fractal/guarded_reuse_aggressive/google_robot_place_apple_in_closed_top_drawer/summary.json,cronusvla_simplerenv_fractal,guarded_reuse_aggressive,google_robot_place_apple_in_closed_top_drawer,50,0,0.0,80.0,12.172001646386924,152.15002057983656,79.34,nan
results_corrected/cronusvla_simplerenv_fractal/guarded_reuse_moderate/google_robot_close_drawer/summary.json,cronusvla_simplerenv_fractal,guarded_reuse_moderate,google_robot_close_drawer,50,20,40.0,61.16,9.525842606895603,155.75282221869855,57.54,nan
results_corrected/cronusvla_simplerenv_fractal/guarded_reuse_moderate/google_robot_move_near/summary.json,cronusvla_simplerenv_fractal,guarded_reuse_moderate,google_robot_move_near,50,50,100.0,27.6,4.003802023199387,145.06529069562995,27.6,nan
results_corrected/cronusvla_simplerenv_fractal/guarded_reuse_moderate/google_robot_open_drawer/summary.json,cronusvla_simplerenv_fractal,guarded_reuse_moderate,google_robot_open_drawer,50,17,34.0,67.0,10.468904316660483,156.25230323373853,66.5,nan
results_corrected/cronusvla_simplerenv_fractal/guarded_reuse_moderate/google_robot_pick_coke_can/summary.json,cronusvla_simplerenv_fractal,guarded_reuse_moderate,google_robot_pick_coke_can,50,50,100.0,23.6,3.407663263126742,144.39251114943823,23.32,nan
results_corrected/cronusvla_simplerenv_fractal/guarded_reuse_moderate/google_robot_place_apple_in_closed_top_drawer/summary.json,cronusvla_simplerenv_fractal,guarded_reuse_moderate,google_robot_place_apple_in_closed_top_drawer,50,0,0.0,80.0,12.265744796483778,153.32180995604722,79.98,nan
results_corrected/cronusvla_simplerenv_fractal/guarded_reuse_strict/google_robot_close_drawer/summary.json,cronusvla_simplerenv_fractal,guarded_reuse_strict,google_robot_close_drawer,50,21,42.0,61.28,9.741647736360319,158.96944739491383,59.68,nan
results_corrected/cronusvla_simplerenv_fractal/guarded_reuse_strict/google_robot_move_near/summary.json,cronusvla_simplerenv_fractal,guarded_reuse_strict,google_robot_move_near,50,50,100.0,27.6,3.9823898569657468,144.2894875712227,27.6,nan
results_corrected/cronusvla_simplerenv_fractal/guarded_reuse_strict/google_robot_open_drawer/summary.json,cronusvla_simplerenv_fractal,guarded_reuse_strict,google_robot_open_drawer,50,15,30.0,67.18,10.501622547577135,156.32066906188055,67.06,nan
results_corrected/cronusvla_simplerenv_fractal/guarded_reuse_strict/google_robot_pick_coke_can/summary.json,cronusvla_simplerenv_fractal,guarded_reuse_strict,google_robot_pick_coke_can,50,50,100.0,23.58,3.3948484175116755,143.97151897844256,23.52,nan
results_corrected/cronusvla_simplerenv_fractal/guarded_reuse_strict/google_robot_place_apple_in_closed_top_drawer/summary.json,cronusvla_simplerenv_fractal,guarded_reuse_strict,google_robot_place_apple_in_closed_top_drawer,50,0,0.0,80.0,12.137166950302198,151.71458687877748,80.0,nan
results_corrected/cronusvla_simplerenv_fractal/original/google_robot_close_drawer/summary.json,cronusvla_simplerenv_fractal,original,google_robot_close_drawer,50,19,38.0,60.08,9.706164764447603,161.5540073975966,60.08,nan
results_corrected/cronusvla_simplerenv_fractal/original/google_robot_move_near/summary.json,cronusvla_simplerenv_fractal,original,google_robot_move_near,50,50,100.0,28.1,4.150215223683045,147.6944919460158,28.1,nan
results_corrected/cronusvla_simplerenv_fractal/original/google_robot_open_drawer/summary.json,cronusvla_simplerenv_fractal,original,google_robot_open_drawer,50,20,40.0,64.14,10.161907816389576,158.433236925313,64.14,nan
results_corrected/cronusvla_simplerenv_fractal/original/google_robot_pick_coke_can/summary.json,cronusvla_simplerenv_fractal,original,google_robot_pick_coke_can,50,50,100.0,24.36,3.5883045025542377,147.30314049894244,24.36,nan
results_corrected/cronusvla_simplerenv_fractal/original/google_robot_place_apple_in_closed_top_drawer/summary.json,cronusvla_simplerenv_fractal,original,google_robot_place_apple_in_closed_top_drawer,50,0,0.0,80.0,12.210767164896243,152.63458956120303,80.0,nan
results_corrected/cronusvla_simplerenv_fractal/temporal_fusion_conservative_adaptive/google_robot_close_drawer/summary.json,cronusvla_simplerenv_fractal,temporal_fusion_conservative_adaptive,google_robot_close_drawer,50,25,50.0,55.6,9.046410220460967,162.70521979246342,55.6,nan
results_corrected/cronusvla_simplerenv_fractal/temporal_fusion_conservative_adaptive/google_robot_move_near/summary.json,cronusvla_simplerenv_fractal,temporal_fusion_conservative_adaptive,google_robot_move_near,50,50,100.0,28.22,4.148669586020987,147.01167916445738,28.22,nan
results_corrected/cronusvla_simplerenv_fractal/temporal_fusion_conservative_adaptive/google_robot_open_drawer/summary.json,cronusvla_simplerenv_fractal,temporal_fusion_conservative_adaptive,google_robot_open_drawer,50,18,36.0,65.98,10.681106959907337,161.88400969850466,65.98,nan
results_corrected/cronusvla_simplerenv_fractal/temporal_fusion_conservative_adaptive/google_robot_pick_coke_can/summary.json,cronusvla_simplerenv_fractal,temporal_fusion_conservative_adaptive,google_robot_pick_coke_can,50,50,100.0,22.88,3.33063873284962,145.5698746874834,22.88,nan
results_corrected/cronusvla_simplerenv_fractal/temporal_fusion_conservative_adaptive/google_robot_place_apple_in_closed_top_drawer/summary.json,cronusvla_simplerenv_fractal,temporal_fusion_conservative_adaptive,google_robot_place_apple_in_closed_top_drawer,50,0,0.0,80.0,12.39247269201558,154.90590865019476,80.0,nan
results_corrected/cronusvla_simplerenv_fractal/temporal_fusion_motion_entropy/google_robot_close_drawer/summary.json,cronusvla_simplerenv_fractal,temporal_fusion_motion_entropy,google_robot_close_drawer,50,25,50.0,55.6,9.073617382799275,163.1945572445913,55.6,nan
results_corrected/cronusvla_simplerenv_fractal/temporal_fusion_motion_entropy/google_robot_move_near/summary.json,cronusvla_simplerenv_fractal,temporal_fusion_motion_entropy,google_robot_move_near,50,50,100.0,28.22,4.146585866999812,146.93784078666948,28.22,nan
results_corrected/cronusvla_simplerenv_fractal/temporal_fusion_motion_entropy/google_robot_open_drawer/summary.json,cronusvla_simplerenv_fractal,temporal_fusion_motion_entropy,google_robot_open_drawer,50,18,36.0,65.98,10.522534707267768,159.48067152573157,65.98,nan
results_corrected/cronusvla_simplerenv_fractal/temporal_fusion_motion_entropy/google_robot_pick_coke_can/summary.json,cronusvla_simplerenv_fractal,temporal_fusion_motion_entropy,google_robot_pick_coke_can,50,50,100.0,22.88,3.3642322792788035,147.0381240943533,22.88,nan
results_corrected/cronusvla_simplerenv_fractal/temporal_fusion_motion_entropy/google_robot_place_apple_in_closed_top_drawer/summary.json,cronusvla_simplerenv_fractal,temporal_fusion_motion_entropy,google_robot_place_apple_in_closed_top_drawer,50,0,0.0,80.0,12.53648111730814,156.70601396635175,80.0,nan
results_corrected/cronusvla_simplerenv_fractal/temporal_fusion_task_aware/google_robot_close_drawer/summary.json,cronusvla_simplerenv_fractal,temporal_fusion_task_aware,google_robot_close_drawer,50,25,50.0,55.6,9.059947676304727,162.94869921411382,55.6,nan
results_corrected/cronusvla_simplerenv_fractal/temporal_fusion_task_aware/google_robot_move_near/summary.json,cronusvla_simplerenv_fractal,temporal_fusion_task_aware,google_robot_move_near,50,50,100.0,28.22,4.131527994025964,146.40425209163587,28.22,nan
results_corrected/cronusvla_simplerenv_fractal/temporal_fusion_task_aware/google_robot_open_drawer/summary.json,cronusvla_simplerenv_fractal,temporal_fusion_task_aware,google_robot_open_drawer,50,18,36.0,65.98,10.538303560449275,159.71966596619092,65.98,nan
results_corrected/cronusvla_simplerenv_fractal/temporal_fusion_task_aware/google_robot_pick_coke_can/summary.json,cronusvla_simplerenv_fractal,temporal_fusion_task_aware,google_robot_pick_coke_can,50,50,100.0,22.88,3.359965380139183,146.85163374734194,22.88,nan
results_corrected/cronusvla_simplerenv_fractal/temporal_fusion_task_aware/google_robot_place_apple_in_closed_top_drawer/summary.json,cronusvla_simplerenv_fractal,temporal_fusion_task_aware,google_robot_place_apple_in_closed_top_drawer,50,0,0.0,80.0,12.41791509129107,155.22393864113837,80.0,nan
results_corrected/minivla_simplerenv/action_repeat2/summary.json,minivla_simplerenv,action_repeat2,combined,200,60,30.0,66.94,6.63571937989851,99.12936032116089,33.545,98.00106431551299
results_corrected/minivla_simplerenv/action_repeat4/summary.json,minivla_simplerenv,action_repeat4,combined,200,58,29.0,66.915,4.956035641364142,74.06464382222434,16.83,98.56058537079294
results_corrected/minivla_simplerenv/depth_pruning1/summary.json,minivla_simplerenv,depth_pruning1,combined,200,37,18.5,67.435,9.842238742049231,145.951490206113,67.435,95.82959349776488
results_corrected/minivla_simplerenv/depth_pruning2/summary.json,minivla_simplerenv,depth_pruning2,combined,200,0,0.0,75.0,10.343772069254774,137.91696092339697,75.0,91.8457490540711
results_corrected/minivla_simplerenv/depth_pruning4/summary.json,minivla_simplerenv,depth_pruning4,combined,200,0,0.0,75.0,9.843157677797862,131.24210237063818,75.0,85.52290744079704
results_corrected/minivla_simplerenv/fixed_foveation_keep20/summary.json,minivla_simplerenv,fixed_foveation_keep20,combined,200,56,28.0,63.365,10.152458043094812,160.22185817241083,63.365,103.55993934601095
results_corrected/minivla_simplerenv/fixed_foveation_keep50/summary.json,minivla_simplerenv,fixed_foveation_keep50,combined,200,70,35.0,62.91,9.83855332516745,156.39092871033938,62.91,98.54296928202507
results_corrected/minivla_simplerenv/guarded_reuse_aggressive/summary.json,minivla_simplerenv,guarded_reuse_aggressive,combined,200,67,33.5,65.37,9.468221214549994,144.8404652677068,62.73,97.81584938015438
results_corrected/minivla_simplerenv/guarded_reuse_moderate/summary.json,minivla_simplerenv,guarded_reuse_moderate,combined,200,72,36.0,64.04,9.37004625739035,146.31552556824406,61.325,99.49526950110028
results_corrected/minivla_simplerenv/guarded_reuse_strict/summary.json,minivla_simplerenv,guarded_reuse_strict,combined,200,77,38.5,62.65,9.117289300425035,145.52736313527592,60.69,97.38878122551152
results_corrected/minivla_simplerenv/original/summary.json,minivla_simplerenv,original,combined,200,72,36.0,63.84,9.541708303380437,149.46284936372865,63.84,97.84639455428851
results_corrected/minivla_simplerenv/temporal_fusion_conservative_adaptive/summary.json,minivla_simplerenv,temporal_fusion_conservative_adaptive,combined,200,77,38.5,63.09,9.375054583184864,148.5981071989993,63.09,97.69986605903888
results_corrected/minivla_simplerenv/temporal_fusion_motion_entropy/summary.json,minivla_simplerenv,temporal_fusion_motion_entropy,combined,200,78,39.0,61.165,9.167024273881397,149.8736904092438,61.165,98.77270679511902
results_corrected/minivla_simplerenv/temporal_fusion_task_aware/summary.json,minivla_simplerenv,temporal_fusion_task_aware,combined,200,71,35.5,63.64,10.30910820229823,161.99101512096527,63.64,110.47549870729952
results_corrected/openvla_libero/action_repeat2/libero_10/summary.json,openvla_libero,action_repeat2,libero_10,100,46,46.0,407.47,37.95735634754994,93.15374468684796,203.85,157.0965781591573
results_corrected/openvla_libero/action_repeat2/libero_goal/summary.json,openvla_libero,action_repeat2,libero_goal,100,68,68.0,175.16,16.863424021712273,96.27440067202713,87.74,159.78887067717213
results_corrected/openvla_libero/action_repeat2/libero_object/summary.json,openvla_libero,action_repeat2,libero_object,100,84,84.0,173.96,16.30627718569711,93.73578515576632,87.22,157.0058757801582
results_corrected/openvla_libero/action_repeat2/libero_spatial/summary.json,openvla_libero,action_repeat2,libero_spatial,100,72,72.0,142.05,14.368884274294834,101.1537083723677,71.19,160.05376648176934
results_corrected/openvla_libero/action_repeat4/libero_10/summary.json,openvla_libero,action_repeat4,libero_10,100,32,32.0,461.14,24.76439703762415,53.70255678888005,115.36,157.52287023986483
results_corrected/openvla_libero/action_repeat4/libero_goal/summary.json,openvla_libero,action_repeat4,libero_goal,100,60,60.0,192.74,10.720388150715735,55.620982415252335,48.41,158.0613482294722
results_corrected/openvla_libero/action_repeat4/libero_object/summary.json,openvla_libero,action_repeat4,libero_object,100,59,59.0,212.01,11.516096457764506,54.31864750608229,53.24,156.680090397303
results_corrected/openvla_libero/action_repeat4/libero_spatial/summary.json,openvla_libero,action_repeat4,libero_spatial,100,47,47.0,176.24,10.805344530238072,61.310397924637265,44.22,160.80446912693188
results_corrected/openvla_libero/depth_pruning1/libero_10/summary.json,openvla_libero,depth_pruning1,libero_10,100,53,53.0,398.62,67.11887541358941,168.37809295466712,398.62,153.1283219251512
results_corrected/openvla_libero/depth_pruning1/libero_goal/summary.json,openvla_libero,depth_pruning1,libero_goal,100,72,72.0,165.43,28.206216404369332,170.50242643032905,165.43,153.56297870802476
results_corrected/openvla_libero/depth_pruning1/libero_object/summary.json,openvla_libero,depth_pruning1,libero_object,100,85,85.0,170.03,28.62515861215885,168.35357649919925,170.03,152.92716840638963
results_corrected/openvla_libero/depth_pruning1/libero_spatial/summary.json,openvla_libero,depth_pruning1,libero_spatial,100,62,62.0,149.98,26.254413632253417,175.05276458363394,149.98,153.5564744247665
results_corrected/openvla_libero/depth_pruning2/libero_10/summary.json,openvla_libero,depth_pruning2,libero_10,100,45,45.0,406.28,66.84087733812164,164.51924125756042,406.28,149.29231088339213
results_corrected/openvla_libero/depth_pruning2/libero_goal/summary.json,openvla_libero,depth_pruning2,libero_goal,100,59,59.0,185.07,30.91436172155081,167.04145308019028,185.07,150.21293120206832
results_corrected/openvla_libero/depth_pruning2/libero_object/summary.json,openvla_libero,depth_pruning2,libero_object,100,79,79.0,180.21,29.594573142627485,164.22270208438758,180.21,148.52840713469672
results_corrected/openvla_libero/depth_pruning2/libero_spatial/summary.json,openvla_libero,depth_pruning2,libero_spatial,100,56,56.0,158.4,27.24832365698414,172.02224530924332,158.4,150.87688828609333
results_corrected/openvla_libero/depth_pruning4/libero_10/summary.json,openvla_libero,depth_pruning4,libero_10,100,26,26.0,466.78,72.00106007875758,154.25052504125622,466.78,139.20376641211337
results_corrected/openvla_libero/depth_pruning4/libero_goal/summary.json,openvla_libero,depth_pruning4,libero_goal,100,41,41.0,218.39,34.61444596978719,158.4983102238527,218.39,141.85652931206246
results_corrected/openvla_libero/depth_pruning4/libero_object/summary.json,openvla_libero,depth_pruning4,libero_object,100,65,65.0,202.99,31.690270171123558,156.11739578857853,202.99,140.67605137821
results_corrected/openvla_libero/depth_pruning4/libero_spatial/summary.json,openvla_libero,depth_pruning4,libero_spatial,100,48,48.0,172.03,27.65540986998123,160.7592272858294,172.03,140.13092550199906
results_corrected/openvla_libero/fixed_foveation_keep20/libero_10/summary.json,openvla_libero,fixed_foveation_keep20,libero_10,100,30,30.0,446.81,79.60589582813205,178.16498249397296,446.81,157.38008763590238
results_corrected/openvla_libero/fixed_foveation_keep20/libero_goal/summary.json,openvla_libero,fixed_foveation_keep20,libero_goal,100,64,64.0,180.92,32.50468418448581,179.6632997152654,180.92,157.85566166001533
results_corrected/openvla_libero/fixed_foveation_keep20/libero_object/summary.json,openvla_libero,fixed_foveation_keep20,libero_object,100,74,74.0,180.12,32.40893122881767,179.92966482799065,180.12,158.89063731780757
results_corrected/openvla_libero/fixed_foveation_keep20/libero_spatial/summary.json,openvla_libero,fixed_foveation_keep20,libero_spatial,100,55,55.0,160.66,29.97928832870326,186.60082365681103,160.66,159.8563746941462
results_corrected/openvla_libero/fixed_foveation_keep50/libero_10/summary.json,openvla_libero,fixed_foveation_keep50,libero_10,100,44,44.0,410.31,73.26340134912635,178.5562168826652,410.31,157.7306698649558
results_corrected/openvla_libero/fixed_foveation_keep50/libero_goal/summary.json,openvla_libero,fixed_foveation_keep50,libero_goal,100,75,75.0,157.29,28.520339907167944,181.32328760358538,157.29,159.15351680790977
results_corrected/openvla_libero/fixed_foveation_keep50/libero_object/summary.json,openvla_libero,fixed_foveation_keep50,libero_object,100,86,86.0,166.18,29.929271509248064,180.10152550997753,166.18,158.71430384414518
results_corrected/openvla_libero/fixed_foveation_keep50/libero_spatial/summary.json,openvla_libero,fixed_foveation_keep50,libero_spatial,100,83,83.0,129.4,24.206458767695587,187.0669147426243,129.4,160.01753232804762
results_corrected/openvla_libero/guarded_reuse_aggressive/libero_10/summary.json,openvla_libero,guarded_reuse_aggressive,libero_10,100,50,50.0,399.28,62.39712824463495,156.27411401681763,358.81,156.82616926093462
results_corrected/openvla_libero/guarded_reuse_aggressive/libero_goal/summary.json,openvla_libero,guarded_reuse_aggressive,libero_goal,100,72,72.0,163.88,25.866615283772116,157.8387556979016,145.59,158.3514547713886
results_corrected/openvla_libero/guarded_reuse_aggressive/libero_object/summary.json,openvla_libero,guarded_reuse_aggressive,libero_object,100,85,85.0,167.1,26.494663586938987,158.55573660645712,151.02,157.9330194559996
results_corrected/openvla_libero/guarded_reuse_aggressive/libero_spatial/summary.json,openvla_libero,guarded_reuse_aggressive,libero_spatial,100,77,77.0,137.62,22.97508197848918,166.94580713914533,125.22,159.4626244967012
results_corrected/openvla_libero/guarded_reuse_moderate/libero_10/summary.json,openvla_libero,guarded_reuse_moderate,libero_10,100,51,51.0,396.62,64.94887100751744,163.75591500054824,374.49,157.33033573318136
results_corrected/openvla_libero/guarded_reuse_moderate/libero_goal/summary.json,openvla_libero,guarded_reuse_moderate,libero_goal,100,69,69.0,165.24,27.678732258732197,167.50624702694384,156.76,158.6690200198211
results_corrected/openvla_libero/guarded_reuse_moderate/libero_object/summary.json,openvla_libero,guarded_reuse_moderate,libero_object,100,80,80.0,171.23,28.088813199939906,164.04142498358877,161.72,156.87736429005375
results_corrected/openvla_libero/guarded_reuse_moderate/libero_spatial/summary.json,openvla_libero,guarded_reuse_moderate,libero_spatial,100,76,76.0,135.84,23.77291711026104,175.00675140062603,131.05,158.81948735504008
results_corrected/openvla_libero/guarded_reuse_strict/libero_10/summary.json,openvla_libero,guarded_reuse_strict,libero_10,100,51,51.0,397.87,66.37631554647349,166.8291541118292,383.5,157.1386560388644
results_corrected/openvla_libero/guarded_reuse_strict/libero_goal/summary.json,openvla_libero,guarded_reuse_strict,libero_goal,100,71,71.0,164.75,27.67642937181634,167.9904665967608,156.84,158.55105381796844
results_corrected/openvla_libero/guarded_reuse_strict/libero_object/summary.json,openvla_libero,guarded_reuse_strict,libero_object,100,85,85.0,165.41,28.002062444267793,169.2888123104274,159.32,158.73746023529424
results_corrected/openvla_libero/guarded_reuse_strict/libero_spatial/summary.json,openvla_libero,guarded_reuse_strict,libero_spatial,100,82,82.0,129.59,23.000227353860392,177.4845848742989,126.97,159.1400110732246
results_corrected/openvla_libero/original/libero_10/summary.json,openvla_libero,original,libero_10,100,56,56.0,396.79,68.06815286264522,171.54704721047713,396.79,156.32631449548765
results_corrected/openvla_libero/original/libero_goal/summary.json,openvla_libero,original,libero_goal,100,75,75.0,157.59,27.751690508702303,176.10058067581892,157.59,159.68525760326602
results_corrected/openvla_libero/original/libero_object/summary.json,openvla_libero,original,libero_object,100,87,87.0,165.89,28.838872373992345,173.84334422805682,165.89,157.8432652955704
results_corrected/openvla_libero/original/libero_spatial/summary.json,openvla_libero,original,libero_spatial,100,78,78.0,133.91,24.23540487217484,180.98278599189635,133.91,159.9294019649548
results_corrected/openvla_libero/temporal_fusion_conservative_adaptive/libero_goal/summary.json,openvla_libero,temporal_fusion_conservative_adaptive,libero_goal,100,77,77.0,158.66,27.959771885933588,176.2244540900894,158.66,159.42641256931398
results_corrected/openvla_libero/temporal_fusion_conservative_adaptive/libero_object/summary.json,openvla_libero,temporal_fusion_conservative_adaptive,libero_object,100,82,82.0,171.76,29.942583471292163,174.32803604618167,171.76,158.59887706961493
results_corrected/openvla_libero/temporal_fusion_conservative_adaptive/libero_spatial/summary.json,openvla_libero,temporal_fusion_conservative_adaptive,libero_spatial,100,79,79.0,133.39,24.163269700305538,181.1475350498953,133.39,159.6909076723028
results_corrected/openvla_libero/temporal_fusion_motion_entropy/libero_10/summary.json,openvla_libero,temporal_fusion_motion_entropy,libero_10,100,49,49.0,410.34,70.94522382588126,172.8937559728061,410.34,157.60091811505302
results_corrected/openvla_libero/temporal_fusion_motion_entropy/libero_goal/summary.json,openvla_libero,temporal_fusion_motion_entropy,libero_goal,100,74,74.0,159.57,28.261275262282,177.10895069425328,159.57,159.9744318746701
results_corrected/openvla_libero/temporal_fusion_motion_entropy/libero_object/summary.json,openvla_libero,temporal_fusion_motion_entropy,libero_object,100,83,83.0,167.01,28.777337411619957,172.3090677900722,167.01,156.49051265219472
results_corrected/openvla_libero/temporal_fusion_motion_entropy/libero_spatial/summary.json,openvla_libero,temporal_fusion_motion_entropy,libero_spatial,100,85,85.0,125.72,22.732017015182645,180.8146437733268,125.72,159.00562267434444
results_corrected/openvla_libero/temporal_fusion_task_aware/libero_10/summary.json,openvla_libero,temporal_fusion_task_aware,libero_10,100,48,48.0,409.33,75.99195260050242,185.64960447683387,409.33,170.3383510388795
results_corrected/openvla_libero/temporal_fusion_task_aware/libero_goal/summary.json,openvla_libero,temporal_fusion_task_aware,libero_goal,100,73,73.0,161.96,30.502281424176182,188.3321895787613,161.96,171.3183474190024
results_corrected/openvla_libero/temporal_fusion_task_aware/libero_object/summary.json,openvla_libero,temporal_fusion_task_aware,libero_object,100,86,86.0,165.91,30.797374493227107,185.62699350989757,165.91,170.01997443229067
results_corrected/openvla_libero/temporal_fusion_task_aware/libero_spatial/summary.json,openvla_libero,temporal_fusion_task_aware,libero_spatial,100,77,77.0,137.66,26.60805876295315,193.28823741793659,137.66,171.34599722184592
results_corrected/openvla_simplerenv/action_repeat2/widowx_carrot_on_plate/summary.json,openvla_simplerenv,action_repeat2,widowx_carrot_on_plate,50,10,20.0,55.08,7.03131215436,127.65635719607843,27.58,158.7274606700509
results_corrected/openvla_simplerenv/action_repeat2/widowx_put_eggplant_in_basket/summary.json,openvla_simplerenv,action_repeat2,widowx_put_eggplant_in_basket,50,23,46.0,80.84,10.925264213319993,135.14676166897567,40.58,158.03091945588665
results_corrected/openvla_simplerenv/action_repeat2/widowx_spoon_on_towel/summary.json,openvla_simplerenv,action_repeat2,widowx_spoon_on_towel,50,14,28.0,50.66,6.438622803117614,127.0948046410899,25.4,156.42302477641553
results_corrected/openvla_simplerenv/action_repeat2/widowx_stack_cube/summary.json,openvla_simplerenv,action_repeat2,widowx_stack_cube,50,9,18.0,55.4,7.119761945800856,128.5155585884631,27.76,159.3779356099188
results_corrected/openvla_simplerenv/action_repeat4/widowx_carrot_on_plate/summary.json,openvla_simplerenv,action_repeat4,widowx_carrot_on_plate,50,11,22.0,56.08,4.9403431777376685,88.09456451030078,14.08,160.3104551146647
results_corrected/openvla_simplerenv/action_repeat4/widowx_put_eggplant_in_basket/summary.json,openvla_simplerenv,action_repeat4,widowx_put_eggplant_in_basket,50,14,28.0,98.74,9.35537423275411,94.74756160374834,24.84,158.091824107328
results_corrected/openvla_simplerenv/action_repeat4/widowx_spoon_on_towel/summary.json,openvla_simplerenv,action_repeat4,widowx_spoon_on_towel,50,3,6.0,59.3,5.193760894123698,87.58450074407584,14.86,159.7711149331127
results_corrected/openvla_simplerenv/action_repeat4/widowx_stack_cube/summary.json,openvla_simplerenv,action_repeat4,widowx_stack_cube,50,1,2.0,59.52,5.243184616179999,88.0911393847446,14.88,160.4779790080649
results_corrected/openvla_simplerenv/depth_pruning1/widowx_carrot_on_plate/summary.json,openvla_simplerenv,depth_pruning1,widowx_carrot_on_plate,50,8,16.0,56.16,11.427515182844363,203.48139570591815,56.16,155.0968925281563
results_corrected/openvla_simplerenv/depth_pruning1/widowx_put_eggplant_in_basket/summary.json,openvla_simplerenv,depth_pruning1,widowx_put_eggplant_in_basket,50,36,72.0,53.92,11.300461872959985,209.5782988308603,53.92,154.44559944139542
results_corrected/openvla_simplerenv/depth_pruning1/widowx_spoon_on_towel/summary.json,openvla_simplerenv,depth_pruning1,widowx_spoon_on_towel,50,22,44.0,47.04,9.508976023799969,202.14659914540752,47.04,154.8840688856296
results_corrected/openvla_simplerenv/depth_pruning1/widowx_stack_cube/summary.json,openvla_simplerenv,depth_pruning1,widowx_stack_cube,50,21,42.0,49.5,10.022730792544316,202.47940995039022,49.5,154.52559185480098
results_corrected/openvla_simplerenv/depth_pruning2/widowx_carrot_on_plate/summary.json,openvla_simplerenv,depth_pruning2,widowx_carrot_on_plate,50,19,38.0,50.02,9.828734628160037,196.4960941255505,50.02,148.5889640283855
results_corrected/openvla_simplerenv/depth_pruning2/widowx_put_eggplant_in_basket/summary.json,openvla_simplerenv,depth_pruning2,widowx_put_eggplant_in_basket,50,33,66.0,59.24,12.051447510861326,203.43429289097443,59.24,148.99448860707238
results_corrected/openvla_simplerenv/depth_pruning2/widowx_spoon_on_towel/summary.json,openvla_simplerenv,depth_pruning2,widowx_spoon_on_towel,50,23,46.0,45.84,9.145074583558598,199.49988184028356,45.84,150.5551346826128
results_corrected/openvla_simplerenv/depth_pruning2/widowx_stack_cube/summary.json,openvla_simplerenv,depth_pruning2,widowx_stack_cube,50,20,40.0,49.9,9.855879767700099,197.51262059519235,49.9,149.24606777686077
results_corrected/openvla_simplerenv/depth_pruning4/widowx_carrot_on_plate/summary.json,openvla_simplerenv,depth_pruning4,widowx_carrot_on_plate,50,14,28.0,54.06,10.173185830059229,188.18323769994873,54.06,140.87431801162947
results_corrected/openvla_simplerenv/depth_pruning4/widowx_put_eggplant_in_basket/summary.json,openvla_simplerenv,depth_pruning4,widowx_put_eggplant_in_basket,50,38,76.0,51.6,10.170225456525804,197.09739256832955,51.6,141.58098127019716
results_corrected/openvla_simplerenv/depth_pruning4/widowx_spoon_on_towel/summary.json,openvla_simplerenv,depth_pruning4,widowx_spoon_on_towel,50,13,26.0,53.3,10.075142344820012,189.02706087842427,53.3,140.63586372682727
results_corrected/openvla_simplerenv/depth_pruning4/widowx_stack_cube/summary.json,openvla_simplerenv,depth_pruning4,widowx_stack_cube,50,10,20.0,56.22,10.47972700483998,186.40567422340766,56.22,138.55495964816697
results_corrected/openvla_simplerenv/fixed_foveation_keep20/widowx_carrot_on_plate/summary.json,openvla_simplerenv,fixed_foveation_keep20,widowx_carrot_on_plate,50,12,24.0,51.34,10.901647808899984,212.34218560381737,51.34,157.32900903350364
results_corrected/openvla_simplerenv/fixed_foveation_keep20/widowx_put_eggplant_in_basket/summary.json,openvla_simplerenv,fixed_foveation_keep20,widowx_put_eggplant_in_basket,50,8,16.0,104.72,23.174687017779796,221.3014421101967,104.72,158.21408413124598
results_corrected/openvla_simplerenv/fixed_foveation_keep20/widowx_spoon_on_towel/summary.json,openvla_simplerenv,fixed_foveation_keep20,widowx_spoon_on_towel,50,19,38.0,49.2,10.513622729359195,213.69151888941454,49.2,158.47525855668772
results_corrected/openvla_simplerenv/fixed_foveation_keep20/widowx_stack_cube/summary.json,openvla_simplerenv,fixed_foveation_keep20,widowx_stack_cube,50,6,12.0,55.7,11.80836045721313,211.99929007563966,55.7,158.84702070607827
results_corrected/openvla_simplerenv/fixed_foveation_keep50/widowx_carrot_on_plate/summary.json,openvla_simplerenv,fixed_foveation_keep50,widowx_carrot_on_plate,50,17,34.0,50.32,10.707016078314046,212.77853891721077,50.32,158.2902411128913
results_corrected/openvla_simplerenv/fixed_foveation_keep50/widowx_put_eggplant_in_basket/summary.json,openvla_simplerenv,fixed_foveation_keep50,widowx_put_eggplant_in_basket,50,12,24.0,97.84,22.151905290225987,226.40949806036372,97.84,161.81871801032113
results_corrected/openvla_simplerenv/fixed_foveation_keep50/widowx_spoon_on_towel/summary.json,openvla_simplerenv,fixed_foveation_keep50,widowx_spoon_on_towel,50,24,48.0,46.3,9.794096890340004,211.5355699857452,46.3,157.27990924103668
results_corrected/openvla_simplerenv/fixed_foveation_keep50/widowx_stack_cube/summary.json,openvla_simplerenv,fixed_foveation_keep50,widowx_stack_cube,50,7,14.0,55.6,11.767691524580028,211.64912813992856,55.6,156.91277429280518
results_corrected/openvla_simplerenv/guarded_reuse_aggressive/widowx_carrot_on_plate/summary.json,openvla_simplerenv,guarded_reuse_aggressive,widowx_carrot_on_plate,50,14,28.0,53.62,10.402876180225284,194.01111861665953,49.26,158.57696576148703
results_corrected/openvla_simplerenv/guarded_reuse_aggressive/widowx_put_eggplant_in_basket/summary.json,openvla_simplerenv,guarded_reuse_aggressive,widowx_put_eggplant_in_basket,50,35,70.0,56.34,11.77972798795997,209.08285388640343,54.76,156.69085672206393
results_corrected/openvla_simplerenv/guarded_reuse_aggressive/widowx_spoon_on_towel/summary.json,openvla_simplerenv,guarded_reuse_aggressive,widowx_spoon_on_towel,50,19,38.0,48.96,10.079393274600053,205.86996067402066,47.98,158.63796145894008
results_corrected/openvla_simplerenv/guarded_reuse_aggressive/widowx_stack_cube/summary.json,openvla_simplerenv,guarded_reuse_aggressive,widowx_stack_cube,50,14,28.0,51.86,9.800478487483923,188.97953118943164,45.56,159.96778127080654
results_corrected/openvla_simplerenv/guarded_reuse_moderate/widowx_carrot_on_plate/summary.json,openvla_simplerenv,guarded_reuse_moderate,widowx_carrot_on_plate,50,14,28.0,53.72,10.57828591883881,196.91522559268074,50.8,156.96176957649794
results_corrected/openvla_simplerenv/guarded_reuse_moderate/widowx_put_eggplant_in_basket/summary.json,openvla_simplerenv,guarded_reuse_moderate,widowx_put_eggplant_in_basket,50,35,70.0,54.8,11.368778019017773,207.45945290178418,53.16,157.6191762182958
results_corrected/openvla_simplerenv/guarded_reuse_moderate/widowx_spoon_on_towel/summary.json,openvla_simplerenv,guarded_reuse_moderate,widowx_spoon_on_towel,50,20,40.0,48.14,9.918807882060063,206.0408783145007,46.72,160.6631994059358
results_corrected/openvla_simplerenv/guarded_reuse_moderate/widowx_stack_cube/summary.json,openvla_simplerenv,guarded_reuse_moderate,widowx_stack_cube,50,14,28.0,51.8,10.115201767440002,195.27416539459463,47.74,158.8902109962297
results_corrected/openvla_simplerenv/guarded_reuse_strict/widowx_carrot_on_plate/summary.json,openvla_simplerenv,guarded_reuse_strict,widowx_carrot_on_plate,50,14,28.0,51.82,10.354704142099992,199.82061254534912,49.7,157.8122461175052
results_corrected/openvla_simplerenv/guarded_reuse_strict/widowx_put_eggplant_in_basket/summary.json,openvla_simplerenv,guarded_reuse_strict,widowx_put_eggplant_in_basket,50,39,78.0,49.66,10.548934841320033,212.42317441240502,49.42,157.15905166653263
results_corrected/openvla_simplerenv/guarded_reuse_strict/widowx_spoon_on_towel/summary.json,openvla_simplerenv,guarded_reuse_strict,widowx_spoon_on_towel,50,23,46.0,46.1,9.400970256418223,203.9256020915016,45.08,159.37423847142415
results_corrected/openvla_simplerenv/guarded_reuse_strict/widowx_stack_cube/summary.json,openvla_simplerenv,guarded_reuse_strict,widowx_stack_cube,50,15,30.0,51.16,9.972614988645073,194.92992550127195,47.18,159.12409685705103
results_corrected/openvla_simplerenv/original/widowx_carrot_on_plate/summary.json,openvla_simplerenv,original,widowx_carrot_on_plate,50,16,32.0,51.22,10.66382649155683,208.19653439197245,51.22,159.41280552992205
results_corrected/openvla_simplerenv/original/widowx_put_eggplant_in_basket/summary.json,openvla_simplerenv,original,widowx_put_eggplant_in_basket,50,37,74.0,53.74,11.545497634399998,214.83992620766654,53.74,159.15075456754772
results_corrected/openvla_simplerenv/original/widowx_spoon_on_towel/summary.json,openvla_simplerenv,original,widowx_spoon_on_towel,50,19,38.0,47.52,9.939742226399986,209.16965964646434,47.52,159.8722396801349
results_corrected/openvla_simplerenv/original/widowx_stack_cube/summary.json,openvla_simplerenv,original,widowx_stack_cube,50,15,30.0,51.16,10.652694747422355,208.22311859699678,51.16,159.92527459526454
results_corrected/openvla_simplerenv/temporal_fusion_conservative_adaptive/widowx_carrot_on_plate/summary.json,openvla_simplerenv,temporal_fusion_conservative_adaptive,widowx_carrot_on_plate,50,14,28.0,52.06,10.740650969099999,206.31292679792543,52.06,157.90528309796605
results_corrected/openvla_simplerenv/temporal_fusion_conservative_adaptive/widowx_put_eggplant_in_basket/summary.json,openvla_simplerenv,temporal_fusion_conservative_adaptive,widowx_put_eggplant_in_basket,50,41,82.0,46.6,9.950722531839947,213.5348182798272,46.6,158.96435999913237
results_corrected/openvla_simplerenv/temporal_fusion_conservative_adaptive/widowx_spoon_on_towel/summary.json,openvla_simplerenv,temporal_fusion_conservative_adaptive,widowx_spoon_on_towel,50,26,52.0,43.96,9.09781426354195,206.9566483972236,43.96,157.58993718506187
results_corrected/openvla_simplerenv/temporal_fusion_conservative_adaptive/widowx_stack_cube/summary.json,openvla_simplerenv,temporal_fusion_conservative_adaptive,widowx_stack_cube,50,15,30.0,51.46,10.628001950208564,206.52938107673074,51.46,158.24249903731618
results_corrected/openvla_simplerenv/temporal_fusion_motion_entropy/widowx_carrot_on_plate/summary.json,openvla_simplerenv,temporal_fusion_motion_entropy,widowx_carrot_on_plate,50,13,26.0,55.14,11.347193798259985,205.78878850670992,55.14,158.11840494051305
results_corrected/openvla_simplerenv/temporal_fusion_motion_entropy/widowx_put_eggplant_in_basket/summary.json,openvla_simplerenv,temporal_fusion_motion_entropy,widowx_put_eggplant_in_basket,50,30,60.0,65.4,13.914061300448374,212.75323089370605,65.4,157.91757285868357
results_corrected/openvla_simplerenv/temporal_fusion_motion_entropy/widowx_spoon_on_towel/summary.json,openvla_simplerenv,temporal_fusion_motion_entropy,widowx_spoon_on_towel,50,27,54.0,45.5,9.517867187480443,209.18389423033938,45.5,159.5695969764051
results_corrected/openvla_simplerenv/temporal_fusion_motion_entropy/widowx_stack_cube/summary.json,openvla_simplerenv,temporal_fusion_motion_entropy,widowx_stack_cube,50,12,24.0,53.32,11.05382107855985,207.31097296623872,53.32,158.11433601056018
results_corrected/openvla_simplerenv/temporal_fusion_task_aware/widowx_carrot_on_plate/summary.json,openvla_simplerenv,temporal_fusion_task_aware,widowx_carrot_on_plate,50,23,46.0,49.38,10.895529501303098,220.64660796482582,49.38,171.8783428563475
results_corrected/openvla_simplerenv/temporal_fusion_task_aware/widowx_put_eggplant_in_basket/summary.json,openvla_simplerenv,temporal_fusion_task_aware,widowx_put_eggplant_in_basket,50,37,74.0,51.62,11.863676002095453,229.8271213114191,51.62,173.95163391294508
results_corrected/openvla_simplerenv/temporal_fusion_task_aware/widowx_spoon_on_towel/summary.json,openvla_simplerenv,temporal_fusion_task_aware,widowx_spoon_on_towel,50,26,52.0,47.88,10.523310919879986,219.78510693149514,47.88,170.5893122456146
results_corrected/openvla_simplerenv/temporal_fusion_task_aware/widowx_stack_cube/summary.json,openvla_simplerenv,temporal_fusion_task_aware,widowx_stack_cube,50,15,30.0,53.24,11.652298121179967,218.86360107400387,53.24,170.38424409203722
results_corrected/openvla_simplerenv_fractal/action_repeat2/google_robot_close_drawer/summary.json,openvla_simplerenv_fractal,action_repeat2,google_robot_close_drawer,50,23,46.0,62.1,10.046571302695666,161.78053627529252,31.18,159.48615791521024
results_corrected/openvla_simplerenv_fractal/action_repeat2/google_robot_move_near/summary.json,openvla_simplerenv_fractal,action_repeat2,google_robot_move_near,50,29,58.0,50.08,7.465677361728158,149.07502719105747,25.2,161.04615971165163
results_corrected/openvla_simplerenv_fractal/action_repeat2/google_robot_open_drawer/summary.json,openvla_simplerenv_fractal,action_repeat2,google_robot_open_drawer,50,17,34.0,68.18,11.279033855127636,165.43024134830796,34.18,160.5886450299482
results_corrected/openvla_simplerenv_fractal/action_repeat2/google_robot_pick_coke_can/summary.json,openvla_simplerenv_fractal,action_repeat2,google_robot_pick_coke_can,50,31,62.0,54.2,8.21235243696021,151.51941765609243,27.22,159.62593856636806
results_corrected/openvla_simplerenv_fractal/action_repeat2/google_robot_place_apple_in_closed_top_drawer/summary.json,openvla_simplerenv_fractal,action_repeat2,google_robot_place_apple_in_closed_top_drawer,50,0,0.0,80.0,13.022740159593523,162.78425199491903,40.0,159.6000621226849
results_corrected/openvla_simplerenv_fractal/action_repeat4/google_robot_close_drawer/summary.json,openvla_simplerenv_fractal,action_repeat4,google_robot_close_drawer,50,26,52.0,63.1,7.727244557514787,122.46029409690628,15.94,161.6845859043473
results_corrected/openvla_simplerenv_fractal/action_repeat4/google_robot_move_near/summary.json,openvla_simplerenv_fractal,action_repeat4,google_robot_move_near,50,22,44.0,59.12,6.443099762082565,108.98341952101768,14.96,161.49800243372854
results_corrected/openvla_simplerenv_fractal/action_repeat4/google_robot_open_drawer/summary.json,openvla_simplerenv_fractal,action_repeat4,google_robot_open_drawer,50,15,30.0,72.38,9.011954178039451,124.50889994528116,18.22,160.9929013472361
results_corrected/openvla_simplerenv_fractal/action_repeat4/google_robot_pick_coke_can/summary.json,openvla_simplerenv_fractal,action_repeat4,google_robot_pick_coke_can,50,26,52.0,60.5,6.899182550399564,114.03607521321594,15.36,162.8148176794942
results_corrected/openvla_simplerenv_fractal/action_repeat4/google_robot_place_apple_in_closed_top_drawer/summary.json,openvla_simplerenv_fractal,action_repeat4,google_robot_place_apple_in_closed_top_drawer,50,0,0.0,80.0,9.785650210941675,122.32062763677095,20.0,159.73446679313201
results_corrected/openvla_simplerenv_fractal/depth_pruning1/google_robot_close_drawer/summary.json,openvla_simplerenv_fractal,depth_pruning1,google_robot_close_drawer,50,19,38.0,61.62,14.768976255138405,239.67829041120422,61.62,155.85290726050715
results_corrected/openvla_simplerenv_fractal/depth_pruning1/google_robot_move_near/summary.json,openvla_simplerenv_fractal,depth_pruning1,google_robot_move_near,50,38,76.0,40.34,9.060467199168635,224.60255823422494,40.34,156.51268310941632
results_corrected/openvla_simplerenv_fractal/depth_pruning1/google_robot_open_drawer/summary.json,openvla_simplerenv_fractal,depth_pruning1,google_robot_open_drawer,50,13,26.0,75.36,18.19088667921955,241.38650052042925,75.36,155.54591176024567
results_corrected/openvla_simplerenv_fractal/depth_pruning1/google_robot_pick_coke_can/summary.json,openvla_simplerenv_fractal,depth_pruning1,google_robot_pick_coke_can,50,26,52.0,56.86,13.066340248479973,229.79845670910962,56.86,156.97841529010964
results_corrected/openvla_simplerenv_fractal/depth_pruning1/google_robot_place_apple_in_closed_top_drawer/summary.json,openvla_simplerenv_fractal,depth_pruning1,google_robot_place_apple_in_closed_top_drawer,50,0,0.0,80.0,19.22983303453075,240.37291293163435,80.0,155.6824937837082
results_corrected/openvla_simplerenv_fractal/depth_pruning2/google_robot_close_drawer/summary.json,openvla_simplerenv_fractal,depth_pruning2,google_robot_close_drawer,50,25,50.0,58.32,13.547762326614466,232.30045141657178,58.32,150.83454147943223
results_corrected/openvla_simplerenv_fractal/depth_pruning2/google_robot_move_near/summary.json,openvla_simplerenv_fractal,depth_pruning2,google_robot_move_near,50,34,68.0,43.38,9.573152247597463,220.68124130007985,43.38,151.5729213508624
results_corrected/openvla_simplerenv_fractal/depth_pruning2/google_robot_open_drawer/summary.json,openvla_simplerenv_fractal,depth_pruning2,google_robot_open_drawer,50,13,26.0,74.08,17.517702908746433,236.47007166234386,74.08,150.24942318032865
results_corrected/openvla_simplerenv_fractal/depth_pruning2/google_robot_pick_coke_can/summary.json,openvla_simplerenv_fractal,depth_pruning2,google_robot_pick_coke_can,50,30,60.0,53.5,11.997783288396896,224.25763155882046,53.5,151.81714916336307
results_corrected/openvla_simplerenv_fractal/depth_pruning2/google_robot_place_apple_in_closed_top_drawer/summary.json,openvla_simplerenv_fractal,depth_pruning2,google_robot_place_apple_in_closed_top_drawer,50,0,0.0,80.0,18.70820642547682,233.85258031846024,80.0,150.3433248337824
results_corrected/openvla_simplerenv_fractal/depth_pruning4/google_robot_close_drawer/summary.json,openvla_simplerenv_fractal,depth_pruning4,google_robot_close_drawer,50,20,40.0,60.12,13.518200456430204,224.85363367315708,60.12,141.97094022114814
results_corrected/openvla_simplerenv_fractal/depth_pruning4/google_robot_move_near/summary.json,openvla_simplerenv_fractal,depth_pruning4,google_robot_move_near,50,31,62.0,48.58,10.34403058486525,212.92776008368156,48.58,142.92113811431201
results_corrected/openvla_simplerenv_fractal/depth_pruning4/google_robot_open_drawer/summary.json,openvla_simplerenv_fractal,depth_pruning4,google_robot_open_drawer,50,9,18.0,75.3,17.324034215230494,230.06685544794814,75.3,143.24176433399705
results_corrected/openvla_simplerenv_fractal/depth_pruning4/google_robot_pick_coke_can/summary.json,openvla_simplerenv_fractal,depth_pruning4,google_robot_pick_coke_can,50,32,64.0,50.0,10.851126999475527,217.02253998951056,50.0,143.1807168666739
results_corrected/openvla_simplerenv_fractal/depth_pruning4/google_robot_place_apple_in_closed_top_drawer/summary.json,openvla_simplerenv_fractal,depth_pruning4,google_robot_place_apple_in_closed_top_drawer,50,0,0.0,80.0,18.05941048790235,225.74263109877938,80.0,142.5908833919093
results_corrected/openvla_simplerenv_fractal/fixed_foveation_keep20/google_robot_close_drawer/summary.json,openvla_simplerenv_fractal,fixed_foveation_keep20,google_robot_close_drawer,50,15,30.0,66.16,16.82732637059642,254.34290161119137,66.16,166.36709934650207
results_corrected/openvla_simplerenv_fractal/fixed_foveation_keep20/google_robot_move_near/summary.json,openvla_simplerenv_fractal,fixed_foveation_keep20,google_robot_move_near,50,3,6.0,76.34,18.471275005433707,241.96063669679995,76.34,169.42982760207147
results_corrected/openvla_simplerenv_fractal/fixed_foveation_keep20/google_robot_open_drawer/summary.json,openvla_simplerenv_fractal,fixed_foveation_keep20,google_robot_open_drawer,50,0,0.0,80.0,20.056636893341782,250.7079611667723,80.0,168.00041471532313
results_corrected/openvla_simplerenv_fractal/fixed_foveation_keep20/google_robot_pick_coke_can/summary.json,openvla_simplerenv_fractal,fixed_foveation_keep20,google_robot_pick_coke_can,50,1,2.0,78.98,19.402545140481088,245.66403064675978,78.98,168.9882357726553
results_corrected/openvla_simplerenv_fractal/fixed_foveation_keep20/google_robot_place_apple_in_closed_top_drawer/summary.json,openvla_simplerenv_fractal,fixed_foveation_keep20,google_robot_place_apple_in_closed_top_drawer,50,0,0.0,80.0,20.211120509477333,252.63900636846665,80.0,167.28037936097826
results_corrected/openvla_simplerenv_fractal/fixed_foveation_keep50/google_robot_close_drawer/summary.json,openvla_simplerenv_fractal,fixed_foveation_keep50,google_robot_close_drawer,50,17,34.0,63.56,15.963355561941862,251.1541151973232,63.56,164.83388536237825
results_corrected/openvla_simplerenv_fractal/fixed_foveation_keep50/google_robot_move_near/summary.json,openvla_simplerenv_fractal,fixed_foveation_keep50,google_robot_move_near,50,16,32.0,63.42,15.22994883022271,240.1442578086205,63.42,165.55436222666586
results_corrected/openvla_simplerenv_fractal/fixed_foveation_keep50/google_robot_open_drawer/summary.json,openvla_simplerenv_fractal,fixed_foveation_keep50,google_robot_open_drawer,50,5,10.0,76.18,19.393482366059906,254.57446004279217,76.18,164.10163041604227
results_corrected/openvla_simplerenv_fractal/fixed_foveation_keep50/google_robot_pick_coke_can/summary.json,openvla_simplerenv_fractal,fixed_foveation_keep50,google_robot_pick_coke_can,50,23,46.0,58.02,14.234685024016072,245.34100351630596,58.02,166.69141069388158
results_corrected/openvla_simplerenv_fractal/fixed_foveation_keep50/google_robot_place_apple_in_closed_top_drawer/summary.json,openvla_simplerenv_fractal,fixed_foveation_keep50,google_robot_place_apple_in_closed_top_drawer,50,0,0.0,80.0,20.28672006602399,253.58400082529988,80.0,163.29199257548316
results_corrected/openvla_simplerenv_fractal/guarded_reuse_aggressive/google_robot_close_drawer/summary.json,openvla_simplerenv_fractal,guarded_reuse_aggressive,google_robot_close_drawer,50,17,34.0,64.74,15.19547376075061,234.7153809198426,61.74,160.11741992720027
results_corrected/openvla_simplerenv_fractal/guarded_reuse_aggressive/google_robot_move_near/summary.json,openvla_simplerenv_fractal,guarded_reuse_aggressive,google_robot_move_near,50,31,62.0,47.84,10.860521201179363,227.01758363669236,47.4,159.73570945049843
results_corrected/openvla_simplerenv_fractal/guarded_reuse_aggressive/google_robot_open_drawer/summary.json,openvla_simplerenv_fractal,guarded_reuse_aggressive,google_robot_open_drawer,50,10,20.0,74.48,17.006142942560835,228.33167216112832,65.98,161.74708512762297
results_corrected/openvla_simplerenv_fractal/guarded_reuse_aggressive/google_robot_pick_coke_can/summary.json,openvla_simplerenv_fractal,guarded_reuse_aggressive,google_robot_pick_coke_can,50,30,60.0,54.18,12.698745789369568,234.3806900954147,54.12,162.18398050601263
results_corrected/openvla_simplerenv_fractal/guarded_reuse_aggressive/google_robot_place_apple_in_closed_top_drawer/summary.json,openvla_simplerenv_fractal,guarded_reuse_aggressive,google_robot_place_apple_in_closed_top_drawer,50,0,0.0,80.0,19.630533973593266,245.3816746699158,79.54,159.86303962547115
results_corrected/openvla_simplerenv_fractal/guarded_reuse_moderate/google_robot_close_drawer/summary.json,openvla_simplerenv_fractal,guarded_reuse_moderate,google_robot_close_drawer,50,21,42.0,64.18,15.291695596929639,238.26263005499595,61.94,161.91848357510145
results_corrected/openvla_simplerenv_fractal/guarded_reuse_moderate/google_robot_move_near/summary.json,openvla_simplerenv_fractal,guarded_reuse_moderate,google_robot_move_near,50,31,62.0,47.84,10.937743744784965,228.63176724048841,47.62,161.15057465138446
results_corrected/openvla_simplerenv_fractal/guarded_reuse_moderate/google_robot_open_drawer/summary.json,openvla_simplerenv_fractal,guarded_reuse_moderate,google_robot_open_drawer,50,9,18.0,74.64,17.45936553354375,233.9143292275422,69.42,159.7615299124976
results_corrected/openvla_simplerenv_fractal/guarded_reuse_moderate/google_robot_pick_coke_can/summary.json,openvla_simplerenv_fractal,guarded_reuse_moderate,google_robot_pick_coke_can,50,30,60.0,54.32,12.835817563745659,236.30002878765941,54.3,160.66415136359277
results_corrected/openvla_simplerenv_fractal/guarded_reuse_moderate/google_robot_place_apple_in_closed_top_drawer/summary.json,openvla_simplerenv_fractal,guarded_reuse_moderate,google_robot_place_apple_in_closed_top_drawer,50,0,0.0,80.0,19.432812052634546,242.9101506579318,79.68,159.3029352860681
results_corrected/openvla_simplerenv_fractal/guarded_reuse_strict/google_robot_close_drawer/summary.json,openvla_simplerenv_fractal,guarded_reuse_strict,google_robot_close_drawer,50,21,42.0,64.18,15.22971533541102,237.2969045716893,62.02,160.90165801008132
results_corrected/openvla_simplerenv_fractal/guarded_reuse_strict/google_robot_move_near/summary.json,openvla_simplerenv_fractal,guarded_reuse_strict,google_robot_move_near,50,31,62.0,47.84,10.920092579103075,228.26280474713786,47.72,159.96616506696915
results_corrected/openvla_simplerenv_fractal/guarded_reuse_strict/google_robot_open_drawer/summary.json,openvla_simplerenv_fractal,guarded_reuse_strict,google_robot_open_drawer,50,9,18.0,74.64,17.4254699787125,233.46020871801312,69.78,158.71321679227478
results_corrected/openvla_simplerenv_fractal/guarded_reuse_strict/google_robot_pick_coke_can/summary.json,openvla_simplerenv_fractal,guarded_reuse_strict,google_robot_pick_coke_can,50,29,58.0,54.8,12.789093419732525,233.37761714840377,54.8,161.36238725459114
results_corrected/openvla_simplerenv_fractal/guarded_reuse_strict/google_robot_place_apple_in_closed_top_drawer/summary.json,openvla_simplerenv_fractal,guarded_reuse_strict,google_robot_place_apple_in_closed_top_drawer,50,0,0.0,80.0,19.410732150692493,242.63415188365616,79.82,158.21264369651396
results_corrected/openvla_simplerenv_fractal/original/google_robot_close_drawer/summary.json,openvla_simplerenv_fractal,original,google_robot_close_drawer,50,20,40.0,64.28,15.502530940906144,241.1719188068784,64.28,160.37436595050255
results_corrected/openvla_simplerenv_fractal/original/google_robot_move_near/summary.json,openvla_simplerenv_fractal,original,google_robot_move_near,50,31,62.0,47.84,10.94426812133519,228.7681463489797,47.84,160.22820512417246
results_corrected/openvla_simplerenv_fractal/original/google_robot_open_drawer/summary.json,openvla_simplerenv_fractal,original,google_robot_open_drawer,50,9,18.0,74.64,18.146610128520987,243.12178628779458,74.64,158.23509137519628
results_corrected/openvla_simplerenv_fractal/original/google_robot_pick_coke_can/summary.json,openvla_simplerenv_fractal,original,google_robot_pick_coke_can,50,29,58.0,54.8,12.803145153319928,233.63403564452426,54.8,161.62930533139505
results_corrected/openvla_simplerenv_fractal/original/google_robot_place_apple_in_closed_top_drawer/summary.json,openvla_simplerenv_fractal,original,google_robot_place_apple_in_closed_top_drawer,50,0,0.0,80.0,19.683003912402782,246.03754890503478,80.0,161.82483716626302
results_corrected/openvla_simplerenv_fractal/temporal_fusion_conservative_adaptive/google_robot_close_drawer/summary.json,openvla_simplerenv_fractal,temporal_fusion_conservative_adaptive,google_robot_close_drawer,50,20,40.0,61.56,14.92019902878441,242.36840527590007,61.56,159.77455407714342
results_corrected/openvla_simplerenv_fractal/temporal_fusion_conservative_adaptive/google_robot_move_near/summary.json,openvla_simplerenv_fractal,temporal_fusion_conservative_adaptive,google_robot_move_near,50,31,62.0,47.84,10.885009633363225,227.52946558033497,47.84,158.86772879335896
results_corrected/openvla_simplerenv_fractal/temporal_fusion_conservative_adaptive/google_robot_open_drawer/summary.json,openvla_simplerenv_fractal,temporal_fusion_conservative_adaptive,google_robot_open_drawer,50,10,20.0,74.64,18.44592170116259,247.13185558899502,74.64,161.84214126085487
results_corrected/openvla_simplerenv_fractal/temporal_fusion_conservative_adaptive/google_robot_pick_coke_can/summary.json,openvla_simplerenv_fractal,temporal_fusion_conservative_adaptive,google_robot_pick_coke_can,50,31,62.0,52.32,12.211659879335203,233.40328515548933,52.32,159.43987456593408
results_corrected/openvla_simplerenv_fractal/temporal_fusion_conservative_adaptive/google_robot_place_apple_in_closed_top_drawer/summary.json,openvla_simplerenv_fractal,temporal_fusion_conservative_adaptive,google_robot_place_apple_in_closed_top_drawer,50,0,0.0,80.0,19.54440713843098,244.30508923038724,80.0,160.00905717123533
results_corrected/openvla_simplerenv_fractal/temporal_fusion_motion_entropy/google_robot_close_drawer/summary.json,openvla_simplerenv_fractal,temporal_fusion_motion_entropy,google_robot_close_drawer,50,20,40.0,65.84,16.140200282963924,245.14277465012034,65.84,161.86047336686389
results_corrected/openvla_simplerenv_fractal/temporal_fusion_motion_entropy/google_robot_move_near/summary.json,openvla_simplerenv_fractal,temporal_fusion_motion_entropy,google_robot_move_near,50,42,84.0,36.78,8.438415167382919,229.42944990165628,36.78,161.08906807331343
results_corrected/openvla_simplerenv_fractal/temporal_fusion_motion_entropy/google_robot_open_drawer/summary.json,openvla_simplerenv_fractal,temporal_fusion_motion_entropy,google_robot_open_drawer,50,13,26.0,71.2,17.72555467047263,248.95441952910997,71.2,162.16206308146886
results_corrected/openvla_simplerenv_fractal/temporal_fusion_motion_entropy/google_robot_pick_coke_can/summary.json,openvla_simplerenv_fractal,temporal_fusion_motion_entropy,google_robot_pick_coke_can,50,30,60.0,56.32,13.38543703944655,237.6675610697186,56.32,162.98345873065045
results_corrected/openvla_simplerenv_fractal/temporal_fusion_motion_entropy/google_robot_place_apple_in_closed_top_drawer/summary.json,openvla_simplerenv_fractal,temporal_fusion_motion_entropy,google_robot_place_apple_in_closed_top_drawer,50,0,0.0,80.0,19.563126640273257,244.53908300341573,80.0,159.65253748581745
results_corrected/openvla_simplerenv_fractal/temporal_fusion_task_aware/google_robot_close_drawer/summary.json,openvla_simplerenv_fractal,temporal_fusion_task_aware,google_robot_close_drawer,50,25,50.0,58.6,15.187991521875373,259.18074269411903,58.6,173.80015413632853
results_corrected/openvla_simplerenv_fractal/temporal_fusion_task_aware/google_robot_move_near/summary.json,openvla_simplerenv_fractal,temporal_fusion_task_aware,google_robot_move_near,50,32,64.0,47.18,11.471528928566258,243.14389420445653,47.18,175.21021568635658
results_corrected/openvla_simplerenv_fractal/temporal_fusion_task_aware/google_robot_open_drawer/summary.json,openvla_simplerenv_fractal,temporal_fusion_task_aware,google_robot_open_drawer,50,17,34.0,68.92,17.70347611180274,256.86993778007457,68.92,172.6212823663898
results_corrected/openvla_simplerenv_fractal/temporal_fusion_task_aware/google_robot_pick_coke_can/summary.json,openvla_simplerenv_fractal,temporal_fusion_task_aware,google_robot_pick_coke_can,50,32,64.0,52.48,13.108215110423043,249.77544036629274,52.48,175.5522059392228
results_corrected/openvla_simplerenv_fractal/temporal_fusion_task_aware/google_robot_place_apple_in_closed_top_drawer/summary.json,openvla_simplerenv_fractal,temporal_fusion_task_aware,google_robot_place_apple_in_closed_top_drawer,50,0,0.0,80.0,20.55244754335843,256.9055942919804,80.0,172.1415199043986
results_corrected/smolvla_libero/action_repeat2/libero_10/summary.json,smolvla_libero,action_repeat2,libero_10,100,31,31.0,443.45,67.46460043528,152.13575473058972,221.8,278.12497554547105
results_corrected/smolvla_libero/action_repeat2/libero_goal/summary.json,smolvla_libero,action_repeat2,libero_goal,100,72,72.0,164.22,25.320464999603573,154.18624406042852,82.31,278.7812053651202
results_corrected/smolvla_libero/action_repeat2/libero_object/summary.json,smolvla_libero,action_repeat2,libero_object,100,90,90.0,169.02,25.379267925111343,150.15541311744968,84.75,272.60329068418605
results_corrected/smolvla_libero/action_repeat2/libero_spatial/summary.json,smolvla_libero,action_repeat2,libero_spatial,100,64,64.0,148.18,23.37071666876902,157.71842805215965,74.23,275.74172301476557
results_corrected/smolvla_libero/action_repeat4/libero_10/summary.json,smolvla_libero,action_repeat4,libero_10,100,20,20.0,470.22,37.88216343575856,80.56263756488146,117.64,272.36455761296435
results_corrected/smolvla_libero/action_repeat4/libero_goal/summary.json,smolvla_libero,action_repeat4,libero_goal,100,59,59.0,197.32,16.487967551412293,83.55953553320643,49.51,276.77406439007643
results_corrected/smolvla_libero/action_repeat4/libero_object/summary.json,smolvla_libero,action_repeat4,libero_object,100,71,71.0,202.02,16.566019415551565,82.00187810885835,50.74,274.76640639985055
results_corrected/smolvla_libero/action_repeat4/libero_spatial/summary.json,smolvla_libero,action_repeat4,libero_spatial,100,35,35.0,189.73,16.574504183979005,87.35837339365945,47.59,272.61809765642664
results_corrected/smolvla_libero/depth_pruning1/libero_10/summary.json,smolvla_libero,depth_pruning1,libero_10,100,9,9.0,500.07,145.81029843869618,291.57977570879314,500.07,277.7131076956817
results_corrected/smolvla_libero/depth_pruning1/libero_goal/summary.json,smolvla_libero,depth_pruning1,libero_goal,100,62,62.0,187.03,54.895780686880464,293.5132368437174,187.03,278.24372776547176
results_corrected/smolvla_libero/depth_pruning1/libero_object/summary.json,smolvla_libero,depth_pruning1,libero_object,100,73,73.0,193.35,56.995139607460004,294.77703443216967,193.35,280.32169543980507
results_corrected/smolvla_libero/depth_pruning1/libero_spatial/summary.json,smolvla_libero,depth_pruning1,libero_spatial,100,62,62.0,151.44,44.840739874946884,296.09574666499526,151.44,275.72783364462686
results_corrected/smolvla_libero/depth_pruning2/libero_10/summary.json,smolvla_libero,depth_pruning2,libero_10,100,3,3.0,515.08,148.05316692518042,287.4372270815804,515.08,273.4592819179858
results_corrected/smolvla_libero/depth_pruning2/libero_goal/summary.json,smolvla_libero,depth_pruning2,libero_goal,100,53,53.0,210.43,60.30138242144589,286.5626689229002,210.43,271.4172011923422
results_corrected/smolvla_libero/depth_pruning2/libero_object/summary.json,smolvla_libero,depth_pruning2,libero_object,100,40,40.0,233.84,67.85611392441089,290.1818077506453,233.84,276.1183485979674
results_corrected/smolvla_libero/depth_pruning2/libero_spatial/summary.json,smolvla_libero,depth_pruning2,libero_spatial,100,38,38.0,177.76,53.10625363698345,298.75255196322826,177.76,278.235847959746
results_corrected/smolvla_libero/depth_pruning4/libero_10/summary.json,smolvla_libero,depth_pruning4,libero_10,100,0,0.0,520.0,134.6484616844516,258.93934939317614,520.0,245.3715627212973
results_corrected/smolvla_libero/depth_pruning4/libero_goal/summary.json,smolvla_libero,depth_pruning4,libero_goal,100,28,28.0,260.99,68.59692775853107,262.8335482529256,260.99,247.33708862522892
results_corrected/smolvla_libero/depth_pruning4/libero_object/summary.json,smolvla_libero,depth_pruning4,libero_object,100,13,13.0,266.05,64.45246135443166,242.2569492743156,266.05,229.09328218886543
results_corrected/smolvla_libero/depth_pruning4/libero_spatial/summary.json,smolvla_libero,depth_pruning4,libero_spatial,100,29,29.0,188.55,55.60473671859247,294.90711598298844,188.55,274.33829895335293
results_corrected/smolvla_libero/fixed_foveation_keep20/libero_10/summary.json,smolvla_libero,fixed_foveation_keep20,libero_10,100,19,19.0,481.49,147.13685028441833,305.58651329086445,481.49,277.8514871219487
results_corrected/smolvla_libero/fixed_foveation_keep20/libero_goal/summary.json,smolvla_libero,fixed_foveation_keep20,libero_goal,100,58,58.0,186.72,57.51646346498048,308.0359011620634,186.72,278.87944964507795
results_corrected/smolvla_libero/fixed_foveation_keep20/libero_object/summary.json,smolvla_libero,fixed_foveation_keep20,libero_object,100,74,74.0,189.28,58.1241558395885,307.0802823308775,189.28,279.1743977204771
results_corrected/smolvla_libero/fixed_foveation_keep20/libero_spatial/summary.json,smolvla_libero,fixed_foveation_keep20,libero_spatial,100,63,63.0,149.31,45.96797952506691,307.8693960556353,149.31,273.74668656205597
results_corrected/smolvla_libero/fixed_foveation_keep50/libero_10/summary.json,smolvla_libero,fixed_foveation_keep50,libero_10,100,21,21.0,477.84,146.44859004107303,306.4803910117885,477.84,278.08027763772986
results_corrected/smolvla_libero/fixed_foveation_keep50/libero_goal/summary.json,smolvla_libero,fixed_foveation_keep50,libero_goal,100,67,67.0,168.51,51.2433355735708,304.0967038963314,168.51,274.08081367364974
results_corrected/smolvla_libero/fixed_foveation_keep50/libero_object/summary.json,smolvla_libero,fixed_foveation_keep50,libero_object,100,81,81.0,176.39,54.52140361383208,309.0957742152734,176.39,280.0812425384475
results_corrected/smolvla_libero/fixed_foveation_keep50/libero_spatial/summary.json,smolvla_libero,fixed_foveation_keep50,libero_spatial,100,76,76.0,135.92,42.6555811116239,313.82858381124123,135.92,278.97671380498184
results_corrected/smolvla_libero/guarded_reuse_aggressive/libero_10/summary.json,smolvla_libero,guarded_reuse_aggressive,libero_10,100,47,47.0,419.34,120.30916123819364,286.90122868839995,407.87,280.550300422885
results_corrected/smolvla_libero/guarded_reuse_aggressive/libero_goal/summary.json,smolvla_libero,guarded_reuse_aggressive,libero_goal,100,77,77.0,151.78,38.76928796966783,255.43080754821338,147.48,248.52223745519922
results_corrected/smolvla_libero/guarded_reuse_aggressive/libero_object/summary.json,smolvla_libero,guarded_reuse_aggressive,libero_object,100,91,91.0,162.41,44.10451548455495,271.5628069980602,160.11,261.8404755093584
results_corrected/smolvla_libero/guarded_reuse_aggressive/libero_spatial/summary.json,smolvla_libero,guarded_reuse_aggressive,libero_spatial,100,78,78.0,130.64,38.85309789666465,297.4058320320319,128.82,280.7753311202239
results_corrected/smolvla_libero/guarded_reuse_moderate/libero_10/summary.json,smolvla_libero,guarded_reuse_moderate,libero_10,100,37,37.0,437.84,116.75201099263272,266.6545107633672,435.61,254.96910324754407
results_corrected/smolvla_libero/guarded_reuse_moderate/libero_goal/summary.json,smolvla_libero,guarded_reuse_moderate,libero_goal,100,75,75.0,155.36,42.873452873004844,275.961977812853,154.6,262.70814461152065
results_corrected/smolvla_libero/guarded_reuse_moderate/libero_object/summary.json,smolvla_libero,guarded_reuse_moderate,libero_object,100,89,89.0,164.27,44.15365590192047,268.787093820664,163.94,255.95831421209212
results_corrected/smolvla_libero/guarded_reuse_moderate/libero_spatial/summary.json,smolvla_libero,guarded_reuse_moderate,libero_spatial,100,79,79.0,129.59,38.99224613219198,300.8893134670266,129.27,281.27424623306314
results_corrected/smolvla_libero/guarded_reuse_strict/libero_10/summary.json,smolvla_libero,guarded_reuse_strict,libero_10,100,40,40.0,426.45,121.84771841916023,285.72568511938147,425.75,272.7617574149045
results_corrected/smolvla_libero/guarded_reuse_strict/libero_goal/summary.json,smolvla_libero,guarded_reuse_strict,libero_goal,100,76,76.0,153.64,42.884632101348835,279.124134999667,153.41,264.92530129354975
results_corrected/smolvla_libero/guarded_reuse_strict/libero_object/summary.json,smolvla_libero,guarded_reuse_strict,libero_object,100,90,90.0,164.06,45.93243129029821,279.9733712684275,163.93,266.2585078593344
results_corrected/smolvla_libero/guarded_reuse_strict/libero_spatial/summary.json,smolvla_libero,guarded_reuse_strict,libero_spatial,100,79,79.0,129.2,39.108133165061005,302.69452914133905,129.17,282.41172008410297
results_corrected/smolvla_libero/original/libero_10/summary.json,smolvla_libero,original,libero_10,100,42,42.0,428.35,123.99723014886258,289.47643317115114,428.35,275.08167011620213
results_corrected/smolvla_libero/original/libero_goal/summary.json,smolvla_libero,original,libero_goal,100,80,80.0,147.66,43.65771271496662,295.663772957921,147.66,280.14682417826566
results_corrected/smolvla_libero/original/libero_object/summary.json,smolvla_libero,original,libero_object,100,94,94.0,162.25,47.1866909883148,290.8270631020943,162.25,276.256044832229
results_corrected/smolvla_libero/original/libero_spatial/summary.json,smolvla_libero,original,libero_spatial,100,76,76.0,132.92,38.85143886849168,292.2918963925043,132.92,271.8539018787709
results_corrected/smolvla_libero/temporal_fusion_conservative_adaptive/libero_10/summary.json,smolvla_libero,temporal_fusion_conservative_adaptive,libero_10,100,44,44.0,414.93,113.08990458517954,272.5517667683213,414.93,259.593637585839
results_corrected/smolvla_libero/temporal_fusion_conservative_adaptive/libero_goal/summary.json,smolvla_libero,temporal_fusion_conservative_adaptive,libero_goal,100,77,77.0,151.34,42.78101515182441,282.68147979268144,151.34,268.2481385061143
results_corrected/smolvla_libero/temporal_fusion_conservative_adaptive/libero_object/summary.json,smolvla_libero,temporal_fusion_conservative_adaptive,libero_object,100,86,86.0,168.94,50.532229465961386,299.1134690775505,168.94,284.78708668747464
results_corrected/smolvla_libero/temporal_fusion_conservative_adaptive/libero_spatial/summary.json,smolvla_libero,temporal_fusion_conservative_adaptive,libero_spatial,100,82,82.0,125.71,38.01854563351702,302.4305594902317,125.71,282.2225424582546
results_corrected/smolvla_libero/temporal_fusion_motion_entropy/libero_10/summary.json,smolvla_libero,temporal_fusion_motion_entropy,libero_10,100,44,44.0,415.45,115.64516962371658,278.3612218647649,415.45,265.17493235460887
results_corrected/smolvla_libero/temporal_fusion_motion_entropy/libero_goal/summary.json,smolvla_libero,temporal_fusion_motion_entropy,libero_goal,100,77,77.0,150.61,42.10499623222975,279.5630850025214,150.61,265.0304763220091
results_corrected/smolvla_libero/temporal_fusion_motion_entropy/libero_object/summary.json,smolvla_libero,temporal_fusion_motion_entropy,libero_object,100,90,90.0,163.32,51.258993036256726,313.8561905232471,163.32,298.8223315101485
results_corrected/smolvla_libero/temporal_fusion_motion_entropy/libero_spatial/summary.json,smolvla_libero,temporal_fusion_motion_entropy,libero_spatial,100,80,80.0,129.17,37.448899317724866,289.91948066675593,129.17,270.69030172255407
results_corrected/smolvla_libero/temporal_fusion_task_aware/libero_10/summary.json,smolvla_libero,temporal_fusion_task_aware,libero_10,100,41,41.0,422.78,114.8553445759526,271.66692978843037,422.78,258.5881805736861
results_corrected/smolvla_libero/temporal_fusion_task_aware/libero_goal/summary.json,smolvla_libero,temporal_fusion_task_aware,libero_goal,100,74,74.0,158.82,43.25425763021471,272.3476742867064,158.82,258.2137389824387
results_corrected/smolvla_libero/temporal_fusion_task_aware/libero_object/summary.json,smolvla_libero,temporal_fusion_task_aware,libero_object,100,90,90.0,162.51,45.244174326618975,278.40855532963496,162.51,265.003289022443
results_corrected/smolvla_libero/temporal_fusion_task_aware/libero_spatial/summary.json,smolvla_libero,temporal_fusion_task_aware,libero_spatial,100,80,80.0,128.72,35.49918333231442,275.786073122393,128.72,256.74563497153747
results_corrected/spatialvla_simplerenv_bridge/action_repeat2/widowx_carrot_on_plate/summary.json,spatialvla_simplerenv_bridge,action_repeat2,widowx_carrot_on_plate,50,2,4.0,58.76,13.639903046740004,232.1290511698435,29.4,384.87928336938825
results_corrected/spatialvla_simplerenv_bridge/action_repeat2/widowx_put_eggplant_in_basket/summary.json,spatialvla_simplerenv_bridge,action_repeat2,widowx_put_eggplant_in_basket,50,49,98.0,35.96,8.790683404280026,244.4572693070085,18.46,391.3561894550493
results_corrected/spatialvla_simplerenv_bridge/action_repeat2/widowx_spoon_on_towel/summary.json,spatialvla_simplerenv_bridge,action_repeat2,widowx_spoon_on_towel,50,20,40.0,48.74,11.364993091879969,233.17589437587134,24.5,385.80273494284984
results_corrected/spatialvla_simplerenv_bridge/action_repeat2/widowx_stack_cube/summary.json,spatialvla_simplerenv_bridge,action_repeat2,widowx_stack_cube,50,11,22.0,54.04,12.633364186479985,233.77801973501082,27.04,389.7612403535427
results_corrected/spatialvla_simplerenv_bridge/action_repeat4/widowx_carrot_on_plate/summary.json,spatialvla_simplerenv_bridge,action_repeat4,widowx_carrot_on_plate,50,6,12.0,59.16,7.992565890120004,135.10084330831648,14.84,387.5282869312618
results_corrected/spatialvla_simplerenv_bridge/action_repeat4/widowx_put_eggplant_in_basket/summary.json,spatialvla_simplerenv_bridge,action_repeat4,widowx_put_eggplant_in_basket,50,37,74.0,73.52,10.582642368220004,143.9423608299783,18.92,384.5259428213557
results_corrected/spatialvla_simplerenv_bridge/action_repeat4/widowx_spoon_on_towel/summary.json,spatialvla_simplerenv_bridge,action_repeat4,widowx_spoon_on_towel,50,9,18.0,58.24,7.995668292416958,137.28826051540108,14.64,387.24949808425174
results_corrected/spatialvla_simplerenv_bridge/action_repeat4/widowx_stack_cube/summary.json,spatialvla_simplerenv_bridge,action_repeat4,widowx_stack_cube,50,6,12.0,58.68,7.841855041159961,133.6376114717103,14.72,379.58069249320107
results_corrected/spatialvla_simplerenv_bridge/depth_pruning1/widowx_carrot_on_plate/summary.json,spatialvla_simplerenv_bridge,depth_pruning1,widowx_carrot_on_plate,50,10,20.0,54.08,22.207499226997605,410.641627718151,54.08,371.2476309830686
results_corrected/spatialvla_simplerenv_bridge/depth_pruning1/widowx_put_eggplant_in_basket/summary.json,spatialvla_simplerenv_bridge,depth_pruning1,widowx_put_eggplant_in_basket,50,46,92.0,36.12,14.78840192884004,409.42419515061016,36.12,366.7287894302275
results_corrected/spatialvla_simplerenv_bridge/depth_pruning1/widowx_spoon_on_towel/summary.json,spatialvla_simplerenv_bridge,depth_pruning1,widowx_spoon_on_towel,50,9,18.0,54.46,22.237001409760033,408.3180574689687,54.46,368.94823302643715
results_corrected/spatialvla_simplerenv_bridge/depth_pruning1/widowx_stack_cube/summary.json,spatialvla_simplerenv_bridge,depth_pruning1,widowx_stack_cube,50,12,24.0,54.16,21.984804937020026,405.92328170273316,54.16,368.24156609415405
results_corrected/spatialvla_simplerenv_bridge/depth_pruning2/widowx_carrot_on_plate/summary.json,spatialvla_simplerenv_bridge,depth_pruning2,widowx_carrot_on_plate,50,8,16.0,55.56,22.121893523219953,398.1622304395239,55.56,359.56444061014565
results_corrected/spatialvla_simplerenv_bridge/depth_pruning2/widowx_put_eggplant_in_basket/summary.json,spatialvla_simplerenv_bridge,depth_pruning2,widowx_put_eggplant_in_basket,50,41,82.0,48.46,19.35820209390003,399.4676453549325,48.46,358.1469700251727
results_corrected/spatialvla_simplerenv_bridge/depth_pruning2/widowx_spoon_on_towel/summary.json,spatialvla_simplerenv_bridge,depth_pruning2,widowx_spoon_on_towel,50,0,0.0,60.0,23.744000131119943,395.73333551866574,60.0,356.2611067766705
results_corrected/spatialvla_simplerenv_bridge/depth_pruning2/widowx_stack_cube/summary.json,spatialvla_simplerenv_bridge,depth_pruning2,widowx_stack_cube,50,7,14.0,57.26,22.683050086698493,396.1412868791215,57.26,357.705272476978
results_corrected/spatialvla_simplerenv_bridge/depth_pruning4/widowx_carrot_on_plate/summary.json,spatialvla_simplerenv_bridge,depth_pruning4,widowx_carrot_on_plate,50,13,26.0,55.66,20.640298414200025,370.82821441250496,55.66,332.79854390082454
results_corrected/spatialvla_simplerenv_bridge/depth_pruning4/widowx_put_eggplant_in_basket/summary.json,spatialvla_simplerenv_bridge,depth_pruning4,widowx_put_eggplant_in_basket,50,8,16.0,110.9,41.89645810154034,377.78591615455673,110.9,337.5005164075659
results_corrected/spatialvla_simplerenv_bridge/depth_pruning4/widowx_spoon_on_towel/summary.json,spatialvla_simplerenv_bridge,depth_pruning4,widowx_spoon_on_towel,50,3,6.0,59.04,21.91601168584007,371.2061599905161,59.04,332.9332882178115
results_corrected/spatialvla_simplerenv_bridge/depth_pruning4/widowx_stack_cube/summary.json,spatialvla_simplerenv_bridge,depth_pruning4,widowx_stack_cube,50,4,8.0,57.92,21.739310934019976,375.33340701001345,57.92,337.20403812327567
results_corrected/spatialvla_simplerenv_bridge/fixed_foveation_keep20/widowx_carrot_on_plate/summary.json,spatialvla_simplerenv_bridge,fixed_foveation_keep20,widowx_carrot_on_plate,50,17,34.0,52.9,23.33786349474003,441.16944224461304,52.9,380.9053231826044
results_corrected/spatialvla_simplerenv_bridge/fixed_foveation_keep20/widowx_put_eggplant_in_basket/summary.json,spatialvla_simplerenv_bridge,fixed_foveation_keep20,widowx_put_eggplant_in_basket,50,50,100.0,27.56,12.527730403380014,454.56206108055204,27.56,389.97850001668996
results_corrected/spatialvla_simplerenv_bridge/fixed_foveation_keep20/widowx_spoon_on_towel/summary.json,spatialvla_simplerenv_bridge,fixed_foveation_keep20,widowx_spoon_on_towel,50,12,24.0,52.32,23.377311669860006,446.8140609682723,52.32,386.1887292721707
results_corrected/spatialvla_simplerenv_bridge/fixed_foveation_keep20/widowx_stack_cube/summary.json,spatialvla_simplerenv_bridge,fixed_foveation_keep20,widowx_stack_cube,50,21,42.0,49.48,22.01849761858117,444.9979308524893,49.48,383.88213735710843
results_corrected/spatialvla_simplerenv_bridge/fixed_foveation_keep50/widowx_carrot_on_plate/summary.json,spatialvla_simplerenv_bridge,fixed_foveation_keep50,widowx_carrot_on_plate,50,14,28.0,50.62,22.790524938219992,450.2276755871195,50.62,387.0678003445275
results_corrected/spatialvla_simplerenv_bridge/fixed_foveation_keep50/widowx_put_eggplant_in_basket/summary.json,spatialvla_simplerenv_bridge,fixed_foveation_keep50,widowx_put_eggplant_in_basket,50,50,100.0,27.48,12.404199179565767,451.3900720366,27.48,385.47343952386245
results_corrected/spatialvla_simplerenv_bridge/fixed_foveation_keep50/widowx_spoon_on_towel/summary.json,spatialvla_simplerenv_bridge,fixed_foveation_keep50,widowx_spoon_on_towel,50,10,20.0,53.78,23.655111066559996,439.8495921636295,53.78,375.80575248828393
results_corrected/spatialvla_simplerenv_bridge/fixed_foveation_keep50/widowx_stack_cube/summary.json,spatialvla_simplerenv_bridge,fixed_foveation_keep50,widowx_stack_cube,50,15,30.0,52.36,23.281893016319973,444.6503631841095,52.36,381.0915342658532
results_corrected/spatialvla_simplerenv_bridge/guarded_reuse_aggressive/widowx_carrot_on_plate/summary.json,spatialvla_simplerenv_bridge,guarded_reuse_aggressive,widowx_carrot_on_plate,50,13,26.0,51.8,21.985602233556566,424.43247555128505,51.44,387.78890830503224
results_corrected/spatialvla_simplerenv_bridge/guarded_reuse_aggressive/widowx_put_eggplant_in_basket/summary.json,spatialvla_simplerenv_bridge,guarded_reuse_aggressive,widowx_put_eggplant_in_basket,50,50,100.0,26.26,11.008056710839938,419.1948480898681,26.26,377.03357398398924
results_corrected/spatialvla_simplerenv_bridge/guarded_reuse_aggressive/widowx_spoon_on_towel/summary.json,spatialvla_simplerenv_bridge,guarded_reuse_aggressive,widowx_spoon_on_towel,50,10,20.0,52.82,22.313789570959706,422.4496321650835,52.54,385.229470107729
results_corrected/spatialvla_simplerenv_bridge/guarded_reuse_aggressive/widowx_stack_cube/summary.json,spatialvla_simplerenv_bridge,guarded_reuse_aggressive,widowx_stack_cube,50,18,36.0,49.62,20.97913351428,422.79591927206775,49.5,384.5168670690882
results_corrected/spatialvla_simplerenv_bridge/guarded_reuse_moderate/widowx_carrot_on_plate/summary.json,spatialvla_simplerenv_bridge,guarded_reuse_moderate,widowx_carrot_on_plate,50,13,26.0,51.9,22.199707102240044,427.7400212377658,51.8,388.38711218029994
results_corrected/spatialvla_simplerenv_bridge/guarded_reuse_moderate/widowx_put_eggplant_in_basket/summary.json,spatialvla_simplerenv_bridge,guarded_reuse_moderate,widowx_put_eggplant_in_basket,50,50,100.0,26.26,11.275542227739953,429.3808921454666,26.26,387.10983959481797
results_corrected/spatialvla_simplerenv_bridge/guarded_reuse_moderate/widowx_spoon_on_towel/summary.json,spatialvla_simplerenv_bridge,guarded_reuse_moderate,widowx_spoon_on_towel,50,11,22.0,52.58,22.40451687704306,426.10340199777596,52.56,386.4567766825086
results_corrected/spatialvla_simplerenv_bridge/guarded_reuse_moderate/widowx_stack_cube/summary.json,spatialvla_simplerenv_bridge,guarded_reuse_moderate,widowx_stack_cube,50,16,32.0,49.7,20.8260983175201,419.0361834511086,49.7,379.60249254567384
results_corrected/spatialvla_simplerenv_bridge/guarded_reuse_strict/widowx_carrot_on_plate/summary.json,spatialvla_simplerenv_bridge,guarded_reuse_strict,widowx_carrot_on_plate,50,13,26.0,51.9,21.83391237371999,420.6919532508669,51.86,381.33669412609805
results_corrected/spatialvla_simplerenv_bridge/guarded_reuse_strict/widowx_put_eggplant_in_basket/summary.json,spatialvla_simplerenv_bridge,guarded_reuse_strict,widowx_put_eggplant_in_basket,50,50,100.0,26.26,11.108256123339798,423.01051497866706,26.26,380.6719355849312
results_corrected/spatialvla_simplerenv_bridge/guarded_reuse_strict/widowx_spoon_on_towel/summary.json,spatialvla_simplerenv_bridge,guarded_reuse_strict,widowx_spoon_on_towel,50,11,22.0,52.72,22.19932552749995,421.07977100720694,52.72,381.80259774013706
results_corrected/spatialvla_simplerenv_bridge/guarded_reuse_strict/widowx_stack_cube/summary.json,spatialvla_simplerenv_bridge,guarded_reuse_strict,widowx_stack_cube,50,16,32.0,49.7,21.176372746180096,426.0839586756558,49.7,385.51222693522124
results_corrected/spatialvla_simplerenv_bridge/original/widowx_carrot_on_plate/summary.json,spatialvla_simplerenv_bridge,original,widowx_carrot_on_plate,50,13,26.0,51.9,22.264197563016786,428.98261200417704,51.9,390.6878065113974
results_corrected/spatialvla_simplerenv_bridge/original/widowx_put_eggplant_in_basket/summary.json,spatialvla_simplerenv_bridge,original,widowx_put_eggplant_in_basket,50,50,100.0,26.26,11.01554879198,419.4801520175172,26.26,378.50647095430276
results_corrected/spatialvla_simplerenv_bridge/original/widowx_spoon_on_towel/summary.json,spatialvla_simplerenv_bridge,original,widowx_spoon_on_towel,50,11,22.0,52.72,22.19858394008,421.065704477997,52.72,382.0679478926401
results_corrected/spatialvla_simplerenv_bridge/original/widowx_stack_cube/summary.json,spatialvla_simplerenv_bridge,original,widowx_stack_cube,50,16,32.0,49.7,21.009899621479995,422.7343988225351,49.7,384.7390150197191
results_corrected/spatialvla_simplerenv_bridge/temporal_fusion_conservative_adaptive/widowx_carrot_on_plate/summary.json,spatialvla_simplerenv_bridge,temporal_fusion_conservative_adaptive,widowx_carrot_on_plate,50,13,26.0,51.9,22.03630431839992,424.5916053641604,51.9,384.1355085576294
results_corrected/spatialvla_simplerenv_bridge/temporal_fusion_conservative_adaptive/widowx_put_eggplant_in_basket/summary.json,spatialvla_simplerenv_bridge,temporal_fusion_conservative_adaptive,widowx_put_eggplant_in_basket,50,49,98.0,29.16,12.564774546339903,430.89075947667703,29.16,386.9439800569157
results_corrected/spatialvla_simplerenv_bridge/temporal_fusion_conservative_adaptive/widowx_spoon_on_towel/summary.json,spatialvla_simplerenv_bridge,temporal_fusion_conservative_adaptive,widowx_spoon_on_towel,50,12,24.0,52.0,22.096291264179925,424.92867815730625,52.0,384.2647745526994
results_corrected/spatialvla_simplerenv_bridge/temporal_fusion_conservative_adaptive/widowx_stack_cube/summary.json,spatialvla_simplerenv_bridge,temporal_fusion_conservative_adaptive,widowx_stack_cube,50,16,32.0,49.7,21.209210775600226,426.7446836136866,49.7,388.553535552105
results_corrected/spatialvla_simplerenv_bridge/temporal_fusion_motion_entropy/widowx_carrot_on_plate/summary.json,spatialvla_simplerenv_bridge,temporal_fusion_motion_entropy,widowx_carrot_on_plate,50,15,30.0,50.04,21.42288227412006,428.1151533597134,50.04,387.9929097538094
results_corrected/spatialvla_simplerenv_bridge/temporal_fusion_motion_entropy/widowx_put_eggplant_in_basket/summary.json,spatialvla_simplerenv_bridge,temporal_fusion_motion_entropy,widowx_put_eggplant_in_basket,50,50,100.0,26.5,11.331609551239927,427.6079075939595,26.5,384.7775924611243
results_corrected/spatialvla_simplerenv_bridge/temporal_fusion_motion_entropy/widowx_spoon_on_towel/summary.json,spatialvla_simplerenv_bridge,temporal_fusion_motion_entropy,widowx_spoon_on_towel,50,10,20.0,53.36,22.994591412159934,430.9331224167904,53.36,391.15864115629716
results_corrected/spatialvla_simplerenv_bridge/temporal_fusion_motion_entropy/widowx_stack_cube/summary.json,spatialvla_simplerenv_bridge,temporal_fusion_motion_entropy,widowx_stack_cube,50,17,34.0,51.44,21.87286104237777,425.21114001512,51.44,385.928794928316
results_corrected/spatialvla_simplerenv_bridge/temporal_fusion_task_aware/widowx_carrot_on_plate/summary.json,spatialvla_simplerenv_bridge,temporal_fusion_task_aware,widowx_carrot_on_plate,50,11,22.0,53.34,22.844608738359785,428.2828784844354,53.34,389.5954314806741
results_corrected/spatialvla_simplerenv_bridge/temporal_fusion_task_aware/widowx_put_eggplant_in_basket/summary.json,spatialvla_simplerenv_bridge,temporal_fusion_task_aware,widowx_put_eggplant_in_basket,50,50,100.0,25.56,11.24084782720427,439.7827788421076,25.56,396.93073408381395
results_corrected/spatialvla_simplerenv_bridge/temporal_fusion_task_aware/widowx_spoon_on_towel/summary.json,spatialvla_simplerenv_bridge,temporal_fusion_task_aware,widowx_spoon_on_towel,50,10,20.0,52.5,22.11364724677993,421.2123285100939,52.5,381.89381516382025
results_corrected/spatialvla_simplerenv_bridge/temporal_fusion_task_aware/widowx_stack_cube/summary.json,spatialvla_simplerenv_bridge,temporal_fusion_task_aware,widowx_stack_cube,50,17,34.0,50.5,21.433838044299954,424.43243652079116,50.5,385.6346781358441
results_corrected/spatialvla_simplerenv_fractal/action_repeat2/google_robot_close_drawer/summary.json,spatialvla_simplerenv_fractal,action_repeat2,google_robot_close_drawer,50,37,74.0,48.24,13.122663403933402,272.028677527641,24.38,379.3031648339068
results_corrected/spatialvla_simplerenv_fractal/action_repeat2/google_robot_move_near/summary.json,spatialvla_simplerenv_fractal,action_repeat2,google_robot_move_near,50,43,86.0,32.28,8.181688599365298,253.45999378455073,16.3,379.62091264409224
results_corrected/spatialvla_simplerenv_fractal/action_repeat2/google_robot_open_drawer/summary.json,spatialvla_simplerenv_fractal,action_repeat2,google_robot_open_drawer,50,25,50.0,60.58,16.159271220797674,266.7426744931937,30.38,381.5126966246219
results_corrected/spatialvla_simplerenv_fractal/action_repeat2/google_robot_pick_coke_can/summary.json,spatialvla_simplerenv_fractal,action_repeat2,google_robot_pick_coke_can,50,43,86.0,30.92,7.933497004921082,256.58140378140627,15.64,379.594228875316
results_corrected/spatialvla_simplerenv_fractal/action_repeat2/google_robot_place_apple_in_closed_top_drawer/summary.json,spatialvla_simplerenv_fractal,action_repeat2,google_robot_place_apple_in_closed_top_drawer,50,0,0.0,80.0,20.86325413543964,260.7906766929955,40.0,377.5249595903442
results_corrected/spatialvla_simplerenv_fractal/action_repeat4/google_robot_close_drawer/summary.json,spatialvla_simplerenv_fractal,action_repeat4,google_robot_close_drawer,50,22,44.0,60.78,10.878336222977378,178.97887829841028,15.34,377.7689344470961
results_corrected/spatialvla_simplerenv_fractal/action_repeat4/google_robot_move_near/summary.json,spatialvla_simplerenv_fractal,action_repeat4,google_robot_move_near,50,24,48.0,54.02,8.46322111251764,156.66829160528766,13.72,375.93348960917575
results_corrected/spatialvla_simplerenv_fractal/action_repeat4/google_robot_open_drawer/summary.json,spatialvla_simplerenv_fractal,action_repeat4,google_robot_open_drawer,50,12,24.0,72.02,11.851927558800671,164.56439265205043,18.14,376.9161822828808
results_corrected/spatialvla_simplerenv_fractal/action_repeat4/google_robot_pick_coke_can/summary.json,spatialvla_simplerenv_fractal,action_repeat4,google_robot_pick_coke_can,50,16,32.0,62.58,10.197790680818725,162.95606712717682,15.8,381.4911617931344
results_corrected/spatialvla_simplerenv_fractal/action_repeat4/google_robot_place_apple_in_closed_top_drawer/summary.json,spatialvla_simplerenv_fractal,action_repeat4,google_robot_place_apple_in_closed_top_drawer,50,0,0.0,80.0,13.28568982618628,166.0711228273285,20.0,377.813968676026
results_corrected/spatialvla_simplerenv_fractal/depth_pruning1/google_robot_close_drawer/summary.json,spatialvla_simplerenv_fractal,depth_pruning1,google_robot_close_drawer,50,34,68.0,48.78,21.498413408780472,440.72188209882063,48.78,363.84976955132413
results_corrected/spatialvla_simplerenv_fractal/depth_pruning1/google_robot_move_near/summary.json,spatialvla_simplerenv_fractal,depth_pruning1,google_robot_move_near,50,45,90.0,26.78,11.3180180616281,422.6295019278603,26.78,363.9704627611746
results_corrected/spatialvla_simplerenv_fractal/depth_pruning1/google_robot_open_drawer/summary.json,spatialvla_simplerenv_fractal,depth_pruning1,google_robot_open_drawer,50,14,28.0,69.86,30.49273822051473,436.48351303342014,69.86,362.6360866648294
results_corrected/spatialvla_simplerenv_fractal/depth_pruning1/google_robot_pick_coke_can/summary.json,spatialvla_simplerenv_fractal,depth_pruning1,google_robot_pick_coke_can,50,42,84.0,27.76,11.898546198380645,428.6219812096774,27.76,364.8344457720008
results_corrected/spatialvla_simplerenv_fractal/depth_pruning1/google_robot_place_apple_in_closed_top_drawer/summary.json,spatialvla_simplerenv_fractal,depth_pruning1,google_robot_place_apple_in_closed_top_drawer,50,0,0.0,80.0,34.93166575187584,436.64582189844805,80.0,366.9838607388665
results_corrected/spatialvla_simplerenv_fractal/depth_pruning2/google_robot_close_drawer/summary.json,spatialvla_simplerenv_fractal,depth_pruning2,google_robot_close_drawer,50,30,60.0,54.72,23.63986862402875,432.01514298298156,54.72,355.80400053421255
results_corrected/spatialvla_simplerenv_fractal/depth_pruning2/google_robot_move_near/summary.json,spatialvla_simplerenv_fractal,depth_pruning2,google_robot_move_near,50,43,86.0,30.0,12.360926113636232,412.0308704545411,30.0,352.2703742262286
results_corrected/spatialvla_simplerenv_fractal/depth_pruning2/google_robot_open_drawer/summary.json,spatialvla_simplerenv_fractal,depth_pruning2,google_robot_open_drawer,50,23,46.0,66.32,28.42902376135113,428.6644113593355,66.32,354.5595206752034
results_corrected/spatialvla_simplerenv_fractal/depth_pruning2/google_robot_pick_coke_can/summary.json,spatialvla_simplerenv_fractal,depth_pruning2,google_robot_pick_coke_can,50,46,92.0,22.66,9.361877133264207,413.1455045571141,22.66,349.96290262463845
results_corrected/spatialvla_simplerenv_fractal/depth_pruning2/google_robot_place_apple_in_closed_top_drawer/summary.json,spatialvla_simplerenv_fractal,depth_pruning2,google_robot_place_apple_in_closed_top_drawer,50,0,0.0,80.0,34.388387754680586,429.85484693350736,80.0,358.77405350419576
results_corrected/spatialvla_simplerenv_fractal/depth_pruning4/google_robot_close_drawer/summary.json,spatialvla_simplerenv_fractal,depth_pruning4,google_robot_close_drawer,50,19,38.0,62.12,25.237641916261055,406.27240689409297,62.12,330.76728057173693
results_corrected/spatialvla_simplerenv_fractal/depth_pruning4/google_robot_move_near/summary.json,spatialvla_simplerenv_fractal,depth_pruning4,google_robot_move_near,50,36,72.0,35.56,13.918407006552442,391.40627127537806,35.56,330.6412284345763
results_corrected/spatialvla_simplerenv_fractal/depth_pruning4/google_robot_open_drawer/summary.json,spatialvla_simplerenv_fractal,depth_pruning4,google_robot_open_drawer,50,5,10.0,76.88,30.641353983597366,398.5607958324319,76.88,326.4772093234427
results_corrected/spatialvla_simplerenv_fractal/depth_pruning4/google_robot_pick_coke_can/summary.json,spatialvla_simplerenv_fractal,depth_pruning4,google_robot_pick_coke_can,50,48,96.0,22.18,8.756545975103508,394.7946787693196,22.18,332.3051111813176
results_corrected/spatialvla_simplerenv_fractal/depth_pruning4/google_robot_place_apple_in_closed_top_drawer/summary.json,spatialvla_simplerenv_fractal,depth_pruning4,google_robot_place_apple_in_closed_top_drawer,50,0,0.0,80.0,31.889175974009557,398.6146996751195,80.0,327.1682788285252
results_corrected/spatialvla_simplerenv_fractal/fixed_foveation_keep20/google_robot_close_drawer/summary.json,spatialvla_simplerenv_fractal,fixed_foveation_keep20,google_robot_close_drawer,50,37,74.0,43.36,21.171949608933645,488.2829706857391,43.36,384.54241931746236
results_corrected/spatialvla_simplerenv_fractal/fixed_foveation_keep20/google_robot_move_near/summary.json,spatialvla_simplerenv_fractal,fixed_foveation_keep20,google_robot_move_near,50,38,76.0,32.7,15.120250799658242,462.3929908152368,32.7,378.65972173598163
results_corrected/spatialvla_simplerenv_fractal/fixed_foveation_keep20/google_robot_open_drawer/summary.json,spatialvla_simplerenv_fractal,fixed_foveation_keep20,google_robot_open_drawer,50,19,38.0,63.64,30.30406134662451,476.1794680487824,63.64,380.284621239598
results_corrected/spatialvla_simplerenv_fractal/fixed_foveation_keep20/google_robot_pick_coke_can/summary.json,spatialvla_simplerenv_fractal,fixed_foveation_keep20,google_robot_pick_coke_can,50,44,88.0,24.04,11.213815255844965,466.4648608920535,24.04,379.61753642383326
results_corrected/spatialvla_simplerenv_fractal/fixed_foveation_keep20/google_robot_place_apple_in_closed_top_drawer/summary.json,spatialvla_simplerenv_fractal,fixed_foveation_keep20,google_robot_place_apple_in_closed_top_drawer,50,0,0.0,80.0,37.963135261454156,474.5391907681769,80.0,378.82360485751997
results_corrected/spatialvla_simplerenv_fractal/fixed_foveation_keep50/google_robot_close_drawer/summary.json,spatialvla_simplerenv_fractal,fixed_foveation_keep50,google_robot_close_drawer,50,39,78.0,43.14,20.958306075874717,485.8207249855057,43.14,381.02580956312903
results_corrected/spatialvla_simplerenv_fractal/fixed_foveation_keep50/google_robot_move_near/summary.json,spatialvla_simplerenv_fractal,fixed_foveation_keep50,google_robot_move_near,50,45,90.0,27.32,12.8302155840653,469.6272175719363,27.32,383.92815003062475
results_corrected/spatialvla_simplerenv_fractal/fixed_foveation_keep50/google_robot_open_drawer/summary.json,spatialvla_simplerenv_fractal,fixed_foveation_keep50,google_robot_open_drawer,50,18,36.0,67.04,32.255654673147944,481.14043366867463,67.04,379.52964868035883
results_corrected/spatialvla_simplerenv_fractal/fixed_foveation_keep50/google_robot_pick_coke_can/summary.json,spatialvla_simplerenv_fractal,fixed_foveation_keep50,google_robot_pick_coke_can,50,41,82.0,28.24,13.29533181914594,470.7978689499271,28.24,379.9596647149059
results_corrected/spatialvla_simplerenv_fractal/fixed_foveation_keep50/google_robot_place_apple_in_closed_top_drawer/summary.json,spatialvla_simplerenv_fractal,fixed_foveation_keep50,google_robot_place_apple_in_closed_top_drawer,50,0,0.0,80.0,38.21901807929855,477.73772599123186,80.0,380.32925412920304
results_corrected/spatialvla_simplerenv_fractal/guarded_reuse_aggressive/google_robot_close_drawer/summary.json,spatialvla_simplerenv_fractal,guarded_reuse_aggressive,google_robot_close_drawer,50,29,58.0,54.32,23.77817202889826,437.742489486345,52.28,375.51513934508324
results_corrected/spatialvla_simplerenv_fractal/guarded_reuse_aggressive/google_robot_move_near/summary.json,spatialvla_simplerenv_fractal,guarded_reuse_aggressive,google_robot_move_near,50,48,96.0,23.82,10.332401882691775,433.7700202641383,23.56,378.6224635512211
results_corrected/spatialvla_simplerenv_fractal/guarded_reuse_aggressive/google_robot_open_drawer/summary.json,spatialvla_simplerenv_fractal,guarded_reuse_aggressive,google_robot_open_drawer,50,27,54.0,64.72,28.3216764815012,437.60315947931394,62.3,377.49339120752546
results_corrected/spatialvla_simplerenv_fractal/guarded_reuse_aggressive/google_robot_pick_coke_can/summary.json,spatialvla_simplerenv_fractal,guarded_reuse_aggressive,google_robot_pick_coke_can,50,43,86.0,26.8,11.847243922199123,442.0613403805643,26.6,380.3114554654856
results_corrected/spatialvla_simplerenv_fractal/guarded_reuse_aggressive/google_robot_place_apple_in_closed_top_drawer/summary.json,spatialvla_simplerenv_fractal,guarded_reuse_aggressive,google_robot_place_apple_in_closed_top_drawer,50,0,0.0,80.0,35.824084459152076,447.8010557394009,78.92,382.2433054260426
results_corrected/spatialvla_simplerenv_fractal/guarded_reuse_moderate/google_robot_close_drawer/summary.json,spatialvla_simplerenv_fractal,guarded_reuse_moderate,google_robot_close_drawer,50,31,62.0,53.58,24.017451668593566,448.2540438333999,52.64,377.94336925519383
results_corrected/spatialvla_simplerenv_fractal/guarded_reuse_moderate/google_robot_move_near/summary.json,spatialvla_simplerenv_fractal,guarded_reuse_moderate,google_robot_move_near,50,47,94.0,23.82,10.407631039416883,436.9282552232109,23.8,377.9170019229279
results_corrected/spatialvla_simplerenv_fractal/guarded_reuse_moderate/google_robot_open_drawer/summary.json,spatialvla_simplerenv_fractal,guarded_reuse_moderate,google_robot_open_drawer,50,29,58.0,63.02,28.39409825468203,450.5569383478583,62.12,381.82460283433284
results_corrected/spatialvla_simplerenv_fractal/guarded_reuse_moderate/google_robot_pick_coke_can/summary.json,spatialvla_simplerenv_fractal,guarded_reuse_moderate,google_robot_pick_coke_can,50,43,86.0,26.76,11.887947196296881,444.24316877043657,26.74,379.86713782577687
results_corrected/spatialvla_simplerenv_fractal/guarded_reuse_moderate/google_robot_place_apple_in_closed_top_drawer/summary.json,spatialvla_simplerenv_fractal,guarded_reuse_moderate,google_robot_place_apple_in_closed_top_drawer,50,0,0.0,80.0,35.754976451604165,446.937205645052,79.82,376.98974704240504
results_corrected/spatialvla_simplerenv_fractal/guarded_reuse_strict/google_robot_close_drawer/summary.json,spatialvla_simplerenv_fractal,guarded_reuse_strict,google_robot_close_drawer,50,31,62.0,53.14,24.17952825305285,455.0155862448786,52.74,380.6590535785688
results_corrected/spatialvla_simplerenv_fractal/guarded_reuse_strict/google_robot_move_near/summary.json,spatialvla_simplerenv_fractal,guarded_reuse_strict,google_robot_move_near,50,46,92.0,24.56,10.727734542815014,436.7970090722726,24.56,377.7739240209449
results_corrected/spatialvla_simplerenv_fractal/guarded_reuse_strict/google_robot_open_drawer/summary.json,spatialvla_simplerenv_fractal,guarded_reuse_strict,google_robot_open_drawer,50,28,56.0,63.6,28.333788337227887,445.49981662308,62.76,376.95682158227265
results_corrected/spatialvla_simplerenv_fractal/guarded_reuse_strict/google_robot_pick_coke_can/summary.json,spatialvla_simplerenv_fractal,guarded_reuse_strict,google_robot_pick_coke_can,50,43,86.0,26.76,11.933621549045201,445.94998314817644,26.76,381.1475765990213
results_corrected/spatialvla_simplerenv_fractal/guarded_reuse_strict/google_robot_place_apple_in_closed_top_drawer/summary.json,spatialvla_simplerenv_fractal,guarded_reuse_strict,google_robot_place_apple_in_closed_top_drawer,50,0,0.0,80.0,35.61227888819063,445.1534861023829,79.96,374.7240707320532
results_corrected/spatialvla_simplerenv_fractal/original/google_robot_close_drawer/summary.json,spatialvla_simplerenv_fractal,original,google_robot_close_drawer,50,31,62.0,53.04,24.324443646215368,458.60564943844963,53.04,381.49156260531015
results_corrected/spatialvla_simplerenv_fractal/original/google_robot_move_near/summary.json,spatialvla_simplerenv_fractal,original,google_robot_move_near,50,46,92.0,24.56,10.79623272473924,439.58602299426866,24.56,380.0727334880294
results_corrected/spatialvla_simplerenv_fractal/original/google_robot_open_drawer/summary.json,spatialvla_simplerenv_fractal,original,google_robot_open_drawer,50,28,56.0,63.52,28.584995374220888,450.0156702490694,63.52,376.58233141862485
results_corrected/spatialvla_simplerenv_fractal/original/google_robot_pick_coke_can/summary.json,spatialvla_simplerenv_fractal,original,google_robot_pick_coke_can,50,43,86.0,26.76,11.986089224617462,447.9106586179919,26.76,382.84571621527334
results_corrected/spatialvla_simplerenv_fractal/original/google_robot_place_apple_in_closed_top_drawer/summary.json,spatialvla_simplerenv_fractal,original,google_robot_place_apple_in_closed_top_drawer,50,0,0.0,80.0,35.84189273696393,448.0236592120491,80.0,376.7535013119341
results_corrected/spatialvla_simplerenv_fractal/temporal_fusion_conservative_adaptive/google_robot_close_drawer/summary.json,spatialvla_simplerenv_fractal,temporal_fusion_conservative_adaptive,google_robot_close_drawer,50,31,62.0,52.9,24.23673456745222,458.1613339783029,52.9,380.3590539997331
results_corrected/spatialvla_simplerenv_fractal/temporal_fusion_conservative_adaptive/google_robot_move_near/summary.json,spatialvla_simplerenv_fractal,temporal_fusion_conservative_adaptive,google_robot_move_near,50,46,92.0,24.56,10.829391506460961,440.93613625655377,24.56,381.1877884605144
results_corrected/spatialvla_simplerenv_fractal/temporal_fusion_conservative_adaptive/google_robot_open_drawer/summary.json,spatialvla_simplerenv_fractal,temporal_fusion_conservative_adaptive,google_robot_open_drawer,50,28,56.0,64.08,29.25610242807539,456.55590555673206,64.08,381.65178109153254
results_corrected/spatialvla_simplerenv_fractal/temporal_fusion_conservative_adaptive/google_robot_pick_coke_can/summary.json,spatialvla_simplerenv_fractal,temporal_fusion_conservative_adaptive,google_robot_pick_coke_can,50,43,86.0,26.76,11.99266810230678,448.1565060652758,26.76,382.27431126443884
results_corrected/spatialvla_simplerenv_fractal/temporal_fusion_conservative_adaptive/google_robot_place_apple_in_closed_top_drawer/summary.json,spatialvla_simplerenv_fractal,temporal_fusion_conservative_adaptive,google_robot_place_apple_in_closed_top_drawer,50,0,0.0,80.0,36.04255980356131,450.53199754451634,80.0,378.9697226966382
results_corrected/spatialvla_simplerenv_fractal/temporal_fusion_motion_entropy/google_robot_close_drawer/summary.json,spatialvla_simplerenv_fractal,temporal_fusion_motion_entropy,google_robot_close_drawer,50,32,64.0,53.4,24.478355422727763,458.3961689649394,53.4,380.5858188270842
results_corrected/spatialvla_simplerenv_fractal/temporal_fusion_motion_entropy/google_robot_move_near/summary.json,spatialvla_simplerenv_fractal,temporal_fusion_motion_entropy,google_robot_move_near,50,48,96.0,23.66,10.47737383269705,442.8306776287848,23.66,384.0388668691606
results_corrected/spatialvla_simplerenv_fractal/temporal_fusion_motion_entropy/google_robot_open_drawer/summary.json,spatialvla_simplerenv_fractal,temporal_fusion_motion_entropy,google_robot_open_drawer,50,23,46.0,62.86,28.491965593595523,453.26066804956287,62.86,379.71920439058005
results_corrected/spatialvla_simplerenv_fractal/temporal_fusion_motion_entropy/google_robot_pick_coke_can/summary.json,spatialvla_simplerenv_fractal,temporal_fusion_motion_entropy,google_robot_pick_coke_can,50,42,84.0,27.16,12.169854266182519,448.0800539831561,27.16,383.78114403310866
results_corrected/spatialvla_simplerenv_fractal/temporal_fusion_motion_entropy/google_robot_place_apple_in_closed_top_drawer/summary.json,spatialvla_simplerenv_fractal,temporal_fusion_motion_entropy,google_robot_place_apple_in_closed_top_drawer,50,0,0.0,80.0,35.93314850695199,449.1643563368998,80.0,379.6383059916843
results_corrected/spatialvla_simplerenv_fractal/temporal_fusion_task_aware/google_robot_close_drawer/summary.json,spatialvla_simplerenv_fractal,temporal_fusion_task_aware,google_robot_close_drawer,50,31,62.0,51.06,23.52940713907592,460.818784549078,51.06,384.2534685085713
results_corrected/spatialvla_simplerenv_fractal/temporal_fusion_task_aware/google_robot_move_near/summary.json,spatialvla_simplerenv_fractal,temporal_fusion_task_aware,google_robot_move_near,50,48,96.0,23.38,10.32855853533605,441.76897071582766,23.38,381.8112963227391
results_corrected/spatialvla_simplerenv_fractal/temporal_fusion_task_aware/google_robot_open_drawer/summary.json,spatialvla_simplerenv_fractal,temporal_fusion_task_aware,google_robot_open_drawer,50,26,52.0,60.82,27.83506784402765,457.6630687936148,60.82,383.0219419794515
results_corrected/spatialvla_simplerenv_fractal/temporal_fusion_task_aware/google_robot_pick_coke_can/summary.json,spatialvla_simplerenv_fractal,temporal_fusion_task_aware,google_robot_pick_coke_can,50,45,90.0,23.28,10.430592137703206,448.04949045116865,23.28,385.06476721615144
results_corrected/spatialvla_simplerenv_fractal/temporal_fusion_task_aware/google_robot_place_apple_in_closed_top_drawer/summary.json,spatialvla_simplerenv_fractal,temporal_fusion_task_aware,google_robot_place_apple_in_closed_top_drawer,50,0,0.0,80.0,36.03671374346595,450.4589217933244,80.0,379.521548766701
results_corrected/univla_libero/action_repeat2/libero_10/summary.json,univla_libero,action_repeat2,libero_10,100,27,27.0,465.5,16.714828603328204,35.90725800929797,23.42,471.27062135139823
results_corrected/univla_libero/action_repeat2/libero_goal/summary.json,univla_libero,action_repeat2,libero_goal,100,34,34.0,244.05,9.698378396091284,39.73930914194339,12.34,510.01267200416993
results_corrected/univla_libero/action_repeat2/libero_object/summary.json,univla_libero,action_repeat2,libero_object,100,21,21.0,266.12,10.006759791251971,37.602434207319895,13.41,505.8583032018953
results_corrected/univla_libero/action_repeat2/libero_spatial/summary.json,univla_libero,action_repeat2,libero_spatial,100,27,27.0,208.63,9.682614702123683,46.41046207220286,10.55,539.3901994604158
results_corrected/univla_libero/action_repeat4/libero_10/summary.json,univla_libero,action_repeat4,libero_10,100,1,1.0,517.42,12.458284745643613,24.07770234170232,12.94,486.0602170442176
results_corrected/univla_libero/action_repeat4/libero_goal/summary.json,univla_libero,action_repeat4,libero_goal,100,0,0.0,300.0,8.101273959027603,27.00424653009201,8.0,514.0473507766728
results_corrected/univla_libero/action_repeat4/libero_object/summary.json,univla_libero,action_repeat4,libero_object,100,1,1.0,279.9,6.957628274770687,24.857550106361867,7.0,511.62773508561907
results_corrected/univla_libero/action_repeat4/libero_spatial/summary.json,univla_libero,action_repeat4,libero_spatial,100,0,0.0,220.0,7.281355290057836,33.09706950026289,6.0,537.2107804376477
results_corrected/univla_libero/depth_pruning1/libero_10/summary.json,univla_libero,depth_pruning1,libero_10,100,88,88.0,286.12,16.604409148175037,58.03302512293806,29.02,449.7414903847955
results_corrected/univla_libero/depth_pruning1/libero_goal/summary.json,univla_libero,depth_pruning1,libero_goal,100,93,93.0,121.69,7.691013598863501,63.20168952965323,12.53,480.3266456524982
results_corrected/univla_libero/depth_pruning1/libero_object/summary.json,univla_libero,depth_pruning1,libero_object,100,99,99.0,143.23,8.827806493073004,61.633781282364055,14.78,473.25870415067595
results_corrected/univla_libero/depth_pruning1/libero_spatial/summary.json,univla_libero,depth_pruning1,libero_spatial,100,96,96.0,107.83,7.719537943202304,71.58989096913942,11.18,510.9185428117662
results_corrected/univla_libero/depth_pruning2/libero_10/summary.json,univla_libero,depth_pruning2,libero_10,100,89,89.0,282.61,16.16729983369354,57.20710460950972,28.66,442.05296158092585
results_corrected/univla_libero/depth_pruning2/libero_goal/summary.json,univla_libero,depth_pruning2,libero_goal,100,89,89.0,129.01,8.056539461180801,62.44895326859004,13.34,468.50919961603637
results_corrected/univla_libero/depth_pruning2/libero_object/summary.json,univla_libero,depth_pruning2,libero_object,100,94,94.0,145.95,8.799159969130997,60.28886583851317,15.03,461.600735312184
results_corrected/univla_libero/depth_pruning2/libero_spatial/summary.json,univla_libero,depth_pruning2,libero_spatial,100,94,94.0,111.46,7.818451409421396,70.14580485753989,11.57,496.78505592848285
results_corrected/univla_libero/depth_pruning4/libero_10/summary.json,univla_libero,depth_pruning4,libero_10,100,86,86.0,304.49,16.556070128796854,54.373116124657145,30.82,415.42998850097825
results_corrected/univla_libero/depth_pruning4/libero_goal/summary.json,univla_libero,depth_pruning4,libero_goal,100,84,84.0,143.71,8.585893563574645,59.74457980359506,14.74,444.99673605267856
results_corrected/univla_libero/depth_pruning4/libero_object/summary.json,univla_libero,depth_pruning4,libero_object,100,92,92.0,153.47,8.885716866342118,57.89872200652973,15.73,439.3799574173145
results_corrected/univla_libero/depth_pruning4/libero_spatial/summary.json,univla_libero,depth_pruning4,libero_spatial,100,94,94.0,109.17,7.346039054484573,67.28990615081591,11.34,467.26695809078467
results_corrected/univla_libero/fixed_foveation_keep20/libero_10/summary.json,univla_libero,fixed_foveation_keep20,libero_10,100,86,86.0,275.74,16.568447502448688,60.087210787149814,27.98,465.3408004325802
results_corrected/univla_libero/fixed_foveation_keep20/libero_goal/summary.json,univla_libero,fixed_foveation_keep20,libero_goal,100,87,87.0,129.8,8.450134517103434,65.10119042452568,13.34,490.905646635572
results_corrected/univla_libero/fixed_foveation_keep20/libero_object/summary.json,univla_libero,fixed_foveation_keep20,libero_object,100,100,100.0,136.04,8.567800215623574,62.98000746562463,13.98,481.7960345801179
results_corrected/univla_libero/fixed_foveation_keep20/libero_spatial/summary.json,univla_libero,fixed_foveation_keep20,libero_spatial,100,91,91.0,114.42,8.530062174500198,74.5504472513564,11.81,533.0694697336565
results_corrected/univla_libero/fixed_foveation_keep50/libero_10/summary.json,univla_libero,fixed_foveation_keep50,libero_10,100,90,90.0,268.88,16.291614899287232,60.59065344870289,27.32,469.6070196831089
results_corrected/univla_libero/fixed_foveation_keep50/libero_goal/summary.json,univla_libero,fixed_foveation_keep50,libero_goal,100,99,99.0,114.37,7.48945190293598,65.48440939875825,11.86,487.0806786772154
results_corrected/univla_libero/fixed_foveation_keep50/libero_object/summary.json,univla_libero,fixed_foveation_keep50,libero_object,100,97,97.0,139.97,8.785099827480735,62.76416251683029,14.41,481.2678482449251
results_corrected/univla_libero/fixed_foveation_keep50/libero_spatial/summary.json,univla_libero,fixed_foveation_keep50,libero_spatial,100,96,96.0,108.93,8.04739913405385,73.87679366615119,11.29,523.6448217982482
results_corrected/univla_libero/guarded_reuse_aggressive/libero_10/summary.json,univla_libero,guarded_reuse_aggressive,libero_10,100,86,86.0,281.23,16.37400690494105,58.22283150780874,28.34,462.74496744497435
results_corrected/univla_libero/guarded_reuse_aggressive/libero_goal/summary.json,univla_libero,guarded_reuse_aggressive,libero_goal,100,92,92.0,122.56,7.868896259058966,64.20444075602941,12.65,485.0480006602795
results_corrected/univla_libero/guarded_reuse_aggressive/libero_object/summary.json,univla_libero,guarded_reuse_aggressive,libero_object,100,96,96.0,145.82,9.079099283636316,62.26237336192782,14.98,483.55339290850856
results_corrected/univla_libero/guarded_reuse_aggressive/libero_spatial/summary.json,univla_libero,guarded_reuse_aggressive,libero_spatial,100,95,95.0,108.31,7.859813464586623,72.56775426633388,11.27,518.2426833550131
results_corrected/univla_libero/guarded_reuse_moderate/libero_10/summary.json,univla_libero,guarded_reuse_moderate,libero_10,100,86,86.0,280.89,16.81128131754813,59.8500527521383,28.42,469.2282889189558
results_corrected/univla_libero/guarded_reuse_moderate/libero_goal/summary.json,univla_libero,guarded_reuse_moderate,libero_goal,100,93,93.0,121.54,7.792793949107872,64.11711328869403,12.56,485.3443212760464
results_corrected/univla_libero/guarded_reuse_moderate/libero_object/summary.json,univla_libero,guarded_reuse_moderate,libero_object,100,96,96.0,145.82,9.159029242870165,62.81051462673272,14.98,487.452728044256
results_corrected/univla_libero/guarded_reuse_moderate/libero_spatial/summary.json,univla_libero,guarded_reuse_moderate,libero_spatial,100,95,95.0,108.31,7.907055818625959,73.00393148025076,11.27,520.3307215265885
results_corrected/univla_libero/guarded_reuse_strict/libero_10/summary.json,univla_libero,guarded_reuse_strict,libero_10,100,86,86.0,280.58,16.686595767054243,59.47179331047916,28.4,466.03923102920305
results_corrected/univla_libero/guarded_reuse_strict/libero_goal/summary.json,univla_libero,guarded_reuse_strict,libero_goal,100,93,93.0,121.34,7.846983584014233,64.66938836339405,12.53,488.24299547435896
results_corrected/univla_libero/guarded_reuse_strict/libero_object/summary.json,univla_libero,guarded_reuse_strict,libero_object,100,96,96.0,145.82,9.144586957802531,62.71147275958394,14.98,487.50968928222244
results_corrected/univla_libero/guarded_reuse_strict/libero_spatial/summary.json,univla_libero,guarded_reuse_strict,libero_spatial,100,95,95.0,108.31,7.935646107478533,73.26789869336656,11.27,525.2953713581903
results_corrected/univla_libero/original/libero_10/summary.json,univla_libero,original,libero_10,100,86,86.0,280.36,16.781059497293317,59.85539840666756,28.44,469.02239652796396
results_corrected/univla_libero/original/libero_goal/summary.json,univla_libero,original,libero_goal,100,92,92.0,122.58,7.984863391836407,65.14001788086479,12.66,493.2622459909649
results_corrected/univla_libero/original/libero_object/summary.json,univla_libero,original,libero_object,100,96,96.0,145.82,9.100557671665447,62.409530048453206,14.98,482.3362639780655
results_corrected/univla_libero/original/libero_spatial/summary.json,univla_libero,original,libero_spatial,100,95,95.0,108.31,7.825327562819002,72.24935428694491,11.27,514.1671228788821
results_corrected/univla_libero/temporal_fusion_conservative_adaptive/libero_10/summary.json,univla_libero,temporal_fusion_conservative_adaptive,libero_10,100,86,86.0,280.45,16.41140759945265,58.51812301462881,28.44,462.1360531677613
results_corrected/univla_libero/temporal_fusion_conservative_adaptive/libero_goal/summary.json,univla_libero,temporal_fusion_conservative_adaptive,libero_goal,100,92,92.0,122.67,7.905110235059401,64.44208229444364,12.66,486.86175285338305
results_corrected/univla_libero/temporal_fusion_conservative_adaptive/libero_object/summary.json,univla_libero,temporal_fusion_conservative_adaptive,libero_object,100,96,96.0,145.82,8.949191698938375,61.371497043878584,14.98,480.5129514645769
results_corrected/univla_libero/temporal_fusion_conservative_adaptive/libero_spatial/summary.json,univla_libero,temporal_fusion_conservative_adaptive,libero_spatial,100,95,95.0,108.31,7.816428576904582,72.16719210511108,11.27,513.435610264772
results_corrected/univla_libero/temporal_fusion_motion_entropy/libero_10/summary.json,univla_libero,temporal_fusion_motion_entropy,libero_10,100,83,83.0,292.09,17.09634581806138,58.531089109731184,29.61,462.46127912226456
results_corrected/univla_libero/temporal_fusion_motion_entropy/libero_goal/summary.json,univla_libero,temporal_fusion_motion_entropy,libero_goal,100,95,95.0,122.07,7.926196971572936,64.93157181594934,12.63,489.2119482113159
results_corrected/univla_libero/temporal_fusion_motion_entropy/libero_object/summary.json,univla_libero,temporal_fusion_motion_entropy,libero_object,100,98,98.0,142.56,8.750602090336615,61.38188896139601,14.64,480.6880332585049
results_corrected/univla_libero/temporal_fusion_motion_entropy/libero_spatial/summary.json,univla_libero,temporal_fusion_motion_entropy,libero_spatial,100,91,91.0,113.66,8.307728120905812,73.09280416070573,11.72,526.8999908599008
results_corrected/univla_libero/temporal_fusion_task_aware/libero_10/summary.json,univla_libero,temporal_fusion_task_aware,libero_10,100,87,87.0,281.91,18.29403719431837,64.89318291056851,28.56,525.1467958443566
results_corrected/univla_libero/temporal_fusion_task_aware/libero_goal/summary.json,univla_libero,temporal_fusion_task_aware,libero_goal,100,93,93.0,123.26,8.857404900840484,71.85952377770958,12.77,557.9228582586867
results_corrected/univla_libero/temporal_fusion_task_aware/libero_object/summary.json,univla_libero,temporal_fusion_task_aware,libero_object,100,97,97.0,143.03,9.674180767611833,67.63742409013378,14.64,543.0632339501175
results_corrected/univla_libero/temporal_fusion_task_aware/libero_spatial/summary.json,univla_libero,temporal_fusion_task_aware,libero_spatial,100,92,92.0,112.8,9.125707248847466,80.901660007513,11.7,599.3938960774769
results_corrected/univla_simplerenv_bridge/action_repeat2/widowx_carrot_on_plate/summary.json,univla_simplerenv_bridge,action_repeat2,widowx_carrot_on_plate,50,12,24.0,55.16,6.24212290785998,113.1639395913702,5.64,714.238105691484
results_corrected/univla_simplerenv_bridge/action_repeat2/widowx_put_eggplant_in_basket/summary.json,univla_simplerenv_bridge,action_repeat2,widowx_put_eggplant_in_basket,50,3,6.0,115.68,13.187758561596274,114.00206225446296,11.58,685.8220177807963
results_corrected/univla_simplerenv_bridge/action_repeat2/widowx_spoon_on_towel/summary.json,univla_simplerenv_bridge,action_repeat2,widowx_spoon_on_towel,50,6,12.0,57.28,6.590768395859992,115.06229741375684,5.78,729.2562999619303
results_corrected/univla_simplerenv_bridge/action_repeat2/widowx_stack_cube/summary.json,univla_simplerenv_bridge,action_repeat2,widowx_stack_cube,50,4,8.0,59.6,6.622114808522165,111.10930886782155,6.0,713.807346727699
results_corrected/univla_simplerenv_bridge/action_repeat4/widowx_carrot_on_plate/summary.json,univla_simplerenv_bridge,action_repeat4,widowx_carrot_on_plate,50,2,4.0,59.64,4.427061029779984,74.22972886955037,3.0,717.0770382333376
results_corrected/univla_simplerenv_bridge/action_repeat4/widowx_put_eggplant_in_basket/summary.json,univla_simplerenv_bridge,action_repeat4,widowx_put_eggplant_in_basket,50,1,2.0,118.88,10.08209415503894,84.80900197711087,5.96,716.8103080075281
results_corrected/univla_simplerenv_bridge/action_repeat4/widowx_spoon_on_towel/summary.json,univla_simplerenv_bridge,action_repeat4,widowx_spoon_on_towel,50,3,6.0,59.54,4.476427946278127,75.1835395747082,3.0,743.4945815735651
results_corrected/univla_simplerenv_bridge/action_repeat4/widowx_stack_cube/summary.json,univla_simplerenv_bridge,action_repeat4,widowx_stack_cube,50,0,0.0,60.0,4.433502853559981,73.89171422599968,3.0,712.6200953533331
results_corrected/univla_simplerenv_bridge/depth_pruning1/widowx_carrot_on_plate/summary.json,univla_simplerenv_bridge,depth_pruning1,widowx_carrot_on_plate,50,38,76.0,34.24,6.316097621440422,184.46546791590018,7.08,698.2039675193163
results_corrected/univla_simplerenv_bridge/depth_pruning1/widowx_put_eggplant_in_basket/summary.json,univla_simplerenv_bridge,depth_pruning1,widowx_put_eggplant_in_basket,50,49,98.0,30.22,5.668828757660016,187.5853328146928,6.42,681.1025306074744
results_corrected/univla_simplerenv_bridge/depth_pruning1/widowx_spoon_on_towel/summary.json,univla_simplerenv_bridge,depth_pruning1,widowx_spoon_on_towel,50,40,80.0,31.84,5.999770147204399,188.43499206043967,6.68,705.7299960387555
results_corrected/univla_simplerenv_bridge/depth_pruning1/widowx_stack_cube/summary.json,univla_simplerenv_bridge,depth_pruning1,widowx_stack_cube,50,37,74.0,33.5,6.054405908760019,180.7285345898513,7.06,665.260717308775
results_corrected/univla_simplerenv_bridge/depth_pruning2/widowx_carrot_on_plate/summary.json,univla_simplerenv_bridge,depth_pruning2,widowx_carrot_on_plate,50,36,72.0,34.8,6.257125929018948,179.80246922468243,7.22,674.2103723264131
results_corrected/univla_simplerenv_bridge/depth_pruning2/widowx_put_eggplant_in_basket/summary.json,univla_simplerenv_bridge,depth_pruning2,widowx_put_eggplant_in_basket,50,49,98.0,28.96,5.441785079480033,187.90694335221107,6.28,669.8477982516024
results_corrected/univla_simplerenv_bridge/depth_pruning2/widowx_spoon_on_towel/summary.json,univla_simplerenv_bridge,depth_pruning2,widowx_spoon_on_towel,50,38,76.0,31.78,5.899608773743966,185.63904259735577,6.58,701.5760141535588
results_corrected/univla_simplerenv_bridge/depth_pruning2/widowx_stack_cube/summary.json,univla_simplerenv_bridge,depth_pruning2,widowx_stack_cube,50,41,82.0,31.0,5.501843112836359,177.47881009149546,6.46,660.4364951751728
results_corrected/univla_simplerenv_bridge/depth_pruning4/widowx_carrot_on_plate/summary.json,univla_simplerenv_bridge,depth_pruning4,widowx_carrot_on_plate,50,42,84.0,33.12,5.682443099780939,171.57134963106702,6.9,638.4647217150642
results_corrected/univla_simplerenv_bridge/depth_pruning4/widowx_put_eggplant_in_basket/summary.json,univla_simplerenv_bridge,depth_pruning4,widowx_put_eggplant_in_basket,50,49,98.0,29.12,5.264761477442225,180.79538040666984,6.26,639.9325617029668
results_corrected/univla_simplerenv_bridge/depth_pruning4/widowx_spoon_on_towel/summary.json,univla_simplerenv_bridge,depth_pruning4,widowx_spoon_on_towel,50,37,74.0,32.4,5.63241244317997,173.83989022160398,6.72,643.6761014910666
results_corrected/univla_simplerenv_bridge/depth_pruning4/widowx_stack_cube/summary.json,univla_simplerenv_bridge,depth_pruning4,widowx_stack_cube,50,35,70.0,34.62,5.793562133196974,167.3472597688323,7.18,618.751277909893
results_corrected/univla_simplerenv_bridge/fixed_foveation_keep20/widowx_carrot_on_plate/summary.json,univla_simplerenv_bridge,fixed_foveation_keep20,widowx_carrot_on_plate,50,34,68.0,38.74,7.383266696995125,190.58509801226444,8.04,702.7403547804147
results_corrected/univla_simplerenv_bridge/fixed_foveation_keep20/widowx_put_eggplant_in_basket/summary.json,univla_simplerenv_bridge,fixed_foveation_keep20,widowx_put_eggplant_in_basket,50,48,96.0,31.04,5.927067031419997,190.9493244658504,6.46,682.7557760247682
results_corrected/univla_simplerenv_bridge/fixed_foveation_keep20/widowx_spoon_on_towel/summary.json,univla_simplerenv_bridge,fixed_foveation_keep20,widowx_spoon_on_towel,50,40,80.0,33.04,6.613288572555175,200.1600657553019,6.88,747.9891935063913
results_corrected/univla_simplerenv_bridge/fixed_foveation_keep20/widowx_stack_cube/summary.json,univla_simplerenv_bridge,fixed_foveation_keep20,widowx_stack_cube,50,36,72.0,35.44,6.602007809038041,186.2869020608928,7.36,686.5080709750422
results_corrected/univla_simplerenv_bridge/fixed_foveation_keep50/widowx_carrot_on_plate/summary.json,univla_simplerenv_bridge,fixed_foveation_keep50,widowx_carrot_on_plate,50,31,62.0,40.18,7.550907215138432,187.9270088386867,8.24,700.9222521178211
results_corrected/univla_simplerenv_bridge/fixed_foveation_keep50/widowx_put_eggplant_in_basket/summary.json,univla_simplerenv_bridge,fixed_foveation_keep50,widowx_put_eggplant_in_basket,50,48,96.0,32.34,6.393751818563324,197.7041378652852,6.84,710.8207423502391
results_corrected/univla_simplerenv_bridge/fixed_foveation_keep50/widowx_spoon_on_towel/summary.json,univla_simplerenv_bridge,fixed_foveation_keep50,widowx_spoon_on_towel,50,40,80.0,33.58,6.483710499200002,193.08250444312094,7.06,705.62445979037
results_corrected/univla_simplerenv_bridge/fixed_foveation_keep50/widowx_stack_cube/summary.json,univla_simplerenv_bridge,fixed_foveation_keep50,widowx_stack_cube,50,27,54.0,43.36,7.909083831995958,182.40506992610605,8.86,673.2782785017064
results_corrected/univla_simplerenv_bridge/guarded_reuse_aggressive/widowx_carrot_on_plate/summary.json,univla_simplerenv_bridge,guarded_reuse_aggressive,widowx_carrot_on_plate,50,42,84.0,31.16,5.905699641199317,189.5282298202605,6.54,716.3143287051828
results_corrected/univla_simplerenv_bridge/guarded_reuse_aggressive/widowx_put_eggplant_in_basket/summary.json,univla_simplerenv_bridge,guarded_reuse_aggressive,widowx_put_eggplant_in_basket,50,49,98.0,29.3,5.626378451559987,192.02656831262752,6.24,696.9035358685866
results_corrected/univla_simplerenv_bridge/guarded_reuse_aggressive/widowx_spoon_on_towel/summary.json,univla_simplerenv_bridge,guarded_reuse_aggressive,widowx_spoon_on_towel,50,42,84.0,29.16,5.575939794095466,191.218785805743,6.06,726.0869273870934
results_corrected/univla_simplerenv_bridge/guarded_reuse_aggressive/widowx_stack_cube/summary.json,univla_simplerenv_bridge,guarded_reuse_aggressive,widowx_stack_cube,50,40,80.0,32.62,6.190078857000017,189.76330033721698,6.9,704.5350332202914
results_corrected/univla_simplerenv_bridge/guarded_reuse_moderate/widowx_carrot_on_plate/summary.json,univla_simplerenv_bridge,guarded_reuse_moderate,widowx_carrot_on_plate,50,42,84.0,31.16,5.891752571780007,189.0806345243905,6.54,712.2007176666659
results_corrected/univla_simplerenv_bridge/guarded_reuse_moderate/widowx_put_eggplant_in_basket/summary.json,univla_simplerenv_bridge,guarded_reuse_moderate,widowx_put_eggplant_in_basket,50,49,98.0,29.3,5.622767380302539,191.90332355981363,6.24,705.9236655557656
results_corrected/univla_simplerenv_bridge/guarded_reuse_moderate/widowx_spoon_on_towel/summary.json,univla_simplerenv_bridge,guarded_reuse_moderate,widowx_spoon_on_towel,50,44,88.0,27.18,5.215026267764625,191.86998777647625,5.7,722.8525214920458
results_corrected/univla_simplerenv_bridge/guarded_reuse_moderate/widowx_stack_cube/summary.json,univla_simplerenv_bridge,guarded_reuse_moderate,widowx_stack_cube,50,40,80.0,32.62,6.065799488780012,185.95338714837558,6.9,692.590277385488
results_corrected/univla_simplerenv_bridge/guarded_reuse_strict/widowx_carrot_on_plate/summary.json,univla_simplerenv_bridge,guarded_reuse_strict,widowx_carrot_on_plate,50,42,84.0,31.16,5.842904998199993,187.51299737483927,6.54,700.6342665871676
results_corrected/univla_simplerenv_bridge/guarded_reuse_strict/widowx_put_eggplant_in_basket/summary.json,univla_simplerenv_bridge,guarded_reuse_strict,widowx_put_eggplant_in_basket,50,49,98.0,29.3,5.705104537360603,194.71346543892844,6.24,711.744565732004
results_corrected/univla_simplerenv_bridge/guarded_reuse_strict/widowx_spoon_on_towel/summary.json,univla_simplerenv_bridge,guarded_reuse_strict,widowx_spoon_on_towel,50,44,88.0,27.76,5.37315672849998,193.55751903818373,5.82,721.7377513195883
results_corrected/univla_simplerenv_bridge/guarded_reuse_strict/widowx_stack_cube/summary.json,univla_simplerenv_bridge,guarded_reuse_strict,widowx_stack_cube,50,40,80.0,32.62,6.167458134120097,189.06983856897907,6.9,706.933422496819
results_corrected/univla_simplerenv_bridge/original/widowx_carrot_on_plate/summary.json,univla_simplerenv_bridge,original,widowx_carrot_on_plate,50,42,84.0,31.16,5.919677762342617,189.97682164129066,6.54,714.0925974285711
results_corrected/univla_simplerenv_bridge/original/widowx_put_eggplant_in_basket/summary.json,univla_simplerenv_bridge,original,widowx_put_eggplant_in_basket,50,49,98.0,29.3,5.631726317659998,192.2090893399317,6.24,697.2965920801267
results_corrected/univla_simplerenv_bridge/original/widowx_spoon_on_towel/summary.json,univla_simplerenv_bridge,original,widowx_spoon_on_towel,50,44,88.0,27.76,5.329358992916532,191.97979081111427,5.82,722.6044210624126
results_corrected/univla_simplerenv_bridge/original/widowx_stack_cube/summary.json,univla_simplerenv_bridge,original,widowx_stack_cube,50,40,80.0,32.62,6.183255695959998,189.55412924463513,6.9,705.9506161130432
results_corrected/univla_simplerenv_bridge/temporal_fusion_conservative_adaptive/widowx_carrot_on_plate/summary.json,univla_simplerenv_bridge,temporal_fusion_conservative_adaptive,widowx_carrot_on_plate,50,42,84.0,31.16,5.88260701125997,188.7871312984586,6.54,707.7492037400594
results_corrected/univla_simplerenv_bridge/temporal_fusion_conservative_adaptive/widowx_put_eggplant_in_basket/summary.json,univla_simplerenv_bridge,temporal_fusion_conservative_adaptive,widowx_put_eggplant_in_basket,50,49,98.0,29.3,5.752687370761996,196.3374529270306,6.24,718.2972465788436
results_corrected/univla_simplerenv_bridge/temporal_fusion_conservative_adaptive/widowx_spoon_on_towel/summary.json,univla_simplerenv_bridge,temporal_fusion_conservative_adaptive,widowx_spoon_on_towel,50,44,88.0,27.76,5.361751816840041,193.14667928098132,5.82,725.2937606873069
results_corrected/univla_simplerenv_bridge/temporal_fusion_conservative_adaptive/widowx_stack_cube/summary.json,univla_simplerenv_bridge,temporal_fusion_conservative_adaptive,widowx_stack_cube,50,40,80.0,32.62,6.152993664899841,188.62641523298103,6.9,701.2747011036085
results_corrected/univla_simplerenv_bridge/temporal_fusion_motion_entropy/widowx_carrot_on_plate/summary.json,univla_simplerenv_bridge,temporal_fusion_motion_entropy,widowx_carrot_on_plate,50,38,76.0,32.94,6.224684342322871,188.97038076268583,6.92,713.5364354976367
results_corrected/univla_simplerenv_bridge/temporal_fusion_motion_entropy/widowx_put_eggplant_in_basket/summary.json,univla_simplerenv_bridge,temporal_fusion_motion_entropy,widowx_put_eggplant_in_basket,50,49,98.0,29.44,5.675160875960017,192.7704101888593,6.3,707.817887980937
results_corrected/univla_simplerenv_bridge/temporal_fusion_motion_entropy/widowx_spoon_on_towel/summary.json,univla_simplerenv_bridge,temporal_fusion_motion_entropy,widowx_spoon_on_towel,50,38,76.0,32.22,6.157546756981174,191.10945862759695,6.66,730.2116971737747
results_corrected/univla_simplerenv_bridge/temporal_fusion_motion_entropy/widowx_stack_cube/summary.json,univla_simplerenv_bridge,temporal_fusion_motion_entropy,widowx_stack_cube,50,39,78.0,31.88,5.804118150558788,182.0614225394852,6.62,689.3637930776353
results_corrected/univla_simplerenv_bridge/temporal_fusion_task_aware/widowx_carrot_on_plate/summary.json,univla_simplerenv_bridge,temporal_fusion_task_aware,widowx_carrot_on_plate,50,36,72.0,33.94,7.416809910737211,218.5271040287923,7.14,852.4626116188443
results_corrected/univla_simplerenv_bridge/temporal_fusion_task_aware/widowx_put_eggplant_in_basket/summary.json,univla_simplerenv_bridge,temporal_fusion_task_aware,widowx_put_eggplant_in_basket,50,50,100.0,27.0,5.205146701009944,192.78321114851644,5.8,750.8042765941856
results_corrected/univla_simplerenv_bridge/temporal_fusion_task_aware/widowx_spoon_on_towel/summary.json,univla_simplerenv_bridge,temporal_fusion_task_aware,widowx_spoon_on_towel,50,44,88.0,29.28,6.626919174220002,226.32920676980882,6.26,869.8347124728502
results_corrected/univla_simplerenv_bridge/temporal_fusion_task_aware/widowx_stack_cube/summary.json,univla_simplerenv_bridge,temporal_fusion_task_aware,widowx_stack_cube,50,34,68.0,36.18,6.493092058580369,179.4663366108449,7.54,721.2866075344344
